0 0 0
0.01 6.75906e-06 0
0.02 2.70394e-05 0
0.03 6.08509e-05 0
0.04 0.000108209 0
0.05 0.000169138 0
0.06 0.000243665 2.67827e-51
0.07 0.000331828 0
0.08 0.000433668 0
0.09 0.000549235 0
0.1 0.000678586 -9.85288e-49
0.11 0.000821783 3.94115e-48
0.12 0.000978897 -1.44509e-47
0.13 0.00115001 1.10352e-46
0.14 0.0013352 -3.92364e-46
0.15 0.00153456 0
0.16 0.0017482 0
0.17 0.00197622 0
0.18 0.00221875 7.82141e-44
0.19 0.0024759 -2.91899e-43
0.2 0.00274783 1.08938e-42
0.21 0.00303466 -8.13126e-42
0.22 0.00333656 3.03463e-41
0.23 0.00365369 -1.13254e-40
0.24 0.00398623 6.34003e-40
0.25 0.00433437 -1.57742e-39
0.26 0.0046983 5.88702e-39
0.27 0.00507825 -2.19707e-38
0.28 0.00547443 8.19956e-38
0.29 0.00588709 -6.12023e-37
0.3 0.00631648 2.2841e-36
0.31 0.00676288 -8.52439e-36
0.32 0.00722657 3.18134e-35
0.33 0.00770786 -1.18729e-34
0.34 0.00820708 4.43104e-34
0.35 0.00872457 -2.48053e-33
0.36 0.00926071 9.25747e-33
0.37 0.00981588 -3.45493e-32
0.38 0.0103905 1.2894e-31
0.39 0.0109851 -4.8121e-31
0.4 0.0116 1.7959e-30
0.41 0.0122359 -8.93652e-30
0.42 0.0128932 3.33516e-29
0.43 0.0135726 -1.2447e-28
0.44 0.0142747 4.64527e-28
0.45 0.0150003 -1.73364e-27
0.46 0.0157501 6.47003e-27
0.47 0.0165248 -3.01831e-26
0.48 0.0173256 1.12645e-25
0.49 0.0181533 -4.20396e-25
0.5 0.0190091 1.25515e-24
0.51 0.0198943 -4.68429e-24
0.52 0.0208103 1.7482e-23
0.53 0.0217589 -6.52438e-23
0.54 0.022742 2.43493e-22
0.55 0.0237621 -9.08729e-22
0.56 0.0248226 3.39142e-21
0.57 0.0259288 1.28622e-06
0.58 0.0270855 8.30091e-06
0.59 0.0282964 2.71534e-05
0.6 0.0295596 6.47589e-05
0.61 0.0308788 0.000123002
0.62 0.0322468 0.000216573
0.63 0.0336556 0.000334797
0.64 0.0351162 0.000475559
0.65 0.0366408 0.000652857
0.66 0.0382001 0.000889252
0.67 0.0397968 0.00114534
0.68 0.0414528 0.00145587
0.69 0.0431236 0.0018191
0.7 0.0448701 0.00219323
0.71 0.0466391 0.00268751
0.72 0.0484376 0.00316364
0.73 0.050295 0.00375044
0.74 0.0521536 0.00436679
0.75 0.0540635 0.00504187
0.76 0.056003 0.00578855
0.77 0.0579591 0.00660615
0.78 0.0599372 0.00748116
0.79 0.06194 0.00843398
0.8 0.0639382 0.00945962
0.81 0.0659604 0.0105311
0.82 0.0679827 0.0116988
0.83 0.0700173 0.0128956
0.84 0.0720789 0.0142032
0.85 0.0740906 0.0155771
0.86 0.0761616 0.0169745
0.87 0.0781811 0.0185433
0.88 0.0802245 0.0200617
0.89 0.0822074 0.0217977
0.9 0.0842437 0.0234139
0.91 0.086186 0.0253524
0.92 0.0881791 0.0270375
0.93 0.0901256 0.0291824
0.94 0.092001 0.031021
0.95 0.0938977 0.0332542
0.96 0.0957087 0.0352632
0.97 0.0975398 0.0375878
0.98 0.0992388 0.0397759
0.99 0.101007 0.04213
1 0.102598 0.0445218
1.01 0.1043 0.046864
1.02 0.105767 0.0494791
1.03 0.107426 0.0517154
1.04 0.10889 0.0546284
1.05 0.110358 0.0569273
1.06 0.111756 0.0599484
1.07 0.113064 0.0623707
1.08 0.114352 0.0654212
1.09 0.11553 0.06796
1.1 0.116707 0.0710308
1.11 0.117747 0.073674
1.12 0.118811 0.0767365
1.13 0.119726 0.0794821
1.14 0.120715 0.0825003
1.15 0.121479 0.0854118
1.16 0.122382 0.0883072
1.17 0.123081 0.0914243
1.18 0.123791 0.09428
1.19 0.124423 0.0974543
1.2 0.124977 0.100345
1.21 0.125494 0.103518
1.22 0.125927 0.106444
1.23 0.12633 0.109605
1.24 0.126637 0.112559
1.25 0.126931 0.115689
1.26 0.127128 0.118675
1.27 0.127315 0.121763
1.28 0.127401 0.124781
1.29 0.127478 0.127821
1.3 0.12746 0.130855
1.31 0.127433 0.133833
1.32 0.127348 0.136873
1.33 0.127215 0.139846
1.34 0.127018 0.142868
1.35 0.126792 0.1458
1.36 0.126506 0.148809
1.37 0.126175 0.151701
1.38 0.125812 0.154673
1.39 0.12539 0.157544
1.4 0.12494 0.160465
1.41 0.124437 0.163306
1.42 0.123908 0.166173
1.43 0.123342 0.168979
1.44 0.122737 0.171811
1.45 0.122096 0.174576
1.46 0.121427 0.177367
1.47 0.120702 0.1801
1.48 0.119971 0.182822
1.49 0.119184 0.185534
1.5 0.118378 0.188193
1.51 0.117536 0.190859
1.52 0.116667 0.193464
1.53 0.115775 0.196077
1.54 0.114853 0.198635
1.55 0.113916 0.201193
1.56 0.112946 0.203714
1.57 0.111955 0.206222
1.58 0.110929 0.208696
1.59 0.109896 0.211136
1.6 0.108836 0.213569
1.61 0.107758 0.215956
1.62 0.106669 0.218339
1.63 0.105546 0.220693
1.64 0.10441 0.223016
1.65 0.103254 0.225319
1.66 0.102082 0.227589
1.67 0.1009 0.22984
1.68 0.0996945 0.232069
1.69 0.0984765 0.234262
1.7 0.0972546 0.236438
1.71 0.096008 0.238598
1.72 0.094748 0.240719
1.73 0.0934839 0.242823
1.74 0.0922026 0.244905
1.75 0.0909081 0.246959
1.76 0.0896093 0.248986
1.77 0.0883015 0.250997
1.78 0.0869814 0.252983
1.79 0.0856526 0.254947
1.8 0.0843157 0.256887
1.81 0.0829707 0.258807
1.82 0.0816158 0.260703
1.83 0.080257 0.262575
1.84 0.0788921 0.26443
1.85 0.0775164 0.266263
1.86 0.076136 0.268071
1.87 0.0747503 0.26986
1.88 0.0733595 0.271625
1.89 0.071967 0.273371
1.9 0.0705694 0.275099
1.91 0.069165 0.276807
1.92 0.0677592 0.278493
1.93 0.0663452 0.280164
1.94 0.0649323 0.281805
1.95 0.0635177 0.28344
1.96 0.0620943 0.285048
1.97 0.0606733 0.286639
1.98 0.0592474 0.288212
1.99 0.0578217 0.289764
2 0.0563956 0.291302
2.01 0.0549652 0.292822
2.02 0.0535329 0.294324
2.03 0.0520996 0.295807
2.04 0.050666 0.297273
2.05 0.0492322 0.298722
2.06 0.0477984 0.300154
2.07 0.0463645 0.30157
2.08 0.0449307 0.30297
2.09 0.043497 0.304354
2.1 0.0420636 0.305723
2.11 0.0406306 0.307076
2.12 0.039198 0.308414
2.13 0.0377659 0.309737
2.14 0.0363345 0.311046
2.15 0.0349039 0.312339
2.16 0.0334742 0.313618
2.17 0.0320455 0.314882
2.18 0.030618 0.316133
2.19 0.0291918 0.317369
2.2 0.0277671 0.318591
2.21 0.0263439 0.319799
2.22 0.0249226 0.320994
2.23 0.0235031 0.322176
2.24 0.0220856 0.323344
2.25 0.0206701 0.3245
2.26 0.0192568 0.325643
2.27 0.0178457 0.326773
2.28 0.0164369 0.327891
2.29 0.0150304 0.328996
2.3 0.0136264 0.33009
2.31 0.0122248 0.331172
2.32 0.0108259 0.332241
2.33 0.00942964 0.3333
2.34 0.00803613 0.334346
2.35 0.00664542 0.335382
2.36 0.00525753 0.336407
2.37 0.00387249 0.33742
2.38 0.00249034 0.338423
2.39 0.00111112 0.339415
2.4 -0.000265128 0.340397
2.41 -0.00163835 0.341368
2.42 -0.00300852 0.34233
2.43 -0.00437559 0.343281
2.44 -0.00573952 0.344222
2.45 -0.00710027 0.345153
2.46 -0.00845782 0.346075
2.47 -0.00981213 0.346987
2.48 -0.0111632 0.347889
2.49 -0.012511 0.348783
2.5 -0.0138555 0.349667
2.51 -0.0151967 0.350542
2.52 -0.0165348 0.351409
2.53 -0.0178696 0.352266
2.54 -0.0192011 0.353114
2.55 -0.0205292 0.353954
2.56 -0.0218538 0.354785
2.57 -0.0231748 0.355607
2.58 -0.024492 0.356421
2.59 -0.0258055 0.357227
2.6 -0.0271152 0.358025
2.61 -0.0284214 0.358815
2.62 -0.029724 0.359598
2.63 -0.0310232 0.360373
2.64 -0.032319 0.36114
2.65 -0.0336114 0.3619
2.66 -0.0349003 0.362652
2.67 -0.0361858 0.363397
2.68 -0.0374678 0.364135
2.69 -0.0387462 0.364865
2.7 -0.0400211 0.365588
2.71 -0.0412923 0.366304
2.72 -0.0425598 0.367013
2.73 -0.0438235 0.367714
2.74 -0.0450834 0.368409
2.75 -0.0463395 0.369098
2.76 -0.047592 0.36978
2.77 -0.0488407 0.370456
2.78 -0.0500859 0.371125
2.79 -0.0513274 0.371788
2.8 -0.0525653 0.372445
2.81 -0.0537997 0.373096
2.82 -0.0550305 0.373741
2.83 -0.0562577 0.374379
2.84 -0.0574814 0.375012
2.85 -0.0587015 0.375639
2.86 -0.059918 0.37626
2.87 -0.061131 0.376875
2.88 -0.0623403 0.377485
2.89 -0.0635461 0.378089
2.9 -0.0647483 0.378688
2.91 -0.065947 0.379281
2.92 -0.0671422 0.379869
2.93 -0.068334 0.380452
2.94 -0.0695224 0.381029
2.95 -0.0707073 0.381601
2.96 -0.0718887 0.382168
2.97 -0.0730665 0.382729
2.98 -0.0742407 0.383285
2.99 -0.0754113 0.383837
3 -0.0765784 0.384383
3.01 -0.0777417 0.384924
3.02 -0.0789015 0.385461
3.03 -0.0800577 0.385993
3.04 -0.0812103 0.386521
3.05 -0.0823594 0.387044
3.06 -0.0835051 0.387563
3.07 -0.0846476 0.388077
3.08 -0.0857868 0.388587
3.09 -0.0869228 0.389093
3.1 -0.0880556 0.389594
3.11 -0.0891851 0.390091
3.12 -0.0903112 0.390583
3.13 -0.0914339 0.391071
3.14 -0.0925531 0.391554
3.15 -0.0936689 0.392034
3.16 -0.0947813 0.392509
3.17 -0.0958903 0.392981
3.18 -0.096996 0.393449
3.19 -0.0980983 0.393912
3.2 -0.0991973 0.394372
3.21 -0.100293 0.394828
3.22 -0.101386 0.39528
3.23 -0.102475 0.395729
3.24 -0.103561 0.396174
3.25 -0.104644 0.396615
3.26 -0.105724 0.397053
3.27 -0.1068 0.397487
3.28 -0.107874 0.397917
3.29 -0.108944 0.398344
3.3 -0.110011 0.398767
3.31 -0.111075 0.399187
3.32 -0.112136 0.399603
3.33 -0.113194 0.400016
3.34 -0.114248 0.400426
3.35 -0.115299 0.400832
3.36 -0.116348 0.401235
3.37 -0.117393 0.401635
3.38 -0.118435 0.402032
3.39 -0.119474 0.402425
3.4 -0.120509 0.402816
3.41 -0.121542 0.403204
3.42 -0.122572 0.403588
3.43 -0.123599 0.40397
3.44 -0.124624 0.404348
3.45 -0.125645 0.404724
3.46 -0.126663 0.405096
3.47 -0.127679 0.405466
3.48 -0.128691 0.405832
3.49 -0.1297 0.406196
3.5 -0.130707 0.406557
3.51 -0.13171 0.406915
3.52 -0.13271 0.407271
3.53 -0.133708 0.407623
3.54 -0.134703 0.407974
3.55 -0.135695 0.408321
3.56 -0.136684 0.408666
3.57 -0.13767 0.409008
3.58 -0.138654 0.409347
3.59 -0.139634 0.409684
3.6 -0.140612 0.410019
3.61 -0.141587 0.410351
3.62 -0.142559 0.410681
3.63 -0.143529 0.411008
3.64 -0.144496 0.411333
3.65 -0.14546 0.411655
3.66 -0.146421 0.411975
3.67 -0.14738 0.412292
3.68 -0.148336 0.412608
3.69 -0.149289 0.41292
3.7 -0.15024 0.413231
3.71 -0.151188 0.413539
3.72 -0.152133 0.413846
3.73 -0.153076 0.41415
3.74 -0.154016 0.414451
3.75 -0.154954 0.414751
3.76 -0.155889 0.415048
3.77 -0.156821 0.415343
3.78 -0.157751 0.415636
3.79 -0.158679 0.415927
3.8 -0.159603 0.416216
3.81 -0.160525 0.416503
3.82 -0.161445 0.416788
3.83 -0.162362 0.41707
3.84 -0.163276 0.417351
3.85 -0.164188 0.41763
3.86 -0.165098 0.417907
3.87 -0.166005 0.418182
3.88 -0.16691 0.418455
3.89 -0.167812 0.418726
3.9 -0.168712 0.418995
3.91 -0.169609 0.419262
3.92 -0.170504 0.419528
3.93 -0.171396 0.419791
3.94 -0.172286 0.420053
3.95 -0.173174 0.420313
3.96 -0.174059 0.420571
3.97 -0.174942 0.420828
3.98 -0.175822 0.421083
3.99 -0.176701 0.421336
4 -0.177576 0.421587
4.1 -0.18621 0.42401
4.11 -0.187061 0.424244
4.12 -0.18791 0.424476
4.13 -0.188757 0.424707
4.14 -0.189601 0.424936
4.15 -0.190444 0.425163
4.16 -0.191284 0.425389
4.17 -0.192122 0.425613
4.18 -0.192958 0.425836
4.19 -0.193792 0.426058
4.2 -0.194623 0.426278
4.21 -0.195453 0.426497
4.22 -0.19628 0.426714
4.23 -0.197106 0.42693
4.24 -0.197929 0.427144
4.25 -0.19875 0.427357
4.26 -0.199569 0.427569
4.27 -0.200387 0.427779
4.28 -0.201202 0.427988
4.29 -0.202014 0.428195
4.3 -0.202825 0.428402
4.31 -0.203634 0.428606
4.32 -0.204441 0.42881
4.33 -0.205246 0.429012
4.34 -0.206049 0.429213
4.35 -0.206849 0.429413
4.36 -0.207648 0.429612
4.37 -0.208445 0.429809
4.38 -0.20924 0.430005
4.39 -0.210033 0.4302
4.4 -0.210824 0.430393
4.41 -0.211612 0.430586
4.42 -0.212399 0.430777
4.43 -0.213184 0.430967
4.44 -0.213967 0.431156
4.45 -0.214749 0.431343
4.46 -0.215528 0.43153
4.47 -0.216305 0.431715
4.48 -0.217081 0.4319
4.49 -0.217854 0.432083
4.5 -0.218626 0.432265
4.51 -0.219396 0.432446
4.52 -0.220164 0.432626
4.53 -0.22093 0.432805
4.54 -0.221694 0.432983
4.55 -0.222456 0.43316
4.56 -0.223217 0.433335
4.57 -0.223976 0.43351
4.58 -0.224733 0.433684
4.59 -0.225488 0.433856
4.6 -0.226242 0.434028
4.61 -0.226993 0.434199
4.62 -0.227743 0.434368
4.63 -0.228492 0.434537
4.64 -0.229238 0.434705
4.65 -0.229983 0.434871
4.66 -0.230726 0.435037
4.67 -0.231467 0.435202
4.68 -0.232206 0.435365
4.69 -0.232944 0.435528
4.7 -0.23368 0.43569
4.71 -0.234415 0.435851
4.72 -0.235147 0.436011
4.73 -0.235878 0.43617
4.74 -0.236608 0.436328
4.75 -0.237335 0.436485
4.76 -0.238061 0.436642
4.77 -0.238786 0.436797
4.78 -0.239508 0.436952
4.79 -0.240229 0.437105
4.8 -0.240949 0.437258
4.81 -0.241667 0.43741
4.82 -0.242383 0.437561
4.83 -0.243097 0.437711
4.84 -0.24381 0.43786
4.85 -0.244521 0.438009
4.86 -0.245231 0.438156
4.87 -0.245939 0.438303
4.88 -0.246646 0.438449
4.89 -0.247351 0.438594
4.9 -0.248054 0.438739
4.91 -0.248756 0.438882
4.92 -0.249456 0.439025
4.93 -0.250154 0.439167
4.94 -0.250851 0.439308
4.95 -0.251547 0.439448
4.96 -0.252241 0.439588
4.97 -0.252933 0.439727
4.98 -0.253624 0.439865
4.99 -0.254314 0.440002
5 -0.255001 0.440139
5.01 -0.255688 0.440275
5.02 -0.256373 0.44041
5.03 -0.257056 0.440544
5.04 -0.257738 0.440678
5.05 -0.258418 0.440811
5.06 -0.259097 0.440943
5.07 -0.259775 0.441075
5.08 -0.260451 0.441206
5.09 -0.261125 0.441336
5.1 -0.261798 0.441465
5.11 -0.26247 0.441594
5.12 -0.26314 0.441722
5.13 -0.263809 0.44185
5.14 -0.264476 0.441976
5.15 -0.265142 0.442102
5.16 -0.265807 0.442228
5.17 -0.26647 0.442353
5.18 -0.267132 0.442477
5.19 -0.267792 0.4426
5.2 -0.268451 0.442723
5.21 -0.269109 0.442845
5.22 -0.269765 0.442966
5.23 -0.27042 0.443087
5.24 -0.271073 0.443207
5.25 -0.271725 0.443327
5.26 -0.272376 0.443446
5.27 -0.273025 0.443564
5.28 -0.273673 0.443682
5.29 -0.27432 0.443799
5.3 -0.274965 0.443915
5.31 -0.275609 0.444031
5.32 -0.276252 0.444146
5.33 -0.276893 0.444261
5.34 -0.277533 0.444375
5.35 -0.278172 0.444489
5.36 -0.278809 0.444602
5.37 -0.279445 0.444714
5.38 -0.28008 0.444826
5.39 -0.280713 0.444937
5.4 -0.281345 0.445048
5.41 -0.281976 0.445158
5.42 -0.282606 0.445267
5.43 -0.283234 0.445376
5.44 -0.283861 0.445485
5.45 -0.284487 0.445593
5.46 -0.285111 0.4457
5.47 -0.285735 0.445807
5.48 -0.286357 0.445913
5.49 -0.286977 0.446019
5.5 -0.287597 0.446124
5.51 -0.288215 0.446229
5.52 -0.288832 0.446333
5.53 -0.289448 0.446437
5.54 -0.290063 0.44654
5.55 -0.290676 0.446643
5.56 -0.291288 0.446745
5.57 -0.291899 0.446846
5.58 -0.292509 0.446948
5.59 -0.293117 0.447048
5.6 -0.293725 0.447149
5.61 -0.294331 0.447248
5.62 -0.294936 0.447348
5.63 -0.29554 0.447446
5.64 -0.296142 0.447545
5.65 -0.296744 0.447642
5.66 -0.297344 0.44774
5.67 -0.297943 0.447837
5.68 -0.298541 0.447933
5.69 -0.299138 0.448029
5.7 -0.299734 0.448125
5.71 -0.300328 0.44822
5.72 -0.300921 0.448314
5.73 -0.301514 0.448408
5.74 -0.302105 0.448502
5.75 -0.302695 0.448595
5.76 -0.303284 0.448688
5.77 -0.303871 0.44878
5.78 -0.304458 0.448872
5.79 -0.305044 0.448964
5.8 -0.305628 0.449055
5.81 -0.306211 0.449145
5.82 -0.306794 0.449235
5.83 -0.307375 0.449325
5.84 -0.307955 0.449414
5.85 -0.308534 0.449503
5.86 -0.309111 0.449592
5.87 -0.309688 0.44968
5.88 -0.310264 0.449767
5.89 -0.310838 0.449855
5.9 -0.311412 0.449941
5.91 -0.311984 0.450028
5.92 -0.312556 0.450114
5.93 -0.313126 0.450199
5.94 -0.313695 0.450285
5.95 -0.314263 0.45037
5.96 -0.314831 0.450454
5.97 -0.315397 0.450538
5.98 -0.315962 0.450622
5.99 -0.316526 0.450705
6 -0.317089 0.450788
6.01 -0.317651 0.450871
6.02 -0.318212 0.450953
6.03 -0.318772 0.451035
6.04 -0.31933 0.451116
6.05 -0.319888 0.451197
6.06 -0.320445 0.451278
6.07 -0.321001 0.451358
6.08 -0.321556 0.451438
6.09 -0.32211 0.451518
6.1 -0.322663 0.451597
6.11 -0.323214 0.451676
6.12 -0.323765 0.451754
6.13 -0.324315 0.451833
6.14 -0.324864 0.45191
6.15 -0.325412 0.451988
6.16 -0.325959 0.452065
6.17 -0.326505 0.452142
6.18 -0.32705 0.452218
6.19 -0.327594 0.452295
6.2 -0.328137 0.45237
6.21 -0.328679 0.452446
6.22 -0.32922 0.452521
6.23 -0.329761 0.452596
6.24 -0.3303 0.45267
6.25 -0.330838 0.452744
6.26 -0.331375 0.452818
6.27 -0.331912 0.452892
6.28 -0.332447 0.452965
6.29 -0.332982 0.453038
6.3 -0.333516 0.45311
6.31 -0.334048 0.453182
6.32 -0.33458 0.453254
6.33 -0.335111 0.453326
6.34 -0.335641 0.453397
6.35 -0.33617 0.453468
6.36 -0.336698 0.453539
6.37 -0.337225 0.453609
6.38 -0.337751 0.453679
6.39 -0.338277 0.453749
6.4 -0.338801 0.453818
6.41 -0.339325 0.453888
6.42 -0.339847 0.453956
6.43 -0.340369 0.454025
6.44 -0.34089 0.454093
6.45 -0.34141 0.454161
6.46 -0.341929 0.454229
6.47 -0.342447 0.454296
6.48 -0.342964 0.454364
6.49 -0.343481 0.45443
6.5 -0.343996 0.454497
6.51 -0.344511 0.454563
6.52 -0.345025 0.454629
6.53 -0.345538 0.454695
6.54 -0.34605 0.454761
6.55 -0.346561 0.454826
6.56 -0.347072 0.454891
6.57 -0.347581 0.454955
6.58 -0.34809 0.45502
6.59 -0.348598 0.455084
6.6 -0.349105 0.455148
6.61 -0.349611 0.455211
6.62 -0.350116 0.455275
6.63 -0.350621 0.455338
6.64 -0.351125 0.455401
6.65 -0.351627 0.455463
6.66 -0.352129 0.455525
6.67 -0.352631 0.455588
6.68 -0.353131 0.455649
6.69 -0.353631 0.455711
6.7 -0.354129 0.455772
6.71 -0.354627 0.455833
6.72 -0.355124 0.455894
6.73 -0.355621 0.455955
6.74 -0.356116 0.456015
6.75 -0.356611 0.456075
6.76 -0.357105 0.456135
6.77 -0.357598 0.456194
6.78 -0.35809 0.456254
6.79 -0.358582 0.456313
6.8 -0.359072 0.456371
6.81 -0.359562 0.45643
6.82 -0.360051 0.456488
6.83 -0.36054 0.456547
6.84 -0.361027 0.456604
6.85 -0.361514 0.456662
6.86 -0.362 0.45672
6.87 -0.362485 0.456777
6.88 -0.36297 0.456834
6.89 -0.363454 0.45689
6.9 -0.363937 0.456947
6.91 -0.364419 0.457003
6.92 -0.3649 0.457059
6.93 -0.365381 0.457115
6.94 -0.365861 0.457171
6.95 -0.36634 0.457226
6.96 -0.366818 0.457281
6.97 -0.367296 0.457336
6.98 -0.367773 0.457391
6.99 -0.368249 0.457446
7 -0.368724 0.4575
7.01 -0.369199 0.457554
7.02 -0.369673 0.457608
7.03 -0.370146 0.457662
7.04 -0.370618 0.457715
7.05 -0.37109 0.457768
7.06 -0.371561 0.457822
7.07 -0.372031 0.457874
7.08 -0.372501 0.457927
7.09 -0.372969 0.45798
7.1 -0.373437 0.458032
7.11 -0.373905 0.458084
7.12 -0.374371 0.458136
7.13 -0.374837 0.458187
7.14 -0.375303 0.458239
7.15 -0.375767 0.45829
7.16 -0.376231 0.458341
7.17 -0.376694 0.458392
7.18 -0.377156 0.458443
7.19 -0.377618 0.458493
7.2 -0.378079 0.458543
7.21 -0.378539 0.458593
7.22 -0.378999 0.458643
7.23 -0.379458 0.458693
7.24 -0.379916 0.458743
7.25 -0.380373 0.458792
7.26 -0.38083 0.458841
7.27 -0.381286 0.45889
7.28 -0.381742 0.458939
7.29 -0.382196 0.458987
7.3 -0.38265 0.459036
7.31 -0.383104 0.459084
7.32 -0.383556 0.459132
7.33 -0.384008 0.45918
7.34 -0.38446 0.459228
7.35 -0.384911 0.459275
7.36 -0.385361 0.459322
7.37 -0.38581 0.45937
7.38 -0.386259 0.459417
7.39 -0.386707 0.459463
7.4 -0.387154 0.45951
7.41 -0.387601 0.459556
7.42 -0.388047 0.459603
7.43 -0.388492 0.459649
7.44 -0.388937 0.459695
7.45 -0.389381 0.459741
7.46 -0.389824 0.459786
7.47 -0.390267 0.459832
7.48 -0.390709 0.459877
7.49 -0.391151 0.459922
7.5 -0.391591 0.459967
7.51 -0.392032 0.460012
7.52 -0.392471 0.460056
7.53 -0.39291 0.460101
7.54 -0.393348 0.460145
7.55 -0.393786 0.460189
7.56 -0.394223 0.460233
7.57 -0.394659 0.460277
7.58 -0.395095 0.460321
7.59 -0.39553 0.460364
7.6 -0.395965 0.460408
7.61 -0.396399 0.460451
7.62 -0.396832 0.460494
7.63 -0.397265 0.460537
7.64 -0.397697 0.46058
7.65 -0.398128 0.460622
7.66 -0.398559 0.460665
7.67 -0.398989 0.460707
7.68 -0.399419 0.460749
7.69 -0.399848 0.460791
7.7 -0.400276 0.460833
7.71 -0.400704 0.460875
7.72 -0.401131 0.460916
7.73 -0.401558 0.460958
7.74 -0.401984 0.460999
7.75 -0.402409 0.46104
7.76 -0.402834 0.461081
7.77 -0.403258 0.461122
7.78 -0.403682 0.461162
7.79 -0.404105 0.461203
7.8 -0.404527 0.461243
7.81 -0.404949 0.461284
7.82 -0.40537 0.461324
7.83 -0.405791 0.461364
7.84 -0.406211 0.461403
7.85 -0.406631 0.461443
7.86 -0.407049 0.461483
7.87 -0.407468 0.461522
7.88 -0.407886 0.461561
7.89 -0.408303 0.4616
7.9 -0.408719 0.461639
7.91 -0.409135 0.461678
7.92 -0.409551 0.461717
7.93 -0.409966 0.461756
7.94 -0.41038 0.461794
7.95 -0.410794 0.461832
7.96 -0.411207 0.461871
7.97 -0.41162 0.461909
7.98 -0.412032 0.461947
7.99 -0.412443 0.461984
8 -0.412854 0.462022
8.01 -0.413265 0.46206
8.02 -0.413674 0.462097
8.03 -0.414084 0.462134
8.04 -0.414493 0.462171
8.05 -0.414901 0.462208
8.06 -0.415308 0.462245
8.07 -0.415715 0.462282
8.08 -0.416122 0.462319
8.09 -0.416528 0.462355
8.1 -0.416933 0.462392
8.11 -0.417338 0.462428
8.12 -0.417743 0.462464
8.13 -0.418147 0.4625
8.14 -0.41855 0.462536
8.15 -0.418953 0.462572
8.16 -0.419355 0.462608
8.17 -0.419756 0.462643
8.18 -0.420158 0.462678
8.19 -0.420558 0.462714
8.2 -0.420958 0.462749
8.21 -0.421358 0.462784
8.22 -0.421757 0.462819
8.23 -0.422155 0.462854
8.24 -0.422553 0.462889
8.25 -0.422951 0.462923
8.26 -0.423348 0.462958
8.27 -0.423744 0.462992
8.28 -0.42414 0.463026
8.29 -0.424536 0.46306
8.3 -0.42493 0.463094
8.31 -0.425325 0.463128
8.32 -0.425719 0.463162
8.33 -0.426112 0.463196
8.34 -0.426505 0.463229
8.35 -0.426897 0.463263
8.36 -0.427289 0.463296
8.37 -0.42768 0.46333
8.38 -0.428071 0.463363
8.39 -0.428461 0.463396
8.4 -0.428851 0.463429
8.41 -0.42924 0.463461
8.42 -0.429629 0.463494
8.43 -0.430017 0.463527
8.44 -0.430405 0.463559
8.45 -0.430792 0.463592
8.46 -0.431179 0.463624
8.47 -0.431565 0.463656
8.48 -0.431951 0.463688
8.49 -0.432336 0.46372
8.5 -0.432721 0.463752
8.51 -0.433106 0.463784
8.52 -0.433489 0.463815
8.53 -0.433873 0.463847
8.54 -0.434256 0.463878
8.55 -0.434638 0.46391
8.56 -0.43502 0.463941
8.57 -0.435401 0.463972
8.58 -0.435782 0.464003
8.59 -0.436163 0.464034
8.6 -0.436542 0.464065
8.61 -0.436922 0.464096
8.62 -0.437301 0.464127
8.63 -0.437679 0.464157
8.64 -0.438058 0.464188
8.65 -0.438435 0.464218
8.66 -0.438812 0.464248
8.67 -0.439189 0.464278
8.68 -0.439565 0.464308
8.69 -0.439941 0.464338
8.7 -0.440316 0.464368
8.71 -0.440691 0.464398
8.72 -0.441065 0.464428
8.73 -0.441439 0.464457
8.74 -0.441812 0.464487
8.75 -0.442185 0.464516
8.76 -0.442558 0.464546
8.77 -0.44293 0.464575
8.78 -0.443301 0.464604
8.79 -0.443672 0.464633
8.8 -0.444043 0.464662
8.81 -0.444413 0.464691
8.82 -0.444783 0.46472
8.83 -0.445152 0.464748
8.84 -0.445521 0.464777
8.85 -0.445889 0.464806
8.86 -0.446257 0.464834
8.87 -0.446625 0.464862
8.88 -0.446992 0.464891
8.89 -0.447358 0.464919
8.9 -0.447724 0.464947
8.91 -0.44809 0.464975
8.92 -0.448455 0.465003
8.93 -0.44882 0.465031
8.94 -0.449184 0.465058
8.95 -0.449548 0.465086
8.96 -0.449912 0.465114
8.97 -0.450275 0.465141
8.98 -0.450637 0.465168
8.99 -0.451 0.465196
9 -0.451361 0.465223
9.01 -0.451723 0.46525
9.02 -0.452083 0.465277
9.03 -0.452444 0.465304
9.04 -0.452804 0.465331
9.05 -0.453163 0.465358
9.06 -0.453523 0.465385
9.07 -0.453881 0.465411
9.08 -0.45424 0.465438
9.09 -0.454597 0.465464
9.1 -0.454955 0.465491
9.11 -0.455312 0.465517
9.12 -0.455668 0.465543
9.13 -0.456025 0.46557
9.14 -0.45638 0.465596
9.15 -0.456736 0.465622
9.16 -0.457091 0.465648
9.17 -0.457445 0.465674
9.18 -0.457799 0.465699
9.19 -0.458153 0.465725
9.2 -0.458506 0.465751
9.21 -0.458859 0.465776
9.22 -0.459211 0.465802
9.23 -0.459564 0.465827
9.24 -0.459915 0.465853
9.25 -0.460266 0.465878
9.26 -0.460617 0.465903
9.27 -0.460968 0.465928
9.28 -0.461317 0.465953
9.29 -0.461667 0.465978
9.3 -0.462016 0.466003
9.31 -0.462365 0.466028
9.32 -0.462713 0.466053
9.33 -0.463061 0.466077
9.34 -0.463409 0.466102
9.35 -0.463756 0.466126
9.36 -0.464103 0.466151
9.37 -0.464449 0.466175
9.38 -0.464795 0.4662
9.39 -0.465141 0.466224
9.4 -0.465486 0.466248
9.41 -0.465831 0.466272
9.42 -0.466175 0.466296
9.43 -0.466519 0.46632
9.44 -0.466863 0.466344
9.45 -0.467206 0.466368
9.46 -0.467549 0.466392
9.47 -0.467891 0.466415
9.48 -0.468233 0.466439
9.49 -0.468575 0.466463
9.5 -0.468916 0.466486
9.51 -0.469257 0.466509
9.52 -0.469597 0.466533
9.53 -0.469938 0.466556
9.54 -0.470277 0.466579
9.55 -0.470617 0.466602
9.56 -0.470956 0.466625
9.57 -0.471294 0.466649
9.58 -0.471632 0.466671
9.59 -0.47197 0.466694
9.6 -0.472308 0.466717
9.61 -0.472645 0.46674
9.62 -0.472981 0.466763
9.63 -0.473318 0.466785
9.64 -0.473654 0.466808
9.65 -0.473989 0.46683
9.66 -0.474324 0.466853
9.67 -0.474659 0.466875
9.68 -0.474994 0.466897
9.69 -0.475328 0.46692
9.7 -0.475662 0.466942
9.71 -0.475995 0.466964
9.72 -0.476328 0.466986
9.73 -0.476661 0.467008
9.74 -0.476993 0.46703
9.75 -0.477325 0.467052
9.76 -0.477656 0.467074
9.77 -0.477987 0.467095
9.78 -0.478318 0.467117
9.79 -0.478649 0.467139
9.8 -0.478979 0.46716
9.81 -0.479308 0.467182
9.82 -0.479638 0.467203
9.83 -0.479967 0.467225
9.84 -0.480295 0.467246
9.85 -0.480624 0.467267
9.86 -0.480951 0.467288
9.87 -0.481279 0.467309
9.88 -0.481606 0.467331
9.89 -0.481933 0.467352
9.9 -0.48226 0.467373
9.91 -0.482586 0.467393
9.92 -0.482911 0.467414
9.93 -0.483237 0.467435
9.94 -0.483562 0.467456
9.95 -0.483887 0.467476
9.96 -0.484211 0.467497
9.97 -0.484535 0.467518
9.98 -0.484859 0.467538
9.99 -0.485182 0.467559
10 -0.485505 0.467579
10.01 -0.485828 0.467599
10.02 -0.48615 0.46762
10.03 -0.486472 0.46764
10.04 -0.486794 0.46766
10.05 -0.487115 0.46768
10.06 -0.487436 0.4677
10.07 -0.487756 0.46772
10.08 -0.488077 0.46774
10.09 -0.488397 0.46776
10.1 -0.488716 0.46778
10.11 -0.489035 0.4678
10.12 -0.489354 0.467819
10.13 -0.489673 0.467839
10.14 -0.489991 0.467859
10.15 -0.490309 0.467878
10.16 -0.490627 0.467898
10.17 -0.490944 0.467917
10.18 -0.491261 0.467937
10.19 -0.491577 0.467956
10.2 -0.491893 0.467975
10.21 -0.492209 0.467995
10.22 -0.492525 0.468014
10.23 -0.49284 0.468033
10.24 -0.493155 0.468052
10.25 -0.49347 0.468071
10.26 -0.493784 0.46809
10.27 -0.494098 0.468109
10.28 -0.494411 0.468128
10.29 -0.494725 0.468147
10.3 -0.495037 0.468166
10.31 -0.49535 0.468184
10.32 -0.495662 0.468203
10.33 -0.495974 0.468222
10.34 -0.496286 0.46824
10.35 -0.496597 0.468259
10.36 -0.496908 0.468277
10.37 -0.497219 0.468296
10.38 -0.497529 0.468314
10.39 -0.497839 0.468332
10.4 -0.498149 0.468351
10.41 -0.498459 0.468369
10.42 -0.498768 0.468387
10.43 -0.499076 0.468405
10.44 -0.499385 0.468423
10.45 -0.499693 0.468441
10.46 -0.500001 0.468459
10.47 -0.500308 0.468477
10.48 -0.500615 0.468495
10.49 -0.500922 0.468513
10.5 -0.501229 0.468531
10.51 -0.501535 0.468549
10.52 -0.501841 0.468566
10.53 -0.502147 0.468584
10.54 -0.502452 0.468602
10.55 -0.502757 0.468619
10.56 -0.503062 0.468637
10.57 -0.503366 0.468654
10.58 -0.50367 0.468672
10.59 -0.503974 0.468689
10.6 -0.504277 0.468707
10.61 -0.504581 0.468724
10.62 -0.504884 0.468741
10.63 -0.505186 0.468758
10.64 -0.505488 0.468775
10.65 -0.50579 0.468793
10.66 -0.506092 0.46881
10.67 -0.506393 0.468827
10.68 -0.506694 0.468844
10.69 -0.506995 0.468861
10.7 -0.507295 0.468878
10.71 -0.507596 0.468894
10.72 -0.507895 0.468911
10.73 -0.508195 0.468928
10.74 -0.508494 0.468945
10.75 -0.508793 0.468961
10.76 -0.509092 0.468978
10.77 -0.50939 0.468995
10.78 -0.509688 0.469011
10.79 -0.509986 0.469028
10.8 -0.510283 0.469044
10.81 -0.510581 0.469061
10.82 -0.510877 0.469077
10.83 -0.511174 0.469093
10.84 -0.51147 0.46911
10.85 -0.511766 0.469126
10.86 -0.512062 0.469142
10.87 -0.512357 0.469158
10.88 -0.512653 0.469174
10.89 -0.512947 0.469191
10.9 -0.513245 0.469207
10.91 -0.513536 0.469223
10.92 -0.51383 0.469239
10.93 -0.514124 0.469255
10.94 -0.514417 0.46927
10.95 -0.51471 0.469286
10.96 -0.515003 0.469302
10.97 -0.515296 0.469318
10.98 -0.515588 0.469334
10.99 -0.51588 0.469349
11 -0.516171 0.469365
11.01 -0.516463 0.469381
11.02 -0.516754 0.469396
11.03 -0.517045 0.469412
11.04 -0.517335 0.469427
11.05 -0.517626 0.469443
11.06 -0.517916 0.469458
11.07 -0.518205 0.469474
11.08 -0.518495 0.469489
11.09 -0.518784 0.469504
11.1 -0.519073 0.46952
11.11 -0.519361 0.469535
11.12 -0.51965 0.46955
11.13 -0.519938 0.469565
11.14 -0.520226 0.46958
11.15 -0.520513 0.469596
11.16 -0.5208 0.469611
11.17 -0.521087 0.469626
11.18 -0.521374 0.469641
11.19 -0.52166 0.469656
11.2 -0.521946 0.46967
11.21 -0.522232 0.469685
11.22 -0.522518 0.4697
11.23 -0.522803 0.469715
11.24 -0.523088 0.46973
11.25 -0.523373 0.469745
11.26 -0.523658 0.469759
11.27 -0.523942 0.469774
11.28 -0.524226 0.469789
11.29 -0.524509 0.469803
11.3 -0.524793 0.469818
11.31 -0.525076 0.469832
11.32 -0.525359 0.469847
11.33 -0.525642 0.469861
11.34 -0.525924 0.469876
11.35 -0.526206 0.46989
11.36 -0.526488 0.469904
11.37 -0.52677 0.469919
11.38 -0.527051 0.469933
11.39 -0.527332 0.469947
11.4 -0.527613 0.469962
11.41 -0.527893 0.469976
11.42 -0.528173 0.46999
11.43 -0.528454 0.470004
11.44 -0.528733 0.470018
11.45 -0.529013 0.470032
11.46 -0.529292 0.470046
11.47 -0.529571 0.47006
11.48 -0.52985 0.470074
11.49 -0.530128 0.470088
11.5 -0.530406 0.470102
11.51 -0.530684 0.470116
11.52 -0.530962 0.47013
11.53 -0.531239 0.470143
11.54 -0.531517 0.470157
11.55 -0.531793 0.470171
11.56 -0.53207 0.470185
11.57 -0.532347 0.470198
11.58 -0.532623 0.470212
11.59 -0.532899 0.470226
11.6 -0.533174 0.470239
11.61 -0.53345 0.470253
11.62 -0.533725 0.470266
11.63 -0.534 0.47028
11.64 -0.534274 0.470293
11.65 -0.534549 0.470307
11.66 -0.534823 0.47032
11.67 -0.535097 0.470333
11.68 -0.53537 0.470347
11.69 -0.535644 0.47036
11.7 -0.535917 0.470373
11.71 -0.53619 0.470386
11.72 -0.536463 0.4704
11.73 -0.536735 0.470413
11.74 -0.537007 0.470426
11.75 -0.537279 0.470439
11.76 -0.537551 0.470452
11.77 -0.537822 0.470465
11.78 -0.538093 0.470478
11.79 -0.538364 0.470491
11.8 -0.538635 0.470504
11.81 -0.538906 0.470517
11.82 -0.539176 0.47053
11.83 -0.539446 0.470543
11.84 -0.539715 0.470556
11.85 -0.539985 0.470568
11.86 -0.540254 0.470581
11.87 -0.540523 0.470594
11.88 -0.540792 0.470607
11.89 -0.54106 0.470619
11.9 -0.541329 0.470632
11.91 -0.541597 0.470645
11.92 -0.541865 0.470657
11.93 -0.542132 0.47067
11.94 -0.5424 0.470682
11.95 -0.542667 0.470695
11.96 -0.542933 0.470707
11.97 -0.5432 0.47072
11.98 -0.543467 0.470732
11.99 -0.543733 0.470745
12 -0.543999 0.470757
12.01 -0.544264 0.470769
12.02 -0.54453 0.470782
12.03 -0.544795 0.470794
12.04 -0.54506 0.470806
12.05 -0.545325 0.470818
12.06 -0.545589 0.470831
12.07 -0.545853 0.470843
12.08 -0.546118 0.470855
12.09 -0.546381 0.470867
12.1 -0.546645 0.470879
12.11 -0.546908 0.470891
12.12 -0.547171 0.470903
12.13 -0.547434 0.470915
12.14 -0.547697 0.470927
12.15 -0.54796 0.470939
12.16 -0.548222 0.470951
12.17 -0.548484 0.470963
12.18 -0.548746 0.470975
12.19 -0.549007 0.470987
12.2 -0.549268 0.470999
12.21 -0.549529 0.471011
12.22 -0.54979 0.471022
12.23 -0.550051 0.471034
12.24 -0.550311 0.471046
12.25 -0.550572 0.471058
12.26 -0.550832 0.471069
12.27 -0.551091 0.471081
12.28 -0.551351 0.471093
12.29 -0.55161 0.471104
12.3 -0.551869 0.471116
12.31 -0.552128 0.471127
12.32 -0.552387 0.471139
12.33 -0.552645 0.47115
12.34 -0.552903 0.471162
12.35 -0.553161 0.471173
12.36 -0.553419 0.471185
12.37 -0.553677 0.471196
12.38 -0.553934 0.471207
12.39 -0.554191 0.471219
12.4 -0.554448 0.47123
12.41 -0.554704 0.471241
12.42 -0.554961 0.471253
12.43 -0.555217 0.471264
12.44 -0.555473 0.471275
12.45 -0.555729 0.471286
12.46 -0.555984 0.471298
12.47 -0.55624 0.471309
12.48 -0.556495 0.47132
12.49 -0.55675 0.471331
12.5 -0.557004 0.471342
12.51 -0.557259 0.471353
12.52 -0.557513 0.471364
12.53 -0.557767 0.471375
12.54 -0.558021 0.471386
12.55 -0.558275 0.471397
12.56 -0.558528 0.471408
12.57 -0.558781 0.471419
12.58 -0.559034 0.47143
12.59 -0.559287 0.471441
12.6 -0.55954 0.471451
12.61 -0.559792 0.471462
12.62 -0.560044 0.471473
12.63 -0.560296 0.471484
12.64 -0.560548 0.471494
12.65 -0.560799 0.471505
12.66 -0.561051 0.471516
12.67 -0.561302 0.471527
12.68 -0.561553 0.471537
12.69 -0.561803 0.471548
12.7 -0.562054 0.471558
12.71 -0.562304 0.471569
12.72 -0.562554 0.47158
12.73 -0.562804 0.47159
12.74 -0.563054 0.471601
12.75 -0.563303 0.471611
12.76 -0.563552 0.471621
12.77 -0.563801 0.471632
12.78 -0.56405 0.471642
12.79 -0.564299 0.471653
12.8 -0.564547 0.471663
12.81 -0.564795 0.471673
12.82 -0.565043 0.471684
12.83 -0.565291 0.471694
12.84 -0.565538 0.471704
12.85 -0.565786 0.471715
12.86 -0.566033 0.471725
12.87 -0.56628 0.471735
12.88 -0.566527 0.471745
12.89 -0.566773 0.471755
12.9 -0.56702 0.471766
12.91 -0.567266 0.471776
12.92 -0.567512 0.471786
12.93 -0.567758 0.471796
12.94 -0.568003 0.471806
12.95 -0.568248 0.471816
12.96 -0.568494 0.471826
12.97 -0.568739 0.471836
12.98 -0.568983 0.471846
12.99 -0.569228 0.471856
13 -0.569472 0.471866
13.01 -0.569716 0.471876
13.02 -0.56996 0.471886
13.03 -0.570204 0.471896
13.04 -0.570448 0.471906
13.05 -0.570691 0.471915
13.06 -0.570934 0.471925
13.07 -0.571177 0.471935
13.08 -0.57142 0.471945
13.09 -0.571663 0.471955
13.1 -0.571905 0.471964
13.11 -0.572147 0.471974
13.12 -0.572389 0.471984
13.13 -0.572631 0.471993
13.14 -0.572873 0.472003
13.15 -0.573114 0.472013
13.16 -0.573355 0.472022
13.17 -0.573596 0.472032
13.18 -0.573837 0.472042
13.19 -0.574078 0.472051
13.2 -0.574318 0.472061
13.21 -0.574559 0.47207
13.22 -0.574799 0.47208
13.23 -0.575039 0.472089
13.24 -0.575278 0.472099
13.25 -0.575518 0.472108
13.26 -0.575757 0.472118
13.27 -0.575996 0.472127
13.28 -0.576235 0.472136
13.29 -0.576474 0.472146
13.3 -0.576713 0.472155
13.31 -0.576951 0.472164
13.32 -0.577189 0.472174
13.33 -0.577427 0.472183
13.34 -0.577665 0.472192
13.35 -0.577903 0.472202
13.36 -0.57814 0.472211
13.37 -0.578377 0.47222
13.38 -0.578614 0.472229
13.39 -0.578851 0.472238
13.4 -0.579088 0.472247
13.41 -0.579325 0.472257
13.42 -0.579561 0.472266
13.43 -0.579797 0.472275
13.44 -0.580033 0.472284
13.45 -0.580269 0.472293
13.46 -0.580504 0.472302
13.47 -0.58074 0.472311
13.48 -0.580975 0.47232
13.49 -0.58121 0.472329
13.5 -0.581445 0.472338
13.51 -0.58168 0.472347
13.52 -0.581914 0.472356
13.53 -0.582148 0.472365
13.54 -0.582383 0.472374
13.55 -0.582616 0.472383
13.56 -0.58285 0.472391
13.57 -0.583084 0.4724
13.58 -0.583317 0.472409
13.59 -0.58355 0.472418
13.6 -0.583783 0.472427
13.61 -0.584016 0.472435
13.62 -0.584249 0.472444
13.63 -0.584482 0.472453
13.64 -0.584714 0.472462
13.65 -0.584946 0.47247
13.66 -0.585178 0.472479
13.67 -0.58541 0.472488
13.68 -0.585641 0.472496
13.69 -0.585873 0.472505
13.7 -0.586104 0.472514
13.71 -0.586335 0.472522
13.72 -0.586566 0.472531
13.73 -0.586797 0.472539
13.74 -0.587027 0.472548
13.75 -0.587258 0.472556
13.76 -0.587488 0.472565
13.77 -0.587718 0.472573
13.78 -0.587948 0.472582
13.79 -0.588177 0.47259
13.8 -0.588407 0.472599
13.81 -0.588636 0.472607
13.82 -0.588865 0.472615
13.83 -0.589094 0.472624
13.84 -0.589323 0.472632
13.85 -0.589552 0.472641
13.86 -0.58978 0.472649
13.87 -0.590008 0.472657
13.88 -0.590236 0.472666
13.89 -0.590464 0.472674
13.9 -0.590692 0.472682
13.91 -0.59092 0.47269
13.92 -0.591147 0.472699
13.93 -0.591374 0.472707
13.94 -0.591601 0.472715
13.95 -0.591828 0.472723
13.96 -0.592055 0.472731
13.97 -0.592281 0.47274
13.98 -0.592508 0.472748
13.99 -0.592734 0.472756
14 -0.59296 0.472764
14.01 -0.593186 0.472772
14.02 -0.593412 0.47278
14.03 -0.593637 0.472788
14.04 -0.593863 0.472796
14.05 -0.594088 0.472804
14.06 -0.594313 0.472812
14.07 -0.594538 0.47282
14.08 -0.594762 0.472828
14.09 -0.594987 0.472836
14.1 -0.595211 0.472844
14.11 -0.595435 0.472852
14.12 -0.595659 0.47286
14.13 -0.595883 0.472868
14.14 -0.596107 0.472876
14.15 -0.59633 0.472884
14.16 -0.596554 0.472892
14.17 -0.596777 0.4729
14.18 -0.597 0.472908
14.19 -0.597223 0.472915
14.2 -0.597446 0.472923
14.21 -0.597668 0.472931
14.22 -0.597891 0.472939
14.23 -0.598113 0.472947
14.24 -0.598335 0.472954
14.25 -0.598557 0.472962
14.26 -0.598778 0.47297
14.27 -0.599 0.472978
14.28 -0.599221 0.472985
14.29 -0.599443 0.472993
14.3 -0.599664 0.473001
14.31 -0.599885 0.473008
14.32 -0.600105 0.473016
14.33 -0.600326 0.473024
14.34 -0.600546 0.473031
14.35 -0.600767 0.473039
14.36 -0.600987 0.473046
14.37 -0.601207 0.473054
14.38 -0.601426 0.473061
14.39 -0.601646 0.473069
14.4 -0.601866 0.473077
14.41 -0.602085 0.473084
14.42 -0.602304 0.473092
14.43 -0.602523 0.473099
14.44 -0.602742 0.473106
14.45 -0.60296 0.473114
14.46 -0.603179 0.473121
14.47 -0.603397 0.473129
14.48 -0.603616 0.473136
14.49 -0.603834 0.473144
14.5 -0.604051 0.473151
14.51 -0.604269 0.473158
14.52 -0.604487 0.473166
14.53 -0.604704 0.473173
14.54 -0.604921 0.47318
14.55 -0.605139 0.473188
14.56 -0.605356 0.473195
14.57 -0.605572 0.473202
14.58 -0.605789 0.47321
14.59 -0.606005 0.473217
14.6 -0.606222 0.473224
14.61 -0.606438 0.473231
14.62 -0.606654 0.473239
14.63 -0.60687 0.473246
14.64 -0.607085 0.473253
14.65 -0.607301 0.47326
14.66 -0.607516 0.473267
14.67 -0.607732 0.473274
14.68 -0.607947 0.473282
14.69 -0.608162 0.473289
14.7 -0.608377 0.473296
14.71 -0.608591 0.473303
14.72 -0.608806 0.47331
14.73 -0.60902 0.473317
14.74 -0.609234 0.473324
14.75 -0.609448 0.473331
14.76 -0.609662 0.473338
14.77 -0.609876 0.473345
14.78 -0.610089 0.473352
14.79 -0.610303 0.473359
14.8 -0.610516 0.473366
14.81 -0.610729 0.473373
14.82 -0.610942 0.47338
14.83 -0.611155 0.473387
14.84 -0.611368 0.473394
14.85 -0.61158 0.473401
14.86 -0.611792 0.473408
14.87 -0.612005 0.473415
14.88 -0.612217 0.473422
14.89 -0.612429 0.473428
14.9 -0.61264 0.473435
14.91 -0.612852 0.473442
14.92 -0.613064 0.473449
14.93 -0.613275 0.473456
14.94 -0.613486 0.473462
14.95 -0.613697 0.473469
14.96 -0.613908 0.473476
14.97 -0.614119 0.473483
14.98 -0.614329 0.47349
14.99 -0.61454 0.473496
15 -0.61475 0.473503
15.01 -0.61496 0.47351
15.02 -0.61517 0.473516
15.03 -0.61538 0.473523
15.04 -0.61559 0.47353
15.05 -0.615799 0.473536
15.06 -0.616009 0.473543
15.07 -0.616218 0.47355
15.08 -0.616427 0.473556
15.09 -0.616636 0.473563
15.1 -0.616845 0.47357
15.11 -0.617054 0.473576
15.12 -0.617262 0.473583
15.13 -0.617471 0.473589
15.14 -0.617679 0.473596
15.15 -0.617887 0.473602
15.16 -0.618095 0.473609
15.17 -0.618303 0.473615
15.18 -0.61851 0.473622
15.19 -0.618718 0.473628
15.2 -0.618925 0.473635
15.21 -0.619133 0.473641
15.22 -0.61934 0.473648
15.23 -0.619547 0.473654
15.24 -0.619754 0.473661
15.25 -0.61996 0.473667
15.26 -0.620167 0.473673
15.27 -0.620373 0.47368
15.28 -0.62058 0.473686
15.29 -0.620786 0.473693
15.3 -0.620992 0.473699
15.31 -0.621197 0.473705
15.32 -0.621403 0.473712
15.33 -0.621609 0.473718
15.34 -0.621814 0.473724
15.35 -0.622019 0.473731
15.36 -0.622225 0.473737
15.37 -0.62243 0.473743
15.38 -0.622634 0.47375
15.39 -0.622839 0.473756
15.4 -0.623044 0.473762
15.41 -0.623248 0.473768
15.42 -0.623453 0.473775
15.43 -0.623657 0.473781
15.44 -0.623861 0.473787
15.45 -0.624065 0.473793
15.46 -0.624268 0.473799
15.47 -0.624472 0.473806
15.48 -0.624675 0.473812
15.49 -0.624879 0.473818
15.5 -0.625082 0.473824
15.51 -0.625285 0.47383
15.52 -0.625488 0.473836
15.53 -0.625691 0.473842
15.54 -0.625893 0.473848
15.55 -0.626096 0.473855
15.56 -0.626298 0.473861
15.57 -0.626501 0.473867
15.58 -0.626703 0.473873
15.59 -0.626905 0.473879
15.6 -0.627107 0.473885
15.61 -0.627308 0.473891
15.62 -0.62751 0.473897
15.63 -0.627711 0.473903
15.64 -0.627913 0.473909
15.65 -0.628114 0.473915
15.66 -0.628315 0.473921
15.67 -0.628516 0.473927
15.68 -0.628717 0.473933
15.69 -0.628917 0.473939
15.7 -0.629118 0.473945
15.71 -0.629318 0.473951
15.72 -0.629518 0.473957
15.73 -0.629719 0.473963
15.74 -0.629919 0.473968
15.75 -0.630118 0.473974
15.76 -0.630318 0.47398
15.77 -0.630518 0.473986
15.78 -0.630717 0.473992
15.79 -0.630916 0.473998
15.8 -0.631116 0.474004
15.81 -0.631315 0.474009
15.82 -0.631514 0.474015
15.83 -0.631712 0.474021
15.84 -0.631911 0.474027
15.85 -0.63211 0.474033
15.86 -0.632308 0.474038
15.87 -0.632506 0.474044
15.88 -0.632705 0.47405
15.89 -0.632903 0.474056
15.9 -0.6331 0.474061
15.91 -0.633298 0.474067
15.92 -0.633496 0.474073
15.93 -0.633693 0.474078
15.94 -0.633891 0.474084
15.95 -0.634088 0.47409
15.96 -0.634285 0.474095
15.97 -0.634482 0.474101
15.98 -0.634679 0.474107
15.99 -0.634876 0.474112
16 -0.635072 0.474118
16.01 -0.635269 0.474124
16.02 -0.635465 0.474129
16.03 -0.635661 0.474135
16.04 -0.635857 0.47414
16.05 -0.636053 0.474146
16.06 -0.636249 0.474152
16.07 -0.636445 0.474157
16.08 -0.636641 0.474163
16.09 -0.636836 0.474168
16.1 -0.637031 0.474174
16.11 -0.637227 0.474179
16.12 -0.637422 0.474185
16.13 -0.637617 0.47419
16.14 -0.637811 0.474196
16.15 -0.638006 0.474201
16.16 -0.638201 0.474207
16.17 -0.638395 0.474212
16.18 -0.638589 0.474217
16.19 -0.638784 0.474223
16.2 -0.638978 0.474228
16.21 -0.639172 0.474234
16.22 -0.639365 0.474239
16.23 -0.639559 0.474244
16.24 -0.639753 0.47425
16.25 -0.639946 0.474255
16.26 -0.640139 0.474261
16.27 -0.640333 0.474266
16.28 -0.640526 0.474271
16.29 -0.640719 0.474277
16.3 -0.640911 0.474282
16.31 -0.641104 0.474287
16.32 -0.641297 0.474293
16.33 -0.641489 0.474298
16.34 -0.641681 0.474303
16.35 -0.641874 0.474309
16.36 -0.642066 0.474314
16.37 -0.642258 0.474319
16.38 -0.642449 0.474324
16.39 -0.642641 0.47433
16.4 -0.642833 0.474335
16.41 -0.643024 0.47434
16.42 -0.643215 0.474345
16.43 -0.643407 0.474351
16.44 -0.643598 0.474356
16.45 -0.643789 0.474361
16.46 -0.64398 0.474366
16.47 -0.64417 0.474371
16.48 -0.644361 0.474377
16.49 -0.644551 0.474382
16.5 -0.644742 0.474387
16.51 -0.644932 0.474392
16.52 -0.645122 0.474397
16.53 -0.645312 0.474402
16.54 -0.645502 0.474408
16.55 -0.645692 0.474413
16.56 -0.645881 0.474418
16.57 -0.646071 0.474423
16.58 -0.64626 0.474428
16.59 -0.64645 0.474433
16.6 -0.646639 0.474438
16.61 -0.646828 0.474443
16.62 -0.647017 0.474449
16.63 -0.647206 0.474454
16.64 -0.647394 0.474459
16.65 -0.647583 0.474464
16.66 -0.647772 0.474469
16.67 -0.64796 0.474474
16.68 -0.648148 0.474479
16.69 -0.648336 0.474484
16.7 -0.648524 0.474489
16.71 -0.648712 0.474494
16.72 -0.6489 0.474499
16.73 -0.649088 0.474504
16.74 -0.649275 0.474509
16.75 -0.649463 0.474514
16.76 -0.64965 0.474519
16.77 -0.649837 0.474524
16.78 -0.650024 0.474529
16.79 -0.650211 0.474534
16.8 -0.650398 0.474539
16.81 -0.650585 0.474544
16.82 -0.650772 0.474549
16.83 -0.650958 0.474554
16.84 -0.651144 0.474559
16.85 -0.651331 0.474564
16.86 -0.651517 0.474568
16.87 -0.651703 0.474573
16.88 -0.651889 0.474578
16.89 -0.652075 0.474583
16.9 -0.652261 0.474588
16.91 -0.652446 0.474593
16.92 -0.652632 0.474598
16.93 -0.652817 0.474602
16.94 -0.653002 0.474607
16.95 -0.653187 0.474612
16.96 -0.653373 0.474617
16.97 -0.653557 0.474622
16.98 -0.653742 0.474626
16.99 -0.653927 0.474631
17 -0.654112 0.474636
17.01 -0.654296 0.474641
17.02 -0.65448 0.474646
17.03 -0.654665 0.47465
17.04 -0.654849 0.474655
17.05 -0.655033 0.47466
17.06 -0.655217 0.474664
17.07 -0.655401 0.474669
17.08 -0.655584 0.474674
17.09 -0.655768 0.474679
17.1 -0.655951 0.474683
17.11 -0.656135 0.474688
17.12 -0.656318 0.474693
17.13 -0.656501 0.474697
17.14 -0.656684 0.474702
17.15 -0.656867 0.474706
17.16 -0.65705 0.474711
17.17 -0.657233 0.474716
17.18 -0.657415 0.47472
17.19 -0.657598 0.474725
17.2 -0.65778 0.474729
17.21 -0.657962 0.474734
17.22 -0.658144 0.474739
17.23 -0.658326 0.474743
17.24 -0.658508 0.474748
17.25 -0.65869 0.474752
17.26 -0.658872 0.474757
17.27 -0.659053 0.474761
17.28 -0.659235 0.474766
17.29 -0.659416 0.47477
17.3 -0.659597 0.474775
17.31 -0.659779 0.47478
17.32 -0.65996 0.474784
17.33 -0.660141 0.474789
17.34 -0.660321 0.474793
17.35 -0.660502 0.474798
17.36 -0.660683 0.474802
17.37 -0.660863 0.474806
17.38 -0.661043 0.474811
17.39 -0.661224 0.474815
17.4 -0.661404 0.47482
17.41 -0.661584 0.474824
17.42 -0.661764 0.474829
17.43 -0.661944 0.474833
17.44 -0.662123 0.474838
17.45 -0.662303 0.474842
17.46 -0.662483 0.474846
17.47 -0.662662 0.474851
17.48 -0.662841 0.474855
17.49 -0.66302 0.47486
17.5 -0.6632 0.474864
17.51 -0.663379 0.474868
17.52 -0.663557 0.474873
17.53 -0.663736 0.474877
17.54 -0.663915 0.474882
17.55 -0.664093 0.474886
17.56 -0.664272 0.47489
17.57 -0.66445 0.474895
17.58 -0.664628 0.474899
17.59 -0.664806 0.474903
17.6 -0.664985 0.474908
17.61 -0.665162 0.474912
17.62 -0.66534 0.474916
17.63 -0.665518 0.474921
17.64 -0.665696 0.474925
17.65 -0.665873 0.474929
17.66 -0.66605 0.474933
17.67 -0.666228 0.474938
17.68 -0.666405 0.474942
17.69 -0.666582 0.474946
17.7 -0.666759 0.474951
17.71 -0.666936 0.474955
17.72 -0.667113 0.474959
17.73 -0.667289 0.474963
17.74 -0.667466 0.474968
17.75 -0.667642 0.474972
17.76 -0.667819 0.474976
17.77 -0.667995 0.47498
17.78 -0.668171 0.474985
17.79 -0.668347 0.474989
17.8 -0.668523 0.474993
17.81 -0.668699 0.474997
17.82 -0.668875 0.475001
17.83 -0.669051 0.475006
17.84 -0.669226 0.47501
17.85 -0.669402 0.475014
17.86 -0.669577 0.475018
17.87 -0.669752 0.475022
17.88 -0.669927 0.475027
17.89 -0.670102 0.475031
17.9 -0.670277 0.475035
17.91 -0.670452 0.475039
17.92 -0.670627 0.475043
17.93 -0.670802 0.475047
17.94 -0.670976 0.475051
17.95 -0.671151 0.475056
17.96 -0.671325 0.47506
17.97 -0.671499 0.475064
17.98 -0.671673 0.475068
17.99 -0.671847 0.475072
18 -0.672021 0.475076
18.01 -0.672195 0.47508
18.02 -0.672369 0.475084
18.03 -0.672543 0.475088
18.04 -0.672716 0.475092
18.05 -0.67289 0.475096
18.06 -0.673063 0.4751
18.07 -0.673236 0.475104
18.08 -0.673409 0.475108
18.09 -0.673582 0.475112
18.1 -0.673755 0.475116
18.11 -0.673928 0.47512
18.12 -0.674101 0.475124
18.13 -0.674274 0.475128
18.14 -0.674446 0.475132
18.15 -0.674619 0.475136
18.16 -0.674791 0.47514
18.17 -0.674963 0.475144
18.18 -0.675135 0.475148
18.19 -0.675307 0.475152
18.2 -0.675479 0.475156
18.21 -0.675651 0.47516
18.22 -0.675823 0.475164
18.23 -0.675995 0.475168
18.24 -0.676166 0.475172
18.25 -0.676338 0.475176
18.26 -0.676509 0.47518
18.27 -0.676681 0.475184
18.28 -0.676852 0.475188
18.29 -0.677023 0.475192
18.3 -0.677194 0.475195
18.31 -0.677365 0.475199
18.32 -0.677536 0.475203
18.33 -0.677706 0.475207
18.34 -0.677877 0.475211
18.35 -0.678047 0.475215
18.36 -0.678218 0.475219
18.37 -0.678388 0.475223
18.38 -0.678558 0.475226
18.39 -0.678728 0.47523
18.4 -0.678898 0.475234
18.41 -0.679068 0.475238
18.42 -0.679238 0.475242
18.43 -0.679408 0.475245
18.44 -0.679578 0.475249
18.45 -0.679747 0.475253
18.46 -0.679917 0.475257
18.47 -0.680086 0.475261
18.48 -0.680255 0.475264
18.49 -0.680424 0.475268
18.5 -0.680593 0.475272
18.51 -0.680762 0.475276
18.52 -0.680931 0.47528
18.53 -0.6811 0.475283
18.54 -0.681269 0.475287
18.55 -0.681437 0.475291
18.56 -0.681606 0.475295
18.57 -0.681774 0.475298
18.58 -0.681943 0.475302
18.59 -0.682111 0.475306
18.6 -0.682279 0.475309
18.61 -0.682447 0.475313
18.62 -0.682615 0.475317
18.63 -0.682783 0.475321
18.64 -0.682951 0.475324
18.65 -0.683118 0.475328
18.66 -0.683286 0.475332
18.67 -0.683453 0.475335
18.68 -0.683621 0.475339
18.69 -0.683788 0.475343
18.7 -0.683955 0.475346
18.71 -0.684122 0.47535
18.72 -0.684289 0.475354
18.73 -0.684456 0.475357
18.74 -0.684623 0.475361
18.75 -0.68479 0.475365
18.76 -0.684956 0.475368
18.77 -0.685123 0.475372
18.78 -0.685289 0.475375
18.79 -0.685456 0.475379
18.8 -0.685622 0.475383
18.81 -0.685788 0.475386
18.82 -0.685954 0.47539
18.83 -0.68612 0.475393
18.84 -0.686286 0.475397
18.85 -0.686452 0.475401
18.86 -0.686618 0.475404
18.87 -0.686784 0.475408
18.88 -0.686949 0.475411
18.89 -0.687115 0.475415
18.9 -0.68728 0.475419
18.91 -0.687445 0.475422
18.92 -0.68761 0.475426
18.93 -0.687775 0.475429
18.94 -0.68794 0.475433
18.95 -0.688105 0.475436
18.96 -0.68827 0.47544
18.97 -0.688435 0.475443
18.98 -0.6886 0.475447
18.99 -0.688764 0.47545
19 -0.688929 0.475454
19.01 -0.689093 0.475458
19.02 -0.689257 0.475461
19.03 -0.689421 0.475465
19.04 -0.689586 0.475468
19.05 -0.68975 0.475472
19.06 -0.689914 0.475475
19.07 -0.690077 0.475479
19.08 -0.690241 0.475482
19.09 -0.690405 0.475486
19.1 -0.690568 0.475489
19.11 -0.690732 0.475492
19.12 -0.690895 0.475496
19.13 -0.691059 0.475499
19.14 -0.691222 0.475503
19.15 -0.691385 0.475506
19.16 -0.691548 0.47551
19.17 -0.691711 0.475513
19.18 -0.691874 0.475517
19.19 -0.692037 0.47552
19.2 -0.692199 0.475524
19.21 -0.692362 0.475527
19.22 -0.692525 0.47553
19.23 -0.692687 0.475534
19.24 -0.692849 0.475537
19.25 -0.693012 0.475541
19.26 -0.693174 0.475544
19.27 -0.693336 0.475547
19.28 -0.693498 0.475551
19.29 -0.69366 0.475554
19.3 -0.693822 0.475558
19.31 -0.693984 0.475561
19.32 -0.694145 0.475564
19.33 -0.694307 0.475568
19.34 -0.694468 0.475571
19.35 -0.69463 0.475574
19.36 -0.694791 0.475578
19.37 -0.694952 0.475581
19.38 -0.695113 0.475584
19.39 -0.695275 0.475588
19.4 -0.695436 0.475591
19.41 -0.695596 0.475594
19.42 -0.695757 0.475598
19.43 -0.695918 0.475601
19.44 -0.696079 0.475604
19.45 -0.696239 0.475608
19.46 -0.6964 0.475611
19.47 -0.69656 0.475614
19.48 -0.69672 0.475617
19.49 -0.696881 0.475621
19.5 -0.697041 0.475624
19.51 -0.697201 0.475627
19.52 -0.697361 0.475631
19.53 -0.697521 0.475634
19.54 -0.697681 0.475637
19.55 -0.69784 0.47564
19.56 -0.698 0.475644
19.57 -0.698159 0.475647
19.58 -0.698319 0.47565
19.59 -0.698478 0.475653
19.6 -0.698638 0.475656
19.61 -0.698797 0.47566
19.62 -0.698956 0.475663
19.63 -0.699115 0.475666
19.64 -0.699274 0.475669
19.65 -0.699433 0.475672
19.66 -0.699592 0.475676
19.67 -0.69975 0.475679
19.68 -0.699909 0.475682
19.69 -0.700067 0.475685
19.7 -0.700226 0.475688
19.71 -0.700384 0.475691
19.72 -0.700543 0.475695
19.73 -0.700701 0.475698
19.74 -0.700859 0.475701
19.75 -0.701017 0.475704
19.76 -0.701175 0.475707
19.77 -0.701333 0.47571
19.78 -0.701491 0.475713
19.79 -0.701648 0.475716
19.8 -0.701806 0.47572
19.81 -0.701963 0.475723
19.82 -0.702121 0.475726
19.83 -0.702278 0.475729
19.84 -0.702436 0.475732
19.85 -0.702593 0.475735
19.86 -0.70275 0.475738
19.87 -0.702907 0.475741
19.88 -0.703064 0.475744
19.89 -0.703221 0.475747
19.9 -0.703378 0.475751
19.91 -0.703534 0.475754
19.92 -0.703691 0.475757
19.93 -0.703848 0.47576
19.94 -0.704004 0.475763
19.95 -0.70416 0.475766
19.96 -0.704317 0.475769
19.97 -0.704473 0.475772
19.98 -0.704629 0.475775
19.99 -0.704785 0.475778
20 -0.704941 0.475781
20.01 -0.705097 0.475784
20.02 -0.705253 0.475787
20.03 -0.705409 0.47579
20.04 -0.705564 0.475793
20.05 -0.70572 0.475796
20.06 -0.705875 0.475799
20.07 -0.706031 0.475802
20.08 -0.706186 0.475805
20.09 -0.706341 0.475808
20.1 -0.706496 0.475811
20.11 -0.706652 0.475814
20.12 -0.706807 0.475817
20.13 -0.706962 0.47582
20.14 -0.707116 0.475823
20.15 -0.707271 0.475826
20.16 -0.707426 0.475829
20.17 -0.707581 0.475832
20.18 -0.707735 0.475835
20.19 -0.70789 0.475838
20.2 -0.708044 0.475841
20.21 -0.708198 0.475844
20.22 -0.708352 0.475847
20.23 -0.708507 0.47585
20.24 -0.708661 0.475853
20.25 -0.708815 0.475856
20.26 -0.708969 0.475859
20.27 -0.709122 0.475861
20.28 -0.709276 0.475864
20.29 -0.70943 0.475867
20.3 -0.709583 0.47587
20.31 -0.709737 0.475873
20.32 -0.70989 0.475876
20.33 -0.710044 0.475879
20.34 -0.710197 0.475882
20.35 -0.71035 0.475885
20.36 -0.710503 0.475888
20.37 -0.710656 0.475891
20.38 -0.710809 0.475894
20.39 -0.710962 0.475896
20.4 -0.711115 0.475899
20.41 -0.711268 0.475902
20.42 -0.711421 0.475905
20.43 -0.711573 0.475908
20.44 -0.711726 0.475911
20.45 -0.711878 0.475914
20.46 -0.712031 0.475917
20.47 -0.712182 0.475919
20.48 -0.712335 0.475922
20.49 -0.712487 0.475925
20.5 -0.712639 0.475928
20.51 -0.712791 0.475931
20.52 -0.712943 0.475934
20.53 -0.713095 0.475937
20.54 -0.713247 0.475939
20.55 -0.713398 0.475942
20.56 -0.71355 0.475945
20.57 -0.713701 0.475948
20.58 -0.713853 0.475951
20.59 -0.714004 0.475954
20.6 -0.714156 0.475956
20.61 -0.714307 0.475959
20.62 -0.714458 0.475962
20.63 -0.714609 0.475965
20.64 -0.71476 0.475968
20.65 -0.714911 0.47597
20.66 -0.715062 0.475973
20.67 -0.715213 0.475976
20.68 -0.715363 0.475979
20.69 -0.715514 0.475982
20.7 -0.715664 0.475984
20.71 -0.715815 0.475987
20.72 -0.715965 0.47599
20.73 -0.716116 0.475993
20.74 -0.716266 0.475995
20.75 -0.716416 0.475998
20.76 -0.716566 0.476001
20.77 -0.716716 0.476004
20.78 -0.716866 0.476006
20.79 -0.717016 0.476009
20.8 -0.717166 0.476012
20.81 -0.717316 0.476015
20.82 -0.717465 0.476017
20.83 -0.717615 0.47602
20.84 -0.717764 0.476023
20.85 -0.717914 0.476026
20.86 -0.718063 0.476028
20.87 -0.718212 0.476031
20.88 -0.718362 0.476034
20.89 -0.718511 0.476036
20.9 -0.71866 0.476039
20.91 -0.718809 0.476042
20.92 -0.718958 0.476045
20.93 -0.719107 0.476047
20.94 -0.719255 0.47605
20.95 -0.719404 0.476053
20.96 -0.719553 0.476055
20.97 -0.719701 0.476058
20.98 -0.71985 0.476061
20.99 -0.719998 0.476063
21 -0.720147 0.476066
21.01 -0.720295 0.476069
21.02 -0.720443 0.476071
21.03 -0.720591 0.476074
21.04 -0.720739 0.476077
21.05 -0.720887 0.476079
21.06 -0.721035 0.476082
21.07 -0.721183 0.476085
21.08 -0.721331 0.476087
21.09 -0.721478 0.47609
21.1 -0.721626 0.476092
21.11 -0.721774 0.476095
21.12 -0.721921 0.476098
21.13 -0.722068 0.4761
21.14 -0.722216 0.476103
21.15 -0.722363 0.476106
21.16 -0.72251 0.476108
21.17 -0.722657 0.476111
21.18 -0.722804 0.476113
21.19 -0.722951 0.476116
21.2 -0.723098 0.476119
21.21 -0.723245 0.476121
21.22 -0.723392 0.476124
21.23 -0.723539 0.476126
21.24 -0.723685 0.476129
21.25 -0.723832 0.476132
21.26 -0.723978 0.476134
21.27 -0.724125 0.476137
21.28 -0.724271 0.476139
21.29 -0.724417 0.476142
21.3 -0.724563 0.476144
21.31 -0.72471 0.476147
21.32 -0.724856 0.47615
21.33 -0.725002 0.476152
21.34 -0.725147 0.476155
21.35 -0.725293 0.476157
21.36 -0.725439 0.47616
21.37 -0.725585 0.476162
21.38 -0.72573 0.476165
21.39 -0.725876 0.476167
21.4 -0.726021 0.47617
21.41 -0.726167 0.476172
21.42 -0.726312 0.476175
21.43 -0.726457 0.476177
21.44 -0.726603 0.47618
21.45 -0.726748 0.476182
21.46 -0.726893 0.476185
21.47 -0.727038 0.476187
21.48 -0.727183 0.47619
21.49 -0.727328 0.476192
21.5 -0.727472 0.476195
21.51 -0.727617 0.476197
21.52 -0.727762 0.4762
21.53 -0.727906 0.476202
21.54 -0.728051 0.476205
21.55 -0.728195 0.476207
21.56 -0.72834 0.47621
21.57 -0.728484 0.476212
21.58 -0.728628 0.476215
21.59 -0.728772 0.476217
21.6 -0.728917 0.47622
21.61 -0.729061 0.476222
21.62 -0.729205 0.476225
21.63 -0.729348 0.476227
21.64 -0.729492 0.47623
21.65 -0.729636 0.476232
21.66 -0.72978 0.476235
21.67 -0.729923 0.476237
21.68 -0.730067 0.476239
21.69 -0.73021 0.476242
21.7 -0.730354 0.476244
21.71 -0.730497 0.476247
21.72 -0.73064 0.476249
21.73 -0.730784 0.476252
21.74 -0.730927 0.476254
21.75 -0.73107 0.476257
21.76 -0.731213 0.476259
21.77 -0.731356 0.476261
21.78 -0.731499 0.476264
21.79 -0.731642 0.476266
21.8 -0.731784 0.476269
21.81 -0.731927 0.476271
21.82 -0.73207 0.476273
21.83 -0.732212 0.476276
21.84 -0.732355 0.476278
21.85 -0.732497 0.476281
21.86 -0.732639 0.476283
21.87 -0.732782 0.476285
21.88 -0.732924 0.476288
21.89 -0.733066 0.47629
21.9 -0.733208 0.476292
21.91 -0.73335 0.476295
21.92 -0.733492 0.476297
21.93 -0.733634 0.4763
21.94 -0.733776 0.476302
21.95 -0.733918 0.476304
21.96 -0.734059 0.476307
21.97 -0.734201 0.476309
21.98 -0.734342 0.476311
21.99 -0.734484 0.476314
22 -0.734625 0.476316
22.01 -0.734767 0.476318
22.02 -0.734908 0.476321
22.03 -0.735049 0.476323
22.04 -0.73519 0.476325
22.05 -0.735331 0.476328
22.06 -0.735472 0.47633
22.07 -0.735613 0.476332
22.08 -0.735754 0.476335
22.09 -0.735895 0.476337
22.1 -0.736036 0.476339
22.11 -0.736176 0.476341
22.12 -0.736317 0.476344
22.13 -0.736458 0.476346
22.14 -0.736598 0.476348
22.15 -0.736739 0.476351
22.16 -0.736879 0.476353
22.17 -0.737019 0.476355
22.18 -0.737159 0.476358
22.19 -0.7373 0.47636
22.2 -0.73744 0.476362
22.21 -0.73758 0.476364
22.22 -0.73772 0.476367
22.23 -0.73786 0.476369
22.24 -0.737999 0.476371
22.25 -0.738139 0.476373
22.26 -0.738279 0.476376
22.27 -0.738419 0.476378
22.28 -0.738558 0.47638
22.29 -0.738698 0.476382
22.3 -0.738837 0.476385
22.31 -0.738977 0.476387
22.32 -0.739116 0.476389
22.33 -0.739255 0.476391
22.34 -0.739394 0.476394
22.35 -0.739533 0.476396
22.36 -0.739672 0.476398
22.37 -0.739811 0.4764
22.38 -0.73995 0.476403
22.39 -0.740089 0.476405
22.4 -0.740228 0.476407
22.41 -0.740367 0.476409
22.42 -0.740506 0.476411
22.43 -0.740644 0.476414
22.44 -0.740783 0.476416
22.45 -0.740921 0.476418
22.46 -0.74106 0.47642
22.47 -0.741198 0.476422
22.48 -0.741336 0.476425
22.49 -0.741474 0.476427
22.5 -0.741613 0.476429
22.51 -0.741751 0.476431
22.52 -0.741889 0.476433
22.53 -0.742027 0.476436
22.54 -0.742165 0.476438
22.55 -0.742303 0.47644
22.56 -0.74244 0.476442
22.57 -0.742578 0.476444
22.58 -0.742716 0.476446
22.59 -0.742853 0.476449
22.6 -0.742991 0.476451
22.61 -0.743128 0.476453
22.62 -0.743266 0.476455
22.63 -0.743403 0.476457
22.64 -0.74354 0.47646
22.65 -0.743678 0.476462
22.66 -0.743815 0.476464
22.67 -0.743952 0.476466
22.68 -0.744089 0.476468
22.69 -0.744226 0.47647
22.7 -0.744363 0.476472
22.71 -0.7445 0.476475
22.72 -0.744636 0.476477
22.73 -0.744773 0.476479
22.74 -0.74491 0.476481
22.75 -0.745046 0.476483
22.76 -0.745183 0.476485
22.77 -0.745319 0.476487
22.78 -0.745456 0.47649
22.79 -0.745592 0.476492
22.8 -0.745729 0.476494
22.81 -0.745865 0.476496
22.82 -0.746001 0.476498
22.83 -0.746137 0.4765
22.84 -0.746273 0.476502
22.85 -0.746409 0.476504
22.86 -0.746545 0.476507
22.87 -0.746681 0.476509
22.88 -0.746817 0.476511
22.89 -0.746952 0.476513
22.9 -0.747088 0.476515
22.91 -0.747224 0.476517
22.92 -0.747359 0.476519
22.93 -0.747495 0.476521
22.94 -0.74763 0.476523
22.95 -0.747766 0.476526
22.96 -0.747901 0.476528
22.97 -0.748036 0.47653
22.98 -0.748172 0.476532
22.99 -0.748307 0.476534
23 -0.748442 0.476536
23.01 -0.748577 0.476538
23.02 -0.748712 0.47654
23.03 -0.748847 0.476542
23.04 -0.748982 0.476544
23.05 -0.749116 0.476546
23.06 -0.749251 0.476548
23.07 -0.749386 0.476551
23.08 -0.74952 0.476553
23.09 -0.749655 0.476555
23.1 -0.749789 0.476557
23.11 -0.749924 0.476559
23.12 -0.750058 0.476561
23.13 -0.750193 0.476563
23.14 -0.750327 0.476565
23.15 -0.750461 0.476567
23.16 -0.750595 0.476569
23.17 -0.750729 0.476571
23.18 -0.750863 0.476573
23.19 -0.750997 0.476575
23.2 -0.751131 0.476577
23.21 -0.751265 0.476579
23.22 -0.751399 0.476581
23.23 -0.751533 0.476583
23.24 -0.751666 0.476585
23.25 -0.7518 0.476587
23.26 -0.751933 0.476589
23.27 -0.752067 0.476591
23.28 -0.7522 0.476593
23.29 -0.752334 0.476595
23.3 -0.752467 0.476597
23.31 -0.7526 0.476599
23.32 -0.752733 0.476601
23.33 -0.752867 0.476603
23.34 -0.753 0.476605
23.35 -0.753133 0.476607
23.36 -0.753266 0.476609
23.37 -0.753399 0.476611
23.38 -0.753531 0.476613
23.39 -0.753664 0.476615
23.4 -0.753797 0.476617
23.41 -0.75393 0.476619
23.42 -0.754062 0.476621
23.43 -0.754195 0.476623
23.44 -0.754327 0.476625
23.45 -0.75446 0.476627
23.46 -0.754592 0.476629
23.47 -0.754725 0.476631
23.48 -0.754857 0.476633
23.49 -0.754989 0.476635
23.5 -0.755121 0.476637
23.51 -0.755253 0.476639
23.52 -0.755385 0.476641
23.53 -0.755517 0.476643
23.54 -0.755649 0.476645
23.55 -0.755781 0.476647
23.56 -0.755913 0.476649
23.57 -0.756045 0.476651
23.58 -0.756177 0.476652
23.59 -0.756308 0.476654
23.6 -0.75644 0.476656
23.61 -0.756571 0.476658
23.62 -0.756703 0.47666
23.63 -0.756834 0.476662
23.64 -0.756966 0.476664
23.65 -0.757097 0.476666
23.66 -0.757227 0.476668
23.67 -0.757359 0.47667
23.68 -0.75749 0.476672
23.69 -0.757621 0.476673
23.7 -0.757752 0.476675
23.71 -0.757883 0.476677
23.72 -0.758014 0.476679
23.73 -0.758145 0.476681
23.74 -0.758276 0.476683
23.75 -0.758407 0.476685
23.76 -0.758537 0.476687
23.77 -0.758668 0.476688
23.78 -0.758798 0.47669
23.79 -0.758929 0.476692
23.8 -0.759059 0.476694
23.81 -0.75919 0.476696
23.82 -0.75932 0.476698
23.83 -0.75945 0.4767
23.84 -0.75958 0.476701
23.85 -0.759711 0.476703
23.86 -0.759841 0.476705
23.87 -0.759971 0.476707
23.88 -0.760101 0.476709
23.89 -0.760231 0.476711
23.9 -0.760361 0.476713
23.91 -0.76049 0.476714
23.92 -0.76062 0.476716
23.93 -0.76075 0.476718
23.94 -0.760879 0.47672
23.95 -0.761009 0.476722
23.96 -0.761139 0.476724
23.97 -0.761268 0.476725
23.98 -0.761397 0.476727
23.99 -0.761527 0.476729
24 -0.761656 0.476731
24.01 -0.761785 0.476733
24.02 -0.761915 0.476735
24.03 -0.762044 0.476737
24.04 -0.762173 0.476738
24.05 -0.762302 0.47674
24.06 -0.762431 0.476742
24.07 -0.76256 0.476744
24.08 -0.762689 0.476746
24.09 -0.762817 0.476747
24.1 -0.762946 0.476749
24.11 -0.763075 0.476751
24.12 -0.763203 0.476753
24.13 -0.763332 0.476755
24.14 -0.763461 0.476757
24.15 -0.763589 0.476758
24.16 -0.763717 0.47676
24.17 -0.763846 0.476762
24.18 -0.763974 0.476764
24.19 -0.764102 0.476766
24.2 -0.764231 0.476767
24.21 -0.764359 0.476769
24.22 -0.764487 0.476771
24.23 -0.764615 0.476773
24.24 -0.764743 0.476775
24.25 -0.764871 0.476777
24.26 -0.764999 0.476778
24.27 -0.765127 0.47678
24.28 -0.765254 0.476782
24.29 -0.765382 0.476784
24.3 -0.76551 0.476786
24.31 -0.765637 0.476787
24.32 -0.765765 0.476789
24.33 -0.765893 0.476791
24.34 -0.76602 0.476793
24.35 -0.766147 0.476794
24.36 -0.766275 0.476796
24.37 -0.766402 0.476798
24.38 -0.766529 0.4768
24.39 -0.766657 0.476802
24.4 -0.766784 0.476803
24.41 -0.766911 0.476805
24.42 -0.767038 0.476807
24.43 -0.767165 0.476809
24.44 -0.767292 0.47681
24.45 -0.767419 0.476812
24.46 -0.767545 0.476814
24.47 -0.767672 0.476816
24.48 -0.767799 0.476817
24.49 -0.767926 0.476819
24.5 -0.768052 0.476821
24.51 -0.768179 0.476823
24.52 -0.768305 0.476825
24.53 -0.768432 0.476826
24.54 -0.768558 0.476828
24.55 -0.768685 0.47683
24.56 -0.768811 0.476831
24.57 -0.768937 0.476833
24.58 -0.769063 0.476835
24.59 -0.76919 0.476837
24.6 -0.769316 0.476838
24.61 -0.769442 0.47684
24.62 -0.769568 0.476842
24.63 -0.769694 0.476844
24.64 -0.76982 0.476845
24.65 -0.769945 0.476847
24.66 -0.770071 0.476849
24.67 -0.770197 0.47685
24.68 -0.770323 0.476852
24.69 -0.770448 0.476854
24.7 -0.770574 0.476856
24.71 -0.770699 0.476857
24.72 -0.770825 0.476859
24.73 -0.77095 0.476861
24.74 -0.771076 0.476862
24.75 -0.771201 0.476864
24.76 -0.771326 0.476866
24.77 -0.771451 0.476868
24.78 -0.771576 0.476869
24.79 -0.771702 0.476871
24.8 -0.771827 0.476873
24.81 -0.771952 0.476874
24.82 -0.772077 0.476876
24.83 -0.772202 0.476878
24.84 -0.772326 0.476879
24.85 -0.772451 0.476881
24.86 -0.772576 0.476883
24.87 -0.772701 0.476884
24.88 -0.772825 0.476886
24.89 -0.77295 0.476888
24.9 -0.773074 0.476889
24.91 -0.773199 0.476891
24.92 -0.773323 0.476893
24.93 -0.773448 0.476894
24.94 -0.773572 0.476896
24.95 -0.773696 0.476898
24.96 -0.773821 0.476899
24.97 -0.773945 0.476901
24.98 -0.774069 0.476903
24.99 -0.774193 0.476904
25 -0.774317 0.476906
25.01 -0.774441 0.476908
25.02 -0.774565 0.476909
25.03 -0.774689 0.476911
25.04 -0.774813 0.476913
25.05 -0.774937 0.476914
25.06 -0.77506 0.476916
25.07 -0.775184 0.476918
25.08 -0.775308 0.476919
25.09 -0.775431 0.476921
25.1 -0.775555 0.476922
25.11 -0.775678 0.476924
25.12 -0.775802 0.476926
25.13 -0.775925 0.476927
25.14 -0.776048 0.476929
25.15 -0.776172 0.476931
25.16 -0.776295 0.476932
25.17 -0.776418 0.476934
25.18 -0.776541 0.476935
25.19 -0.776664 0.476937
25.2 -0.776787 0.476939
25.21 -0.77691 0.47694
25.22 -0.777033 0.476942
25.23 -0.777156 0.476943
25.24 -0.777279 0.476945
25.25 -0.777402 0.476947
25.26 -0.777524 0.476948
25.27 -0.777647 0.47695
25.28 -0.77777 0.476951
25.29 -0.777892 0.476953
25.3 -0.778015 0.476955
25.31 -0.778137 0.476956
25.32 -0.77826 0.476958
25.33 -0.778382 0.476959
25.34 -0.778505 0.476961
25.35 -0.778627 0.476963
25.36 -0.778749 0.476964
25.37 -0.778871 0.476966
25.38 -0.778993 0.476967
25.39 -0.779115 0.476969
25.4 -0.779238 0.47697
25.41 -0.77936 0.476972
25.42 -0.779481 0.476974
25.43 -0.779603 0.476975
25.44 -0.779725 0.476977
25.45 -0.779847 0.476978
25.46 -0.779968 0.47698
25.47 -0.78009 0.476981
25.48 -0.780212 0.476983
25.49 -0.780334 0.476984
25.5 -0.780455 0.476986
25.51 -0.780577 0.476988
25.52 -0.780698 0.476989
25.53 -0.78082 0.476991
25.54 -0.780941 0.476992
25.55 -0.781062 0.476994
25.56 -0.781184 0.476995
25.57 -0.781305 0.476997
25.58 -0.781426 0.476998
25.59 -0.781547 0.477
25.6 -0.781668 0.477001
25.61 -0.781789 0.477003
25.62 -0.78191 0.477004
25.63 -0.782031 0.477006
25.64 -0.782152 0.477007
25.65 -0.782273 0.477009
25.66 -0.782393 0.47701
25.67 -0.782514 0.477012
25.68 -0.782635 0.477013
25.69 -0.782755 0.477015
25.7 -0.782876 0.477016
25.71 -0.782997 0.477018
25.72 -0.783117 0.477019
25.73 -0.783237 0.477021
25.74 -0.783358 0.477022
25.75 -0.783478 0.477024
25.76 -0.783598 0.477025
25.77 -0.783719 0.477027
25.78 -0.783839 0.477028
25.79 -0.783959 0.47703
25.8 -0.784079 0.477031
25.81 -0.784199 0.477033
25.82 -0.784319 0.477034
25.83 -0.784439 0.477036
25.84 -0.784559 0.477037
25.85 -0.784679 0.477039
25.86 -0.784799 0.47704
25.87 -0.784918 0.477042
25.88 -0.785038 0.477043
25.89 -0.785158 0.477045
25.9 -0.785277 0.477046
25.91 -0.785397 0.477048
25.92 -0.785516 0.477049
25.93 -0.785636 0.477051
25.94 -0.785755 0.477052
25.95 -0.785875 0.477054
25.96 -0.785994 0.477055
25.97 -0.786113 0.477057
25.98 -0.786233 0.477058
25.99 -0.786352 0.47706
26 -0.786471 0.477061
26.01 -0.78659 0.477062
26.02 -0.786709 0.477064
26.03 -0.786828 0.477065
26.04 -0.786947 0.477067
26.05 -0.787066 0.477068
26.06 -0.787185 0.47707
26.07 -0.787304 0.477071
26.08 -0.787422 0.477073
26.09 -0.787541 0.477074
26.1 -0.78766 0.477076
26.11 -0.787778 0.477077
26.12 -0.787897 0.477079
26.13 -0.788015 0.47708
26.14 -0.788134 0.477081
26.15 -0.788252 0.477083
26.16 -0.788371 0.477084
26.17 -0.788489 0.477086
26.18 -0.788607 0.477087
26.19 -0.788726 0.477089
26.2 -0.788844 0.47709
26.21 -0.788962 0.477092
26.22 -0.78908 0.477093
26.23 -0.789198 0.477095
26.24 -0.789316 0.477096
26.25 -0.789434 0.477097
26.26 -0.789552 0.477099
26.27 -0.78967 0.4771
26.28 -0.789788 0.477102
26.29 -0.789906 0.477103
26.3 -0.790023 0.477105
26.31 -0.790141 0.477106
26.32 -0.790259 0.477107
26.33 -0.790376 0.477109
26.34 -0.790494 0.47711
26.35 -0.790612 0.477112
26.36 -0.790729 0.477113
26.37 -0.790846 0.477115
26.38 -0.790964 0.477116
26.39 -0.791081 0.477117
26.4 -0.791199 0.477119
26.41 -0.791316 0.47712
26.42 -0.791433 0.477122
26.43 -0.79155 0.477123
26.44 -0.791667 0.477125
26.45 -0.791784 0.477126
26.46 -0.791901 0.477127
26.47 -0.792018 0.477129
26.48 -0.792135 0.47713
26.49 -0.792252 0.477132
26.5 -0.792369 0.477133
26.51 -0.792486 0.477134
26.52 -0.792603 0.477136
26.53 -0.792719 0.477137
26.54 -0.792836 0.477139
26.55 -0.792953 0.47714
26.56 -0.793069 0.477141
26.57 -0.793186 0.477143
26.58 -0.793302 0.477144
26.59 -0.793419 0.477146
26.6 -0.793535 0.477147
26.61 -0.793652 0.477148
26.62 -0.793768 0.47715
26.63 -0.793884 0.477151
26.64 -0.794 0.477152
26.65 -0.794117 0.477154
26.66 -0.794233 0.477155
26.67 -0.794349 0.477157
26.68 -0.794465 0.477158
26.69 -0.794581 0.477159
26.7 -0.794697 0.477161
26.71 -0.794813 0.477162
26.72 -0.794929 0.477163
26.73 -0.795044 0.477165
26.74 -0.79516 0.477166
26.75 -0.795276 0.477167
26.76 -0.795392 0.477169
26.77 -0.795507 0.47717
26.78 -0.795623 0.477172
26.79 -0.795738 0.477173
26.8 -0.795854 0.477174
26.81 -0.795969 0.477176
26.82 -0.796085 0.477177
26.83 -0.7962 0.477178
26.84 -0.796316 0.47718
26.85 -0.796431 0.477181
26.86 -0.796546 0.477182
26.87 -0.796661 0.477184
26.88 -0.796776 0.477185
26.89 -0.796892 0.477186
26.9 -0.797007 0.477188
26.91 -0.797122 0.477189
26.92 -0.797237 0.47719
26.93 -0.797352 0.477192
26.94 -0.797466 0.477193
26.95 -0.797581 0.477194
26.96 -0.797696 0.477196
26.97 -0.797811 0.477197
26.98 -0.797926 0.477198
26.99 -0.79804 0.4772
27 -0.798155 0.477201
27.01 -0.79827 0.477202
27.02 -0.798384 0.477204
27.03 -0.798499 0.477205
27.04 -0.798613 0.477206
27.05 -0.798727 0.477208
27.06 -0.798842 0.477209
27.07 -0.798956 0.47721
27.08 -0.79907 0.477212
27.09 -0.799185 0.477213
27.1 -0.799299 0.477214
27.11 -0.799413 0.477216
27.12 -0.799527 0.477217
27.13 -0.799641 0.477218
27.14 -0.799755 0.477219
27.15 -0.799869 0.477221
27.16 -0.799983 0.477222
27.17 -0.800097 0.477223
27.18 -0.800211 0.477225
27.19 -0.800325 0.477226
27.2 -0.800439 0.477227
27.21 -0.800552 0.477229
27.22 -0.800666 0.47723
27.23 -0.80078 0.477231
27.24 -0.800893 0.477233
27.25 -0.801007 0.477234
27.26 -0.80112 0.477235
27.27 -0.801234 0.477236
27.28 -0.801347 0.477238
27.29 -0.801461 0.477239
27.3 -0.801574 0.47724
27.31 -0.801687 0.477242
27.32 -0.8018 0.477243
27.33 -0.801914 0.477244
27.34 -0.802027 0.477245
27.35 -0.80214 0.477247
27.36 -0.802253 0.477248
27.37 -0.802366 0.477249
27.38 -0.802479 0.477251
27.39 -0.802592 0.477252
27.4 -0.802705 0.477253
27.41 -0.802818 0.477254
27.42 -0.802931 0.477256
27.43 -0.803044 0.477257
27.44 -0.803156 0.477258
27.45 -0.803269 0.47726
27.46 -0.803382 0.477261
27.47 -0.803494 0.477262
27.48 -0.803607 0.477263
27.49 -0.80372 0.477265
27.5 -0.803832 0.477266
27.51 -0.803945 0.477267
27.52 -0.804057 0.477269
27.53 -0.804169 0.47727
27.54 -0.804282 0.477271
27.55 -0.804394 0.477272
27.56 -0.804506 0.477274
27.57 -0.804618 0.477275
27.58 -0.804731 0.477276
27.59 -0.804843 0.477277
27.6 -0.804955 0.477279
27.61 -0.805067 0.47728
27.62 -0.805179 0.477281
27.63 -0.805291 0.477282
27.64 -0.805403 0.477284
27.65 -0.805515 0.477285
27.66 -0.805627 0.477286
27.67 -0.805738 0.477287
27.68 -0.80585 0.477289
27.69 -0.805962 0.47729
27.7 -0.806074 0.477291
27.71 -0.806185 0.477293
27.72 -0.806297 0.477294
27.73 -0.806408 0.477295
27.74 -0.80652 0.477296
27.75 -0.806632 0.477297
27.76 -0.806743 0.477299
27.77 -0.806854 0.4773
27.78 -0.806966 0.477301
27.79 -0.807077 0.477302
27.8 -0.807188 0.477304
27.81 -0.8073 0.477305
27.82 -0.807411 0.477306
27.83 -0.807522 0.477307
27.84 -0.807633 0.477309
27.85 -0.807744 0.47731
27.86 -0.807855 0.477311
27.87 -0.807966 0.477312
27.88 -0.808077 0.477313
27.89 -0.808188 0.477315
27.9 -0.808299 0.477316
27.91 -0.80841 0.477317
27.92 -0.808521 0.477318
27.93 -0.808631 0.47732
27.94 -0.808742 0.477321
27.95 -0.808853 0.477322
27.96 -0.808963 0.477323
27.97 -0.809074 0.477324
27.98 -0.809185 0.477326
27.99 -0.809295 0.477327
28 -0.809406 0.477328
28.01 -0.809516 0.477329
28.02 -0.809626 0.47733
28.03 -0.809737 0.477332
28.04 -0.809847 0.477333
28.05 -0.809957 0.477334
28.06 -0.810068 0.477335
28.07 -0.810178 0.477336
28.08 -0.810288 0.477338
28.09 -0.810398 0.477339
28.1 -0.810508 0.47734
28.11 -0.810618 0.477341
28.12 -0.810728 0.477342
28.13 -0.810838 0.477343
28.14 -0.810948 0.477345
28.15 -0.811058 0.477346
28.16 -0.811168 0.477347
28.17 -0.811278 0.477348
28.18 -0.811387 0.477349
28.19 -0.811497 0.47735
28.2 -0.811607 0.477352
28.21 -0.811716 0.477353
28.22 -0.811826 0.477354
28.23 -0.811935 0.477355
28.24 -0.812045 0.477356
28.25 -0.812154 0.477357
28.26 -0.812264 0.477359
28.27 -0.812373 0.47736
28.28 -0.812483 0.477361
28.29 -0.812592 0.477362
28.3 -0.812701 0.477363
28.31 -0.81281 0.477364
28.32 -0.81292 0.477365
28.33 -0.813029 0.477367
28.34 -0.813138 0.477368
28.35 -0.813247 0.477369
28.36 -0.813356 0.47737
28.37 -0.813465 0.477371
28.38 -0.813574 0.477372
28.39 -0.813683 0.477373
28.4 -0.813792 0.477375
28.41 -0.813901 0.477376
28.42 -0.814009 0.477377
28.43 -0.814118 0.477378
28.44 -0.814227 0.477379
28.45 -0.814335 0.47738
28.46 -0.814444 0.477381
28.47 -0.814553 0.477383
28.48 -0.814661 0.477384
28.49 -0.81477 0.477385
28.5 -0.814878 0.477386
28.51 -0.814987 0.477387
28.52 -0.815095 0.477388
28.53 -0.815203 0.477389
28.54 -0.815312 0.477391
28.55 -0.81542 0.477392
28.56 -0.815528 0.477393
28.57 -0.815636 0.477394
28.58 -0.815745 0.477395
28.59 -0.815853 0.477396
28.6 -0.815961 0.477397
28.61 -0.816069 0.477398
28.62 -0.816177 0.4774
28.63 -0.816285 0.477401
28.64 -0.816393 0.477402
28.65 -0.816501 0.477403
28.66 -0.816608 0.477404
28.67 -0.816716 0.477405
28.68 -0.816824 0.477406
28.69 -0.816932 0.477408
28.7 -0.81704 0.477409
28.71 -0.817147 0.47741
28.72 -0.817255 0.477411
28.73 -0.817363 0.477412
28.74 -0.81747 0.477413
28.75 -0.817578 0.477414
28.76 -0.817685 0.477415
28.77 -0.817793 0.477417
28.78 -0.8179 0.477418
28.79 -0.818007 0.477419
28.8 -0.818115 0.47742
28.81 -0.818222 0.477421
28.82 -0.818329 0.477422
28.83 -0.818436 0.477423
28.84 -0.818544 0.477424
28.85 -0.818651 0.477425
28.86 -0.818758 0.477427
28.87 -0.818865 0.477428
28.88 -0.818972 0.477429
28.89 -0.819079 0.47743
28.9 -0.819186 0.477431
28.91 -0.819293 0.477432
28.92 -0.8194 0.477433
28.93 -0.819507 0.477434
28.94 -0.819613 0.477435
28.95 -0.81972 0.477437
28.96 -0.819827 0.477438
28.97 -0.819934 0.477439
28.98 -0.82004 0.47744
28.99 -0.820147 0.477441
29 -0.820253 0.477442
29.01 -0.82036 0.477443
29.02 -0.820466 0.477444
29.03 -0.820573 0.477445
29.04 -0.820679 0.477446
29.05 -0.820786 0.477447
29.06 -0.820892 0.477449
29.07 -0.820998 0.47745
29.08 -0.821105 0.477451
29.09 -0.821211 0.477452
29.1 -0.821317 0.477453
29.11 -0.821423 0.477454
29.12 -0.82153 0.477455
29.13 -0.821636 0.477456
29.14 -0.821742 0.477457
29.15 -0.821848 0.477458
29.16 -0.821954 0.477459
29.17 -0.82206 0.47746
29.18 -0.822166 0.477461
29.19 -0.822271 0.477462
29.2 -0.822377 0.477464
29.21 -0.822483 0.477465
29.22 -0.822589 0.477466
29.23 -0.822695 0.477467
29.24 -0.8228 0.477468
29.25 -0.822906 0.477469
29.26 -0.823012 0.47747
29.27 -0.823117 0.477471
29.28 -0.823223 0.477472
29.29 -0.823328 0.477473
29.3 -0.823434 0.477474
29.31 -0.823539 0.477475
29.32 -0.823644 0.477476
29.33 -0.82375 0.477477
29.34 -0.823855 0.477478
29.35 -0.82396 0.477479
29.36 -0.824066 0.47748
29.37 -0.824171 0.477481
29.38 -0.824276 0.477483
29.39 -0.824381 0.477484
29.4 -0.824486 0.477485
29.41 -0.824591 0.477486
29.42 -0.824696 0.477487
29.43 -0.824801 0.477488
29.44 -0.824906 0.477489
29.45 -0.825011 0.47749
29.46 -0.825116 0.477491
29.47 -0.825221 0.477492
29.48 -0.825326 0.477493
29.49 -0.82543 0.477494
29.5 -0.825535 0.477495
29.51 -0.82564 0.477496
29.52 -0.825745 0.477497
29.53 -0.825849 0.477498
29.54 -0.825954 0.477499
29.55 -0.826058 0.4775
29.56 -0.826163 0.477501
29.57 -0.826267 0.477502
29.58 -0.826372 0.477503
29.59 -0.826476 0.477504
29.6 -0.826581 0.477505
29.61 -0.826685 0.477506
29.62 -0.826789 0.477507
29.63 -0.826893 0.477508
29.64 -0.826998 0.477509
29.65 -0.827102 0.47751
29.66 -0.827206 0.477511
29.67 -0.82731 0.477513
29.68 -0.827414 0.477514
29.69 -0.827518 0.477515
29.7 -0.827622 0.477516
29.71 -0.827726 0.477517
29.72 -0.82783 0.477518
29.73 -0.827934 0.477519
29.74 -0.828038 0.47752
29.75 -0.828142 0.477521
29.76 -0.828246 0.477522
29.77 -0.828349 0.477523
29.78 -0.828453 0.477524
29.79 -0.828557 0.477525
29.8 -0.82866 0.477526
29.81 -0.828764 0.477527
29.82 -0.828868 0.477528
29.83 -0.828971 0.477529
29.84 -0.829075 0.47753
29.85 -0.829178 0.477531
29.86 -0.829282 0.477532
29.87 -0.829385 0.477533
29.88 -0.829488 0.477534
29.89 -0.829592 0.477535
29.9 -0.829695 0.477536
29.91 -0.829798 0.477537
29.92 -0.829902 0.477538
29.93 -0.830005 0.477539
29.94 -0.830108 0.47754
29.95 -0.830211 0.477541
29.96 -0.830314 0.477542
29.97 -0.830417 0.477543
29.98 -0.83052 0.477544
29.99 -0.830623 0.477545
30 -0.830726 0.477546
30.01 -0.830829 0.477547
30.02 -0.830932 0.477548
30.03 -0.831035 0.477549
30.04 -0.831138 0.47755
30.05 -0.83124 0.477551
30.06 -0.831343 0.477552
30.07 -0.831446 0.477553
30.08 -0.831549 0.477554
30.09 -0.831651 0.477555
30.1 -0.831754 0.477556
30.11 -0.831856 0.477557
30.12 -0.831959 0.477558
30.13 -0.832062 0.477559
30.14 -0.832164 0.47756
30.15 -0.832266 0.477561
30.16 -0.832369 0.477562
30.17 -0.832471 0.477563
30.18 -0.832574 0.477564
30.19 -0.832676 0.477565
30.2 -0.832778 0.477566
30.21 -0.83288 0.477567
30.22 -0.832983 0.477568
30.23 -0.833085 0.477569
30.24 -0.833187 0.47757
30.25 -0.833289 0.477571
30.26 -0.833391 0.477572
30.27 -0.833493 0.477573
30.28 -0.833595 0.477574
30.29 -0.833697 0.477575
30.3 -0.833799 0.477576
30.31 -0.833901 0.477577
30.32 -0.834003 0.477578
30.33 -0.834105 0.477579
30.34 -0.834206 0.47758
30.35 -0.834308 0.477581
30.36 -0.83441 0.477582
30.37 -0.834512 0.477583
30.38 -0.834613 0.477583
30.39 -0.834715 0.477584
30.4 -0.834816 0.477585
30.41 -0.834918 0.477586
30.42 -0.83502 0.477587
30.43 -0.835121 0.477588
30.44 -0.835222 0.477589
30.45 -0.835324 0.47759
30.46 -0.835425 0.477591
30.47 -0.835527 0.477592
30.48 -0.835628 0.477593
30.49 -0.835729 0.477594
30.5 -0.835831 0.477595
30.51 -0.835932 0.477596
30.52 -0.836033 0.477597
30.53 -0.836134 0.477598
30.54 -0.836235 0.477599
30.55 -0.836336 0.4776
30.56 -0.836437 0.477601
30.57 -0.836538 0.477602
30.58 -0.836639 0.477603
30.59 -0.83674 0.477604
30.6 -0.836841 0.477604
30.61 -0.836942 0.477605
30.62 -0.837043 0.477606
30.63 -0.837144 0.477607
30.64 -0.837245 0.477608
30.65 -0.837345 0.477609
30.66 -0.837446 0.47761
30.67 -0.837547 0.477611
30.68 -0.837647 0.477612
30.69 -0.837748 0.477613
30.7 -0.837849 0.477614
30.71 -0.837949 0.477615
30.72 -0.83805 0.477616
30.73 -0.83815 0.477617
30.74 -0.838251 0.477617
30.75 -0.838351 0.477618
30.76 -0.838451 0.477619
30.77 -0.838552 0.47762
30.78 -0.838652 0.477621
30.79 -0.838752 0.477622
30.8 -0.838853 0.477623
30.81 -0.838953 0.477624
30.82 -0.839053 0.477625
30.83 -0.839153 0.477626
30.84 -0.839253 0.477627
30.85 -0.839353 0.477627
30.86 -0.839453 0.477628
30.87 -0.839553 0.477629
30.88 -0.839653 0.47763
30.89 -0.839753 0.477631
30.9 -0.839853 0.477632
30.91 -0.839953 0.477633
30.92 -0.840053 0.477634
30.93 -0.840153 0.477635
30.94 -0.840253 0.477636
30.95 -0.840352 0.477637
30.96 -0.840452 0.477637
30.97 -0.840552 0.477638
30.98 -0.840651 0.477639
30.99 -0.840751 0.47764
31 -0.840851 0.477641
31.01 -0.84095 0.477642
31.02 -0.84105 0.477643
31.03 -0.841149 0.477644
31.04 -0.841249 0.477645
31.05 -0.841348 0.477645
31.06 -0.841447 0.477646
31.07 -0.841547 0.477647
31.08 -0.841646 0.477648
31.09 -0.841745 0.477649
31.1 -0.841845 0.47765
31.11 -0.841944 0.477651
31.12 -0.842043 0.477652
31.13 -0.842142 0.477653
31.14 -0.842241 0.477653
31.15 -0.84234 0.477654
31.16 -0.842439 0.477655
31.17 -0.842538 0.477656
31.18 -0.842637 0.477657
31.19 -0.842736 0.477658
31.2 -0.842835 0.477659
31.21 -0.842934 0.47766
31.22 -0.843033 0.47766
31.23 -0.843132 0.477661
31.24 -0.843231 0.477662
31.25 -0.843329 0.477663
31.26 -0.843428 0.477664
31.27 -0.843527 0.477665
31.28 -0.843626 0.477666
31.29 -0.843724 0.477667
31.3 -0.843823 0.477668
31.31 -0.843921 0.477668
31.32 -0.84402 0.477669
31.33 -0.844118 0.47767
31.34 -0.844217 0.477671
31.35 -0.844315 0.477672
31.36 -0.844414 0.477673
31.37 -0.844512 0.477674
31.38 -0.84461 0.477675
31.39 -0.844709 0.477675
31.4 -0.844807 0.477676
31.41 -0.844905 0.477677
31.42 -0.845003 0.477678
31.43 -0.845102 0.477679
31.44 -0.8452 0.47768
31.45 -0.845298 0.477681
31.46 -0.845396 0.477682
31.47 -0.845494 0.477682
31.48 -0.845592 0.477683
31.49 -0.84569 0.477684
31.5 -0.845788 0.477685
31.51 -0.845886 0.477686
31.52 -0.845984 0.477687
31.53 -0.846082 0.477688
31.54 -0.84618 0.477688
31.55 -0.846277 0.477689
31.56 -0.846375 0.47769
31.57 -0.846473 0.477691
31.58 -0.846571 0.477692
31.59 -0.846668 0.477693
31.6 -0.846766 0.477694
31.61 -0.846863 0.477695
31.62 -0.846961 0.477695
31.63 -0.847059 0.477696
31.64 -0.847156 0.477697
31.65 -0.847254 0.477698
31.66 -0.847351 0.477699
31.67 -0.847449 0.4777
31.68 -0.847546 0.477701
31.69 -0.847643 0.477702
31.7 -0.847742 0.477702
31.71 -0.847838 0.477703
31.72 -0.847935 0.477704
31.73 -0.848033 0.477705
31.74 -0.84813 0.477706
31.75 -0.848227 0.477707
31.76 -0.848324 0.477708
31.77 -0.848421 0.477709
31.78 -0.848518 0.477709
31.79 -0.848615 0.47771
31.8 -0.848712 0.477711
31.81 -0.848809 0.477712
31.82 -0.848906 0.477713
31.83 -0.849003 0.477714
31.84 -0.8491 0.477715
31.85 -0.849197 0.477715
31.86 -0.849294 0.477716
31.87 -0.849391 0.477717
31.88 -0.849488 0.477718
31.89 -0.849584 0.477719
31.9 -0.849681 0.47772
31.91 -0.849778 0.47772
31.92 -0.849875 0.477721
31.93 -0.849971 0.477722
31.94 -0.850068 0.477723
31.95 -0.850164 0.477724
31.96 -0.850261 0.477725
31.97 -0.850358 0.477726
31.98 -0.850454 0.477726
31.99 -0.850551 0.477727
32 -0.850647 0.477728
32.01 -0.850743 0.477729
32.02 -0.85084 0.47773
32.03 -0.850936 0.47773
32.04 -0.851032 0.477731
32.05 -0.851129 0.477732
32.06 -0.851225 0.477733
32.07 -0.851321 0.477734
32.08 -0.851417 0.477735
32.09 -0.851513 0.477735
32.1 -0.85161 0.477736
32.11 -0.851706 0.477737
32.12 -0.851802 0.477738
32.13 -0.851898 0.477739
32.14 -0.851994 0.477739
32.15 -0.85209 0.47774
32.16 -0.852186 0.477741
32.17 -0.852282 0.477742
32.18 -0.852378 0.477743
32.19 -0.852473 0.477743
32.2 -0.852569 0.477744
32.21 -0.852665 0.477745
32.22 -0.852761 0.477746
32.23 -0.852856 0.477747
32.24 -0.852952 0.477747
32.25 -0.853048 0.477748
32.26 -0.853143 0.477749
32.27 -0.853239 0.47775
32.28 -0.853335 0.477751
32.29 -0.85343 0.477751
32.3 -0.853526 0.477752
32.31 -0.853621 0.477753
32.32 -0.853717 0.477754
32.33 -0.853812 0.477755
32.34 -0.853907 0.477755
32.35 -0.854003 0.477756
32.36 -0.854098 0.477757
32.37 -0.854193 0.477758
32.38 -0.854289 0.477759
32.39 -0.854384 0.477759
32.4 -0.854479 0.47776
32.41 -0.854574 0.477761
32.42 -0.854669 0.477762
32.43 -0.854764 0.477762
32.44 -0.85486 0.477763
32.45 -0.854955 0.477764
32.46 -0.85505 0.477765
32.47 -0.855145 0.477766
32.48 -0.85524 0.477766
32.49 -0.855334 0.477767
32.5 -0.855429 0.477768
32.51 -0.855524 0.477769
32.52 -0.855619 0.47777
32.53 -0.855714 0.47777
32.54 -0.855809 0.477771
32.55 -0.855903 0.477772
32.56 -0.855998 0.477773
32.57 -0.856093 0.477774
32.58 -0.856187 0.477774
32.59 -0.856282 0.477775
32.6 -0.856377 0.477776
32.61 -0.856471 0.477777
32.62 -0.856566 0.477777
32.63 -0.85666 0.477778
32.64 -0.856755 0.477779
32.65 -0.856849 0.47778
32.66 -0.856944 0.477781
32.67 -0.857038 0.477781
32.68 -0.857133 0.477782
32.69 -0.857227 0.477783
32.7 -0.857321 0.477784
32.71 -0.857415 0.477785
32.72 -0.85751 0.477785
32.73 -0.857604 0.477786
32.74 -0.857698 0.477787
32.75 -0.857792 0.477788
32.76 -0.857886 0.477788
32.77 -0.857981 0.477789
32.78 -0.858075 0.47779
32.79 -0.858169 0.477791
32.8 -0.858263 0.477792
32.81 -0.858357 0.477792
32.82 -0.858451 0.477793
32.83 -0.858545 0.477794
32.84 -0.858639 0.477795
32.85 -0.858732 0.477795
32.86 -0.858826 0.477796
32.87 -0.85892 0.477797
32.88 -0.859014 0.477798
32.89 -0.859108 0.477799
32.9 -0.859201 0.477799
32.91 -0.859295 0.4778
32.92 -0.859389 0.477801
32.93 -0.859482 0.477802
32.94 -0.859576 0.477802
32.95 -0.85967 0.477803
32.96 -0.859763 0.477804
32.97 -0.859857 0.477805
32.98 -0.85995 0.477805
32.99 -0.860044 0.477806
33 -0.860137 0.477807
33.01 -0.860231 0.477808
33.02 -0.860324 0.477809
33.03 -0.860417 0.477809
33.04 -0.860511 0.47781
33.05 -0.860604 0.477811
33.06 -0.860697 0.477812
33.07 -0.860791 0.477812
33.08 -0.860884 0.477813
33.09 -0.860977 0.477814
33.1 -0.86107 0.477815
33.11 -0.861163 0.477815
33.12 -0.861256 0.477816
33.13 -0.861349 0.477817
33.14 -0.861442 0.477818
33.15 -0.861536 0.477818
33.16 -0.861629 0.477819
33.17 -0.861721 0.47782
33.18 -0.861814 0.477821
33.19 -0.861907 0.477821
33.2 -0.862 0.477822
33.21 -0.862093 0.477823
33.22 -0.862186 0.477824
33.23 -0.862279 0.477824
33.24 -0.862371 0.477825
33.25 -0.862464 0.477826
33.26 -0.862557 0.477826
33.27 -0.86265 0.477827
33.28 -0.862742 0.477828
33.29 -0.862835 0.477829
33.3 -0.862927 0.477829
33.31 -0.86302 0.47783
33.32 -0.863112 0.477831
33.33 -0.863205 0.477832
33.34 -0.863297 0.477832
33.35 -0.86339 0.477833
33.36 -0.863482 0.477834
33.37 -0.863575 0.477835
33.38 -0.863667 0.477835
33.39 -0.863759 0.477836
33.4 -0.863852 0.477837
33.41 -0.863944 0.477837
33.42 -0.864036 0.477838
33.43 -0.864128 0.477839
33.44 -0.864221 0.47784
33.45 -0.864313 0.47784
33.46 -0.864405 0.477841
33.47 -0.864497 0.477842
33.48 -0.864589 0.477843
33.49 -0.864681 0.477843
33.5 -0.864773 0.477844
33.51 -0.864865 0.477845
33.52 -0.864957 0.477845
33.53 -0.865049 0.477846
33.54 -0.865141 0.477847
33.55 -0.865233 0.477848
33.56 -0.865325 0.477848
33.57 -0.865417 0.477849
33.58 -0.865508 0.47785
33.59 -0.8656 0.477851
33.6 -0.865692 0.477851
33.61 -0.865784 0.477852
33.62 -0.865875 0.477853
33.63 -0.865967 0.477853
33.64 -0.866059 0.477854
33.65 -0.86615 0.477855
33.66 -0.866242 0.477856
33.67 -0.866333 0.477856
33.68 -0.866425 0.477857
33.69 -0.866516 0.477858
33.7 -0.866608 0.477858
33.71 -0.866699 0.477859
33.72 -0.866791 0.47786
33.73 -0.866882 0.477861
33.74 -0.866973 0.477861
33.75 -0.867065 0.477862
33.76 -0.867156 0.477863
33.77 -0.867247 0.477863
33.78 -0.867339 0.477864
33.79 -0.86743 0.477865
33.8 -0.867521 0.477866
33.81 -0.867612 0.477866
33.82 -0.867703 0.477867
33.83 -0.867794 0.477868
33.84 -0.867885 0.477869
33.85 -0.867976 0.477869
33.86 -0.868067 0.47787
33.87 -0.868158 0.477871
33.88 -0.868249 0.477871
33.89 -0.86834 0.477872
33.9 -0.868431 0.477873
33.91 -0.868522 0.477874
33.92 -0.868613 0.477874
33.93 -0.868704 0.477875
33.94 -0.868795 0.477876
33.95 -0.868885 0.477876
33.96 -0.868976 0.477877
33.97 -0.869067 0.477878
33.98 -0.869158 0.477879
33.99 -0.869248 0.477879
34 -0.869339 0.47788
34.01 -0.86943 0.477881
34.02 -0.86952 0.477881
34.03 -0.869611 0.477882
34.04 -0.869701 0.477883
34.05 -0.869792 0.477884
34.06 -0.869882 0.477884
34.07 -0.869973 0.477885
34.08 -0.870063 0.477886
34.09 -0.870154 0.477886
34.1 -0.870244 0.477887
34.11 -0.870334 0.477888
34.12 -0.870425 0.477889
34.13 -0.870515 0.477889
34.14 -0.870605 0.47789
34.15 -0.870696 0.477891
34.16 -0.870786 0.477891
34.17 -0.870876 0.477892
34.18 -0.870966 0.477893
34.19 -0.871056 0.477894
34.2 -0.871146 0.477894
34.21 -0.871237 0.477895
34.22 -0.871327 0.477896
34.23 -0.871417 0.477896
34.24 -0.871507 0.477897
34.25 -0.871597 0.477898
34.26 -0.871687 0.477899
34.27 -0.871777 0.477899
34.28 -0.871867 0.4779
34.29 -0.871956 0.477901
34.3 -0.872046 0.477901
34.31 -0.872136 0.477902
34.32 -0.872226 0.477903
34.33 -0.872316 0.477903
34.34 -0.872406 0.477904
34.35 -0.872495 0.477905
34.36 -0.872585 0.477905
34.37 -0.872675 0.477906
34.38 -0.872764 0.477907
34.39 -0.872854 0.477908
34.4 -0.872944 0.477908
34.41 -0.873033 0.477909
34.42 -0.873123 0.47791
34.43 -0.873212 0.47791
34.44 -0.873302 0.477911
34.45 -0.873391 0.477912
34.46 -0.873481 0.477912
34.47 -0.87357 0.477913
34.48 -0.87366 0.477914
34.49 -0.873749 0.477914
34.5 -0.873838 0.477915
34.51 -0.873928 0.477916
34.52 -0.874017 0.477916
34.53 -0.874106 0.477917
34.54 -0.874195 0.477918
34.55 -0.874285 0.477918
34.56 -0.874374 0.477919
34.57 -0.874463 0.47792
34.58 -0.874552 0.47792
34.59 -0.874641 0.477921
34.6 -0.87473 0.477922
34.61 -0.874819 0.477922
34.62 -0.874908 0.477923
34.63 -0.874997 0.477924
34.64 -0.875086 0.477924
34.65 -0.875175 0.477925
34.66 -0.875264 0.477925
34.67 -0.875353 0.477926
34.68 -0.875442 0.477927
34.69 -0.875531 0.477927
34.7 -0.87562 0.477928
34.71 -0.875708 0.477929
34.72 -0.875797 0.477929
34.73 -0.875886 0.47793
34.74 -0.875975 0.477931
34.75 -0.876063 0.477931
34.76 -0.876152 0.477932
34.77 -0.876241 0.477932
34.78 -0.876329 0.477933
34.79 -0.876418 0.477934
34.8 -0.876506 0.477934
34.81 -0.876595 0.477935
34.82 -0.876683 0.477936
34.83 -0.876772 0.477936
34.84 -0.87686 0.477937
34.85 -0.876948 0.477938
34.86 -0.877037 0.477938
34.87 -0.877125 0.477939
34.88 -0.877214 0.477939
34.89 -0.877302 0.47794
34.9 -0.87739 0.477941
34.91 -0.877478 0.477941
34.92 -0.877567 0.477942
34.93 -0.877655 0.477943
34.94 -0.877743 0.477943
34.95 -0.877831 0.477944
34.96 -0.877919 0.477944
34.97 -0.878007 0.477945
34.98 -0.878095 0.477946
34.99 -0.878183 0.477946
35 -0.878271 0.477947
35.01 -0.878359 0.477948
35.02 -0.878447 0.477948
35.03 -0.878535 0.477949
35.04 -0.878623 0.47795
35.05 -0.878711 0.47795
35.06 -0.878799 0.477951
35.07 -0.878887 0.477951
35.08 -0.878975 0.477952
35.09 -0.879062 0.477953
35.1 -0.87915 0.477953
35.11 -0.879238 0.477954
35.12 -0.879325 0.477955
35.13 -0.879413 0.477955
35.14 -0.879501 0.477956
35.15 -0.879588 0.477957
35.16 -0.879676 0.477957
35.17 -0.879764 0.477958
35.18 -0.879851 0.477958
35.19 -0.879939 0.477959
35.2 -0.880026 0.47796
35.21 -0.880114 0.47796
35.22 -0.880201 0.477961
35.23 -0.880289 0.477962
35.24 -0.880376 0.477962
35.25 -0.880463 0.477963
35.26 -0.880551 0.477964
35.27 -0.880638 0.477964
35.28 -0.880725 0.477965
35.29 -0.880813 0.477966
35.3 -0.8809 0.477966
35.31 -0.880987 0.477967
35.32 -0.881074 0.477967
35.33 -0.881161 0.477968
35.34 -0.881249 0.477969
35.35 -0.881336 0.477969
35.36 -0.881423 0.47797
35.37 -0.88151 0.477971
35.38 -0.881597 0.477971
35.39 -0.881684 0.477972
35.4 -0.881771 0.477973
35.41 -0.881858 0.477973
35.42 -0.881945 0.477974
35.43 -0.882032 0.477975
35.44 -0.882119 0.477975
35.45 -0.882206 0.477976
35.46 -0.882293 0.477976
35.47 -0.882379 0.477977
35.48 -0.882466 0.477978
35.49 -0.882553 0.477978
35.5 -0.88264 0.477979
35.51 -0.882727 0.47798
35.52 -0.882813 0.47798
35.53 -0.8829 0.477981
35.54 -0.882987 0.477982
35.55 -0.883073 0.477982
35.56 -0.88316 0.477983
35.57 -0.883246 0.477983
35.58 -0.883333 0.477984
35.59 -0.88342 0.477985
35.6 -0.883506 0.477985
35.61 -0.883593 0.477986
35.62 -0.883679 0.477987
35.63 -0.883766 0.477987
35.64 -0.883852 0.477988
35.65 -0.883938 0.477988
35.66 -0.884025 0.477989
35.67 -0.884111 0.47799
35.68 -0.884197 0.47799
35.69 -0.884284 0.477991
35.7 -0.88437 0.477992
35.71 -0.884456 0.477992
35.72 -0.884543 0.477993
35.73 -0.884629 0.477993
35.74 -0.884715 0.477994
35.75 -0.884801 0.477995
35.76 -0.884887 0.477995
35.77 -0.884973 0.477996
35.78 -0.885059 0.477997
35.79 -0.885145 0.477997
35.8 -0.885232 0.477998
35.81 -0.885318 0.477998
35.82 -0.885404 0.477999
35.83 -0.88549 0.478
35.84 -0.885575 0.478
35.85 -0.885661 0.478001
35.86 -0.885747 0.478002
35.87 -0.885833 0.478002
35.88 -0.885919 0.478003
35.89 -0.886005 0.478003
35.9 -0.886091 0.478004
35.91 -0.886176 0.478005
35.92 -0.886262 0.478005
35.93 -0.886348 0.478006
35.94 -0.886434 0.478006
35.95 -0.886519 0.478007
35.96 -0.886605 0.478008
35.97 -0.886691 0.478008
35.98 -0.886776 0.478009
35.99 -0.886862 0.478009
36 -0.886947 0.47801
36.01 -0.887033 0.478011
36.02 -0.887118 0.478011
36.03 -0.887204 0.478012
36.04 -0.887289 0.478012
36.05 -0.887375 0.478013
36.06 -0.88746 0.478014
36.07 -0.887546 0.478014
36.08 -0.887631 0.478015
36.09 -0.887716 0.478015
36.1 -0.887802 0.478016
36.11 -0.887887 0.478017
36.12 -0.887972 0.478017
36.13 -0.888057 0.478018
36.14 -0.888143 0.478018
36.15 -0.888228 0.478019
36.16 -0.888313 0.478019
36.17 -0.888398 0.47802
36.18 -0.888483 0.478021
36.19 -0.888568 0.478021
36.2 -0.888653 0.478022
36.21 -0.888738 0.478022
36.22 -0.888824 0.478023
36.23 -0.888909 0.478024
36.24 -0.888994 0.478024
36.25 -0.889078 0.478025
36.26 -0.889163 0.478025
36.27 -0.889248 0.478026
36.28 -0.889333 0.478026
36.29 -0.889418 0.478027
36.3 -0.889503 0.478028
36.31 -0.889588 0.478028
36.32 -0.889672 0.478029
36.33 -0.889757 0.478029
36.34 -0.889842 0.47803
36.35 -0.889927 0.47803
36.36 -0.890011 0.478031
36.37 -0.890096 0.478032
36.38 -0.890181 0.478032
36.39 -0.890265 0.478033
36.4 -0.89035 0.478033
36.41 -0.890434 0.478034
36.42 -0.890519 0.478034
36.43 -0.890604 0.478035
36.44 -0.890688 0.478036
36.45 -0.890773 0.478036
36.46 -0.890857 0.478037
36.47 -0.890941 0.478037
36.48 -0.891026 0.478038
36.49 -0.89111 0.478038
36.5 -0.891195 0.478039
36.51 -0.891279 0.47804
36.52 -0.891363 0.47804
36.53 -0.891447 0.478041
36.54 -0.891532 0.478041
36.55 -0.891616 0.478042
36.56 -0.8917 0.478042
36.57 -0.891784 0.478043
36.58 -0.891869 0.478044
36.59 -0.891953 0.478044
36.6 -0.892037 0.478045
36.61 -0.892121 0.478045
36.62 -0.892205 0.478046
36.63 -0.892289 0.478046
36.64 -0.892373 0.478047
36.65 -0.892457 0.478048
36.66 -0.892541 0.478048
36.67 -0.892625 0.478049
36.68 -0.892709 0.478049
36.69 -0.892793 0.47805
36.7 -0.892877 0.47805
36.71 -0.892961 0.478051
36.72 -0.893045 0.478051
36.73 -0.893128 0.478052
36.74 -0.893212 0.478053
36.75 -0.893296 0.478053
36.76 -0.89338 0.478054
36.77 -0.893463 0.478054
36.78 -0.893547 0.478055
36.79 -0.893631 0.478055
36.8 -0.893714 0.478056
36.81 -0.893798 0.478056
36.82 -0.893882 0.478057
36.83 -0.893965 0.478058
36.84 -0.894049 0.478058
36.85 -0.894132 0.478059
36.86 -0.894216 0.478059
36.87 -0.894299 0.47806
36.88 -0.894383 0.47806
36.89 -0.894466 0.478061
36.9 -0.89455 0.478061
36.91 -0.894633 0.478062
36.92 -0.894716 0.478063
36.93 -0.8948 0.478063
36.94 -0.894883 0.478064
36.95 -0.894967 0.478064
36.96 -0.89505 0.478065
36.97 -0.895133 0.478065
36.98 -0.895216 0.478066
36.99 -0.8953 0.478066
37 -0.895383 0.478067
37.01 -0.895466 0.478068
37.02 -0.895549 0.478068
37.03 -0.895632 0.478069
37.04 -0.895715 0.478069
37.05 -0.895799 0.47807
37.06 -0.895882 0.47807
37.07 -0.895965 0.478071
37.08 -0.896048 0.478071
37.09 -0.896131 0.478072
37.1 -0.896214 0.478072
37.11 -0.896297 0.478073
37.12 -0.896379 0.478074
37.13 -0.896462 0.478074
37.14 -0.896545 0.478075
37.15 -0.896628 0.478075
37.16 -0.896711 0.478076
37.17 -0.896794 0.478076
37.18 -0.896877 0.478077
37.19 -0.896959 0.478077
37.2 -0.897042 0.478078
37.21 -0.897125 0.478078
37.22 -0.897207 0.478079
37.23 -0.89729 0.478079
37.24 -0.897373 0.47808
37.25 -0.897455 0.478081
37.26 -0.897538 0.478081
37.27 -0.897621 0.478082
37.28 -0.897703 0.478082
37.29 -0.897786 0.478083
37.3 -0.897868 0.478083
37.31 -0.897951 0.478084
37.32 -0.898033 0.478084
37.33 -0.898116 0.478085
37.34 -0.898198 0.478085
37.35 -0.89828 0.478086
37.36 -0.898363 0.478086
37.37 -0.898445 0.478087
37.38 -0.898527 0.478088
37.39 -0.89861 0.478088
37.4 -0.898692 0.478089
37.41 -0.898774 0.478089
37.42 -0.898857 0.47809
37.43 -0.898939 0.47809
37.44 -0.899021 0.478091
37.45 -0.899103 0.478091
37.46 -0.899185 0.478092
37.47 -0.899267 0.478092
37.48 -0.89935 0.478093
37.49 -0.899432 0.478093
37.5 -0.899514 0.478094
37.51 -0.899596 0.478095
37.52 -0.899678 0.478095
37.53 -0.89976 0.478096
37.54 -0.899842 0.478096
37.55 -0.899924 0.478097
37.56 -0.900006 0.478097
37.57 -0.900088 0.478098
37.58 -0.900169 0.478098
37.59 -0.900251 0.478099
37.6 -0.900333 0.478099
37.61 -0.900415 0.4781
37.62 -0.900497 0.478101
37.63 -0.900579 0.478101
37.64 -0.90066 0.478102
37.65 -0.900743 0.478102
37.66 -0.900824 0.478103
37.67 -0.900905 0.478103
37.68 -0.900987 0.478104
37.69 -0.901069 0.478104
37.7 -0.90115 0.478105
37.71 -0.901232 0.478105
37.72 -0.901314 0.478106
37.73 -0.901395 0.478107
37.74 -0.901477 0.478107
37.75 -0.901558 0.478108
37.76 -0.90164 0.478108
37.77 -0.901721 0.478109
37.78 -0.901803 0.478109
37.79 -0.901884 0.47811
37.8 -0.901966 0.47811
37.81 -0.902047 0.478111
37.82 -0.902128 0.478111
37.83 -0.90221 0.478112
37.84 -0.902291 0.478112
37.85 -0.902372 0.478113
37.86 -0.902454 0.478114
37.87 -0.902535 0.478114
37.88 -0.902616 0.478115
37.89 -0.902697 0.478115
37.9 -0.902779 0.478116
37.91 -0.90286 0.478116
37.92 -0.902941 0.478117
37.93 -0.903022 0.478117
37.94 -0.903103 0.478118
37.95 -0.903184 0.478118
37.96 -0.903266 0.478119
37.97 -0.903347 0.478119
37.98 -0.903428 0.47812
37.99 -0.903509 0.47812
38 -0.90359 0.478121
38.01 -0.903671 0.478122
38.02 -0.903752 0.478122
38.03 -0.903833 0.478123
38.04 -0.903913 0.478123
38.05 -0.903994 0.478124
38.06 -0.904075 0.478124
38.07 -0.904156 0.478125
38.08 -0.904237 0.478125
38.09 -0.904318 0.478126
38.1 -0.904398 0.478126
38.11 -0.904479 0.478127
38.12 -0.90456 0.478127
38.13 -0.904641 0.478128
38.14 -0.904721 0.478128
38.15 -0.904802 0.478129
38.16 -0.904883 0.478129
38.17 -0.904963 0.47813
38.18 -0.905044 0.47813
38.19 -0.905125 0.478131
38.2 -0.905205 0.478131
38.21 -0.905286 0.478132
38.22 -0.905366 0.478132
38.23 -0.905447 0.478133
38.24 -0.905527 0.478133
38.25 -0.905608 0.478134
38.26 -0.905688 0.478134
38.27 -0.905769 0.478135
38.28 -0.905849 0.478135
38.29 -0.905929 0.478136
38.3 -0.90601 0.478136
38.31 -0.90609 0.478137
38.32 -0.90617 0.478137
38.33 -0.906251 0.478138
38.34 -0.906331 0.478138
38.35 -0.906411 0.478139
38.36 -0.906491 0.478139
38.37 -0.906572 0.47814
38.38 -0.906652 0.47814
38.39 -0.906732 0.478141
38.4 -0.906812 0.478141
38.41 -0.906892 0.478142
38.42 -0.906972 0.478142
38.43 -0.907052 0.478143
38.44 -0.907132 0.478143
38.45 -0.907212 0.478144
38.46 -0.907292 0.478144
38.47 -0.907372 0.478145
38.48 -0.907452 0.478145
38.49 -0.907532 0.478146
38.5 -0.907612 0.478146
38.51 -0.907692 0.478146
38.52 -0.907772 0.478147
38.53 -0.907852 0.478147
38.54 -0.907932 0.478148
38.55 -0.908012 0.478148
38.56 -0.908091 0.478149
38.57 -0.908171 0.478149
38.58 -0.908251 0.47815
38.59 -0.908331 0.47815
38.6 -0.90841 0.478151
38.61 -0.90849 0.478151
38.62 -0.90857 0.478152
38.63 -0.908649 0.478152
38.64 -0.908729 0.478153
38.65 -0.908809 0.478153
38.66 -0.908888 0.478154
38.67 -0.908968 0.478154
38.68 -0.909047 0.478155
38.69 -0.909127 0.478155
38.7 -0.909206 0.478156
38.71 -0.909286 0.478156
38.72 -0.909365 0.478157
38.73 -0.909445 0.478157
38.74 -0.909524 0.478158
38.75 -0.909603 0.478158
38.76 -0.909683 0.478158
38.77 -0.909762 0.478159
38.78 -0.909841 0.478159
38.79 -0.909921 0.47816
38.8 -0.91 0.47816
38.81 -0.910079 0.478161
38.82 -0.910158 0.478161
38.83 -0.910238 0.478162
38.84 -0.910317 0.478162
38.85 -0.910396 0.478163
38.86 -0.910475 0.478163
38.87 -0.910554 0.478164
38.88 -0.910633 0.478164
38.89 -0.910713 0.478165
38.9 -0.910792 0.478165
38.91 -0.910871 0.478166
38.92 -0.91095 0.478166
38.93 -0.911029 0.478167
38.94 -0.911108 0.478167
38.95 -0.911187 0.478168
38.96 -0.911266 0.478168
38.97 -0.911345 0.478169
38.98 -0.911424 0.478169
38.99 -0.911502 0.47817
39 -0.911581 0.47817
39.01 -0.91166 0.47817
39.02 -0.911739 0.478171
39.03 -0.911818 0.478171
39.04 -0.911897 0.478172
39.05 -0.911975 0.478172
39.06 -0.912054 0.478173
39.07 -0.912133 0.478173
39.08 -0.912212 0.478174
39.09 -0.91229 0.478174
39.1 -0.912369 0.478175
39.11 -0.912448 0.478175
39.12 -0.912526 0.478176
39.13 -0.912605 0.478176
39.14 -0.912683 0.478177
39.15 -0.912762 0.478177
39.16 -0.91284 0.478178
39.17 -0.912919 0.478178
39.18 -0.912998 0.478179
39.19 -0.913076 0.478179
39.2 -0.913154 0.47818
39.21 -0.913233 0.47818
39.22 -0.913311 0.478181
39.23 -0.91339 0.478181
39.24 -0.913468 0.478182
39.25 -0.913547 0.478182
39.26 -0.913625 0.478183
39.27 -0.913703 0.478183
39.28 -0.913782 0.478184
39.29 -0.91386 0.478184
39.3 -0.913938 0.478185
39.31 -0.914016 0.478185
39.32 -0.914095 0.478186
39.33 -0.914173 0.478186
39.34 -0.914251 0.478186
39.35 -0.914329 0.478187
39.36 -0.914407 0.478187
39.37 -0.914486 0.478188
39.38 -0.914564 0.478188
39.39 -0.914642 0.478189
39.4 -0.91472 0.478189
39.41 -0.914798 0.47819
39.42 -0.914876 0.47819
39.43 -0.914954 0.478191
39.44 -0.915032 0.478191
39.45 -0.91511 0.478192
39.46 -0.915188 0.478192
39.47 -0.915266 0.478193
39.48 -0.915344 0.478193
39.49 -0.915422 0.478194
39.5 -0.9155 0.478194
39.51 -0.915578 0.478194
39.52 -0.915655 0.478195
39.53 -0.915733 0.478195
39.54 -0.915811 0.478196
39.55 -0.915889 0.478196
39.56 -0.915967 0.478197
39.57 -0.916044 0.478197
39.58 -0.916122 0.478198
39.59 -0.9162 0.478198
39.6 -0.916277 0.478199
39.61 -0.916355 0.478199
39.62 -0.916433 0.478199
39.63 -0.91651 0.4782
39.64 -0.916588 0.4782
39.65 -0.916666 0.478201
39.66 -0.916743 0.478201
39.67 -0.916821 0.478202
39.68 -0.916898 0.478202
39.69 -0.916976 0.478203
39.7 -0.917053 0.478203
39.71 -0.917131 0.478203
39.72 -0.917208 0.478204
39.73 -0.917286 0.478204
39.74 -0.917363 0.478205
39.75 -0.91744 0.478205
39.76 -0.917518 0.478206
39.77 -0.917595 0.478206
39.78 -0.917672 0.478206
39.79 -0.91775 0.478207
39.8 -0.917827 0.478207
39.81 -0.917904 0.478208
39.82 -0.917981 0.478208
39.83 -0.918059 0.478209
39.84 -0.918136 0.478209
39.85 -0.918213 0.478209
39.86 -0.91829 0.47821
39.87 -0.918367 0.47821
39.88 -0.918444 0.478211
39.89 -0.918521 0.478211
39.9 -0.918599 0.478212
39.91 -0.918676 0.478212
39.92 -0.918753 0.478213
39.93 -0.91883 0.478213
39.94 -0.918907 0.478213
39.95 -0.918984 0.478214
39.96 -0.919061 0.478214
39.97 -0.919137 0.478215
39.98 -0.919214 0.478215
39.99 -0.919291 0.478216
40 -0.919368 0.478216
40.01 -0.919445 0.478216
40.02 -0.919522 0.478217
40.03 -0.919599 0.478217
40.04 -0.919675 0.478218
40.05 -0.919752 0.478218
40.06 -0.919829 0.478219
40.07 -0.919906 0.478219
40.08 -0.919982 0.47822
40.09 -0.920059 0.47822
40.1 -0.920136 0.47822
40.11 -0.920212 0.478221
40.12 -0.920289 0.478221
40.13 -0.920366 0.478222
40.14 -0.920442 0.478222
40.15 -0.920519 0.478223
40.16 -0.920595 0.478223
40.17 -0.920672 0.478223
40.18 -0.920749 0.478224
40.19 -0.920825 0.478224
40.2 -0.920902 0.478225
40.21 -0.920978 0.478225
40.22 -0.921054 0.478226
40.23 -0.921131 0.478226
40.24 -0.921207 0.478227
40.25 -0.921284 0.478227
40.26 -0.92136 0.478227
40.27 -0.921436 0.478228
40.28 -0.921513 0.478228
40.29 -0.921589 0.478229
40.3 -0.921665 0.478229
40.31 -0.921742 0.47823
40.32 -0.921818 0.47823
40.33 -0.921894 0.478231
40.34 -0.92197 0.478231
40.35 -0.922047 0.478231
40.36 -0.922123 0.478232
40.37 -0.922199 0.478232
40.38 -0.922275 0.478233
40.39 -0.922351 0.478233
40.4 -0.922427 0.478234
40.41 -0.922503 0.478234
40.42 -0.92258 0.478235
40.43 -0.922656 0.478235
40.44 -0.922732 0.478235
40.45 -0.922808 0.478236
40.46 -0.922884 0.478236
40.47 -0.92296 0.478237
40.48 -0.923036 0.478237
40.49 -0.923112 0.478238
40.5 -0.923187 0.478238
40.51 -0.923263 0.478238
40.52 -0.923339 0.478239
40.53 -0.923415 0.478239
40.54 -0.923491 0.47824
40.55 -0.923567 0.47824
40.56 -0.923643 0.478241
40.57 -0.923718 0.478241
40.58 -0.923794 0.478241
40.59 -0.92387 0.478242
40.6 -0.923946 0.478242
40.61 -0.924021 0.478243
40.62 -0.924097 0.478243
40.63 -0.924173 0.478244
40.64 -0.924248 0.478244
40.65 -0.924324 0.478244
40.66 -0.9244 0.478245
40.67 -0.924475 0.478245
40.68 -0.924551 0.478246
40.69 -0.924626 0.478246
40.7 -0.924702 0.478246
40.71 -0.924778 0.478247
40.72 -0.924853 0.478247
40.73 -0.924929 0.478248
40.74 -0.925004 0.478248
40.75 -0.925079 0.478249
40.76 -0.925155 0.478249
40.77 -0.92523 0.478249
40.78 -0.925306 0.47825
40.79 -0.925381 0.47825
40.8 -0.925456 0.478251
40.81 -0.925532 0.478251
40.82 -0.925607 0.478251
40.83 -0.925682 0.478252
40.84 -0.925758 0.478252
40.85 -0.925833 0.478253
40.86 -0.925908 0.478253
40.87 -0.925983 0.478254
40.88 -0.926059 0.478254
40.89 -0.926134 0.478254
40.9 -0.926209 0.478255
40.91 -0.926284 0.478255
40.92 -0.926359 0.478256
40.93 -0.926434 0.478256
40.94 -0.926509 0.478256
40.95 -0.926584 0.478257
40.96 -0.926659 0.478257
40.97 -0.926734 0.478258
40.98 -0.926809 0.478258
40.99 -0.926884 0.478259
41 -0.926959 0.478259
41.01 -0.927034 0.478259
41.02 -0.927109 0.47826
41.03 -0.927184 0.47826
41.04 -0.927259 0.478261
41.05 -0.927334 0.478261
41.06 -0.927409 0.478262
41.07 -0.927484 0.478262
41.08 -0.927559 0.478262
41.09 -0.927633 0.478263
41.1 -0.927708 0.478263
41.11 -0.927783 0.478264
41.12 -0.927858 0.478264
41.13 -0.927932 0.478264
41.14 -0.928007 0.478265
41.15 -0.928082 0.478265
41.16 -0.928157 0.478266
41.17 -0.928231 0.478266
41.18 -0.928306 0.478267
41.19 -0.928381 0.478267
41.2 -0.928455 0.478267
41.21 -0.92853 0.478268
41.22 -0.928604 0.478268
41.23 -0.928679 0.478269
41.24 -0.928753 0.478269
41.25 -0.928828 0.47827
41.26 -0.928902 0.47827
41.27 -0.928977 0.47827
41.28 -0.929051 0.478271
41.29 -0.929126 0.478271
41.3 -0.9292 0.478272
41.31 -0.929275 0.478272
41.32 -0.929349 0.478272
41.33 -0.929423 0.478273
41.34 -0.929498 0.478273
41.35 -0.929573 0.478274
41.36 -0.929647 0.478274
41.37 -0.929722 0.478275
41.38 -0.929795 0.478275
41.39 -0.929869 0.478275
41.4 -0.929944 0.478276
41.41 -0.930018 0.478276
41.42 -0.930092 0.478277
41.43 -0.930166 0.478277
41.44 -0.93024 0.478278
41.45 -0.930315 0.478278
41.46 -0.930389 0.478278
41.47 -0.930463 0.478279
41.48 -0.930537 0.478279
41.49 -0.930611 0.47828
41.5 -0.930685 0.47828
41.51 -0.930759 0.47828
41.52 -0.930833 0.478281
41.53 -0.930907 0.478281
41.54 -0.930981 0.478282
41.55 -0.931055 0.478282
41.56 -0.931129 0.478282
41.57 -0.931203 0.478283
41.58 -0.931277 0.478283
41.59 -0.931351 0.478284
41.6 -0.931425 0.478284
41.61 -0.931499 0.478285
41.62 -0.931573 0.478285
41.63 -0.931647 0.478285
41.64 -0.93172 0.478286
41.65 -0.931794 0.478286
41.66 -0.931868 0.478287
41.67 -0.931942 0.478287
41.68 -0.932016 0.478287
41.69 -0.932089 0.478288
41.7 -0.932163 0.478288
41.71 -0.932237 0.478289
41.72 -0.93231 0.478289
41.73 -0.932384 0.478289
41.74 -0.932458 0.47829
41.75 -0.932531 0.47829
41.76 -0.932605 0.478291
41.77 -0.932679 0.478291
41.78 -0.932752 0.478291
41.79 -0.932826 0.478292
41.8 -0.932899 0.478292
41.81 -0.932973 0.478293
41.82 -0.933046 0.478293
41.83 -0.93312 0.478293
41.84 -0.933193 0.478294
41.85 -0.933267 0.478294
41.86 -0.93334 0.478295
41.87 -0.933414 0.478295
41.88 -0.933487 0.478295
41.89 -0.93356 0.478296
41.9 -0.933634 0.478296
41.91 -0.933707 0.478296
41.92 -0.93378 0.478297
41.93 -0.933854 0.478297
41.94 -0.933927 0.478298
41.95 -0.934 0.478298
41.96 -0.934074 0.478298
41.97 -0.934147 0.478299
41.98 -0.93422 0.478299
41.99 -0.934293 0.4783
42 -0.934366 0.4783
42.01 -0.93444 0.4783
42.02 -0.934513 0.478301
42.03 -0.934586 0.478301
42.04 -0.934659 0.478302
42.05 -0.934732 0.478302
42.06 -0.934805 0.478302
42.07 -0.934878 0.478303
42.08 -0.934951 0.478303
42.09 -0.935024 0.478303
42.1 -0.935097 0.478304
42.11 -0.93517 0.478304
42.12 -0.935243 0.478305
42.13 -0.935316 0.478305
42.14 -0.935389 0.478305
42.15 -0.935462 0.478306
42.16 -0.935535 0.478306
42.17 -0.935608 0.478307
42.18 -0.935681 0.478307
42.19 -0.935754 0.478307
42.2 -0.935827 0.478308
42.21 -0.935899 0.478308
42.22 -0.935972 0.478308
42.23 -0.936045 0.478309
42.24 -0.936118 0.478309
42.25 -0.93619 0.47831
42.26 -0.936263 0.47831
42.27 -0.936336 0.47831
42.28 -0.936409 0.478311
42.29 -0.936481 0.478311
42.3 -0.936554 0.478312
42.31 -0.936627 0.478312
42.32 -0.936699 0.478312
42.33 -0.936772 0.478313
42.34 -0.936844 0.478313
42.35 -0.936917 0.478313
42.36 -0.93699 0.478314
42.37 -0.937062 0.478314
42.38 -0.937135 0.478315
42.39 -0.937207 0.478315
42.4 -0.93728 0.478315
42.41 -0.937352 0.478316
42.42 -0.937425 0.478316
42.43 -0.937497 0.478316
42.44 -0.937569 0.478317
42.45 -0.937642 0.478317
42.46 -0.937714 0.478318
42.47 -0.937787 0.478318
42.48 -0.937859 0.478318
42.49 -0.937931 0.478319
42.5 -0.938004 0.478319
42.51 -0.938076 0.478319
42.52 -0.938148 0.47832
42.53 -0.93822 0.47832
42.54 -0.938293 0.47832
42.55 -0.938365 0.478321
42.56 -0.938437 0.478321
42.57 -0.938509 0.478322
42.58 -0.938582 0.478322
42.59 -0.938654 0.478322
42.6 -0.938726 0.478323
42.61 -0.938798 0.478323
42.62 -0.93887 0.478323
42.63 -0.938942 0.478324
42.64 -0.939014 0.478324
42.65 -0.939086 0.478324
42.66 -0.939158 0.478325
42.67 -0.93923 0.478325
42.68 -0.939302 0.478326
42.69 -0.939374 0.478326
42.7 -0.939446 0.478326
42.71 -0.939518 0.478327
42.72 -0.93959 0.478327
42.73 -0.939662 0.478327
42.74 -0.939734 0.478328
42.75 -0.939806 0.478328
42.76 -0.939878 0.478328
42.77 -0.93995 0.478329
42.78 -0.940021 0.478329
42.79 -0.940093 0.47833
42.8 -0.940165 0.47833
42.81 -0.940237 0.47833
42.82 -0.940309 0.478331
42.83 -0.94038 0.478331
42.84 -0.940452 0.478331
42.85 -0.940524 0.478332
42.86 -0.940595 0.478332
42.87 -0.940667 0.478332
42.88 -0.940739 0.478333
42.89 -0.94081 0.478333
42.9 -0.940882 0.478333
42.91 -0.940954 0.478334
42.92 -0.941025 0.478334
42.93 -0.941097 0.478335
42.94 -0.941168 0.478335
42.95 -0.94124 0.478335
42.96 -0.941311 0.478336
42.97 -0.941383 0.478336
42.98 -0.941454 0.478336
42.99 -0.941526 0.478337
43 -0.941597 0.478337
43.01 -0.941669 0.478337
43.02 -0.94174 0.478338
43.03 -0.941812 0.478338
43.04 -0.941883 0.478338
43.05 -0.941954 0.478339
43.06 -0.942026 0.478339
43.07 -0.942097 0.478339
43.08 -0.942168 0.47834
43.09 -0.94224 0.47834
43.1 -0.942311 0.478341
43.11 -0.942382 0.478341
43.12 -0.942453 0.478341
43.13 -0.942525 0.478342
43.14 -0.942596 0.478342
43.15 -0.942667 0.478342
43.16 -0.942738 0.478343
43.17 -0.942809 0.478343
43.18 -0.942881 0.478343
43.19 -0.942952 0.478344
43.2 -0.943023 0.478344
43.21 -0.943094 0.478344
43.22 -0.943165 0.478345
43.23 -0.943236 0.478345
43.24 -0.943307 0.478346
43.25 -0.943378 0.478346
43.26 -0.943449 0.478346
43.27 -0.94352 0.478347
43.28 -0.943591 0.478347
43.29 -0.943662 0.478347
43.3 -0.943733 0.478348
43.31 -0.943804 0.478348
43.32 -0.943875 0.478348
43.33 -0.943946 0.478349
43.34 -0.944017 0.478349
43.35 -0.944088 0.47835
43.36 -0.944158 0.47835
43.37 -0.944229 0.47835
43.38 -0.9443 0.478351
43.39 -0.944371 0.478351
43.4 -0.944442 0.478351
43.41 -0.944512 0.478352
43.42 -0.944583 0.478352
43.43 -0.944654 0.478352
43.44 -0.944725 0.478353
43.45 -0.944795 0.478353
43.46 -0.944866 0.478354
43.47 -0.944937 0.478354
43.48 -0.945007 0.478354
43.49 -0.945078 0.478355
43.5 -0.945149 0.478355
43.51 -0.945219 0.478355
43.52 -0.94529 0.478356
43.53 -0.94536 0.478356
43.54 -0.945431 0.478356
43.55 -0.945501 0.478357
43.56 -0.945572 0.478357
43.57 -0.945642 0.478358
43.58 -0.945713 0.478358
43.59 -0.945783 0.478358
43.6 -0.945854 0.478359
43.61 -0.945924 0.478359
43.62 -0.945995 0.478359
43.63 -0.946065 0.47836
43.64 -0.946136 0.47836
43.65 -0.946206 0.478361
43.66 -0.946276 0.478361
43.67 -0.946347 0.478361
43.68 -0.946417 0.478362
43.69 -0.946487 0.478362
43.7 -0.946558 0.478362
43.71 -0.946628 0.478363
43.72 -0.946698 0.478363
43.73 -0.946769 0.478363
43.74 -0.946839 0.478364
43.75 -0.946909 0.478364
43.76 -0.946979 0.478365
43.77 -0.947049 0.478365
43.78 -0.94712 0.478365
43.79 -0.94719 0.478366
43.8 -0.94726 0.478366
43.81 -0.94733 0.478366
43.82 -0.9474 0.478367
43.83 -0.94747 0.478367
43.84 -0.94754 0.478367
43.85 -0.94761 0.478368
43.86 -0.947681 0.478368
43.87 -0.947751 0.478369
43.88 -0.947821 0.478369
43.89 -0.947891 0.478369
43.9 -0.947961 0.47837
43.91 -0.948031 0.47837
43.92 -0.948101 0.47837
43.93 -0.948171 0.478371
43.94 -0.94824 0.478371
43.95 -0.94831 0.478371
43.96 -0.94838 0.478372
43.97 -0.94845 0.478372
43.98 -0.94852 0.478372
43.99 -0.94859 0.478373
44 -0.94866 0.478373
44.01 -0.94873 0.478373
44.02 -0.948799 0.478374
44.03 -0.948869 0.478374
44.04 -0.948939 0.478374
44.05 -0.949009 0.478375
44.06 -0.949079 0.478375
44.07 -0.949148 0.478375
44.08 -0.949218 0.478376
44.09 -0.949288 0.478376
44.1 -0.949357 0.478376
44.11 -0.949427 0.478377
44.12 -0.949497 0.478377
44.13 -0.949566 0.478377
44.14 -0.949636 0.478378
44.15 -0.949705 0.478378
44.16 -0.949775 0.478378
44.17 -0.949845 0.478379
44.18 -0.949914 0.478379
44.19 -0.949984 0.478379
44.2 -0.950053 0.478379
44.21 -0.950123 0.47838
44.22 -0.950192 0.47838
44.23 -0.950262 0.47838
44.24 -0.950331 0.478381
44.25 -0.9504 0.478381
44.26 -0.95047 0.478381
44.27 -0.950539 0.478382
44.28 -0.950609 0.478382
44.29 -0.950678 0.478382
44.3 -0.950747 0.478383
44.31 -0.950817 0.478383
44.32 -0.950886 0.478383
44.33 -0.950955 0.478384
44.34 -0.951024 0.478384
44.35 -0.951094 0.478384
44.36 -0.951163 0.478384
44.37 -0.951232 0.478385
44.38 -0.951301 0.478385
44.39 -0.95137 0.478385
44.4 -0.95144 0.478386
44.41 -0.951509 0.478386
44.42 -0.951578 0.478386
44.43 -0.951647 0.478387
44.44 -0.951716 0.478387
44.45 -0.951785 0.478387
44.46 -0.951854 0.478388
44.47 -0.951923 0.478388
44.48 -0.951992 0.478388
44.49 -0.952061 0.478389
44.5 -0.95213 0.478389
44.51 -0.952199 0.478389
44.52 -0.952268 0.47839
44.53 -0.952338 0.47839
44.54 -0.952406 0.47839
44.55 -0.952475 0.478391
44.56 -0.952544 0.478391
44.57 -0.952613 0.478391
44.58 -0.952682 0.478392
44.59 -0.952751 0.478392
44.6 -0.95282 0.478392
44.61 -0.952888 0.478393
44.62 -0.952957 0.478393
44.63 -0.953026 0.478393
44.64 -0.953095 0.478394
44.65 -0.953164 0.478394
44.66 -0.953232 0.478394
44.67 -0.953301 0.478395
44.68 -0.95337 0.478395
44.69 -0.953439 0.478395
44.7 -0.953507 0.478396
44.71 -0.953576 0.478396
44.72 -0.953645 0.478397
44.73 -0.953713 0.478397
44.74 -0.953782 0.478397
44.75 -0.953851 0.478398
44.76 -0.953919 0.478398
44.77 -0.953988 0.478398
44.78 -0.954056 0.478399
44.79 -0.954125 0.478399
44.8 -0.954194 0.478399
44.81 -0.954262 0.4784
44.82 -0.954331 0.4784
44.83 -0.954399 0.4784
44.84 -0.954468 0.478401
44.85 -0.954536 0.478401
44.86 -0.954605 0.478401
44.87 -0.954673 0.478402
44.88 -0.954742 0.478402
44.89 -0.95481 0.478402
44.9 -0.954878 0.478403
44.91 -0.954947 0.478403
44.92 -0.955015 0.478403
44.93 -0.955084 0.478404
44.94 -0.955152 0.478404
44.95 -0.95522 0.478404
44.96 -0.955289 0.478405
44.97 -0.955357 0.478405
44.98 -0.955425 0.478405
44.99 -0.955494 0.478406
45 -0.955562 0.478406
45.01 -0.95563 0.478406
45.02 -0.955698 0.478407
45.03 -0.955767 0.478407
45.04 -0.955835 0.478407
45.05 -0.955903 0.478408
45.06 -0.955971 0.478408
45.07 -0.956039 0.478408
45.08 -0.956108 0.478409
45.09 -0.956176 0.478409
45.1 -0.956244 0.478409
45.11 -0.956312 0.478409
45.12 -0.95638 0.47841
45.13 -0.956448 0.47841
45.14 -0.956516 0.47841
45.15 -0.956584 0.478411
45.16 -0.956652 0.478411
45.17 -0.95672 0.478411
45.18 -0.956788 0.478412
45.19 -0.956856 0.478412
45.2 -0.956924 0.478412
45.21 -0.956992 0.478412
45.22 -0.95706 0.478413
45.23 -0.957128 0.478413
45.24 -0.957196 0.478413
45.25 -0.957264 0.478414
45.26 -0.957331 0.478414
45.27 -0.957399 0.478414
45.28 -0.957467 0.478414
45.29 -0.957535 0.478415
45.3 -0.957603 0.478415
45.31 -0.95767 0.478415
45.32 -0.957738 0.478416
45.33 -0.957806 0.478416
45.34 -0.957874 0.478416
45.35 -0.957941 0.478417
45.36 -0.958009 0.478417
45.37 -0.958077 0.478417
45.38 -0.958144 0.478417
45.39 -0.958212 0.478418
45.4 -0.95828 0.478418
45.41 -0.958347 0.478418
45.42 -0.958415 0.478419
45.43 -0.958482 0.478419
45.44 -0.95855 0.478419
45.45 -0.958618 0.478419
45.46 -0.958685 0.47842
45.47 -0.958753 0.47842
45.48 -0.95882 0.47842
45.49 -0.958888 0.478421
45.5 -0.958955 0.478421
45.51 -0.959023 0.478421
45.52 -0.95909 0.478422
45.53 -0.959157 0.478422
45.54 -0.959225 0.478422
45.55 -0.959292 0.478423
45.56 -0.95936 0.478423
45.57 -0.959427 0.478423
45.58 -0.959494 0.478423
45.59 -0.959562 0.478424
45.6 -0.959629 0.478424
45.61 -0.959696 0.478424
45.62 -0.959764 0.478425
45.63 -0.959831 0.478425
45.64 -0.959898 0.478425
45.65 -0.959965 0.478426
45.66 -0.960033 0.478426
45.67 -0.9601 0.478426
45.68 -0.960167 0.478427
45.69 -0.960234 0.478427
45.7 -0.960301 0.478427
45.71 -0.960369 0.478428
45.72 -0.960436 0.478428
45.73 -0.960503 0.478428
45.74 -0.96057 0.478429
45.75 -0.960637 0.478429
45.76 -0.960704 0.478429
45.77 -0.960771 0.47843
45.78 -0.960838 0.47843
45.79 -0.960905 0.47843
45.8 -0.960973 0.478431
45.81 -0.96104 0.478431
45.82 -0.961106 0.478431
45.83 -0.961173 0.478432
45.84 -0.96124 0.478432
45.85 -0.961307 0.478432
45.86 -0.961374 0.478433
45.87 -0.961441 0.478433
45.88 -0.961508 0.478433
45.89 -0.961575 0.478433
45.9 -0.961642 0.478434
45.91 -0.961709 0.478434
45.92 -0.961776 0.478434
45.93 -0.961843 0.478435
45.94 -0.96191 0.478435
45.95 -0.961976 0.478435
45.96 -0.962043 0.478436
45.97 -0.96211 0.478436
45.98 -0.962177 0.478436
45.99 -0.962244 0.478437
46 -0.96231 0.478437
46.01 -0.962377 0.478437
46.02 -0.962444 0.478438
46.03 -0.962511 0.478438
46.04 -0.962577 0.478438
46.05 -0.962644 0.478439
46.06 -0.962711 0.478439
46.07 -0.962777 0.478439
46.08 -0.962844 0.47844
46.09 -0.962911 0.47844
46.1 -0.962977 0.47844
46.11 -0.963044 0.47844
46.12 -0.96311 0.478441
46.13 -0.963177 0.478441
46.14 -0.963244 0.478441
46.15 -0.96331 0.478442
46.16 -0.963377 0.478442
46.17 -0.963443 0.478442
46.18 -0.96351 0.478443
46.19 -0.963576 0.478443
46.2 -0.963643 0.478443
46.21 -0.963709 0.478443
46.22 -0.963775 0.478444
46.23 -0.963842 0.478444
46.24 -0.963908 0.478444
46.25 -0.963975 0.478445
46.26 -0.964041 0.478445
46.27 -0.964107 0.478445
46.28 -0.964174 0.478446
46.29 -0.96424 0.478446
46.3 -0.964307 0.478446
46.31 -0.964373 0.478446
46.32 -0.964439 0.478447
46.33 -0.964505 0.478447
46.34 -0.964572 0.478447
46.35 -0.964638 0.478448
46.36 -0.964704 0.478448
46.37 -0.96477 0.478448
46.38 -0.964837 0.478449
46.39 -0.964903 0.478449
46.4 -0.964969 0.478449
46.41 -0.965035 0.478449
46.42 -0.965101 0.47845
46.43 -0.965167 0.47845
46.44 -0.965234 0.47845
46.45 -0.9653 0.478451
46.46 -0.965366 0.478451
46.47 -0.965432 0.478451
46.48 -0.965498 0.478451
46.49 -0.965564 0.478452
46.5 -0.96563 0.478452
46.51 -0.965696 0.478452
46.52 -0.965762 0.478453
46.53 -0.965828 0.478453
46.54 -0.965894 0.478453
46.55 -0.96596 0.478453
46.56 -0.966026 0.478454
46.57 -0.966092 0.478454
46.58 -0.966158 0.478454
46.59 -0.966224 0.478455
46.6 -0.96629 0.478455
46.61 -0.966355 0.478455
46.62 -0.966421 0.478455
46.63 -0.966487 0.478456
46.64 -0.966553 0.478456
46.65 -0.966619 0.478456
46.66 -0.966685 0.478457
46.67 -0.96675 0.478457
46.68 -0.966816 0.478457
46.69 -0.966882 0.478457
46.7 -0.966948 0.478458
46.71 -0.967013 0.478458
46.72 -0.967079 0.478458
46.73 -0.967145 0.478458
46.74 -0.967211 0.478459
46.75 -0.967276 0.478459
46.76 -0.967342 0.478459
46.77 -0.967408 0.47846
46.78 -0.967473 0.47846
46.79 -0.967539 0.47846
46.8 -0.967604 0.47846
46.81 -0.96767 0.478461
46.82 -0.967736 0.478461
46.83 -0.967801 0.478461
46.84 -0.967867 0.478462
46.85 -0.967932 0.478462
46.86 -0.967998 0.478462
46.87 -0.968063 0.478462
46.88 -0.968129 0.478463
46.89 -0.968194 0.478463
46.9 -0.96826 0.478463
46.91 -0.968325 0.478464
46.92 -0.96839 0.478464
46.93 -0.968456 0.478464
46.94 -0.968521 0.478464
46.95 -0.968587 0.478465
46.96 -0.968652 0.478465
46.97 -0.968717 0.478465
46.98 -0.968783 0.478465
46.99 -0.968848 0.478466
47 -0.968913 0.478466
47.01 -0.968979 0.478466
47.02 -0.969044 0.478467
47.03 -0.969109 0.478467
47.04 -0.969174 0.478467
47.05 -0.96924 0.478467
47.06 -0.969305 0.478468
47.07 -0.96937 0.478468
47.08 -0.969435 0.478468
47.09 -0.969501 0.478469
47.1 -0.969566 0.478469
47.11 -0.969631 0.478469
47.12 -0.969696 0.478469
47.13 -0.969761 0.47847
47.14 -0.969826 0.47847
47.15 -0.969891 0.47847
47.16 -0.969956 0.47847
47.17 -0.970022 0.478471
47.18 -0.970087 0.478471
47.19 -0.970152 0.478471
47.2 -0.970217 0.478472
47.21 -0.970282 0.478472
47.22 -0.970347 0.478472
47.23 -0.970412 0.478472
47.24 -0.970477 0.478473
47.25 -0.970542 0.478473
47.26 -0.970607 0.478473
47.27 -0.970671 0.478474
47.28 -0.970736 0.478474
47.29 -0.970801 0.478474
47.3 -0.970866 0.478474
47.31 -0.970931 0.478475
47.32 -0.970996 0.478475
47.33 -0.971061 0.478475
47.34 -0.971126 0.478475
47.35 -0.97119 0.478476
47.36 -0.971255 0.478476
47.37 -0.97132 0.478476
47.38 -0.971385 0.478477
47.39 -0.97145 0.478477
47.4 -0.971514 0.478477
47.41 -0.971579 0.478477
47.42 -0.971644 0.478478
47.43 -0.971709 0.478478
47.44 -0.971773 0.478478
47.45 -0.971838 0.478479
47.46 -0.971903 0.478479
47.47 -0.971967 0.478479
47.48 -0.972032 0.478479
47.49 -0.972097 0.47848
47.5 -0.972161 0.47848
47.51 -0.972226 0.47848
47.52 -0.97229 0.478481
47.53 -0.972355 0.478481
47.54 -0.97242 0.478481
47.55 -0.972484 0.478481
47.56 -0.972549 0.478482
47.57 -0.972613 0.478482
47.58 -0.972678 0.478482
47.59 -0.972742 0.478483
47.6 -0.972807 0.478483
47.61 -0.972871 0.478483
47.62 -0.972936 0.478483
47.63 -0.973 0.478484
47.64 -0.973064 0.478484
47.65 -0.973129 0.478484
47.66 -0.973193 0.478485
47.67 -0.973258 0.478485
47.68 -0.973322 0.478485
47.69 -0.973386 0.478485
47.7 -0.973451 0.478486
47.71 -0.973515 0.478486
47.72 -0.973579 0.478486
47.73 -0.973644 0.478487
47.74 -0.973708 0.478487
47.75 -0.973772 0.478487
47.76 -0.973837 0.478487
47.77 -0.973901 0.478488
47.78 -0.973965 0.478488
47.79 -0.974029 0.478488
47.8 -0.974094 0.478488
47.81 -0.974158 0.478489
47.82 -0.974222 0.478489
47.83 -0.974286 0.478489
47.84 -0.97435 0.47849
47.85 -0.974414 0.47849
47.86 -0.974479 0.47849
47.87 -0.974543 0.47849
47.88 -0.974607 0.478491
47.89 -0.974671 0.478491
47.9 -0.974735 0.478491
47.91 -0.974799 0.478492
47.92 -0.974863 0.478492
47.93 -0.974927 0.478492
47.94 -0.974991 0.478492
47.95 -0.975055 0.478493
47.96 -0.975119 0.478493
47.97 -0.975183 0.478493
47.98 -0.975247 0.478493
47.99 -0.975311 0.478494
48 -0.975375 0.478494
48.01 -0.975439 0.478494
48.02 -0.975503 0.478495
48.03 -0.975567 0.478495
48.04 -0.975631 0.478495
48.05 -0.975695 0.478495
48.06 -0.975759 0.478496
48.07 -0.975822 0.478496
48.08 -0.975886 0.478496
48.09 -0.97595 0.478496
48.1 -0.976014 0.478497
48.11 -0.976078 0.478497
48.12 -0.976142 0.478497
48.13 -0.976205 0.478497
48.14 -0.976269 0.478498
48.15 -0.976333 0.478498
48.16 -0.976397 0.478498
48.17 -0.97646 0.478498
48.18 -0.976524 0.478499
48.19 -0.976588 0.478499
48.2 -0.976651 0.478499
48.21 -0.976715 0.4785
48.22 -0.976779 0.4785
48.23 -0.976842 0.4785
48.24 -0.976906 0.4785
48.25 -0.97697 0.478501
48.26 -0.977033 0.478501
48.27 -0.977097 0.478501
48.28 -0.97716 0.478501
48.29 -0.977224 0.478502
48.3 -0.977288 0.478502
48.31 -0.977351 0.478502
48.32 -0.977415 0.478502
48.33 -0.977478 0.478503
48.34 -0.977542 0.478503
48.35 -0.977605 0.478503
48.36 -0.977668 0.478503
48.37 -0.977732 0.478504
48.38 -0.977795 0.478504
48.39 -0.977859 0.478504
48.4 -0.977922 0.478504
48.41 -0.977986 0.478505
48.42 -0.978049 0.478505
48.43 -0.978112 0.478505
48.44 -0.978176 0.478505
48.45 -0.978239 0.478506
48.46 -0.978302 0.478506
48.47 -0.978366 0.478506
48.48 -0.978429 0.478506
48.49 -0.978492 0.478507
48.5 -0.978556 0.478507
48.51 -0.978619 0.478507
48.52 -0.978682 0.478508
48.53 -0.978745 0.478508
48.54 -0.978809 0.478508
48.55 -0.978872 0.478508
48.56 -0.978935 0.478509
48.57 -0.978998 0.478509
48.58 -0.979061 0.478509
48.59 -0.979124 0.478509
48.6 -0.979188 0.47851
48.61 -0.979251 0.47851
48.62 -0.979314 0.47851
48.63 -0.979377 0.47851
48.64 -0.97944 0.478511
48.65 -0.979503 0.478511
48.66 -0.979566 0.478511
48.67 -0.979629 0.478511
48.68 -0.979692 0.478512
48.69 -0.979755 0.478512
48.7 -0.979818 0.478512
48.71 -0.979881 0.478513
48.72 -0.979944 0.478513
48.73 -0.980007 0.478513
48.74 -0.98007 0.478513
48.75 -0.980133 0.478514
48.76 -0.980196 0.478514
48.77 -0.980259 0.478514
48.78 -0.980322 0.478514
48.79 -0.980385 0.478515
48.8 -0.980448 0.478515
48.81 -0.980511 0.478515
48.82 -0.980574 0.478515
48.83 -0.980636 0.478516
48.84 -0.980699 0.478516
48.85 -0.980762 0.478516
48.86 -0.980825 0.478516
48.87 -0.980888 0.478517
48.88 -0.980951 0.478517
48.89 -0.981013 0.478517
48.9 -0.981076 0.478517
48.91 -0.981139 0.478518
48.92 -0.981202 0.478518
48.93 -0.981264 0.478518
48.94 -0.981327 0.478518
48.95 -0.98139 0.478519
48.96 -0.981452 0.478519
48.97 -0.981515 0.478519
48.98 -0.981578 0.478519
48.99 -0.98164 0.47852
49 -0.981703 0.47852
49.01 -0.981766 0.47852
49.02 -0.981828 0.478521
49.03 -0.981891 0.478521
49.04 -0.981953 0.478521
49.05 -0.982016 0.478521
49.06 -0.982079 0.478521
49.07 -0.982141 0.478522
49.08 -0.982204 0.478522
49.09 -0.982266 0.478522
49.1 -0.982329 0.478522
49.11 -0.982391 0.478523
49.12 -0.982454 0.478523
49.13 -0.982516 0.478523
49.14 -0.982579 0.478523
49.15 -0.982641 0.478524
49.16 -0.982704 0.478524
49.17 -0.982766 0.478524
49.18 -0.982828 0.478524
49.19 -0.982891 0.478525
49.2 -0.982953 0.478525
49.21 -0.983015 0.478525
49.22 -0.983078 0.478525
49.23 -0.98314 0.478526
49.24 -0.983202 0.478526
49.25 -0.983265 0.478526
49.26 -0.983327 0.478526
49.27 -0.983389 0.478527
49.28 -0.983452 0.478527
49.29 -0.983514 0.478527
49.3 -0.983576 0.478527
49.31 -0.983638 0.478528
49.32 -0.983701 0.478528
49.33 -0.983763 0.478528
49.34 -0.983825 0.478528
49.35 -0.983887 0.478528
49.36 -0.983949 0.478529
49.37 -0.984012 0.478529
49.38 -0.984074 0.478529
49.39 -0.984136 0.478529
49.4 -0.984198 0.47853
49.41 -0.98426 0.47853
49.42 -0.984322 0.47853
49.43 -0.984384 0.47853
49.44 -0.984446 0.478531
49.45 -0.984508 0.478531
49.46 -0.98457 0.478531
49.47 -0.984632 0.478531
49.48 -0.984694 0.478532
49.49 -0.984756 0.478532
49.5 -0.984818 0.478532
49.51 -0.98488 0.478532
49.52 -0.984942 0.478532
49.53 -0.985004 0.478533
49.54 -0.985066 0.478533
49.55 -0.985128 0.478533
49.56 -0.98519 0.478533
49.57 -0.985252 0.478534
49.58 -0.985314 0.478534
49.59 -0.985376 0.478534
49.6 -0.985437 0.478534
49.61 -0.985499 0.478535
49.62 -0.985561 0.478535
49.63 -0.985623 0.478535
49.64 -0.985685 0.478535
49.65 -0.985747 0.478536
49.66 -0.985808 0.478536
49.67 -0.98587 0.478536
49.68 -0.985932 0.478536
49.69 -0.985994 0.478537
49.7 -0.986055 0.478537
49.71 -0.986117 0.478537
49.72 -0.986179 0.478537
49.73 -0.98624 0.478537
49.74 -0.986302 0.478538
49.75 -0.986364 0.478538
49.76 -0.986425 0.478538
49.77 -0.986487 0.478538
49.78 -0.986549 0.478539
49.79 -0.98661 0.478539
49.8 -0.986672 0.478539
49.81 -0.986734 0.478539
49.82 -0.986795 0.47854
49.83 -0.986857 0.47854
49.84 -0.986918 0.47854
49.85 -0.98698 0.47854
49.86 -0.987041 0.478541
49.87 -0.987103 0.478541
49.88 -0.987164 0.478541
49.89 -0.987226 0.478541
49.9 -0.987287 0.478542
49.91 -0.987349 0.478542
49.92 -0.98741 0.478542
49.93 -0.987472 0.478542
49.94 -0.987533 0.478543
49.95 -0.987595 0.478543
49.96 -0.987656 0.478543
49.97 -0.987717 0.478543
49.98 -0.987779 0.478544
49.99 -0.98784 0.478544
50 -0.987901 0.478544
50.01 -0.987963 0.478544
50.02 -0.988024 0.478544
50.03 -0.988085 0.478545
50.04 -0.988147 0.478545
50.05 -0.988208 0.478545
50.06 -0.988269 0.478545
50.07 -0.988331 0.478546
50.08 -0.988392 0.478546
50.09 -0.988453 0.478546
50.1 -0.988514 0.478546
50.11 -0.988576 0.478547
50.12 -0.988637 0.478547
50.13 -0.988698 0.478547
50.14 -0.988759 0.478547
50.15 -0.98882 0.478548
50.16 -0.988882 0.478548
50.17 -0.988943 0.478548
50.18 -0.989004 0.478548
50.19 -0.989065 0.478549
50.2 -0.989126 0.478549
50.21 -0.989187 0.478549
50.22 -0.989248 0.478549
50.23 -0.989309 0.47855
50.24 -0.98937 0.47855
50.25 -0.989432 0.47855
50.26 -0.989493 0.47855
50.27 -0.989554 0.478551
50.28 -0.989615 0.478551
50.29 -0.989676 0.478551
50.3 -0.989737 0.478551
50.31 -0.989798 0.478552
50.32 -0.989859 0.478552
50.33 -0.98992 0.478552
50.34 -0.989981 0.478552
50.35 -0.990041 0.478553
50.36 -0.990102 0.478553
50.37 -0.990163 0.478553
50.38 -0.990224 0.478553
50.39 -0.990285 0.478553
50.4 -0.990346 0.478554
50.41 -0.990407 0.478554
50.42 -0.990468 0.478554
50.43 -0.990529 0.478554
50.44 -0.990589 0.478555
50.45 -0.99065 0.478555
50.46 -0.990711 0.478555
50.47 -0.990772 0.478555
50.48 -0.990833 0.478556
50.49 -0.990893 0.478556
50.5 -0.990954 0.478556
50.51 -0.991015 0.478556
50.52 -0.991076 0.478556
50.53 -0.991136 0.478557
50.54 -0.991197 0.478557
50.55 -0.991258 0.478557
50.56 -0.991318 0.478557
50.57 -0.991379 0.478558
50.58 -0.99144 0.478558
50.59 -0.9915 0.478558
50.6 -0.991561 0.478558
50.61 -0.991622 0.478558
50.62 -0.991682 0.478559
50.63 -0.991743 0.478559
50.64 -0.991803 0.478559
50.65 -0.991864 0.478559
50.66 -0.991925 0.47856
50.67 -0.991985 0.47856
50.68 -0.992046 0.47856
50.69 -0.992106 0.47856
50.7 -0.992167 0.47856
50.71 -0.992227 0.478561
50.72 -0.992288 0.478561
50.73 -0.992348 0.478561
50.74 -0.992409 0.478561
50.75 -0.992469 0.478561
50.76 -0.992529 0.478562
50.77 -0.99259 0.478562
50.78 -0.99265 0.478562
50.79 -0.992711 0.478562
50.8 -0.992771 0.478563
50.81 -0.992831 0.478563
50.82 -0.992892 0.478563
50.83 -0.992952 0.478563
50.84 -0.993012 0.478563
50.85 -0.993073 0.478564
50.86 -0.993133 0.478564
50.87 -0.993193 0.478564
50.88 -0.993254 0.478564
50.89 -0.993314 0.478564
50.9 -0.993374 0.478565
50.91 -0.993434 0.478565
50.92 -0.993495 0.478565
50.93 -0.993555 0.478565
50.94 -0.993616 0.478566
50.95 -0.993675 0.478566
50.96 -0.993735 0.478566
50.97 -0.993796 0.478566
50.98 -0.993856 0.478567
50.99 -0.993916 0.478567
51 -0.993976 0.478567
51.01 -0.994036 0.478567
51.02 -0.994096 0.478567
51.03 -0.994156 0.478568
51.04 -0.994216 0.478568
51.05 -0.994276 0.478568
51.06 -0.994337 0.478568
51.07 -0.994397 0.478569
51.08 -0.994457 0.478569
51.09 -0.994517 0.478569
51.1 -0.994577 0.478569
51.11 -0.994637 0.47857
51.12 -0.994697 0.47857
51.13 -0.994757 0.47857
51.14 -0.994817 0.47857
51.15 -0.994877 0.478571
51.16 -0.994937 0.478571
51.17 -0.994996 0.478571
51.18 -0.995056 0.478571
51.19 -0.995116 0.478572
51.2 -0.995176 0.478572
51.21 -0.995236 0.478572
51.22 -0.995296 0.478572
51.23 -0.995356 0.478573
51.24 -0.995416 0.478573
51.25 -0.995476 0.478573
51.26 -0.995535 0.478573
51.27 -0.995595 0.478574
51.28 -0.995655 0.478574
51.29 -0.995715 0.478574
51.3 -0.995775 0.478574
51.31 -0.995835 0.478575
51.32 -0.995894 0.478575
51.33 -0.995954 0.478575
51.34 -0.996014 0.478575
51.35 -0.996074 0.478576
51.36 -0.996133 0.478576
51.37 -0.996193 0.478576
51.38 -0.996253 0.478576
51.39 -0.996313 0.478576
51.4 -0.996372 0.478577
51.41 -0.996432 0.478577
51.42 -0.996492 0.478577
51.43 -0.996551 0.478577
51.44 -0.996611 0.478578
51.45 -0.996671 0.478578
51.46 -0.99673 0.478578
51.47 -0.99679 0.478578
51.48 -0.996849 0.478579
51.49 -0.996909 0.478579
51.5 -0.996969 0.478579
51.51 -0.997028 0.478579
51.52 -0.997088 0.478579
51.53 -0.997147 0.47858
51.54 -0.997207 0.47858
51.55 -0.997266 0.47858
51.56 -0.997326 0.47858
51.57 -0.997385 0.47858
51.58 -0.997445 0.478581
51.59 -0.997504 0.478581
51.6 -0.997564 0.478581
51.61 -0.997623 0.478581
51.62 -0.997683 0.478582
51.63 -0.997742 0.478582
51.64 -0.997802 0.478582
51.65 -0.997861 0.478582
51.66 -0.99792 0.478582
51.67 -0.99798 0.478583
51.68 -0.998039 0.478583
51.69 -0.998099 0.478583
51.7 -0.998158 0.478583
51.71 -0.998217 0.478583
51.72 -0.998276 0.478584
51.73 -0.998336 0.478584
51.74 -0.998395 0.478584
51.75 -0.998454 0.478584
51.76 -0.998514 0.478584
51.77 -0.998573 0.478584
51.78 -0.998632 0.478585
51.79 -0.998691 0.478585
51.8 -0.998751 0.478585
51.81 -0.99881 0.478585
51.82 -0.998869 0.478585
51.83 -0.998928 0.478586
51.84 -0.998987 0.478586
51.85 -0.999046 0.478586
51.86 -0.999106 0.478586
51.87 -0.999165 0.478586
51.88 -0.999224 0.478587
51.89 -0.999283 0.478587
51.9 -0.999342 0.478587
51.91 -0.999401 0.478587
51.92 -0.99946 0.478587
51.93 -0.999519 0.478588
51.94 -0.999578 0.478588
51.95 -0.999637 0.478588
51.96 -0.999696 0.478588
51.97 -0.999755 0.478588
51.98 -0.999814 0.478589
51.99 -0.999873 0.478589
52 -0.999932 0.478589
52.01 -0.999991 0.478589
52.02 -1.00005 0.478589
52.03 -1.00011 0.47859
52.04 -1.00017 0.47859
52.05 -1.00023 0.47859
52.06 -1.00029 0.47859
52.07 -1.00034 0.47859
52.08 -1.0004 0.478591
52.09 -1.00046 0.478591
52.1 -1.00052 0.478591
52.11 -1.00058 0.478591
52.12 -1.00064 0.478592
52.13 -1.0007 0.478592
52.14 -1.00076 0.478592
52.15 -1.00082 0.478592
52.16 -1.00087 0.478592
52.17 -1.00093 0.478593
52.18 -1.00099 0.478593
52.19 -1.00105 0.478593
52.2 -1.00111 0.478593
52.21 -1.00117 0.478594
52.22 -1.00123 0.478594
52.23 -1.00129 0.478594
52.24 -1.00134 0.478594
52.25 -1.0014 0.478594
52.26 -1.00146 0.478595
52.27 -1.00152 0.478595
52.28 -1.00158 0.478595
52.29 -1.00164 0.478595
52.3 -1.0017 0.478596
52.31 -1.00175 0.478596
52.32 -1.00181 0.478596
52.33 -1.00187 0.478596
52.34 -1.00193 0.478596
52.35 -1.00199 0.478597
52.36 -1.00205 0.478597
52.37 -1.00211 0.478597
52.38 -1.00216 0.478597
52.39 -1.00222 0.478598
52.4 -1.00228 0.478598
52.41 -1.00234 0.478598
52.42 -1.0024 0.478598
52.43 -1.00246 0.478598
52.44 -1.00252 0.478599
52.45 -1.00257 0.478599
52.46 -1.00263 0.478599
52.47 -1.00269 0.478599
52.48 -1.00275 0.4786
52.49 -1.00281 0.4786
52.5 -1.00287 0.4786
52.51 -1.00292 0.4786
52.52 -1.00298 0.4786
52.53 -1.00304 0.478601
52.54 -1.0031 0.478601
52.55 -1.00316 0.478601
52.56 -1.00322 0.478601
52.57 -1.00328 0.478601
52.58 -1.00333 0.478602
52.59 -1.00339 0.478602
52.6 -1.00345 0.478602
52.61 -1.00351 0.478602
52.62 -1.00357 0.478603
52.63 -1.00363 0.478603
52.64 -1.00368 0.478603
52.65 -1.00374 0.478603
52.66 -1.0038 0.478603
52.67 -1.00386 0.478604
52.68 -1.00392 0.478604
52.69 -1.00397 0.478604
52.7 -1.00403 0.478604
52.71 -1.00409 0.478604
52.72 -1.00415 0.478605
52.73 -1.00421 0.478605
52.74 -1.00427 0.478605
52.75 -1.00432 0.478605
52.76 -1.00438 0.478605
52.77 -1.00444 0.478606
52.78 -1.0045 0.478606
52.79 -1.00456 0.478606
52.8 -1.00461 0.478606
52.81 -1.00467 0.478606
52.82 -1.00473 0.478606
52.83 -1.00479 0.478607
52.84 -1.00485 0.478607
52.85 -1.0049 0.478607
52.86 -1.00496 0.478607
52.87 -1.00502 0.478607
52.88 -1.00508 0.478608
52.89 -1.00514 0.478608
52.9 -1.00519 0.478608
52.91 -1.00525 0.478608
52.92 -1.00531 0.478608
52.93 -1.00537 0.478609
52.94 -1.00543 0.478609
52.95 -1.00548 0.478609
52.96 -1.00554 0.478609
52.97 -1.0056 0.478609
52.98 -1.00566 0.47861
52.99 -1.00572 0.47861
53 -1.00577 0.47861
53.01 -1.00583 0.47861
53.02 -1.00589 0.47861
53.03 -1.00595 0.478611
53.04 -1.006 0.478611
53.05 -1.00606 0.478611
53.06 -1.00612 0.478611
53.07 -1.00618 0.478611
53.08 -1.00624 0.478612
53.09 -1.00629 0.478612
53.1 -1.00635 0.478612
53.11 -1.00641 0.478612
53.12 -1.00647 0.478612
53.13 -1.00652 0.478613
53.14 -1.00658 0.478613
53.15 -1.00664 0.478613
53.16 -1.0067 0.478613
53.17 -1.00676 0.478613
53.18 -1.00681 0.478614
53.19 -1.00687 0.478614
53.2 -1.00693 0.478614
53.21 -1.00699 0.478614
53.22 -1.00704 0.478614
53.23 -1.0071 0.478615
53.24 -1.00716 0.478615
53.25 -1.00722 0.478615
53.26 -1.00727 0.478615
53.27 -1.00733 0.478615
53.28 -1.00739 0.478616
53.29 -1.00745 0.478616
53.3 -1.0075 0.478616
53.31 -1.00756 0.478616
53.32 -1.00762 0.478616
53.33 -1.00768 0.478617
53.34 -1.00773 0.478617
53.35 -1.00779 0.478617
53.36 -1.00785 0.478617
53.37 -1.00791 0.478617
53.38 -1.00796 0.478618
53.39 -1.00802 0.478618
53.4 -1.00808 0.478618
53.41 -1.00814 0.478618
53.42 -1.00819 0.478618
53.43 -1.00825 0.478619
53.44 -1.00831 0.478619
53.45 -1.00837 0.478619
53.46 -1.00842 0.478619
53.47 -1.00848 0.478619
53.48 -1.00854 0.47862
53.49 -1.00859 0.47862
53.5 -1.00865 0.47862
53.51 -1.00871 0.47862
53.52 -1.00877 0.47862
53.53 -1.00882 0.478621
53.54 -1.00888 0.478621
53.55 -1.00894 0.478621
53.56 -1.009 0.478621
53.57 -1.00905 0.478621
53.58 -1.00911 0.478622
53.59 -1.00917 0.478622
53.6 -1.00922 0.478622
53.61 -1.00928 0.478622
53.62 -1.00934 0.478622
53.63 -1.0094 0.478623
53.64 -1.00945 0.478623
53.65 -1.00951 0.478623
53.66 -1.00957 0.478623
53.67 -1.00962 0.478623
53.68 -1.00968 0.478624
53.69 -1.00974 0.478624
53.7 -1.0098 0.478624
53.71 -1.00985 0.478624
53.72 -1.00991 0.478624
53.73 -1.00997 0.478625
53.74 -1.01002 0.478625
53.75 -1.01008 0.478625
53.76 -1.01014 0.478625
53.77 -1.0102 0.478625
53.78 -1.01025 0.478626
53.79 -1.01031 0.478626
53.8 -1.01037 0.478626
53.81 -1.01042 0.478626
53.82 -1.01048 0.478626
53.83 -1.01054 0.478627
53.84 -1.01059 0.478627
53.85 -1.01065 0.478627
53.86 -1.01071 0.478627
53.87 -1.01077 0.478627
53.88 -1.01082 0.478628
53.89 -1.01088 0.478628
53.9 -1.01094 0.478628
53.91 -1.01099 0.478628
53.92 -1.01105 0.478628
53.93 -1.01111 0.478629
53.94 -1.01116 0.478629
53.95 -1.01122 0.478629
53.96 -1.01128 0.478629
53.97 -1.01133 0.478629
53.98 -1.01139 0.47863
53.99 -1.01145 0.47863
54 -1.0115 0.47863
54.01 -1.01156 0.47863
54.02 -1.01162 0.47863
54.03 -1.01167 0.478631
54.04 -1.01173 0.478631
54.05 -1.01179 0.478631
54.06 -1.01184 0.478631
54.07 -1.0119 0.478631
54.08 -1.01196 0.478632
54.09 -1.01201 0.478632
54.1 -1.01207 0.478632
54.11 -1.01213 0.478632
54.12 -1.01218 0.478632
54.13 -1.01224 0.478633
54.14 -1.0123 0.478633
54.15 -1.01235 0.478633
54.16 -1.01241 0.478633
54.17 -1.01247 0.478633
54.18 -1.01252 0.478634
54.19 -1.01258 0.478634
54.2 -1.01264 0.478634
54.21 -1.01269 0.478634
54.22 -1.01275 0.478634
54.23 -1.01281 0.478635
54.24 -1.01286 0.478635
54.25 -1.01292 0.478635
54.26 -1.01298 0.478635
54.27 -1.01303 0.478635
54.28 -1.01309 0.478636
54.29 -1.01315 0.478636
54.3 -1.0132 0.478636
54.31 -1.01326 0.478636
54.32 -1.01332 0.478636
54.33 -1.01337 0.478637
54.34 -1.01343 0.478637
54.35 -1.01349 0.478637
54.36 -1.01354 0.478637
54.37 -1.0136 0.478637
54.38 -1.01365 0.478638
54.39 -1.01371 0.478638
54.4 -1.01377 0.478638
54.41 -1.01382 0.478638
54.42 -1.01388 0.478638
54.43 -1.01394 0.478639
54.44 -1.01399 0.478639
54.45 -1.01405 0.478639
54.46 -1.0141 0.478639
54.47 -1.01416 0.478639
54.48 -1.01422 0.47864
54.49 -1.01427 0.47864
54.5 -1.01433 0.47864
54.51 -1.01439 0.47864
54.52 -1.01444 0.47864
54.53 -1.0145 0.478641
54.54 -1.01456 0.478641
54.55 -1.01461 0.478641
54.56 -1.01467 0.478641
54.57 -1.01472 0.478641
54.58 -1.01478 0.478642
54.59 -1.01484 0.478642
54.6 -1.01489 0.478642
54.61 -1.01495 0.478642
54.62 -1.015 0.478642
54.63 -1.01506 0.478642
54.64 -1.01512 0.478643
54.65 -1.01517 0.478643
54.66 -1.01523 0.478643
54.67 -1.01529 0.478643
54.68 -1.01534 0.478643
54.69 -1.0154 0.478644
54.7 -1.01545 0.478644
54.71 -1.01551 0.478644
54.72 -1.01557 0.478644
54.73 -1.01562 0.478644
54.74 -1.01568 0.478644
54.75 -1.01573 0.478645
54.76 -1.01579 0.478645
54.77 -1.01585 0.478645
54.78 -1.0159 0.478645
54.79 -1.01596 0.478645
54.8 -1.01601 0.478645
54.81 -1.01607 0.478646
54.82 -1.01613 0.478646
54.83 -1.01618 0.478646
54.84 -1.01624 0.478646
54.85 -1.01629 0.478646
54.86 -1.01635 0.478647
54.87 -1.0164 0.478647
54.88 -1.01646 0.478647
54.89 -1.01652 0.478647
54.9 -1.01657 0.478647
54.91 -1.01663 0.478647
54.92 -1.01668 0.478648
54.93 -1.01674 0.478648
54.94 -1.0168 0.478648
54.95 -1.01685 0.478648
54.96 -1.01691 0.478648
54.97 -1.01696 0.478648
54.98 -1.01702 0.478649
54.99 -1.01707 0.478649
55 -1.01713 0.478649
55.01 -1.01719 0.478649
55.02 -1.01724 0.478649
55.03 -1.0173 0.47865
55.04 -1.01735 0.47865
55.05 -1.01741 0.47865
55.06 -1.01746 0.47865
55.07 -1.01752 0.47865
55.08 -1.01758 0.47865
55.09 -1.01763 0.478651
55.1 -1.01769 0.478651
55.11 -1.01774 0.478651
55.12 -1.0178 0.478651
55.13 -1.01785 0.478651
55.14 -1.01791 0.478651
55.15 -1.01797 0.478652
55.16 -1.01802 0.478652
55.17 -1.01808 0.478652
55.18 -1.01813 0.478652
55.19 -1.01819 0.478652
55.2 -1.01824 0.478653
55.21 -1.0183 0.478653
55.22 -1.01835 0.478653
55.23 -1.01841 0.478653
55.24 -1.01846 0.478653
55.25 -1.01852 0.478653
55.26 -1.01858 0.478654
55.27 -1.01863 0.478654
55.28 -1.01869 0.478654
55.29 -1.01874 0.478654
55.3 -1.0188 0.478654
55.31 -1.01885 0.478655
55.32 -1.01891 0.478655
55.33 -1.01896 0.478655
55.34 -1.01902 0.478655
55.35 -1.01907 0.478655
55.36 -1.01913 0.478655
55.37 -1.01919 0.478656
55.38 -1.01924 0.478656
55.39 -1.0193 0.478656
55.4 -1.01935 0.478656
55.41 -1.01941 0.478656
55.42 -1.01946 0.478657
55.43 -1.01952 0.478657
55.44 -1.01957 0.478657
55.45 -1.01963 0.478657
55.46 -1.01968 0.478657
55.47 -1.01974 0.478657
55.48 -1.01979 0.478658
55.49 -1.01985 0.478658
55.5 -1.0199 0.478658
55.51 -1.01996 0.478658
55.52 -1.02001 0.478658
55.53 -1.02007 0.478659
55.54 -1.02012 0.478659
55.55 -1.02018 0.478659
55.56 -1.02024 0.478659
55.57 -1.02029 0.478659
55.58 -1.02035 0.478659
55.59 -1.0204 0.47866
55.6 -1.02046 0.47866
55.61 -1.02051 0.47866
55.62 -1.02057 0.47866
55.63 -1.02062 0.47866
55.64 -1.02068 0.478661
55.65 -1.02073 0.478661
55.66 -1.02079 0.478661
55.67 -1.02084 0.478661
55.68 -1.0209 0.478661
55.69 -1.02095 0.478662
55.7 -1.02101 0.478662
55.71 -1.02106 0.478662
55.72 -1.02112 0.478662
55.73 -1.02117 0.478662
55.74 -1.02123 0.478662
55.75 -1.02128 0.478663
55.76 -1.02134 0.478663
55.77 -1.02139 0.478663
55.78 -1.02145 0.478663
55.79 -1.0215 0.478663
55.8 -1.02156 0.478664
55.81 -1.02161 0.478664
55.82 -1.02167 0.478664
55.83 -1.02172 0.478664
55.84 -1.02178 0.478664
55.85 -1.02183 0.478664
55.86 -1.02189 0.478665
55.87 -1.02194 0.478665
55.88 -1.022 0.478665
55.89 -1.02205 0.478665
55.9 -1.02211 0.478665
55.91 -1.02216 0.478665
55.92 -1.02222 0.478666
55.93 -1.02227 0.478666
55.94 -1.02232 0.478666
55.95 -1.02238 0.478666
55.96 -1.02243 0.478666
55.97 -1.02249 0.478666
55.98 -1.02254 0.478667
55.99 -1.0226 0.478667
56 -1.02265 0.478667
56.01 -1.02271 0.478667
56.02 -1.02276 0.478667
56.03 -1.02282 0.478667
56.04 -1.02287 0.478668
56.05 -1.02293 0.478668
56.06 -1.02298 0.478668
56.07 -1.02304 0.478668
56.08 -1.02309 0.478668
56.09 -1.02315 0.478668
56.1 -1.0232 0.478669
56.11 -1.02326 0.478669
56.12 -1.02331 0.478669
56.13 -1.02336 0.478669
56.14 -1.02342 0.478669
56.15 -1.02347 0.478669
56.16 -1.02353 0.47867
56.17 -1.02358 0.47867
56.18 -1.02364 0.47867
56.19 -1.02369 0.47867
56.2 -1.02375 0.47867
56.21 -1.0238 0.47867
56.22 -1.02386 0.478671
56.23 -1.02391 0.478671
56.24 -1.02396 0.478671
56.25 -1.02402 0.478671
56.26 -1.02407 0.478671
56.27 -1.02413 0.478671
56.28 -1.02418 0.478671
56.29 -1.02424 0.478672
56.3 -1.02429 0.478672
56.31 -1.02435 0.478672
56.32 -1.0244 0.478672
56.33 -1.02445 0.478672
56.34 -1.02451 0.478672
56.35 -1.02456 0.478673
56.36 -1.02462 0.478673
56.37 -1.02467 0.478673
56.38 -1.02473 0.478673
56.39 -1.02478 0.478673
56.4 -1.02484 0.478673
56.41 -1.02489 0.478674
56.42 -1.02494 0.478674
56.43 -1.025 0.478674
56.44 -1.02505 0.478674
56.45 -1.02511 0.478674
56.46 -1.02516 0.478674
56.47 -1.02522 0.478674
56.48 -1.02527 0.478675
56.49 -1.02532 0.478675
56.5 -1.02538 0.478675
56.51 -1.02543 0.478675
56.52 -1.02549 0.478675
56.53 -1.02554 0.478676
56.54 -1.02559 0.478676
56.55 -1.02565 0.478676
56.56 -1.0257 0.478676
56.57 -1.02576 0.478676
56.58 -1.02581 0.478676
56.59 -1.02587 0.478677
56.6 -1.02592 0.478677
56.61 -1.02597 0.478677
56.62 -1.02603 0.478677
56.63 -1.02608 0.478677
56.64 -1.02614 0.478677
56.65 -1.02619 0.478678
56.66 -1.02624 0.478678
56.67 -1.0263 0.478678
56.68 -1.02635 0.478678
56.69 -1.02641 0.478678
56.7 -1.02646 0.478679
56.71 -1.02651 0.478679
56.72 -1.02657 0.478679
56.73 -1.02662 0.478679
56.74 -1.02668 0.478679
56.75 -1.02673 0.478679
56.76 -1.02678 0.47868
56.77 -1.02684 0.47868
56.78 -1.02689 0.47868
56.79 -1.02695 0.47868
56.8 -1.027 0.47868
56.81 -1.02705 0.478681
56.82 -1.02711 0.478681
56.83 -1.02716 0.478681
56.84 -1.02722 0.478681
56.85 -1.02727 0.478681
56.86 -1.02732 0.478681
56.87 -1.02738 0.478682
56.88 -1.02743 0.478682
56.89 -1.02749 0.478682
56.9 -1.02754 0.478682
56.91 -1.02759 0.478682
56.92 -1.02765 0.478683
56.93 -1.0277 0.478683
56.94 -1.02776 0.478683
56.95 -1.02781 0.478683
56.96 -1.02786 0.478683
56.97 -1.02792 0.478683
56.98 -1.02797 0.478684
56.99 -1.02802 0.478684
57 -1.02808 0.478684
57.01 -1.02813 0.478684
57.02 -1.02819 0.478684
57.03 -1.02824 0.478685
57.04 -1.02829 0.478685
57.05 -1.02835 0.478685
57.06 -1.0284 0.478685
57.07 -1.02845 0.478685
57.08 -1.02851 0.478685
57.09 -1.02856 0.478686
57.1 -1.02862 0.478686
57.11 -1.02867 0.478686
57.12 -1.02872 0.478686
57.13 -1.02878 0.478686
57.14 -1.02883 0.478686
57.15 -1.02888 0.478687
57.16 -1.02894 0.478687
57.17 -1.02899 0.478687
57.18 -1.02904 0.478687
57.19 -1.0291 0.478687
57.2 -1.02915 0.478687
57.21 -1.02921 0.478687
57.22 -1.02926 0.478688
57.23 -1.02931 0.478688
57.24 -1.02937 0.478688
57.25 -1.02942 0.478688
57.26 -1.02947 0.478688
57.27 -1.02953 0.478688
57.28 -1.02958 0.478689
57.29 -1.02963 0.478689
57.3 -1.02969 0.478689
57.31 -1.02974 0.478689
57.32 -1.02979 0.478689
57.33 -1.02985 0.478689
57.34 -1.0299 0.47869
57.35 -1.02995 0.47869
57.36 -1.03001 0.47869
57.37 -1.03006 0.47869
57.38 -1.03011 0.47869
57.39 -1.03017 0.47869
57.4 -1.03022 0.47869
57.41 -1.03027 0.478691
57.42 -1.03033 0.478691
57.43 -1.03038 0.478691
57.44 -1.03043 0.478691
57.45 -1.03049 0.478691
57.46 -1.03054 0.478691
57.47 -1.03059 0.478692
57.48 -1.03065 0.478692
57.49 -1.0307 0.478692
57.5 -1.03075 0.478692
57.51 -1.03081 0.478692
57.52 -1.03086 0.478692
57.53 -1.03091 0.478692
57.54 -1.03097 0.478693
57.55 -1.03102 0.478693
57.56 -1.03107 0.478693
57.57 -1.03113 0.478693
57.58 -1.03118 0.478693
57.59 -1.03123 0.478693
57.6 -1.03129 0.478694
57.61 -1.03134 0.478694
57.62 -1.03139 0.478694
57.63 -1.03145 0.478694
57.64 -1.0315 0.478694
57.65 -1.03155 0.478694
57.66 -1.03161 0.478695
57.67 -1.03166 0.478695
57.68 -1.03171 0.478695
57.69 -1.03177 0.478695
57.7 -1.03182 0.478695
57.71 -1.03187 0.478695
57.72 -1.03192 0.478695
57.73 -1.03198 0.478696
57.74 -1.03203 0.478696
57.75 -1.03208 0.478696
57.76 -1.03214 0.478696
57.77 -1.03219 0.478696
57.78 -1.03224 0.478696
57.79 -1.0323 0.478697
57.8 -1.03235 0.478697
57.81 -1.0324 0.478697
57.82 -1.03246 0.478697
57.83 -1.03251 0.478697
57.84 -1.03256 0.478697
57.85 -1.03261 0.478698
57.86 -1.03267 0.478698
57.87 -1.03272 0.478698
57.88 -1.03277 0.478698
57.89 -1.03283 0.478698
57.9 -1.03288 0.478698
57.91 -1.03293 0.478699
57.92 -1.03298 0.478699
57.93 -1.03304 0.478699
57.94 -1.03309 0.478699
57.95 -1.03314 0.478699
57.96 -1.0332 0.478699
57.97 -1.03325 0.4787
57.98 -1.0333 0.4787
57.99 -1.03335 0.4787
58 -1.03341 0.4787
58.01 -1.03346 0.4787
58.02 -1.03351 0.4787
58.03 -1.03357 0.4787
58.04 -1.03362 0.478701
58.05 -1.03367 0.478701
58.06 -1.03372 0.478701
58.07 -1.03378 0.478701
58.08 -1.03383 0.478701
58.09 -1.03388 0.478701
58.1 -1.03394 0.478702
58.11 -1.03399 0.478702
58.12 -1.03404 0.478702
58.13 -1.03409 0.478702
58.14 -1.03415 0.478702
58.15 -1.0342 0.478702
58.16 -1.03425 0.478703
58.17 -1.0343 0.478703
58.18 -1.03436 0.478703
58.19 -1.03441 0.478703
58.2 -1.03446 0.478703
58.21 -1.03452 0.478703
58.22 -1.03457 0.478704
58.23 -1.03462 0.478704
58.24 -1.03467 0.478704
58.25 -1.03473 0.478704
58.26 -1.03478 0.478704
58.27 -1.03483 0.478704
58.28 -1.03488 0.478705
58.29 -1.03494 0.478705
58.3 -1.03499 0.478705
58.31 -1.03504 0.478705
58.32 -1.03509 0.478705
58.33 -1.03515 0.478705
58.34 -1.0352 0.478706
58.35 -1.03525 0.478706
58.36 -1.0353 0.478706
58.37 -1.03536 0.478706
58.38 -1.03541 0.478706
58.39 -1.03546 0.478706
58.4 -1.03551 0.478706
58.41 -1.03557 0.478707
58.42 -1.03562 0.478707
58.43 -1.03567 0.478707
58.44 -1.03572 0.478707
58.45 -1.03578 0.478707
58.46 -1.03583 0.478707
58.47 -1.03588 0.478708
58.48 -1.03593 0.478708
58.49 -1.03599 0.478708
58.5 -1.03604 0.478708
58.51 -1.03609 0.478708
58.52 -1.03614 0.478708
58.53 -1.0362 0.478708
58.54 -1.03625 0.478709
58.55 -1.0363 0.478709
58.56 -1.03635 0.478709
58.57 -1.0364 0.478709
58.58 -1.03646 0.478709
58.59 -1.03651 0.478709
58.6 -1.03656 0.478709
58.61 -1.03661 0.47871
58.62 -1.03667 0.47871
58.63 -1.03672 0.47871
58.64 -1.03677 0.47871
58.65 -1.03682 0.47871
58.66 -1.03688 0.47871
58.67 -1.03693 0.47871
58.68 -1.03698 0.478711
58.69 -1.03703 0.478711
58.7 -1.03708 0.478711
58.71 -1.03714 0.478711
58.72 -1.03719 0.478711
58.73 -1.03724 0.478711
58.74 -1.03729 0.478711
58.75 -1.03735 0.478711
58.76 -1.0374 0.478712
58.77 -1.03745 0.478712
58.78 -1.0375 0.478712
58.79 -1.03755 0.478712
58.8 -1.03761 0.478712
58.81 -1.03766 0.478712
58.82 -1.03771 0.478712
58.83 -1.03776 0.478713
58.84 -1.03781 0.478713
58.85 -1.03787 0.478713
58.86 -1.03792 0.478713
58.87 -1.03797 0.478713
58.88 -1.03802 0.478713
58.89 -1.03807 0.478713
58.9 -1.03813 0.478714
58.91 -1.03818 0.478714
58.92 -1.03823 0.478714
58.93 -1.03828 0.478714
58.94 -1.03833 0.478714
58.95 -1.03839 0.478714
58.96 -1.03844 0.478714
58.97 -1.03849 0.478715
58.98 -1.03854 0.478715
58.99 -1.03859 0.478715
59 -1.03865 0.478715
59.01 -1.0387 0.478715
59.02 -1.03875 0.478715
59.03 -1.0388 0.478715
59.04 -1.03885 0.478716
59.05 -1.03891 0.478716
59.06 -1.03896 0.478716
59.07 -1.03901 0.478716
59.08 -1.03906 0.478716
59.09 -1.03911 0.478716
59.1 -1.03916 0.478717
59.11 -1.03922 0.478717
59.12 -1.03927 0.478717
59.13 -1.03932 0.478717
59.14 -1.03937 0.478717
59.15 -1.03942 0.478717
59.16 -1.03948 0.478718
59.17 -1.03953 0.478718
59.18 -1.03958 0.478718
59.19 -1.03963 0.478718
59.2 -1.03968 0.478718
59.21 -1.03973 0.478718
59.22 -1.03979 0.478718
59.23 -1.03984 0.478719
59.24 -1.03989 0.478719
59.25 -1.03994 0.478719
59.26 -1.03999 0.478719
59.27 -1.04004 0.478719
59.28 -1.0401 0.478719
59.29 -1.04015 0.47872
59.3 -1.0402 0.47872
59.31 -1.04025 0.47872
59.32 -1.0403 0.47872
59.33 -1.04035 0.47872
59.34 -1.04041 0.47872
59.35 -1.04046 0.478721
59.36 -1.04051 0.478721
59.37 -1.04056 0.478721
59.38 -1.04061 0.478721
59.39 -1.04066 0.478721
59.4 -1.04072 0.478721
59.41 -1.04077 0.478722
59.42 -1.04082 0.478722
59.43 -1.04087 0.478722
59.44 -1.04092 0.478722
59.45 -1.04097 0.478722
59.46 -1.04103 0.478722
59.47 -1.04108 0.478723
59.48 -1.04113 0.478723
59.49 -1.04118 0.478723
59.5 -1.04123 0.478723
59.51 -1.04128 0.478723
59.52 -1.04133 0.478723
59.53 -1.04139 0.478723
59.54 -1.04144 0.478724
59.55 -1.04149 0.478724
59.56 -1.04154 0.478724
59.57 -1.04159 0.478724
59.58 -1.04164 0.478724
59.59 -1.04169 0.478724
59.6 -1.04175 0.478724
59.61 -1.0418 0.478725
59.62 -1.04185 0.478725
59.63 -1.0419 0.478725
59.64 -1.04195 0.478725
59.65 -1.042 0.478725
59.66 -1.04205 0.478725
59.67 -1.04211 0.478725
59.68 -1.04216 0.478726
59.69 -1.04221 0.478726
59.7 -1.04226 0.478726
59.71 -1.04231 0.478726
59.72 -1.04236 0.478726
59.73 -1.04241 0.478726
59.74 -1.04246 0.478726
59.75 -1.04252 0.478727
59.76 -1.04257 0.478727
59.77 -1.04262 0.478727
59.78 -1.04267 0.478727
59.79 -1.04272 0.478727
59.8 -1.04277 0.478727
59.81 -1.04282 0.478727
59.82 -1.04288 0.478728
59.83 -1.04293 0.478728
59.84 -1.04298 0.478728
59.85 -1.04303 0.478728
59.86 -1.04308 0.478728
59.87 -1.04313 0.478728
59.88 -1.04318 0.478728
59.89 -1.04323 0.478729
59.9 -1.04328 0.478729
59.91 -1.04334 0.478729
59.92 -1.04339 0.478729
59.93 -1.04344 0.478729
59.94 -1.04349 0.478729
59.95 -1.04354 0.478729
59.96 -1.04359 0.478729
59.97 -1.04364 0.47873
59.98 -1.04369 0.47873
59.99 -1.04374 0.47873
60 -1.0438 0.47873
60.01 -1.04385 0.47873
60.02 -1.0439 0.47873
60.03 -1.04395 0.47873
60.04 -1.044 0.478731
60.05 -1.04405 0.478731
60.06 -1.0441 0.478731
60.07 -1.04415 0.478731
60.08 -1.0442 0.478731
60.09 -1.04425 0.478731
60.1 -1.04431 0.478731
60.11 -1.04436 0.478732
60.12 -1.04441 0.478732
60.13 -1.04446 0.478732
60.14 -1.04451 0.478732
60.15 -1.04456 0.478732
60.16 -1.04461 0.478732
60.17 -1.04466 0.478732
60.18 -1.04471 0.478732
60.19 -1.04476 0.478733
60.2 -1.04481 0.478733
60.21 -1.04487 0.478733
60.22 -1.04492 0.478733
60.23 -1.04497 0.478733
60.24 -1.04502 0.478733
60.25 -1.04507 0.478733
60.26 -1.04512 0.478734
60.27 -1.04517 0.478734
60.28 -1.04522 0.478734
60.29 -1.04527 0.478734
60.3 -1.04532 0.478734
60.31 -1.04537 0.478734
60.32 -1.04542 0.478734
60.33 -1.04548 0.478735
60.34 -1.04553 0.478735
60.35 -1.04558 0.478735
60.36 -1.04563 0.478735
60.37 -1.04568 0.478735
60.38 -1.04573 0.478735
60.39 -1.04578 0.478735
60.4 -1.04583 0.478736
60.41 -1.04588 0.478736
60.42 -1.04593 0.478736
60.43 -1.04598 0.478736
60.44 -1.04603 0.478736
60.45 -1.04608 0.478736
60.46 -1.04614 0.478736
60.47 -1.04619 0.478737
60.48 -1.04624 0.478737
60.49 -1.04629 0.478737
60.5 -1.04634 0.478737
60.51 -1.04639 0.478737
60.52 -1.04644 0.478737
60.53 -1.04649 0.478737
60.54 -1.04654 0.478738
60.55 -1.04659 0.478738
60.56 -1.04664 0.478738
60.57 -1.04669 0.478738
60.58 -1.04674 0.478738
60.59 -1.04679 0.478738
60.6 -1.04684 0.478738
60.61 -1.04689 0.478739
60.62 -1.04694 0.478739
60.63 -1.047 0.478739
60.64 -1.04705 0.478739
60.65 -1.0471 0.478739
60.66 -1.04715 0.478739
60.67 -1.0472 0.478739
60.68 -1.04725 0.47874
60.69 -1.0473 0.47874
60.7 -1.04735 0.47874
60.71 -1.0474 0.47874
60.72 -1.04745 0.47874
60.73 -1.0475 0.47874
60.74 -1.04755 0.47874
60.75 -1.0476 0.47874
60.76 -1.04765 0.478741
60.77 -1.0477 0.478741
60.78 -1.04775 0.478741
60.79 -1.0478 0.478741
60.8 -1.04785 0.478741
60.81 -1.0479 0.478741
60.82 -1.04795 0.478741
60.83 -1.048 0.478742
60.84 -1.04805 0.478742
60.85 -1.0481 0.478742
60.86 -1.04816 0.478742
60.87 -1.04821 0.478742
60.88 -1.04826 0.478742
60.89 -1.04831 0.478742
60.9 -1.04836 0.478743
60.91 -1.04841 0.478743
60.92 -1.04846 0.478743
60.93 -1.04851 0.478743
60.94 -1.04856 0.478743
60.95 -1.04861 0.478743
60.96 -1.04866 0.478743
60.97 -1.04871 0.478744
60.98 -1.04876 0.478744
60.99 -1.04881 0.478744
61 -1.04886 0.478744
61.01 -1.04891 0.478744
61.02 -1.04896 0.478744
61.03 -1.04901 0.478744
61.04 -1.04906 0.478745
61.05 -1.04911 0.478745
61.06 -1.04916 0.478745
61.07 -1.04921 0.478745
61.08 -1.04926 0.478745
61.09 -1.04931 0.478745
61.1 -1.04936 0.478745
61.11 -1.04941 0.478746
61.12 -1.04946 0.478746
61.13 -1.04951 0.478746
61.14 -1.04956 0.478746
61.15 -1.04961 0.478746
61.16 -1.04966 0.478746
61.17 -1.04971 0.478746
61.18 -1.04976 0.478747
61.19 -1.04981 0.478747
61.2 -1.04986 0.478747
61.21 -1.04991 0.478747
61.22 -1.04996 0.478747
61.23 -1.05001 0.478747
61.24 -1.05006 0.478747
61.25 -1.05011 0.478748
61.26 -1.05016 0.478748
61.27 -1.05021 0.478748
61.28 -1.05026 0.478748
61.29 -1.05031 0.478748
61.3 -1.05036 0.478748
61.31 -1.05041 0.478748
61.32 -1.05046 0.478749
61.33 -1.05051 0.478749
61.34 -1.05056 0.478749
61.35 -1.05061 0.478749
61.36 -1.05066 0.478749
61.37 -1.05071 0.478749
61.38 -1.05076 0.478749
61.39 -1.05081 0.47875
61.4 -1.05086 0.47875
61.41 -1.05091 0.47875
61.42 -1.05096 0.47875
61.43 -1.05101 0.47875
61.44 -1.05106 0.47875
61.45 -1.05111 0.47875
61.46 -1.05116 0.47875
61.47 -1.05121 0.478751
61.48 -1.05126 0.478751
61.49 -1.05131 0.478751
61.5 -1.05136 0.478751
61.51 -1.05141 0.478751
61.52 -1.05146 0.478751
61.53 -1.05151 0.478751
61.54 -1.05156 0.478751
61.55 -1.05161 0.478752
61.56 -1.05166 0.478752
61.57 -1.05171 0.478752
61.58 -1.05176 0.478752
61.59 -1.05181 0.478752
61.6 -1.05186 0.478752
61.61 -1.05191 0.478752
61.62 -1.05196 0.478752
61.63 -1.05201 0.478753
61.64 -1.05206 0.478753
61.65 -1.05211 0.478753
61.66 -1.05216 0.478753
61.67 -1.05221 0.478753
61.68 -1.05226 0.478753
61.69 -1.0523 0.478753
61.7 -1.05235 0.478753
61.71 -1.0524 0.478754
61.72 -1.05245 0.478754
61.73 -1.0525 0.478754
61.74 -1.05255 0.478754
61.75 -1.0526 0.478754
61.76 -1.05265 0.478754
61.77 -1.0527 0.478754
61.78 -1.05275 0.478754
61.79 -1.0528 0.478754
61.8 -1.05285 0.478755
61.81 -1.0529 0.478755
61.82 -1.05295 0.478755
61.83 -1.053 0.478755
61.84 -1.05305 0.478755
61.85 -1.0531 0.478755
61.86 -1.05315 0.478755
61.87 -1.0532 0.478755
61.88 -1.05325 0.478756
61.89 -1.0533 0.478756
61.9 -1.05335 0.478756
61.91 -1.0534 0.478756
61.92 -1.05344 0.478756
61.93 -1.05349 0.478756
61.94 -1.05354 0.478756
61.95 -1.05359 0.478756
61.96 -1.05364 0.478756
61.97 -1.05369 0.478757
61.98 -1.05374 0.478757
61.99 -1.05379 0.478757
62 -1.05384 0.478757
62.01 -1.05389 0.478757
62.02 -1.05394 0.478757
62.03 -1.05399 0.478757
62.04 -1.05404 0.478758
62.05 -1.05409 0.478758
62.06 -1.05414 0.478758
62.07 -1.05419 0.478758
62.08 -1.05423 0.478758
62.09 -1.05428 0.478758
62.1 -1.05433 0.478758
62.11 -1.05438 0.478758
62.12 -1.05443 0.478759
62.13 -1.05448 0.478759
62.14 -1.05453 0.478759
62.15 -1.05458 0.478759
62.16 -1.05463 0.478759
62.17 -1.05468 0.478759
62.18 -1.05473 0.478759
62.19 -1.05478 0.47876
62.2 -1.05483 0.47876
62.21 -1.05488 0.47876
62.22 -1.05492 0.47876
62.23 -1.05497 0.47876
62.24 -1.05502 0.47876
62.25 -1.05507 0.47876
62.26 -1.05512 0.478761
62.27 -1.05517 0.478761
62.28 -1.05522 0.478761
62.29 -1.05527 0.478761
62.3 -1.05532 0.478761
62.31 -1.05537 0.478761
62.32 -1.05542 0.478761
62.33 -1.05547 0.478762
62.34 -1.05551 0.478762
62.35 -1.05556 0.478762
62.36 -1.05561 0.478762
62.37 -1.05566 0.478762
62.38 -1.05571 0.478762
62.39 -1.05576 0.478762
62.4 -1.05581 0.478763
62.41 -1.05586 0.478763
62.42 -1.05591 0.478763
62.43 -1.05596 0.478763
62.44 -1.05601 0.478763
62.45 -1.05605 0.478763
62.46 -1.0561 0.478763
62.47 -1.05615 0.478764
62.48 -1.0562 0.478764
62.49 -1.05625 0.478764
62.5 -1.0563 0.478764
62.51 -1.05635 0.478764
62.52 -1.0564 0.478764
62.53 -1.05645 0.478764
62.54 -1.0565 0.478765
62.55 -1.05655 0.478765
62.56 -1.05659 0.478765
62.57 -1.05664 0.478765
62.58 -1.05669 0.478765
62.59 -1.05674 0.478765
62.6 -1.05679 0.478765
62.61 -1.05684 0.478765
62.62 -1.05689 0.478766
62.63 -1.05694 0.478766
62.64 -1.05699 0.478766
62.65 -1.05703 0.478766
62.66 -1.05708 0.478766
62.67 -1.05713 0.478766
62.68 -1.05718 0.478766
62.69 -1.05723 0.478766
62.7 -1.05728 0.478767
62.71 -1.05733 0.478767
62.72 -1.05738 0.478767
62.73 -1.05743 0.478767
62.74 -1.05747 0.478767
62.75 -1.05752 0.478767
62.76 -1.05757 0.478767
62.77 -1.05762 0.478767
62.78 -1.05767 0.478767
62.79 -1.05772 0.478768
62.8 -1.05777 0.478768
62.81 -1.05782 0.478768
62.82 -1.05786 0.478768
62.83 -1.05791 0.478768
62.84 -1.05796 0.478768
62.85 -1.05801 0.478768
62.86 -1.05806 0.478768
62.87 -1.05811 0.478768
62.88 -1.05816 0.478769
62.89 -1.05821 0.478769
62.9 -1.05825 0.478769
62.91 -1.0583 0.478769
62.92 -1.05835 0.478769
62.93 -1.0584 0.478769
62.94 -1.05845 0.478769
62.95 -1.0585 0.478769
62.96 -1.05855 0.47877
62.97 -1.05859 0.47877
62.98 -1.05864 0.47877
62.99 -1.05869 0.47877
63 -1.05874 0.47877
63.01 -1.05879 0.47877
63.02 -1.05884 0.47877
63.03 -1.05889 0.47877
63.04 -1.05894 0.47877
63.05 -1.05898 0.478771
63.06 -1.05903 0.478771
63.07 -1.05908 0.478771
63.08 -1.05913 0.478771
63.09 -1.05918 0.478771
63.1 -1.05923 0.478771
63.11 -1.05928 0.478771
63.12 -1.05932 0.478771
63.13 -1.05937 0.478772
63.14 -1.05942 0.478772
63.15 -1.05947 0.478772
63.16 -1.05952 0.478772
63.17 -1.05957 0.478772
63.18 -1.05961 0.478772
63.19 -1.05966 0.478772
63.2 -1.05971 0.478772
63.21 -1.05976 0.478772
63.22 -1.05981 0.478773
63.23 -1.05986 0.478773
63.24 -1.05991 0.478773
63.25 -1.05995 0.478773
63.26 -1.06 0.478773
63.27 -1.06005 0.478773
63.28 -1.0601 0.478773
63.29 -1.06015 0.478773
63.3 -1.0602 0.478774
63.31 -1.06024 0.478774
63.32 -1.06029 0.478774
63.33 -1.06034 0.478774
63.34 -1.06039 0.478774
63.35 -1.06044 0.478774
63.36 -1.06049 0.478774
63.37 -1.06053 0.478774
63.38 -1.06058 0.478775
63.39 -1.06063 0.478775
63.4 -1.06068 0.478775
63.41 -1.06073 0.478775
63.42 -1.06078 0.478775
63.43 -1.06082 0.478775
63.44 -1.06087 0.478775
63.45 -1.06092 0.478775
63.46 -1.06097 0.478776
63.47 -1.06102 0.478776
63.48 -1.06107 0.478776
63.49 -1.06111 0.478776
63.5 -1.06116 0.478776
63.51 -1.06121 0.478776
63.52 -1.06126 0.478776
63.53 -1.06131 0.478776
63.54 -1.06135 0.478776
63.55 -1.0614 0.478777
63.56 -1.06145 0.478777
63.57 -1.0615 0.478777
63.58 -1.06155 0.478777
63.59 -1.0616 0.478777
63.6 -1.06164 0.478777
63.61 -1.06169 0.478777
63.62 -1.06174 0.478777
63.63 -1.06179 0.478778
63.64 -1.06184 0.478778
63.65 -1.06188 0.478778
63.66 -1.06193 0.478778
63.67 -1.06198 0.478778
63.68 -1.06203 0.478778
63.69 -1.06208 0.478778
63.7 -1.06212 0.478778
63.71 -1.06217 0.478779
63.72 -1.06222 0.478779
63.73 -1.06227 0.478779
63.74 -1.06232 0.478779
63.75 -1.06236 0.478779
63.76 -1.06241 0.478779
63.77 -1.06246 0.478779
63.78 -1.06251 0.478779
63.79 -1.06256 0.478779
63.8 -1.0626 0.47878
63.81 -1.06265 0.47878
63.82 -1.0627 0.47878
63.83 -1.06275 0.47878
63.84 -1.0628 0.47878
63.85 -1.06284 0.47878
63.86 -1.06289 0.47878
63.87 -1.06294 0.47878
63.88 -1.06299 0.478781
63.89 -1.06304 0.478781
63.9 -1.06308 0.478781
63.91 -1.06313 0.478781
63.92 -1.06318 0.478781
63.93 -1.06323 0.478781
63.94 -1.06328 0.478781
63.95 -1.06332 0.478781
63.96 -1.06337 0.478782
63.97 -1.06342 0.478782
63.98 -1.06347 0.478782
63.99 -1.06352 0.478782
64 -1.06356 0.478782
64.01 -1.06361 0.478782
64.02 -1.06366 0.478782
64.03 -1.06371 0.478782
64.04 -1.06375 0.478782
64.05 -1.0638 0.478783
64.06 -1.06385 0.478783
64.07 -1.0639 0.478783
64.08 -1.06395 0.478783
64.09 -1.06399 0.478783
64.1 -1.06404 0.478783
64.11 -1.06409 0.478783
64.12 -1.06414 0.478783
64.13 -1.06418 0.478784
64.14 -1.06423 0.478784
64.15 -1.06428 0.478784
64.16 -1.06433 0.478784
64.17 -1.06438 0.478784
64.18 -1.06442 0.478784
64.19 -1.06447 0.478784
64.2 -1.06452 0.478784
64.21 -1.06457 0.478785
64.22 -1.06461 0.478785
64.23 -1.06466 0.478785
64.24 -1.06471 0.478785
64.25 -1.06476 0.478785
64.26 -1.0648 0.478785
64.27 -1.06485 0.478785
64.28 -1.0649 0.478785
64.29 -1.06495 0.478785
64.3 -1.065 0.478786
64.31 -1.06504 0.478786
64.32 -1.06509 0.478786
64.33 -1.06514 0.478786
64.34 -1.06519 0.478786
64.35 -1.06523 0.478786
64.36 -1.06528 0.478786
64.37 -1.06533 0.478786
64.38 -1.06538 0.478787
64.39 -1.06542 0.478787
64.4 -1.06547 0.478787
64.41 -1.06552 0.478787
64.42 -1.06557 0.478787
64.43 -1.06561 0.478787
64.44 -1.06566 0.478787
64.45 -1.06571 0.478787
64.46 -1.06576 0.478788
64.47 -1.0658 0.478788
64.48 -1.06585 0.478788
64.49 -1.0659 0.478788
64.5 -1.06595 0.478788
64.51 -1.06599 0.478788
64.52 -1.06604 0.478788
64.53 -1.06609 0.478788
64.54 -1.06614 0.478788
64.55 -1.06618 0.478789
64.56 -1.06623 0.478789
64.57 -1.06628 0.478789
64.58 -1.06633 0.478789
64.59 -1.06637 0.478789
64.6 -1.06642 0.478789
64.61 -1.06647 0.478789
64.62 -1.06652 0.478789
64.63 -1.06656 0.47879
64.64 -1.06661 0.47879
64.65 -1.06666 0.47879
64.66 -1.0667 0.47879
64.67 -1.06675 0.47879
64.68 -1.0668 0.47879
64.69 -1.06685 0.47879
64.7 -1.06689 0.47879
64.71 -1.06694 0.47879
64.72 -1.06699 0.478791
64.73 -1.06704 0.478791
64.74 -1.06708 0.478791
64.75 -1.06713 0.478791
64.76 -1.06718 0.478791
64.77 -1.06723 0.478791
64.78 -1.06727 0.478791
64.79 -1.06732 0.478791
64.8 -1.06737 0.478792
64.81 -1.06741 0.478792
64.82 -1.06746 0.478792
64.83 -1.06751 0.478792
64.84 -1.06756 0.478792
64.85 -1.0676 0.478792
64.86 -1.06765 0.478792
64.87 -1.0677 0.478792
64.88 -1.06775 0.478793
64.89 -1.06779 0.478793
64.9 -1.06784 0.478793
64.91 -1.06789 0.478793
64.92 -1.06793 0.478793
64.93 -1.06798 0.478793
64.94 -1.06803 0.478793
64.95 -1.06808 0.478793
64.96 -1.06812 0.478794
64.97 -1.06817 0.478794
64.98 -1.06822 0.478794
64.99 -1.06826 0.478794
65 -1.06831 0.478794
65.01 -1.06836 0.478794
65.02 -1.0684 0.478794
65.03 -1.06845 0.478794
65.04 -1.0685 0.478794
65.05 -1.06855 0.478795
65.06 -1.06859 0.478795
65.07 -1.06864 0.478795
65.08 -1.06869 0.478795
65.09 -1.06873 0.478795
65.1 -1.06878 0.478795
65.11 -1.06883 0.478795
65.12 -1.06888 0.478795
65.13 -1.06892 0.478796
65.14 -1.06897 0.478796
65.15 -1.06902 0.478796
65.16 -1.06906 0.478796
65.17 -1.06911 0.478796
65.18 -1.06916 0.478796
65.19 -1.0692 0.478796
65.2 -1.06925 0.478796
65.21 -1.0693 0.478797
65.22 -1.06935 0.478797
65.23 -1.06939 0.478797
65.24 -1.06944 0.478797
65.25 -1.06949 0.478797
65.26 -1.06953 0.478797
65.27 -1.06958 0.478797
65.28 -1.06963 0.478797
65.29 -1.06967 0.478798
65.3 -1.06972 0.478798
65.31 -1.06977 0.478798
65.32 -1.06981 0.478798
65.33 -1.06986 0.478798
65.34 -1.06991 0.478798
65.35 -1.06996 0.478798
65.36 -1.07 0.478798
65.37 -1.07005 0.478799
65.38 -1.0701 0.478799
65.39 -1.07014 0.478799
65.4 -1.07019 0.478799
65.41 -1.07024 0.478799
65.42 -1.07028 0.478799
65.43 -1.07033 0.478799
65.44 -1.07038 0.478799
65.45 -1.07042 0.478799
65.46 -1.07047 0.4788
65.47 -1.07052 0.4788
65.48 -1.07056 0.4788
65.49 -1.07061 0.4788
65.5 -1.07066 0.4788
65.51 -1.0707 0.4788
65.52 -1.07075 0.4788
65.53 -1.0708 0.4788
65.54 -1.07084 0.4788
65.55 -1.07089 0.478801
65.56 -1.07094 0.478801
65.57 -1.07098 0.478801
65.58 -1.07103 0.478801
65.59 -1.07108 0.478801
65.6 -1.07112 0.478801
65.61 -1.07117 0.478801
65.62 -1.07122 0.478801
65.63 -1.07126 0.478801
65.64 -1.07131 0.478801
65.65 -1.07136 0.478802
65.66 -1.0714 0.478802
65.67 -1.07145 0.478802
65.68 -1.0715 0.478802
65.69 -1.07154 0.478802
65.7 -1.07159 0.478802
65.71 -1.07164 0.478802
65.72 -1.07168 0.478802
65.73 -1.07173 0.478802
65.74 -1.07178 0.478802
65.75 -1.07182 0.478802
65.76 -1.07187 0.478803
65.77 -1.07192 0.478803
65.78 -1.07196 0.478803
65.79 -1.07201 0.478803
65.8 -1.07206 0.478803
65.81 -1.0721 0.478803
65.82 -1.07215 0.478803
65.83 -1.0722 0.478803
65.84 -1.07224 0.478803
65.85 -1.07229 0.478803
65.86 -1.07234 0.478804
65.87 -1.07238 0.478804
65.88 -1.07243 0.478804
65.89 -1.07248 0.478804
65.9 -1.07252 0.478804
65.91 -1.07257 0.478804
65.92 -1.07261 0.478804
65.93 -1.07266 0.478804
65.94 -1.07271 0.478804
65.95 -1.07275 0.478804
65.96 -1.0728 0.478805
65.97 -1.07285 0.478805
65.98 -1.07289 0.478805
65.99 -1.07294 0.478805
66 -1.07299 0.478805
66.01 -1.07303 0.478805
66.02 -1.07308 0.478805
66.03 -1.07313 0.478805
66.04 -1.07317 0.478805
66.05 -1.07322 0.478806
66.06 -1.07326 0.478806
66.07 -1.07331 0.478806
66.08 -1.07336 0.478806
66.09 -1.0734 0.478806
66.1 -1.07345 0.478806
66.11 -1.0735 0.478806
66.12 -1.07354 0.478806
66.13 -1.07359 0.478807
66.14 -1.07363 0.478807
66.15 -1.07368 0.478807
66.16 -1.07373 0.478807
66.17 -1.07377 0.478807
66.18 -1.07382 0.478807
66.19 -1.07387 0.478807
66.2 -1.07391 0.478807
66.21 -1.07396 0.478807
66.22 -1.074 0.478808
66.23 -1.07405 0.478808
66.24 -1.0741 0.478808
66.25 -1.07414 0.478808
66.26 -1.07419 0.478808
66.27 -1.07424 0.478808
66.28 -1.07428 0.478808
66.29 -1.07433 0.478808
66.3 -1.07437 0.478809
66.31 -1.07442 0.478809
66.32 -1.07447 0.478809
66.33 -1.07451 0.478809
66.34 -1.07456 0.478809
66.35 -1.07461 0.478809
66.36 -1.07465 0.478809
66.37 -1.0747 0.478809
66.38 -1.07474 0.47881
66.39 -1.07479 0.47881
66.4 -1.07484 0.47881
66.41 -1.07488 0.47881
66.42 -1.07493 0.47881
66.43 -1.07497 0.47881
66.44 -1.07502 0.47881
66.45 -1.07507 0.47881
66.46 -1.07511 0.478811
66.47 -1.07516 0.478811
66.48 -1.0752 0.478811
66.49 -1.07525 0.478811
66.5 -1.0753 0.478811
66.51 -1.07534 0.478811
66.52 -1.07539 0.478811
66.53 -1.07543 0.478811
66.54 -1.07548 0.478811
66.55 -1.07553 0.478812
66.56 -1.07557 0.478812
66.57 -1.07562 0.478812
66.58 -1.07566 0.478812
66.59 -1.07571 0.478812
66.6 -1.07576 0.478812
66.61 -1.0758 0.478812
66.62 -1.07585 0.478812
66.63 -1.07589 0.478812
66.64 -1.07594 0.478813
66.65 -1.07599 0.478813
66.66 -1.07603 0.478813
66.67 -1.07608 0.478813
66.68 -1.07612 0.478813
66.69 -1.07617 0.478813
66.7 -1.07622 0.478813
66.71 -1.07626 0.478813
66.72 -1.07631 0.478813
66.73 -1.07635 0.478813
66.74 -1.0764 0.478814
66.75 -1.07645 0.478814
66.76 -1.07649 0.478814
66.77 -1.07654 0.478814
66.78 -1.07658 0.478814
66.79 -1.07663 0.478814
66.8 -1.07668 0.478814
66.81 -1.07672 0.478814
66.82 -1.07677 0.478814
66.83 -1.07681 0.478814
66.84 -1.07686 0.478814
66.85 -1.0769 0.478815
66.86 -1.07695 0.478815
66.87 -1.077 0.478815
66.88 -1.07704 0.478815
66.89 -1.07709 0.478815
66.9 -1.07713 0.478815
66.91 -1.07718 0.478815
66.92 -1.07722 0.478815
66.93 -1.07727 0.478815
66.94 -1.07732 0.478815
66.95 -1.07736 0.478816
66.96 -1.07741 0.478816
66.97 -1.07745 0.478816
66.98 -1.0775 0.478816
66.99 -1.07754 0.478816
67 -1.07759 0.478816
67.01 -1.07764 0.478816
67.02 -1.07768 0.478816
67.03 -1.07773 0.478816
67.04 -1.07777 0.478816
67.05 -1.07782 0.478816
67.06 -1.07786 0.478817
67.07 -1.07791 0.478817
67.08 -1.07796 0.478817
67.09 -1.078 0.478817
67.1 -1.07805 0.478817
67.11 -1.07809 0.478817
67.12 -1.07814 0.478817
67.13 -1.07818 0.478817
67.14 -1.07823 0.478817
67.15 -1.07828 0.478817
67.16 -1.07832 0.478818
67.17 -1.07837 0.478818
67.18 -1.07841 0.478818
67.19 -1.07846 0.478818
67.2 -1.0785 0.478818
67.21 -1.07855 0.478818
67.22 -1.07859 0.478818
67.23 -1.07864 0.478818
67.24 -1.07869 0.478818
67.25 -1.07873 0.478818
67.26 -1.07878 0.478819
67.27 -1.07882 0.478819
67.28 -1.07887 0.478819
67.29 -1.07891 0.478819
67.3 -1.07896 0.478819
67.31 -1.079 0.478819
67.32 -1.07905 0.478819
67.33 -1.07909 0.478819
67.34 -1.07914 0.478819
67.35 -1.07919 0.478819
67.36 -1.07923 0.47882
67.37 -1.07928 0.47882
67.38 -1.07932 0.47882
67.39 -1.07937 0.47882
67.4 -1.07941 0.47882
67.41 -1.07946 0.47882
67.42 -1.0795 0.47882
67.43 -1.07955 0.47882
67.44 -1.07959 0.47882
67.45 -1.07964 0.47882
67.46 -1.07969 0.478821
67.47 -1.07973 0.478821
67.48 -1.07978 0.478821
67.49 -1.07982 0.478821
67.5 -1.07987 0.478821
67.51 -1.07991 0.478821
67.52 -1.07996 0.478821
67.53 -1.08 0.478821
67.54 -1.08005 0.478821
67.55 -1.08009 0.478822
67.56 -1.08014 0.478822
67.57 -1.08018 0.478822
67.58 -1.08023 0.478822
67.59 -1.08027 0.478822
67.6 -1.08032 0.478822
67.61 -1.08036 0.478822
67.62 -1.08041 0.478822
67.63 -1.08046 0.478822
67.64 -1.0805 0.478822
67.65 -1.08055 0.478823
67.66 -1.08059 0.478823
67.67 -1.08064 0.478823
67.68 -1.08068 0.478823
67.69 -1.08073 0.478823
67.7 -1.08077 0.478823
67.71 -1.08082 0.478823
67.72 -1.08086 0.478823
67.73 -1.08091 0.478823
67.74 -1.08095 0.478823
67.75 -1.081 0.478824
67.76 -1.08104 0.478824
67.77 -1.08109 0.478824
67.78 -1.08113 0.478824
67.79 -1.08118 0.478824
67.8 -1.08122 0.478824
67.81 -1.08127 0.478824
67.82 -1.08131 0.478824
67.83 -1.08136 0.478824
67.84 -1.0814 0.478824
67.85 -1.08145 0.478825
67.86 -1.08149 0.478825
67.87 -1.08154 0.478825
67.88 -1.08159 0.478825
67.89 -1.08163 0.478825
67.9 -1.08168 0.478825
67.91 -1.08172 0.478825
67.92 -1.08177 0.478825
67.93 -1.08181 0.478825
67.94 -1.08186 0.478825
67.95 -1.0819 0.478826
67.96 -1.08195 0.478826
67.97 -1.08199 0.478826
67.98 -1.08204 0.478826
67.99 -1.08208 0.478826
68 -1.08213 0.478826
68.01 -1.08217 0.478826
68.02 -1.08222 0.478826
68.03 -1.08226 0.478826
68.04 -1.08231 0.478826
68.05 -1.08235 0.478826
68.06 -1.0824 0.478827
68.07 -1.08244 0.478827
68.08 -1.08249 0.478827
68.09 -1.08253 0.478827
68.1 -1.08258 0.478827
68.11 -1.08262 0.478827
68.12 -1.08267 0.478827
68.13 -1.08271 0.478827
68.14 -1.08276 0.478827
68.15 -1.0828 0.478827
68.16 -1.08285 0.478828
68.17 -1.08289 0.478828
68.18 -1.08293 0.478828
68.19 -1.08298 0.478828
68.2 -1.08302 0.478828
68.21 -1.08307 0.478828
68.22 -1.08311 0.478828
68.23 -1.08316 0.478828
68.24 -1.0832 0.478828
68.25 -1.08325 0.478828
68.26 -1.08329 0.478829
68.27 -1.08334 0.478829
68.28 -1.08338 0.478829
68.29 -1.08343 0.478829
68.3 -1.08347 0.478829
68.31 -1.08352 0.478829
68.32 -1.08356 0.478829
68.33 -1.08361 0.478829
68.34 -1.08365 0.478829
68.35 -1.0837 0.478829
68.36 -1.08374 0.47883
68.37 -1.08379 0.47883
68.38 -1.08383 0.47883
68.39 -1.08388 0.47883
68.4 -1.08392 0.47883
68.41 -1.08397 0.47883
68.42 -1.08401 0.47883
68.43 -1.08406 0.47883
68.44 -1.0841 0.47883
68.45 -1.08414 0.47883
68.46 -1.08419 0.478831
68.47 -1.08423 0.478831
68.48 -1.08428 0.478831
68.49 -1.08432 0.478831
68.5 -1.08437 0.478831
68.51 -1.08441 0.478831
68.52 -1.08446 0.478831
68.53 -1.0845 0.478831
68.54 -1.08455 0.478831
68.55 -1.08459 0.478832
68.56 -1.08464 0.478832
68.57 -1.08468 0.478832
68.58 -1.08473 0.478832
68.59 -1.08477 0.478832
68.6 -1.08481 0.478832
68.61 -1.08486 0.478832
68.62 -1.0849 0.478832
68.63 -1.08495 0.478832
68.64 -1.08499 0.478832
68.65 -1.08504 0.478833
68.66 -1.08508 0.478833
68.67 -1.08513 0.478833
68.68 -1.08517 0.478833
68.69 -1.08522 0.478833
68.7 -1.08526 0.478833
68.71 -1.08531 0.478833
68.72 -1.08535 0.478833
68.73 -1.08539 0.478833
68.74 -1.08544 0.478833
68.75 -1.08548 0.478834
68.76 -1.08553 0.478834
68.77 -1.08557 0.478834
68.78 -1.08562 0.478834
68.79 -1.08566 0.478834
68.8 -1.08571 0.478834
68.81 -1.08575 0.478834
68.82 -1.08579 0.478834
68.83 -1.08584 0.478834
68.84 -1.08588 0.478834
68.85 -1.08593 0.478835
68.86 -1.08597 0.478835
68.87 -1.08602 0.478835
68.88 -1.08606 0.478835
68.89 -1.08611 0.478835
68.9 -1.08615 0.478835
68.91 -1.08619 0.478835
68.92 -1.08624 0.478835
68.93 -1.08628 0.478835
68.94 -1.08633 0.478835
68.95 -1.08637 0.478836
68.96 -1.08642 0.478836
68.97 -1.08646 0.478836
68.98 -1.08651 0.478836
68.99 -1.08655 0.478836
69 -1.08659 0.478836
69.01 -1.08664 0.478836
69.02 -1.08668 0.478836
69.03 -1.08673 0.478836
69.04 -1.08677 0.478836
69.05 -1.08682 0.478836
69.06 -1.08686 0.478837
69.07 -1.0869 0.478837
69.08 -1.08695 0.478837
69.09 -1.08699 0.478837
69.1 -1.08704 0.478837
69.11 -1.08708 0.478837
69.12 -1.08713 0.478837
69.13 -1.08717 0.478837
69.14 -1.08721 0.478837
69.15 -1.08726 0.478837
69.16 -1.0873 0.478838
69.17 -1.08735 0.478838
69.18 -1.08739 0.478838
69.19 -1.08744 0.478838
69.2 -1.08748 0.478838
69.21 -1.08752 0.478838
69.22 -1.08757 0.478838
69.23 -1.08761 0.478838
69.24 -1.08766 0.478838
69.25 -1.0877 0.478838
69.26 -1.08775 0.478839
69.27 -1.08779 0.478839
69.28 -1.08783 0.478839
69.29 -1.08788 0.478839
69.3 -1.08792 0.478839
69.31 -1.08797 0.478839
69.32 -1.08801 0.478839
69.33 -1.08805 0.478839
69.34 -1.0881 0.478839
69.35 -1.08814 0.478839
69.36 -1.08819 0.47884
69.37 -1.08823 0.47884
69.38 -1.08828 0.47884
69.39 -1.08832 0.47884
69.4 -1.08836 0.47884
69.41 -1.08841 0.47884
69.42 -1.08845 0.47884
69.43 -1.0885 0.47884
69.44 -1.08854 0.47884
69.45 -1.08858 0.47884
69.46 -1.08863 0.478841
69.47 -1.08867 0.478841
69.48 -1.08872 0.478841
69.49 -1.08876 0.478841
69.5 -1.0888 0.478841
69.51 -1.08885 0.478841
69.52 -1.08889 0.478841
69.53 -1.08894 0.478841
69.54 -1.08898 0.478841
69.55 -1.08902 0.478842
69.56 -1.08907 0.478842
69.57 -1.08911 0.478842
69.58 -1.08916 0.478842
69.59 -1.0892 0.478842
69.6 -1.08924 0.478842
69.61 -1.08929 0.478842
69.62 -1.08933 0.478842
69.63 -1.08938 0.478842
69.64 -1.08942 0.478842
69.65 -1.08946 0.478843
69.66 -1.08951 0.478843
69.67 -1.08955 0.478843
69.68 -1.0896 0.478843
69.69 -1.08964 0.478843
69.7 -1.08968 0.478843
69.71 -1.08973 0.478843
69.72 -1.08977 0.478843
69.73 -1.08982 0.478843
69.74 -1.08986 0.478844
69.75 -1.0899 0.478844
69.76 -1.08995 0.478844
69.77 -1.08999 0.478844
69.78 -1.09004 0.478844
69.79 -1.09008 0.478844
69.8 -1.09012 0.478844
69.81 -1.09017 0.478844
69.82 -1.09021 0.478844
69.83 -1.09025 0.478844
69.84 -1.0903 0.478845
69.85 -1.09034 0.478845
69.86 -1.09039 0.478845
69.87 -1.09043 0.478845
69.88 -1.09047 0.478845
69.89 -1.09052 0.478845
69.9 -1.09056 0.478845
69.91 -1.09061 0.478845
69.92 -1.09065 0.478845
69.93 -1.09069 0.478845
69.94 -1.09074 0.478845
69.95 -1.09078 0.478846
69.96 -1.09082 0.478846
69.97 -1.09087 0.478846
69.98 -1.09091 0.478846
69.99 -1.09096 0.478846
70 -1.091 0.478846
70.01 -1.09104 0.478846
70.02 -1.09109 0.478846
70.03 -1.09113 0.478846
70.04 -1.09117 0.478846
70.05 -1.09122 0.478846
70.06 -1.09126 0.478847
70.07 -1.0913 0.478847
70.08 -1.09135 0.478847
70.09 -1.09139 0.478847
70.1 -1.09144 0.478847
70.11 -1.09148 0.478847
70.12 -1.09152 0.478847
70.13 -1.09157 0.478847
70.14 -1.09161 0.478847
70.15 -1.09165 0.478847
70.16 -1.0917 0.478847
70.17 -1.09174 0.478847
70.18 -1.09179 0.478847
70.19 -1.09183 0.478848
70.2 -1.09187 0.478848
70.21 -1.09192 0.478848
70.22 -1.09196 0.478848
70.23 -1.092 0.478848
70.24 -1.09205 0.478848
70.25 -1.09209 0.478848
70.26 -1.09213 0.478848
70.27 -1.09218 0.478848
70.28 -1.09222 0.478848
70.29 -1.09226 0.478848
70.3 -1.09231 0.478848
70.31 -1.09235 0.478848
70.32 -1.0924 0.478849
70.33 -1.09244 0.478849
70.34 -1.09248 0.478849
70.35 -1.09253 0.478849
70.36 -1.09257 0.478849
70.37 -1.09261 0.478849
70.38 -1.09266 0.478849
70.39 -1.0927 0.478849
70.4 -1.09274 0.478849
70.41 -1.09279 0.478849
70.42 -1.09283 0.478849
70.43 -1.09287 0.478849
70.44 -1.09292 0.478849
70.45 -1.09296 0.47885
70.46 -1.093 0.47885
70.47 -1.09305 0.47885
70.48 -1.09309 0.47885
70.49 -1.09313 0.47885
70.5 -1.09318 0.47885
70.51 -1.09322 0.47885
70.52 -1.09326 0.47885
70.53 -1.09331 0.47885
70.54 -1.09335 0.47885
70.55 -1.09339 0.47885
70.56 -1.09344 0.478851
70.57 -1.09348 0.478851
70.58 -1.09352 0.478851
70.59 -1.09357 0.478851
70.6 -1.09361 0.478851
70.61 -1.09365 0.478851
70.62 -1.0937 0.478851
70.63 -1.09374 0.478851
70.64 -1.09378 0.478851
70.65 -1.09383 0.478851
70.66 -1.09387 0.478852
70.67 -1.09391 0.478852
70.68 -1.09396 0.478852
70.69 -1.094 0.478852
70.7 -1.09404 0.478852
70.71 -1.09409 0.478852
70.72 -1.09413 0.478852
70.73 -1.09417 0.478852
70.74 -1.09422 0.478852
70.75 -1.09426 0.478853
70.76 -1.0943 0.478853
70.77 -1.09435 0.478853
70.78 -1.09439 0.478853
70.79 -1.09443 0.478853
70.8 -1.09448 0.478853
70.81 -1.09452 0.478853
70.82 -1.09456 0.478853
70.83 -1.09461 0.478853
70.84 -1.09465 0.478853
70.85 -1.09469 0.478854
70.86 -1.09474 0.478854
70.87 -1.09478 0.478854
70.88 -1.09482 0.478854
70.89 -1.09487 0.478854
70.9 -1.09491 0.478854
70.91 -1.09495 0.478854
70.92 -1.095 0.478854
70.93 -1.09504 0.478854
70.94 -1.09508 0.478854
70.95 -1.09512 0.478855
70.96 -1.09517 0.478855
70.97 -1.09521 0.478855
70.98 -1.09525 0.478855
70.99 -1.0953 0.478855
71 -1.09534 0.478855
71.01 -1.09538 0.478855
71.02 -1.09543 0.478855
71.03 -1.09547 0.478855
71.04 -1.09551 0.478855
71.05 -1.09556 0.478855
71.06 -1.0956 0.478856
71.07 -1.09564 0.478856
71.08 -1.09569 0.478856
71.09 -1.09573 0.478856
71.1 -1.09577 0.478856
71.11 -1.09581 0.478856
71.12 -1.09586 0.478856
71.13 -1.0959 0.478856
71.14 -1.09594 0.478856
71.15 -1.09599 0.478856
71.16 -1.09603 0.478856
71.17 -1.09607 0.478856
71.18 -1.09612 0.478856
71.19 -1.09616 0.478857
71.2 -1.0962 0.478857
71.21 -1.09624 0.478857
71.22 -1.09629 0.478857
71.23 -1.09633 0.478857
71.24 -1.09637 0.478857
71.25 -1.09642 0.478857
71.26 -1.09646 0.478857
71.27 -1.0965 0.478857
71.28 -1.09655 0.478857
71.29 -1.09659 0.478857
71.3 -1.09663 0.478857
71.31 -1.09667 0.478857
71.32 -1.09672 0.478858
71.33 -1.09676 0.478858
71.34 -1.0968 0.478858
71.35 -1.09685 0.478858
71.36 -1.09689 0.478858
71.37 -1.09693 0.478858
71.38 -1.09697 0.478858
71.39 -1.09702 0.478858
71.4 -1.09706 0.478858
71.41 -1.0971 0.478858
71.42 -1.09715 0.478858
71.43 -1.09719 0.478858
71.44 -1.09723 0.478858
71.45 -1.09727 0.478859
71.46 -1.09732 0.478859
71.47 -1.09736 0.478859
71.48 -1.0974 0.478859
71.49 -1.09745 0.478859
71.5 -1.09749 0.478859
71.51 -1.09753 0.478859
71.52 -1.09757 0.478859
71.53 -1.09762 0.478859
71.54 -1.09766 0.478859
71.55 -1.0977 0.478859
71.56 -1.09774 0.47886
71.57 -1.09779 0.47886
71.58 -1.09783 0.47886
71.59 -1.09787 0.47886
71.6 -1.09792 0.47886
71.61 -1.09796 0.47886
71.62 -1.098 0.47886
71.63 -1.09804 0.47886
71.64 -1.09809 0.47886
71.65 -1.09813 0.47886
71.66 -1.09817 0.478861
71.67 -1.09821 0.478861
71.68 -1.09826 0.478861
71.69 -1.0983 0.478861
71.7 -1.09834 0.478861
71.71 -1.09839 0.478861
71.72 -1.09843 0.478861
71.73 -1.09847 0.478861
71.74 -1.09851 0.478861
71.75 -1.09856 0.478861
71.76 -1.0986 0.478862
71.77 -1.09864 0.478862
71.78 -1.09868 0.478862
71.79 -1.09873 0.478862
71.8 -1.09877 0.478862
71.81 -1.09881 0.478862
71.82 -1.09885 0.478862
71.83 -1.0989 0.478862
71.84 -1.09894 0.478862
71.85 -1.09898 0.478863
71.86 -1.09902 0.478863
71.87 -1.09907 0.478863
71.88 -1.09911 0.478863
71.89 -1.09915 0.478863
71.9 -1.0992 0.478863
71.91 -1.09924 0.478863
71.92 -1.09928 0.478863
71.93 -1.09932 0.478863
71.94 -1.09937 0.478863
71.95 -1.09941 0.478864
71.96 -1.09945 0.478864
71.97 -1.09949 0.478864
71.98 -1.09954 0.478864
71.99 -1.09958 0.478864
72 -1.09962 0.478864
72.01 -1.09966 0.478864
72.02 -1.09971 0.478864
72.03 -1.09975 0.478864
72.04 -1.09979 0.478864
72.05 -1.09983 0.478864
72.06 -1.09988 0.478865
72.07 -1.09992 0.478865
72.08 -1.09996 0.478865
72.09 -1.1 0.478865
72.1 -1.10005 0.478865
72.11 -1.10009 0.478865
72.12 -1.10013 0.478865
72.13 -1.10017 0.478865
72.14 -1.10022 0.478865
72.15 -1.10026 0.478865
72.16 -1.1003 0.478865
72.17 -1.10034 0.478865
72.18 -1.10039 0.478866
72.19 -1.10043 0.478866
72.2 -1.10047 0.478866
72.21 -1.10051 0.478866
72.22 -1.10055 0.478866
72.23 -1.1006 0.478866
72.24 -1.10064 0.478866
72.25 -1.10068 0.478866
72.26 -1.10072 0.478866
72.27 -1.10077 0.478866
72.28 -1.10081 0.478866
72.29 -1.10085 0.478866
72.3 -1.10089 0.478866
72.31 -1.10094 0.478867
72.32 -1.10098 0.478867
72.33 -1.10102 0.478867
72.34 -1.10106 0.478867
72.35 -1.10111 0.478867
72.36 -1.10115 0.478867
72.37 -1.10119 0.478867
72.38 -1.10123 0.478867
72.39 -1.10127 0.478867
72.4 -1.10132 0.478867
72.41 -1.10136 0.478867
72.42 -1.1014 0.478867
72.43 -1.10144 0.478867
72.44 -1.10149 0.478868
72.45 -1.10153 0.478868
72.46 -1.10157 0.478868
72.47 -1.10161 0.478868
72.48 -1.10165 0.478868
72.49 -1.1017 0.478868
72.5 -1.10174 0.478868
72.51 -1.10178 0.478868
72.52 -1.10182 0.478868
72.53 -1.10187 0.478868
72.54 -1.10191 0.478868
72.55 -1.10195 0.478868
72.56 -1.10199 0.478868
72.57 -1.10203 0.478869
72.58 -1.10208 0.478869
72.59 -1.10212 0.478869
72.6 -1.10216 0.478869
72.61 -1.1022 0.478869
72.62 -1.10225 0.478869
72.63 -1.10229 0.478869
72.64 -1.10233 0.478869
72.65 -1.10237 0.478869
72.66 -1.10241 0.478869
72.67 -1.10246 0.478869
72.68 -1.1025 0.478869
72.69 -1.10254 0.478869
72.7 -1.10258 0.47887
72.71 -1.10262 0.47887
72.72 -1.10267 0.47887
72.73 -1.10271 0.47887
72.74 -1.10275 0.47887
72.75 -1.10279 0.47887
72.76 -1.10283 0.47887
72.77 -1.10288 0.47887
72.78 -1.10292 0.47887
72.79 -1.10296 0.47887
72.8 -1.103 0.47887
72.81 -1.10304 0.47887
72.82 -1.10309 0.478871
72.83 -1.10313 0.478871
72.84 -1.10317 0.478871
72.85 -1.10321 0.478871
72.86 -1.10325 0.478871
72.87 -1.1033 0.478871
72.88 -1.10334 0.478871
72.89 -1.10338 0.478871
72.9 -1.10342 0.478871
72.91 -1.10346 0.478871
72.92 -1.10351 0.478871
72.93 -1.10355 0.478871
72.94 -1.10359 0.478872
72.95 -1.10363 0.478872
72.96 -1.10367 0.478872
72.97 -1.10372 0.478872
72.98 -1.10376 0.478872
72.99 -1.1038 0.478872
73 -1.10384 0.478872
73.01 -1.10388 0.478872
73.02 -1.10393 0.478872
73.03 -1.10397 0.478872
73.04 -1.10401 0.478872
73.05 -1.10405 0.478872
73.06 -1.10409 0.478872
73.07 -1.10414 0.478873
73.08 -1.10418 0.478873
73.09 -1.10422 0.478873
73.1 -1.10426 0.478873
73.11 -1.1043 0.478873
73.12 -1.10434 0.478873
73.13 -1.10439 0.478873
73.14 -1.10443 0.478873
73.15 -1.10447 0.478873
73.16 -1.10451 0.478873
73.17 -1.10455 0.478873
73.18 -1.1046 0.478873
73.19 -1.10464 0.478874
73.2 -1.10468 0.478874
73.21 -1.10472 0.478874
73.22 -1.10476 0.478874
73.23 -1.1048 0.478874
73.24 -1.10485 0.478874
73.25 -1.10489 0.478874
73.26 -1.10493 0.478874
73.27 -1.10497 0.478874
73.28 -1.10501 0.478874
73.29 -1.10506 0.478874
73.3 -1.1051 0.478874
73.31 -1.10514 0.478874
73.32 -1.10518 0.478875
73.33 -1.10522 0.478875
73.34 -1.10526 0.478875
73.35 -1.10531 0.478875
73.36 -1.10535 0.478875
73.37 -1.10539 0.478875
73.38 -1.10543 0.478875
73.39 -1.10547 0.478875
73.4 -1.10551 0.478875
73.41 -1.10556 0.478875
73.42 -1.1056 0.478875
73.43 -1.10564 0.478875
73.44 -1.10568 0.478876
73.45 -1.10572 0.478876
73.46 -1.10576 0.478876
73.47 -1.10581 0.478876
73.48 -1.10585 0.478876
73.49 -1.10589 0.478876
73.5 -1.10593 0.478876
73.51 -1.10597 0.478876
73.52 -1.10601 0.478876
73.53 -1.10606 0.478876
73.54 -1.1061 0.478876
73.55 -1.10614 0.478876
73.56 -1.10618 0.478876
73.57 -1.10622 0.478877
73.58 -1.10626 0.478877
73.59 -1.10631 0.478877
73.6 -1.10635 0.478877
73.61 -1.10639 0.478877
73.62 -1.10643 0.478877
73.63 -1.10647 0.478877
73.64 -1.10651 0.478877
73.65 -1.10655 0.478877
73.66 -1.1066 0.478877
73.67 -1.10664 0.478877
73.68 -1.10668 0.478877
73.69 -1.10672 0.478878
73.7 -1.10676 0.478878
73.71 -1.1068 0.478878
73.72 -1.10685 0.478878
73.73 -1.10689 0.478878
73.74 -1.10693 0.478878
73.75 -1.10697 0.478878
73.76 -1.10701 0.478878
73.77 -1.10705 0.478878
73.78 -1.10709 0.478878
73.79 -1.10714 0.478878
73.8 -1.10718 0.478878
73.81 -1.10722 0.478878
73.82 -1.10726 0.478879
73.83 -1.1073 0.478879
73.84 -1.10734 0.478879
73.85 -1.10738 0.478879
73.86 -1.10743 0.478879
73.87 -1.10747 0.478879
73.88 -1.10751 0.478879
73.89 -1.10755 0.478879
73.9 -1.10759 0.478879
73.91 -1.10763 0.478879
73.92 -1.10767 0.478879
73.93 -1.10772 0.478879
73.94 -1.10776 0.47888
73.95 -1.1078 0.47888
73.96 -1.10784 0.47888
73.97 -1.10788 0.47888
73.98 -1.10792 0.47888
73.99 -1.10796 0.47888
74 -1.10801 0.47888
74.01 -1.10805 0.47888
74.02 -1.10809 0.47888
74.03 -1.10813 0.47888
74.04 -1.10817 0.47888
74.05 -1.10821 0.47888
74.06 -1.10825 0.47888
74.07 -1.10829 0.478881
74.08 -1.10834 0.478881
74.09 -1.10838 0.478881
74.1 -1.10842 0.478881
74.11 -1.10846 0.478881
74.12 -1.1085 0.478881
74.13 -1.10854 0.478881
74.14 -1.10858 0.478881
74.15 -1.10862 0.478881
74.16 -1.10867 0.478881
74.17 -1.10871 0.478881
74.18 -1.10875 0.478881
74.19 -1.10879 0.478882
74.2 -1.10883 0.478882
74.21 -1.10887 0.478882
74.22 -1.10891 0.478882
74.23 -1.10895 0.478882
74.24 -1.109 0.478882
74.25 -1.10904 0.478882
74.26 -1.10908 0.478882
74.27 -1.10912 0.478882
74.28 -1.10916 0.478882
74.29 -1.1092 0.478882
74.3 -1.10924 0.478882
74.31 -1.10928 0.478882
74.32 -1.10933 0.478883
74.33 -1.10937 0.478883
74.34 -1.10941 0.478883
74.35 -1.10945 0.478883
74.36 -1.10949 0.478883
74.37 -1.10953 0.478883
74.38 -1.10957 0.478883
74.39 -1.10961 0.478883
74.4 -1.10965 0.478883
74.41 -1.1097 0.478883
74.42 -1.10974 0.478883
74.43 -1.10978 0.478883
74.44 -1.10982 0.478884
74.45 -1.10986 0.478884
74.46 -1.1099 0.478884
74.47 -1.10994 0.478884
74.48 -1.10998 0.478884
74.49 -1.11002 0.478884
74.5 -1.11007 0.478884
74.51 -1.11011 0.478884
74.52 -1.11015 0.478884
74.53 -1.11019 0.478884
74.54 -1.11023 0.478884
74.55 -1.11027 0.478884
74.56 -1.11031 0.478884
74.57 -1.11035 0.478885
74.58 -1.11039 0.478885
74.59 -1.11044 0.478885
74.6 -1.11048 0.478885
74.61 -1.11052 0.478885
74.62 -1.11056 0.478885
74.63 -1.1106 0.478885
74.64 -1.11064 0.478885
74.65 -1.11068 0.478885
74.66 -1.11072 0.478885
74.67 -1.11076 0.478885
74.68 -1.1108 0.478885
74.69 -1.11085 0.478886
74.7 -1.11089 0.478886
74.71 -1.11093 0.478886
74.72 -1.11097 0.478886
74.73 -1.11101 0.478886
74.74 -1.11105 0.478886
74.75 -1.11109 0.478886
74.76 -1.11113 0.478886
74.77 -1.11117 0.478886
74.78 -1.11121 0.478886
74.79 -1.11125 0.478886
74.8 -1.1113 0.478886
74.81 -1.11134 0.478886
74.82 -1.11138 0.478887
74.83 -1.11142 0.478887
74.84 -1.11146 0.478887
74.85 -1.1115 0.478887
74.86 -1.11154 0.478887
74.87 -1.11158 0.478887
74.88 -1.11162 0.478887
74.89 -1.11166 0.478887
74.9 -1.1117 0.478887
74.91 -1.11175 0.478887
74.92 -1.11179 0.478887
74.93 -1.11183 0.478887
74.94 -1.11187 0.478888
74.95 -1.11191 0.478888
74.96 -1.11195 0.478888
74.97 -1.11199 0.478888
74.98 -1.11203 0.478888
74.99 -1.11207 0.478888
75 -1.11211 0.478888
75.01 -1.11215 0.478888
75.02 -1.11219 0.478888
75.03 -1.11223 0.478888
75.04 -1.11228 0.478888
75.05 -1.11232 0.478888
75.06 -1.11236 0.478888
75.07 -1.1124 0.478889
75.08 -1.11244 0.478889
75.09 -1.11248 0.478889
75.1 -1.11252 0.478889
75.11 -1.11256 0.478889
75.12 -1.1126 0.478889
75.13 -1.11264 0.478889
75.14 -1.11268 0.478889
75.15 -1.11272 0.478889
75.16 -1.11276 0.478889
75.17 -1.11281 0.478889
75.18 -1.11285 0.478889
75.19 -1.11289 0.478889
75.2 -1.11293 0.47889
75.21 -1.11297 0.47889
75.22 -1.11301 0.47889
75.23 -1.11305 0.47889
75.24 -1.11309 0.47889
75.25 -1.11313 0.47889
75.26 -1.11317 0.47889
75.27 -1.11321 0.47889
75.28 -1.11325 0.47889
75.29 -1.11329 0.47889
75.3 -1.11333 0.47889
75.31 -1.11337 0.47889
75.32 -1.11342 0.478891
75.33 -1.11346 0.478891
75.34 -1.1135 0.478891
75.35 -1.11354 0.478891
75.36 -1.11358 0.478891
75.37 -1.11362 0.478891
75.38 -1.11366 0.478891
75.39 -1.1137 0.478891
75.4 -1.11374 0.478891
75.41 -1.11378 0.478891
75.42 -1.11382 0.478891
75.43 -1.11386 0.478891
75.44 -1.1139 0.478892
75.45 -1.11394 0.478892
75.46 -1.11398 0.478892
75.47 -1.11402 0.478892
75.48 -1.11406 0.478892
75.49 -1.1141 0.478892
75.5 -1.11415 0.478892
75.51 -1.11419 0.478892
75.52 -1.11423 0.478892
75.53 -1.11427 0.478892
75.54 -1.11431 0.478892
75.55 -1.11435 0.478892
75.56 -1.11439 0.478893
75.57 -1.11443 0.478893
75.58 -1.11447 0.478893
75.59 -1.11451 0.478893
75.6 -1.11455 0.478893
75.61 -1.11459 0.478893
75.62 -1.11463 0.478893
75.63 -1.11467 0.478893
75.64 -1.11471 0.478893
75.65 -1.11475 0.478893
75.66 -1.11479 0.478893
75.67 -1.11483 0.478893
75.68 -1.11487 0.478894
75.69 -1.11491 0.478894
75.7 -1.11495 0.478894
75.71 -1.115 0.478894
75.72 -1.11504 0.478894
75.73 -1.11508 0.478894
75.74 -1.11512 0.478894
75.75 -1.11516 0.478894
75.76 -1.1152 0.478894
75.77 -1.11524 0.478894
75.78 -1.11528 0.478894
75.79 -1.11532 0.478894
75.8 -1.11536 0.478895
75.81 -1.1154 0.478895
75.82 -1.11544 0.478895
75.83 -1.11548 0.478895
75.84 -1.11552 0.478895
75.85 -1.11556 0.478895
75.86 -1.1156 0.478895
75.87 -1.11564 0.478895
75.88 -1.11568 0.478895
75.89 -1.11572 0.478895
75.9 -1.11576 0.478895
75.91 -1.1158 0.478895
75.92 -1.11584 0.478895
75.93 -1.11588 0.478896
75.94 -1.11592 0.478896
75.95 -1.11596 0.478896
75.96 -1.116 0.478896
75.97 -1.11604 0.478896
75.98 -1.11608 0.478896
75.99 -1.11613 0.478896
76 -1.11617 0.478896
76.01 -1.11621 0.478896
76.02 -1.11625 0.478896
76.03 -1.11629 0.478896
76.04 -1.11633 0.478896
76.05 -1.11637 0.478896
76.06 -1.11641 0.478896
76.07 -1.11645 0.478896
76.08 -1.11649 0.478897
76.09 -1.11653 0.478897
76.1 -1.11657 0.478897
76.11 -1.11661 0.478897
76.12 -1.11665 0.478897
76.13 -1.11669 0.478897
76.14 -1.11673 0.478897
76.15 -1.11677 0.478897
76.16 -1.11681 0.478897
76.17 -1.11685 0.478897
76.18 -1.11689 0.478897
76.19 -1.11693 0.478897
76.2 -1.11697 0.478897
76.21 -1.11701 0.478897
76.22 -1.11705 0.478897
76.23 -1.11709 0.478897
76.24 -1.11713 0.478897
76.25 -1.11717 0.478897
76.26 -1.11721 0.478898
76.27 -1.11725 0.478898
76.28 -1.11729 0.478898
76.29 -1.11733 0.478898
76.3 -1.11737 0.478898
76.31 -1.11741 0.478898
76.32 -1.11745 0.478898
76.33 -1.11749 0.478898
76.34 -1.11753 0.478898
76.35 -1.11757 0.478898
76.36 -1.11761 0.478898
76.37 -1.11765 0.478898
76.38 -1.11769 0.478898
76.39 -1.11773 0.478898
76.4 -1.11777 0.478898
76.41 -1.11781 0.478898
76.42 -1.11785 0.478898
76.43 -1.11789 0.478899
76.44 -1.11793 0.478899
76.45 -1.11797 0.478899
76.46 -1.11801 0.478899
76.47 -1.11805 0.478899
76.48 -1.11809 0.478899
76.49 -1.11813 0.478899
76.5 -1.11817 0.478899
76.51 -1.11821 0.478899
76.52 -1.11825 0.478899
76.53 -1.11829 0.478899
76.54 -1.11833 0.478899
76.55 -1.11837 0.478899
76.56 -1.11841 0.478899
76.57 -1.11845 0.4789
76.58 -1.11849 0.4789
76.59 -1.11853 0.4789
76.6 -1.11857 0.4789
76.61 -1.11861 0.4789
76.62 -1.11865 0.4789
76.63 -1.11869 0.4789
76.64 -1.11873 0.4789
76.65 -1.11877 0.4789
76.66 -1.11881 0.4789
76.67 -1.11885 0.4789
76.68 -1.11889 0.4789
76.69 -1.11893 0.4789
76.7 -1.11897 0.478901
76.71 -1.11901 0.478901
76.72 -1.11905 0.478901
76.73 -1.11909 0.478901
76.74 -1.11913 0.478901
76.75 -1.11917 0.478901
76.76 -1.11921 0.478901
76.77 -1.11925 0.478901
76.78 -1.11929 0.478901
76.79 -1.11933 0.478901
76.8 -1.11937 0.478901
76.81 -1.11941 0.478902
76.82 -1.11945 0.478902
76.83 -1.11949 0.478902
76.84 -1.11953 0.478902
76.85 -1.11957 0.478902
76.86 -1.11961 0.478902
76.87 -1.11965 0.478902
76.88 -1.11969 0.478902
76.89 -1.11973 0.478902
76.9 -1.11977 0.478902
76.91 -1.11981 0.478902
76.92 -1.11985 0.478902
76.93 -1.11989 0.478902
76.94 -1.11993 0.478903
76.95 -1.11997 0.478903
76.96 -1.12001 0.478903
76.97 -1.12005 0.478903
76.98 -1.12009 0.478903
76.99 -1.12013 0.478903
77 -1.12016 0.478903
77.01 -1.1202 0.478903
77.02 -1.12024 0.478903
77.03 -1.12028 0.478903
77.04 -1.12032 0.478903
77.05 -1.12036 0.478903
77.06 -1.1204 0.478903
77.07 -1.12044 0.478903
77.08 -1.12048 0.478904
77.09 -1.12052 0.478904
77.1 -1.12056 0.478904
77.11 -1.1206 0.478904
77.12 -1.12064 0.478904
77.13 -1.12068 0.478904
77.14 -1.12072 0.478904
77.15 -1.12076 0.478904
77.16 -1.1208 0.478904
77.17 -1.12084 0.478904
77.18 -1.12088 0.478904
77.19 -1.12092 0.478904
77.2 -1.12096 0.478904
77.21 -1.121 0.478904
77.22 -1.12104 0.478904
77.23 -1.12108 0.478904
77.24 -1.12112 0.478904
77.25 -1.12116 0.478904
77.26 -1.1212 0.478905
77.27 -1.12124 0.478905
77.28 -1.12128 0.478905
77.29 -1.12132 0.478905
77.3 -1.12135 0.478905
77.31 -1.12139 0.478905
77.32 -1.12143 0.478905
77.33 -1.12147 0.478905
77.34 -1.12151 0.478905
77.35 -1.12155 0.478905
77.36 -1.12159 0.478905
77.37 -1.12163 0.478905
77.38 -1.12167 0.478905
77.39 -1.12171 0.478905
77.4 -1.12175 0.478905
77.41 -1.12179 0.478905
77.42 -1.12183 0.478905
77.43 -1.12187 0.478906
77.44 -1.12191 0.478906
77.45 -1.12195 0.478906
77.46 -1.12199 0.478906
77.47 -1.12203 0.478906
77.48 -1.12207 0.478906
77.49 -1.12211 0.478906
77.5 -1.12214 0.478906
77.51 -1.12218 0.478906
77.52 -1.12222 0.478906
77.53 -1.12226 0.478906
77.54 -1.1223 0.478906
77.55 -1.12234 0.478906
77.56 -1.12238 0.478906
77.57 -1.12242 0.478907
77.58 -1.12246 0.478907
77.59 -1.1225 0.478907
77.6 -1.12254 0.478907
77.61 -1.12258 0.478907
77.62 -1.12262 0.478907
77.63 -1.12266 0.478907
77.64 -1.1227 0.478907
77.65 -1.12274 0.478907
77.66 -1.12278 0.478907
77.67 -1.12281 0.478907
77.68 -1.12285 0.478907
77.69 -1.12289 0.478907
77.7 -1.12293 0.478908
77.71 -1.12297 0.478908
77.72 -1.12301 0.478908
77.73 -1.12305 0.478908
77.74 -1.12309 0.478908
77.75 -1.12313 0.478908
77.76 -1.12317 0.478908
77.77 -1.12321 0.478908
77.78 -1.12325 0.478908
77.79 -1.12329 0.478908
77.8 -1.12333 0.478908
77.81 -1.12337 0.478909
77.82 -1.12341 0.478909
77.83 -1.12344 0.478909
77.84 -1.12348 0.478909
77.85 -1.12352 0.478909
77.86 -1.12356 0.478909
77.87 -1.1236 0.478909
77.88 -1.12364 0.478909
77.89 -1.12368 0.478909
77.9 -1.12372 0.478909
77.91 -1.12376 0.478909
77.92 -1.1238 0.478909
77.93 -1.12384 0.478909
77.94 -1.12388 0.47891
77.95 -1.12392 0.47891
77.96 -1.12396 0.47891
77.97 -1.12399 0.47891
77.98 -1.12403 0.47891
77.99 -1.12407 0.47891
78 -1.12411 0.47891
78.01 -1.12415 0.47891
78.02 -1.12419 0.47891
78.03 -1.12423 0.47891
78.04 -1.12427 0.47891
78.05 -1.12431 0.47891
78.06 -1.12435 0.47891
78.07 -1.12439 0.47891
78.08 -1.12443 0.478911
78.09 -1.12447 0.478911
78.1 -1.1245 0.478911
78.11 -1.12454 0.478911
78.12 -1.12458 0.478911
78.13 -1.12462 0.478911
78.14 -1.12466 0.478911
78.15 -1.1247 0.478911
78.16 -1.12474 0.478911
78.17 -1.12478 0.478911
78.18 -1.12482 0.478911
78.19 -1.12486 0.478911
78.2 -1.1249 0.478911
78.21 -1.12493 0.478911
78.22 -1.12497 0.478911
78.23 -1.12501 0.478911
78.24 -1.12505 0.478911
78.25 -1.12509 0.478912
78.26 -1.12513 0.478912
78.27 -1.12517 0.478912
78.28 -1.12521 0.478912
78.29 -1.12525 0.478912
78.3 -1.12529 0.478912
78.31 -1.12533 0.478912
78.32 -1.12536 0.478912
78.33 -1.1254 0.478912
78.34 -1.12544 0.478912
78.35 -1.12548 0.478912
78.36 -1.12552 0.478912
78.37 -1.12556 0.478912
78.38 -1.1256 0.478912
78.39 -1.12564 0.478912
78.4 -1.12568 0.478912
78.41 -1.12572 0.478912
78.42 -1.12576 0.478912
78.43 -1.12579 0.478913
78.44 -1.12583 0.478913
78.45 -1.12587 0.478913
78.46 -1.12591 0.478913
78.47 -1.12595 0.478913
78.48 -1.12599 0.478913
78.49 -1.12603 0.478913
78.5 -1.12607 0.478913
78.51 -1.12611 0.478913
78.52 -1.12614 0.478913
78.53 -1.12618 0.478913
78.54 -1.12622 0.478913
78.55 -1.12626 0.478913
78.56 -1.1263 0.478913
78.57 -1.12634 0.478914
78.58 -1.12638 0.478914
78.59 -1.12642 0.478914
78.6 -1.12646 0.478914
78.61 -1.1265 0.478914
78.62 -1.12653 0.478914
78.63 -1.12657 0.478914
78.64 -1.12661 0.478914
78.65 -1.12665 0.478914
78.66 -1.12669 0.478914
78.67 -1.12673 0.478914
78.68 -1.12677 0.478914
78.69 -1.12681 0.478914
78.7 -1.12685 0.478915
78.71 -1.12688 0.478915
78.72 -1.12692 0.478915
78.73 -1.12696 0.478915
78.74 -1.127 0.478915
78.75 -1.12704 0.478915
78.76 -1.12708 0.478915
78.77 -1.12712 0.478915
78.78 -1.12716 0.478915
78.79 -1.12719 0.478915
78.8 -1.12723 0.478915
78.81 -1.12727 0.478915
78.82 -1.12731 0.478916
78.83 -1.12735 0.478916
78.84 -1.12739 0.478916
78.85 -1.12743 0.478916
78.86 -1.12747 0.478916
78.87 -1.12751 0.478916
78.88 -1.12754 0.478916
78.89 -1.12758 0.478916
78.9 -1.12762 0.478916
78.91 -1.12766 0.478916
78.92 -1.1277 0.478916
78.93 -1.12774 0.478916
78.94 -1.12778 0.478917
78.95 -1.12782 0.478917
78.96 -1.12785 0.478917
78.97 -1.12789 0.478917
78.98 -1.12793 0.478917
78.99 -1.12797 0.478917
79 -1.12801 0.478917
79.01 -1.12805 0.478917
79.02 -1.12809 0.478917
79.03 -1.12813 0.478917
79.04 -1.12816 0.478917
79.05 -1.1282 0.478917
79.06 -1.12824 0.478917
79.07 -1.12828 0.478917
79.08 -1.12832 0.478918
79.09 -1.12836 0.478918
79.1 -1.1284 0.478918
79.11 -1.12844 0.478918
79.12 -1.12847 0.478918
79.13 -1.12851 0.478918
79.14 -1.12855 0.478918
79.15 -1.12859 0.478918
79.16 -1.12863 0.478918
79.17 -1.12867 0.478918
79.18 -1.12871 0.478918
79.19 -1.12874 0.478918
79.2 -1.12878 0.478918
79.21 -1.12882 0.478918
79.22 -1.12886 0.478918
79.23 -1.1289 0.478918
79.24 -1.12894 0.478919
79.25 -1.12898 0.478919
79.26 -1.12901 0.478919
79.27 -1.12905 0.478919
79.28 -1.12909 0.478919
79.29 -1.12913 0.478919
79.3 -1.12917 0.478919
79.31 -1.12921 0.478919
79.32 -1.12925 0.478919
79.33 -1.12928 0.478919
79.34 -1.12932 0.478919
79.35 -1.12936 0.478919
79.36 -1.1294 0.478919
79.37 -1.12944 0.478919
79.38 -1.12948 0.478919
79.39 -1.12952 0.478919
79.4 -1.12955 0.478919
79.41 -1.12959 0.47892
79.42 -1.12963 0.47892
79.43 -1.12967 0.47892
79.44 -1.12971 0.47892
79.45 -1.12975 0.47892
79.46 -1.12979 0.47892
79.47 -1.12982 0.47892
79.48 -1.12986 0.47892
79.49 -1.1299 0.47892
79.5 -1.12994 0.47892
79.51 -1.12998 0.47892
79.52 -1.13002 0.47892
79.53 -1.13006 0.47892
79.54 -1.13009 0.47892
79.55 -1.13013 0.47892
79.56 -1.13017 0.47892
79.57 -1.13021 0.47892
79.58 -1.13025 0.47892
79.59 -1.13029 0.478921
79.6 -1.13032 0.478921
79.61 -1.13036 0.478921
79.62 -1.1304 0.478921
79.63 -1.13044 0.478921
79.64 -1.13048 0.478921
79.65 -1.13052 0.478921
79.66 -1.13055 0.478921
79.67 -1.13059 0.478921
79.68 -1.13063 0.478921
79.69 -1.13067 0.478921
79.7 -1.13071 0.478921
79.71 -1.13075 0.478921
79.72 -1.13079 0.478921
79.73 -1.13082 0.478921
79.74 -1.13086 0.478921
79.75 -1.1309 0.478921
79.76 -1.13094 0.478922
79.77 -1.13098 0.478922
79.78 -1.13102 0.478922
79.79 -1.13105 0.478922
79.8 -1.13109 0.478922
79.81 -1.13113 0.478922
79.82 -1.13117 0.478922
79.83 -1.13121 0.478922
79.84 -1.13125 0.478922
79.85 -1.13128 0.478922
79.86 -1.13132 0.478922
79.87 -1.13136 0.478922
79.88 -1.1314 0.478922
79.89 -1.13144 0.478922
79.9 -1.13147 0.478922
79.91 -1.13151 0.478922
79.92 -1.13155 0.478923
79.93 -1.13159 0.478923
79.94 -1.13163 0.478923
79.95 -1.13167 0.478923
79.96 -1.1317 0.478923
79.97 -1.13174 0.478923
79.98 -1.13178 0.478923
79.99 -1.13182 0.478923
80 -1.13186 0.478923
80.01 -1.1319 0.478923
80.02 -1.13193 0.478923
80.03 -1.13197 0.478923
80.04 -1.13201 0.478923
80.05 -1.13205 0.478923
80.06 -1.13209 0.478923
80.07 -1.13213 0.478923
80.08 -1.13216 0.478923
80.09 -1.1322 0.478924
80.1 -1.13224 0.478924
80.11 -1.13228 0.478924
80.12 -1.13232 0.478924
80.13 -1.13235 0.478924
80.14 -1.13239 0.478924
80.15 -1.13243 0.478924
80.16 -1.13247 0.478924
80.17 -1.13251 0.478924
80.18 -1.13254 0.478924
80.19 -1.13258 0.478924
80.2 -1.13262 0.478924
80.21 -1.13266 0.478924
80.22 -1.1327 0.478924
80.23 -1.13274 0.478924
80.24 -1.13277 0.478924
80.25 -1.13281 0.478925
80.26 -1.13285 0.478925
80.27 -1.13289 0.478925
80.28 -1.13293 0.478925
80.29 -1.13296 0.478925
80.3 -1.133 0.478925
80.31 -1.13304 0.478925
80.32 -1.13308 0.478925
80.33 -1.13312 0.478925
80.34 -1.13315 0.478925
80.35 -1.13319 0.478925
80.36 -1.13323 0.478925
80.37 -1.13327 0.478925
80.38 -1.13331 0.478925
80.39 -1.13335 0.478925
80.4 -1.13338 0.478925
80.41 -1.13342 0.478925
80.42 -1.13346 0.478926
80.43 -1.1335 0.478926
80.44 -1.13354 0.478926
80.45 -1.13357 0.478926
80.46 -1.13361 0.478926
80.47 -1.13365 0.478926
80.48 -1.13369 0.478926
80.49 -1.13373 0.478926
80.5 -1.13376 0.478926
80.51 -1.1338 0.478926
80.52 -1.13384 0.478926
80.53 -1.13388 0.478926
80.54 -1.13392 0.478926
80.55 -1.13395 0.478926
80.56 -1.13399 0.478926
80.57 -1.13403 0.478926
80.58 -1.13407 0.478926
80.59 -1.13411 0.478927
80.6 -1.13414 0.478927
80.61 -1.13418 0.478927
80.62 -1.13422 0.478927
80.63 -1.13426 0.478927
80.64 -1.13429 0.478927
80.65 -1.13433 0.478927
80.66 -1.13437 0.478927
80.67 -1.13441 0.478927
80.68 -1.13445 0.478927
80.69 -1.13448 0.478927
80.7 -1.13452 0.478927
80.71 -1.13456 0.478927
80.72 -1.1346 0.478927
80.73 -1.13464 0.478927
80.74 -1.13467 0.478927
80.75 -1.13471 0.478927
80.76 -1.13475 0.478928
80.77 -1.13479 0.478928
80.78 -1.13483 0.478928
80.79 -1.13486 0.478928
80.8 -1.1349 0.478928
80.81 -1.13494 0.478928
80.82 -1.13498 0.478928
80.83 -1.13501 0.478928
80.84 -1.13505 0.478928
80.85 -1.13509 0.478928
80.86 -1.13513 0.478928
80.87 -1.13517 0.478928
80.88 -1.1352 0.478928
80.89 -1.13524 0.478928
80.9 -1.13528 0.478928
80.91 -1.13532 0.478928
80.92 -1.13535 0.478929
80.93 -1.13539 0.478929
80.94 -1.13543 0.478929
80.95 -1.13547 0.478929
80.96 -1.13551 0.478929
80.97 -1.13554 0.478929
80.98 -1.13558 0.478929
80.99 -1.13562 0.478929
81 -1.13566 0.478929
81.01 -1.13569 0.478929
81.02 -1.13573 0.478929
81.03 -1.13577 0.478929
81.04 -1.13581 0.478929
81.05 -1.13585 0.478929
81.06 -1.13588 0.478929
81.07 -1.13592 0.478929
81.08 -1.13596 0.478929
81.09 -1.136 0.47893
81.1 -1.13603 0.47893
81.11 -1.13607 0.47893
81.12 -1.13611 0.47893
81.13 -1.13615 0.47893
81.14 -1.13619 0.47893
81.15 -1.13622 0.47893
81.16 -1.13626 0.47893
81.17 -1.1363 0.47893
81.18 -1.13634 0.47893
81.19 -1.13637 0.47893
81.2 -1.13641 0.47893
81.21 -1.13645 0.47893
81.22 -1.13649 0.47893
81.23 -1.13652 0.47893
81.24 -1.13656 0.47893
81.25 -1.1366 0.478931
81.26 -1.13664 0.478931
81.27 -1.13667 0.478931
81.28 -1.13671 0.478931
81.29 -1.13675 0.478931
81.3 -1.13679 0.478931
81.31 -1.13683 0.478931
81.32 -1.13686 0.478931
81.33 -1.1369 0.478931
81.34 -1.13694 0.478931
81.35 -1.13698 0.478931
81.36 -1.13701 0.478931
81.37 -1.13705 0.478931
81.38 -1.13709 0.478931
81.39 -1.13713 0.478931
81.4 -1.13716 0.478931
81.41 -1.1372 0.478931
81.42 -1.13724 0.478932
81.43 -1.13728 0.478932
81.44 -1.13731 0.478932
81.45 -1.13735 0.478932
81.46 -1.13739 0.478932
81.47 -1.13743 0.478932
81.48 -1.13746 0.478932
81.49 -1.1375 0.478932
81.5 -1.13754 0.478932
81.51 -1.13758 0.478932
81.52 -1.13761 0.478932
81.53 -1.13765 0.478932
81.54 -1.13769 0.478932
81.55 -1.13773 0.478932
81.56 -1.13776 0.478932
81.57 -1.1378 0.478932
81.58 -1.13784 0.478932
81.59 -1.13788 0.478933
81.6 -1.13791 0.478933
81.61 -1.13795 0.478933
81.62 -1.13799 0.478933
81.63 -1.13803 0.478933
81.64 -1.13806 0.478933
81.65 -1.1381 0.478933
81.66 -1.13814 0.478933
81.67 -1.13818 0.478933
81.68 -1.13821 0.478933
81.69 -1.13825 0.478933
81.7 -1.13829 0.478933
81.71 -1.13833 0.478933
81.72 -1.13836 0.478933
81.73 -1.1384 0.478933
81.74 -1.13844 0.478933
81.75 -1.13848 0.478933
81.76 -1.13851 0.478934
81.77 -1.13855 0.478934
81.78 -1.13859 0.478934
81.79 -1.13863 0.478934
81.8 -1.13866 0.478934
81.81 -1.1387 0.478934
81.82 -1.13874 0.478934
81.83 -1.13878 0.478934
81.84 -1.13881 0.478934
81.85 -1.13885 0.478934
81.86 -1.13889 0.478934
81.87 -1.13892 0.478934
81.88 -1.13896 0.478934
81.89 -1.139 0.478934
81.9 -1.13904 0.478934
81.91 -1.13907 0.478934
81.92 -1.13911 0.478935
81.93 -1.13915 0.478935
81.94 -1.13919 0.478935
81.95 -1.13922 0.478935
81.96 -1.13926 0.478935
81.97 -1.1393 0.478935
81.98 -1.13934 0.478935
81.99 -1.13937 0.478935
82 -1.13941 0.478935
82.01 -1.13945 0.478935
82.02 -1.13948 0.478935
82.03 -1.13952 0.478935
82.04 -1.13956 0.478935
82.05 -1.1396 0.478935
82.06 -1.13963 0.478935
82.07 -1.13967 0.478935
82.08 -1.13971 0.478935
82.09 -1.13975 0.478936
82.1 -1.13978 0.478936
82.11 -1.13982 0.478936
82.12 -1.13986 0.478936
82.13 -1.13989 0.478936
82.14 -1.13993 0.478936
82.15 -1.13997 0.478936
82.16 -1.14001 0.478936
82.17 -1.14004 0.478936
82.18 -1.14008 0.478936
82.19 -1.14012 0.478936
82.2 -1.14015 0.478936
82.21 -1.14019 0.478936
82.22 -1.14023 0.478936
82.23 -1.14027 0.478936
82.24 -1.1403 0.478936
82.25 -1.14034 0.478937
82.26 -1.14038 0.478937
82.27 -1.14042 0.478937
82.28 -1.14045 0.478937
82.29 -1.14049 0.478937
82.3 -1.14053 0.478937
82.31 -1.14056 0.478937
82.32 -1.1406 0.478937
82.33 -1.14064 0.478937
82.34 -1.14068 0.478937
82.35 -1.14071 0.478937
82.36 -1.14075 0.478937
82.37 -1.14079 0.478937
82.38 -1.14082 0.478937
82.39 -1.14086 0.478937
82.4 -1.1409 0.478937
82.41 -1.14094 0.478937
82.42 -1.14097 0.478938
82.43 -1.14101 0.478938
82.44 -1.14105 0.478938
82.45 -1.14108 0.478938
82.46 -1.14112 0.478938
82.47 -1.14116 0.478938
82.48 -1.14119 0.478938
82.49 -1.14123 0.478938
82.5 -1.14127 0.478938
82.51 -1.14131 0.478938
82.52 -1.14134 0.478938
82.53 -1.14138 0.478938
82.54 -1.14142 0.478938
82.55 -1.14145 0.478938
82.56 -1.14149 0.478938
82.57 -1.14153 0.478938
82.58 -1.14157 0.478938
82.59 -1.1416 0.478939
82.6 -1.14164 0.478939
82.61 -1.14168 0.478939
82.62 -1.14171 0.478939
82.63 -1.14175 0.478939
82.64 -1.14179 0.478939
82.65 -1.14182 0.478939
82.66 -1.14186 0.478939
82.67 -1.1419 0.478939
82.68 -1.14194 0.478939
82.69 -1.14197 0.478939
82.7 -1.14201 0.478939
82.71 -1.14205 0.478939
82.72 -1.14208 0.478939
82.73 -1.14212 0.478939
82.74 -1.14216 0.478939
82.75 -1.14219 0.478939
82.76 -1.14223 0.47894
82.77 -1.14227 0.47894
82.78 -1.14231 0.47894
82.79 -1.14234 0.47894
82.8 -1.14238 0.47894
82.81 -1.14242 0.47894
82.82 -1.14245 0.47894
82.83 -1.14249 0.47894
82.84 -1.14253 0.47894
82.85 -1.14256 0.47894
82.86 -1.1426 0.47894
82.87 -1.14264 0.47894
82.88 -1.14267 0.47894
82.89 -1.14271 0.47894
82.9 -1.14275 0.47894
82.91 -1.14279 0.47894
82.92 -1.14282 0.478941
82.93 -1.14286 0.478941
82.94 -1.1429 0.478941
82.95 -1.14293 0.478941
82.96 -1.14297 0.478941
82.97 -1.14301 0.478941
82.98 -1.14304 0.478941
82.99 -1.14308 0.478941
83 -1.14312 0.478941
83.01 -1.14315 0.478941
83.02 -1.14319 0.478941
83.03 -1.14323 0.478941
83.04 -1.14326 0.478941
83.05 -1.1433 0.478941
83.06 -1.14334 0.478941
83.07 -1.14337 0.478941
83.08 -1.14341 0.478941
83.09 -1.14345 0.478942
83.1 -1.14349 0.478942
83.11 -1.14352 0.478942
83.12 -1.14356 0.478942
83.13 -1.1436 0.478942
83.14 -1.14363 0.478942
83.15 -1.14367 0.478942
83.16 -1.14371 0.478942
83.17 -1.14374 0.478942
83.18 -1.14378 0.478942
83.19 -1.14382 0.478942
83.2 -1.14385 0.478942
83.21 -1.14389 0.478942
83.22 -1.14393 0.478942
83.23 -1.14396 0.478942
83.24 -1.144 0.478942
83.25 -1.14404 0.478943
83.26 -1.14407 0.478943
83.27 -1.14411 0.478943
83.28 -1.14415 0.478943
83.29 -1.14418 0.478943
83.3 -1.14422 0.478943
83.31 -1.14426 0.478943
83.32 -1.14429 0.478943
83.33 -1.14433 0.478943
83.34 -1.14437 0.478943
83.35 -1.1444 0.478943
83.36 -1.14444 0.478943
83.37 -1.14448 0.478943
83.38 -1.14451 0.478943
83.39 -1.14455 0.478943
83.4 -1.14459 0.478943
83.41 -1.14462 0.478943
83.42 -1.14466 0.478944
83.43 -1.1447 0.478944
83.44 -1.14473 0.478944
83.45 -1.14477 0.478944
83.46 -1.14481 0.478944
83.47 -1.14484 0.478944
83.48 -1.14488 0.478944
83.49 -1.14492 0.478944
83.5 -1.14495 0.478944
83.51 -1.14499 0.478944
83.52 -1.14503 0.478944
83.53 -1.14506 0.478944
83.54 -1.1451 0.478944
83.55 -1.14514 0.478944
83.56 -1.14517 0.478944
83.57 -1.14521 0.478944
83.58 -1.14525 0.478944
83.59 -1.14528 0.478945
83.6 -1.14532 0.478945
83.61 -1.14536 0.478945
83.62 -1.14539 0.478945
83.63 -1.14543 0.478945
83.64 -1.14547 0.478945
83.65 -1.1455 0.478945
83.66 -1.14554 0.478945
83.67 -1.14558 0.478945
83.68 -1.14561 0.478945
83.69 -1.14565 0.478945
83.7 -1.14569 0.478945
83.71 -1.14572 0.478945
83.72 -1.14576 0.478945
83.73 -1.14579 0.478945
83.74 -1.14583 0.478945
83.75 -1.14587 0.478945
83.76 -1.1459 0.478946
83.77 -1.14594 0.478946
83.78 -1.14598 0.478946
83.79 -1.14601 0.478946
83.8 -1.14605 0.478946
83.81 -1.14609 0.478946
83.82 -1.14612 0.478946
83.83 -1.14616 0.478946
83.84 -1.1462 0.478946
83.85 -1.14623 0.478946
83.86 -1.14627 0.478946
83.87 -1.14631 0.478946
83.88 -1.14634 0.478946
83.89 -1.14638 0.478946
83.9 -1.14642 0.478946
83.91 -1.14645 0.478946
83.92 -1.14649 0.478947
83.93 -1.14652 0.478947
83.94 -1.14656 0.478947
83.95 -1.1466 0.478947
83.96 -1.14663 0.478947
83.97 -1.14667 0.478947
83.98 -1.14671 0.478947
83.99 -1.14674 0.478947
84 -1.14678 0.478947
84.01 -1.14682 0.478947
84.02 -1.14685 0.478947
84.03 -1.14689 0.478947
84.04 -1.14693 0.478947
84.05 -1.14696 0.478947
84.06 -1.147 0.478947
84.07 -1.14703 0.478947
84.08 -1.14707 0.478948
84.09 -1.14711 0.478948
84.1 -1.14714 0.478948
84.11 -1.14718 0.478948
84.12 -1.14722 0.478948
84.13 -1.14725 0.478948
84.14 -1.14729 0.478948
84.15 -1.14733 0.478948
84.16 -1.14736 0.478948
84.17 -1.1474 0.478948
84.18 -1.14743 0.478948
84.19 -1.14747 0.478948
84.2 -1.14751 0.478948
84.21 -1.14754 0.478948
84.22 -1.14758 0.478948
84.23 -1.14762 0.478948
84.24 -1.14765 0.478949
84.25 -1.14769 0.478949
84.26 -1.14772 0.478949
84.27 -1.14776 0.478949
84.28 -1.1478 0.478949
84.29 -1.14783 0.478949
84.3 -1.14787 0.478949
84.31 -1.14791 0.478949
84.32 -1.14794 0.478949
84.33 -1.14798 0.478949
84.34 -1.14802 0.478949
84.35 -1.14805 0.478949
84.36 -1.14809 0.478949
84.37 -1.14812 0.478949
84.38 -1.14816 0.478949
84.39 -1.1482 0.478949
84.4 -1.14823 0.478949
84.41 -1.14827 0.47895
84.42 -1.14831 0.47895
84.43 -1.14834 0.47895
84.44 -1.14838 0.47895
84.45 -1.14841 0.47895
84.46 -1.14845 0.47895
84.47 -1.14849 0.47895
84.48 -1.14852 0.47895
84.49 -1.14856 0.47895
84.5 -1.1486 0.47895
84.51 -1.14863 0.47895
84.52 -1.14867 0.47895
84.53 -1.1487 0.47895
84.54 -1.14874 0.47895
84.55 -1.14878 0.47895
84.56 -1.14881 0.47895
84.57 -1.14885 0.47895
84.58 -1.14888 0.47895
84.59 -1.14892 0.47895
84.6 -1.14896 0.47895
84.61 -1.14899 0.47895
84.62 -1.14903 0.478951
84.63 -1.14907 0.478951
84.64 -1.1491 0.478951
84.65 -1.14914 0.478951
84.66 -1.14917 0.478951
84.67 -1.14921 0.478951
84.68 -1.14925 0.478951
84.69 -1.14928 0.478951
84.7 -1.14932 0.478951
84.71 -1.14935 0.478951
84.72 -1.14939 0.478951
84.73 -1.14943 0.478951
84.74 -1.14946 0.478951
84.75 -1.1495 0.478951
84.76 -1.14953 0.478951
84.77 -1.14957 0.478951
84.78 -1.14961 0.478951
84.79 -1.14964 0.478951
84.8 -1.14968 0.478951
84.81 -1.14972 0.478951
84.82 -1.14975 0.478951
84.83 -1.14979 0.478951
84.84 -1.14982 0.478951
84.85 -1.14986 0.478951
84.86 -1.1499 0.478951
84.87 -1.14993 0.478951
84.88 -1.14997 0.478951
84.89 -1.15 0.478952
84.9 -1.15004 0.478952
84.91 -1.15008 0.478952
84.92 -1.15011 0.478952
84.93 -1.15015 0.478952
84.94 -1.15018 0.478952
84.95 -1.15022 0.478952
84.96 -1.15026 0.478952
84.97 -1.15029 0.478952
84.98 -1.15033 0.478952
84.99 -1.15036 0.478952
85 -1.1504 0.478952
85.01 -1.15044 0.478952
85.02 -1.15047 0.478952
85.03 -1.15051 0.478952
85.04 -1.15054 0.478952
85.05 -1.15058 0.478952
85.06 -1.15061 0.478952
85.07 -1.15065 0.478952
85.08 -1.15069 0.478952
85.09 -1.15072 0.478952
85.1 -1.15076 0.478953
85.11 -1.15079 0.478953
85.12 -1.15083 0.478953
85.13 -1.15087 0.478953
85.14 -1.1509 0.478953
85.15 -1.15094 0.478953
85.16 -1.15097 0.478953
85.17 -1.15101 0.478953
85.18 -1.15105 0.478953
85.19 -1.15108 0.478953
85.2 -1.15112 0.478953
85.21 -1.15115 0.478953
85.22 -1.15119 0.478953
85.23 -1.15123 0.478953
85.24 -1.15126 0.478953
85.25 -1.1513 0.478953
85.26 -1.15133 0.478953
85.27 -1.15137 0.478953
85.28 -1.1514 0.478954
85.29 -1.15144 0.478954
85.3 -1.15148 0.478954
85.31 -1.15151 0.478954
85.32 -1.15155 0.478954
85.33 -1.15158 0.478954
85.34 -1.15162 0.478954
85.35 -1.15166 0.478954
85.36 -1.15169 0.478954
85.37 -1.15173 0.478954
85.38 -1.15176 0.478954
85.39 -1.1518 0.478954
85.4 -1.15183 0.478954
85.41 -1.15187 0.478954
85.42 -1.15191 0.478954
85.43 -1.15194 0.478955
85.44 -1.15198 0.478955
85.45 -1.15201 0.478955
85.46 -1.15205 0.478955
85.47 -1.15208 0.478955
85.48 -1.15212 0.478955
85.49 -1.15216 0.478955
85.5 -1.15219 0.478955
85.51 -1.15223 0.478955
85.52 -1.15226 0.478955
85.53 -1.1523 0.478955
85.54 -1.15234 0.478955
85.55 -1.15237 0.478955
85.56 -1.15241 0.478955
85.57 -1.15244 0.478955
85.58 -1.15248 0.478956
85.59 -1.15251 0.478956
85.6 -1.15255 0.478956
85.61 -1.15259 0.478956
85.62 -1.15262 0.478956
85.63 -1.15266 0.478956
85.64 -1.15269 0.478956
85.65 -1.15273 0.478956
85.66 -1.15276 0.478956
85.67 -1.1528 0.478956
85.68 -1.15284 0.478956
85.69 -1.15287 0.478956
85.7 -1.15291 0.478956
85.71 -1.15294 0.478956
85.72 -1.15298 0.478956
85.73 -1.15301 0.478957
85.74 -1.15305 0.478957
85.75 -1.15309 0.478957
85.76 -1.15312 0.478957
85.77 -1.15316 0.478957
85.78 -1.15319 0.478957
85.79 -1.15323 0.478957
85.8 -1.15326 0.478957
85.81 -1.1533 0.478957
85.82 -1.15333 0.478957
85.83 -1.15337 0.478957
85.84 -1.15341 0.478957
85.85 -1.15344 0.478957
85.86 -1.15348 0.478957
85.87 -1.15351 0.478957
85.88 -1.15355 0.478957
85.89 -1.15358 0.478957
85.9 -1.15362 0.478958
85.91 -1.15366 0.478958
85.92 -1.15369 0.478958
85.93 -1.15373 0.478958
85.94 -1.15376 0.478958
85.95 -1.1538 0.478958
85.96 -1.15383 0.478958
85.97 -1.15387 0.478958
85.98 -1.1539 0.478958
85.99 -1.15394 0.478958
86 -1.15398 0.478958
86.01 -1.15401 0.478958
86.02 -1.15405 0.478958
86.03 -1.15408 0.478958
86.04 -1.15412 0.478958
86.05 -1.15415 0.478958
86.06 -1.15419 0.478958
86.07 -1.15422 0.478958
86.08 -1.15426 0.478958
86.09 -1.1543 0.478958
86.1 -1.15433 0.478958
86.11 -1.15437 0.478958
86.12 -1.1544 0.478958
86.13 -1.15444 0.478959
86.14 -1.15447 0.478959
86.15 -1.15451 0.478959
86.16 -1.15454 0.478959
86.17 -1.15458 0.478959
86.18 -1.15462 0.478959
86.19 -1.15465 0.478959
86.2 -1.15469 0.478959
86.21 -1.15472 0.478959
86.22 -1.15476 0.478959
86.23 -1.15479 0.478959
86.24 -1.15483 0.478959
86.25 -1.15486 0.478959
86.26 -1.1549 0.478959
86.27 -1.15493 0.478959
86.28 -1.15497 0.478959
86.29 -1.15501 0.478959
86.3 -1.15504 0.478959
86.31 -1.15508 0.478959
86.32 -1.15511 0.478959
86.33 -1.15515 0.478959
86.34 -1.15518 0.478959
86.35 -1.15522 0.478959
86.36 -1.15525 0.478959
86.37 -1.15529 0.478959
86.38 -1.15532 0.478959
86.39 -1.15536 0.478959
86.4 -1.15539 0.47896
86.41 -1.15543 0.47896
86.42 -1.15547 0.47896
86.43 -1.1555 0.47896
86.44 -1.15554 0.47896
86.45 -1.15557 0.47896
86.46 -1.15561 0.47896
86.47 -1.15564 0.47896
86.48 -1.15568 0.47896
86.49 -1.15571 0.47896
86.5 -1.15575 0.47896
86.51 -1.15578 0.47896
86.52 -1.15582 0.47896
86.53 -1.15585 0.47896
86.54 -1.15589 0.47896
86.55 -1.15593 0.47896
86.56 -1.15596 0.47896
86.57 -1.156 0.47896
86.58 -1.15603 0.47896
86.59 -1.15607 0.478961
86.6 -1.1561 0.478961
86.61 -1.15614 0.478961
86.62 -1.15617 0.478961
86.63 -1.15621 0.478961
86.64 -1.15624 0.478961
86.65 -1.15628 0.478961
86.66 -1.15631 0.478961
86.67 -1.15635 0.478961
86.68 -1.15638 0.478961
86.69 -1.15642 0.478961
86.7 -1.15645 0.478961
86.71 -1.15649 0.478961
86.72 -1.15653 0.478961
86.73 -1.15656 0.478961
86.74 -1.1566 0.478961
86.75 -1.15663 0.478962
86.76 -1.15667 0.478962
86.77 -1.1567 0.478962
86.78 -1.15674 0.478962
86.79 -1.15677 0.478962
86.8 -1.15681 0.478962
86.81 -1.15684 0.478962
86.82 -1.15688 0.478962
86.83 -1.15691 0.478962
86.84 -1.15695 0.478962
86.85 -1.15698 0.478962
86.86 -1.15702 0.478962
86.87 -1.15705 0.478962
86.88 -1.15709 0.478962
86.89 -1.15712 0.478962
86.9 -1.15716 0.478962
86.91 -1.15719 0.478963
86.92 -1.15723 0.478963
86.93 -1.15726 0.478963
86.94 -1.1573 0.478963
86.95 -1.15734 0.478963
86.96 -1.15737 0.478963
86.97 -1.15741 0.478963
86.98 -1.15744 0.478963
86.99 -1.15748 0.478963
87 -1.15751 0.478963
87.01 -1.15755 0.478963
87.02 -1.15758 0.478963
87.03 -1.15762 0.478963
87.04 -1.15765 0.478963
87.05 -1.15769 0.478963
87.06 -1.15772 0.478963
87.07 -1.15776 0.478963
87.08 -1.15779 0.478963
87.09 -1.15783 0.478963
87.1 -1.15786 0.478963
87.11 -1.1579 0.478963
87.12 -1.15793 0.478964
87.13 -1.15797 0.478964
87.14 -1.158 0.478964
87.15 -1.15804 0.478964
87.16 -1.15807 0.478964
87.17 -1.15811 0.478964
87.18 -1.15814 0.478964
87.19 -1.15818 0.478964
87.2 -1.15821 0.478964
87.21 -1.15825 0.478964
87.22 -1.15828 0.478964
87.23 -1.15832 0.478964
87.24 -1.15835 0.478964
87.25 -1.15839 0.478964
87.26 -1.15842 0.478964
87.27 -1.15846 0.478964
87.28 -1.15849 0.478964
87.29 -1.15853 0.478964
87.3 -1.15856 0.478964
87.31 -1.1586 0.478964
87.32 -1.15863 0.478964
87.33 -1.15867 0.478964
87.34 -1.1587 0.478964
87.35 -1.15874 0.478964
87.36 -1.15877 0.478964
87.37 -1.15881 0.478964
87.38 -1.15884 0.478964
87.39 -1.15888 0.478965
87.4 -1.15891 0.478965
87.41 -1.15895 0.478965
87.42 -1.15898 0.478965
87.43 -1.15902 0.478965
87.44 -1.15905 0.478965
87.45 -1.15909 0.478965
87.46 -1.15912 0.478965
87.47 -1.15916 0.478965
87.48 -1.15919 0.478965
87.49 -1.15923 0.478965
87.5 -1.15926 0.478965
87.51 -1.1593 0.478965
87.52 -1.15933 0.478965
87.53 -1.15937 0.478965
87.54 -1.1594 0.478965
87.55 -1.15944 0.478965
87.56 -1.15947 0.478965
87.57 -1.15951 0.478965
87.58 -1.15954 0.478965
87.59 -1.15958 0.478965
87.6 -1.15961 0.478966
87.61 -1.15965 0.478966
87.62 -1.15968 0.478966
87.63 -1.15972 0.478966
87.64 -1.15975 0.478966
87.65 -1.15979 0.478966
87.66 -1.15982 0.478966
87.67 -1.15986 0.478966
87.68 -1.15989 0.478966
87.69 -1.15993 0.478966
87.7 -1.15996 0.478966
87.71 -1.16 0.478966
87.72 -1.16003 0.478966
87.73 -1.16007 0.478966
87.74 -1.1601 0.478966
87.75 -1.16014 0.478966
87.76 -1.16017 0.478967
87.77 -1.16021 0.478967
87.78 -1.16024 0.478967
87.79 -1.16027 0.478967
87.8 -1.16031 0.478967
87.81 -1.16034 0.478967
87.82 -1.16038 0.478967
87.83 -1.16041 0.478967
87.84 -1.16045 0.478967
87.85 -1.16048 0.478967
87.86 -1.16052 0.478967
87.87 -1.16055 0.478967
87.88 -1.16059 0.478967
87.89 -1.16062 0.478967
87.9 -1.16066 0.478967
87.91 -1.16069 0.478968
87.92 -1.16073 0.478968
87.93 -1.16076 0.478968
87.94 -1.1608 0.478968
87.95 -1.16083 0.478968
87.96 -1.16087 0.478968
87.97 -1.1609 0.478968
87.98 -1.16094 0.478968
87.99 -1.16097 0.478968
88 -1.16101 0.478968
88.01 -1.16104 0.478968
88.02 -1.16108 0.478968
88.03 -1.16111 0.478968
88.04 -1.16114 0.478968
88.05 -1.16118 0.478968
88.06 -1.16121 0.478968
88.07 -1.16125 0.478968
88.08 -1.16128 0.478968
88.09 -1.16132 0.478968
88.1 -1.16135 0.478968
88.11 -1.16139 0.478968
88.12 -1.16142 0.478969
88.13 -1.16146 0.478969
88.14 -1.16149 0.478969
88.15 -1.16153 0.478969
88.16 -1.16156 0.478969
88.17 -1.1616 0.478969
88.18 -1.16163 0.478969
88.19 -1.16167 0.478969
88.2 -1.1617 0.478969
88.21 -1.16173 0.478969
88.22 -1.16177 0.478969
88.23 -1.1618 0.478969
88.24 -1.16184 0.478969
88.25 -1.16187 0.478969
88.26 -1.16191 0.478969
88.27 -1.16194 0.478969
88.28 -1.16198 0.478969
88.29 -1.16201 0.478969
88.3 -1.16205 0.478969
88.31 -1.16208 0.478969
88.32 -1.16212 0.478969
88.33 -1.16215 0.478969
88.34 -1.16218 0.478969
88.35 -1.16222 0.478969
88.36 -1.16225 0.478969
88.37 -1.16229 0.478969
88.38 -1.16232 0.478969
88.39 -1.16236 0.47897
88.4 -1.16239 0.47897
88.41 -1.16243 0.47897
88.42 -1.16246 0.47897
88.43 -1.1625 0.47897
88.44 -1.16253 0.47897
88.45 -1.16257 0.47897
88.46 -1.1626 0.47897
88.47 -1.16263 0.47897
88.48 -1.16267 0.47897
88.49 -1.1627 0.47897
88.5 -1.16274 0.47897
88.51 -1.16277 0.47897
88.52 -1.16281 0.47897
88.53 -1.16284 0.47897
88.54 -1.16288 0.47897
88.55 -1.16291 0.47897
88.56 -1.16295 0.47897
88.57 -1.16298 0.47897
88.58 -1.16301 0.47897
88.59 -1.16305 0.47897
88.6 -1.16308 0.478971
88.61 -1.16312 0.478971
88.62 -1.16315 0.478971
88.63 -1.16319 0.478971
88.64 -1.16322 0.478971
88.65 -1.16326 0.478971
88.66 -1.16329 0.478971
88.67 -1.16332 0.478971
88.68 -1.16336 0.478971
88.69 -1.16339 0.478971
88.7 -1.16343 0.478971
88.71 -1.16346 0.478971
88.72 -1.1635 0.478971
88.73 -1.16353 0.478971
88.74 -1.16357 0.478971
88.75 -1.1636 0.478971
88.76 -1.16363 0.478972
88.77 -1.16367 0.478972
88.78 -1.1637 0.478972
88.79 -1.16374 0.478972
88.8 -1.16377 0.478972
88.81 -1.16381 0.478972
88.82 -1.16384 0.478972
88.83 -1.16388 0.478972
88.84 -1.16391 0.478972
88.85 -1.16394 0.478972
88.86 -1.16398 0.478972
88.87 -1.16401 0.478972
88.88 -1.16405 0.478972
88.89 -1.16408 0.478972
88.9 -1.16412 0.478972
88.91 -1.16415 0.478972
88.92 -1.16419 0.478973
88.93 -1.16422 0.478973
88.94 -1.16425 0.478973
88.95 -1.16429 0.478973
88.96 -1.16432 0.478973
88.97 -1.16436 0.478973
88.98 -1.16439 0.478973
88.99 -1.16443 0.478973
89 -1.16446 0.478973
89.01 -1.16449 0.478973
89.02 -1.16453 0.478973
89.03 -1.16456 0.478973
89.04 -1.1646 0.478973
89.05 -1.16463 0.478973
89.06 -1.16467 0.478973
89.07 -1.1647 0.478973
89.08 -1.16474 0.478973
89.09 -1.16477 0.478973
89.1 -1.1648 0.478974
89.11 -1.16484 0.478974
89.12 -1.16487 0.478974
89.13 -1.16491 0.478974
89.14 -1.16494 0.478974
89.15 -1.16498 0.478974
89.16 -1.16501 0.478974
89.17 -1.16504 0.478974
89.18 -1.16508 0.478974
89.19 -1.16511 0.478974
89.2 -1.16515 0.478974
89.21 -1.16518 0.478974
89.22 -1.16522 0.478974
89.23 -1.16525 0.478974
89.24 -1.16528 0.478974
89.25 -1.16532 0.478974
89.26 -1.16535 0.478974
89.27 -1.16539 0.478974
89.28 -1.16542 0.478974
89.29 -1.16546 0.478974
89.3 -1.16549 0.478974
89.31 -1.16552 0.478974
89.32 -1.16556 0.478974
89.33 -1.16559 0.478974
89.34 -1.16563 0.478974
89.35 -1.16566 0.478974
89.36 -1.1657 0.478975
89.37 -1.16573 0.478975
89.38 -1.16576 0.478975
89.39 -1.1658 0.478975
89.4 -1.16583 0.478975
89.41 -1.16587 0.478975
89.42 -1.1659 0.478975
89.43 -1.16593 0.478975
89.44 -1.16597 0.478975
89.45 -1.166 0.478975
89.46 -1.16604 0.478975
89.47 -1.16607 0.478975
89.48 -1.16611 0.478975
89.49 -1.16614 0.478975
89.5 -1.16617 0.478975
89.51 -1.16621 0.478975
89.52 -1.16624 0.478975
89.53 -1.16628 0.478975
89.54 -1.16631 0.478975
89.55 -1.16634 0.478975
89.56 -1.16638 0.478975
89.57 -1.16641 0.478975
89.58 -1.16645 0.478975
89.59 -1.16648 0.478975
89.6 -1.16652 0.478975
89.61 -1.16655 0.478975
89.62 -1.16658 0.478975
89.63 -1.16662 0.478975
89.64 -1.16665 0.478975
89.65 -1.16669 0.478976
89.66 -1.16672 0.478976
89.67 -1.16675 0.478976
89.68 -1.16679 0.478976
89.69 -1.16682 0.478976
89.7 -1.16686 0.478976
89.71 -1.16689 0.478976
89.72 -1.16692 0.478976
89.73 -1.16696 0.478976
89.74 -1.16699 0.478976
89.75 -1.16703 0.478976
89.76 -1.16706 0.478976
89.77 -1.16709 0.478976
89.78 -1.16713 0.478976
89.79 -1.16716 0.478976
89.8 -1.1672 0.478976
89.81 -1.16723 0.478976
89.82 -1.16726 0.478976
89.83 -1.1673 0.478976
89.84 -1.16733 0.478976
89.85 -1.16737 0.478976
89.86 -1.1674 0.478976
89.87 -1.16743 0.478976
89.88 -1.16747 0.478976
89.89 -1.1675 0.478976
89.9 -1.16754 0.478977
89.91 -1.16757 0.478977
89.92 -1.1676 0.478977
89.93 -1.16764 0.478977
89.94 -1.16767 0.478977
89.95 -1.16771 0.478977
89.96 -1.16774 0.478977
89.97 -1.16777 0.478977
89.98 -1.16781 0.478977
89.99 -1.16784 0.478977
90 -1.16788 0.478977
90.01 -1.16791 0.478977
90.02 -1.16794 0.478977
90.03 -1.16798 0.478977
90.04 -1.16801 0.478977
90.05 -1.16805 0.478977
90.06 -1.16808 0.478977
90.07 -1.16811 0.478977
90.08 -1.16815 0.478977
90.09 -1.16818 0.478978
90.1 -1.16822 0.478978
90.11 -1.16825 0.478978
90.12 -1.16828 0.478978
90.13 -1.16832 0.478978
90.14 -1.16835 0.478978
90.15 -1.16839 0.478978
90.16 -1.16842 0.478978
90.17 -1.16845 0.478978
90.18 -1.16849 0.478978
90.19 -1.16852 0.478978
90.2 -1.16856 0.478978
90.21 -1.16859 0.478978
90.22 -1.16862 0.478978
90.23 -1.16866 0.478978
90.24 -1.16869 0.478978
90.25 -1.16873 0.478979
90.26 -1.16876 0.478979
90.27 -1.16879 0.478979
90.28 -1.16883 0.478979
90.29 -1.16886 0.478979
90.3 -1.16889 0.478979
90.31 -1.16893 0.478979
90.32 -1.16896 0.478979
90.33 -1.169 0.478979
90.34 -1.16903 0.478979
90.35 -1.16906 0.478979
90.36 -1.1691 0.478979
90.37 -1.16913 0.478979
90.38 -1.16916 0.478979
90.39 -1.1692 0.478979
90.4 -1.16923 0.478979
90.41 -1.16927 0.478979
90.42 -1.1693 0.47898
90.43 -1.16933 0.47898
90.44 -1.16937 0.47898
90.45 -1.1694 0.47898
90.46 -1.16944 0.47898
90.47 -1.16947 0.47898
90.48 -1.1695 0.47898
90.49 -1.16954 0.47898
90.5 -1.16957 0.47898
90.51 -1.1696 0.47898
90.52 -1.16964 0.47898
90.53 -1.16967 0.47898
90.54 -1.16971 0.47898
90.55 -1.16974 0.47898
90.56 -1.16977 0.47898
90.57 -1.16981 0.47898
90.58 -1.16984 0.47898
90.59 -1.16987 0.47898
90.6 -1.16991 0.47898
90.61 -1.16994 0.478981
90.62 -1.16998 0.478981
90.63 -1.17001 0.478981
90.64 -1.17004 0.478981
90.65 -1.17008 0.478981
90.66 -1.17011 0.478981
90.67 -1.17014 0.478981
90.68 -1.17018 0.478981
90.69 -1.17021 0.478981
90.7 -1.17025 0.478981
90.71 -1.17028 0.478981
90.72 -1.17031 0.478981
90.73 -1.17035 0.478981
90.74 -1.17038 0.478981
90.75 -1.17041 0.478981
90.76 -1.17045 0.478981
90.77 -1.17048 0.478981
90.78 -1.17052 0.478981
90.79 -1.17055 0.478981
90.8 -1.17058 0.478981
90.81 -1.17062 0.478981
90.82 -1.17065 0.478981
90.83 -1.17068 0.478981
90.84 -1.17072 0.478981
90.85 -1.17075 0.478981
90.86 -1.17078 0.478981
90.87 -1.17082 0.478982
90.88 -1.17085 0.478982
90.89 -1.17089 0.478982
90.9 -1.17092 0.478982
90.91 -1.17095 0.478982
90.92 -1.17099 0.478982
90.93 -1.17102 0.478982
90.94 -1.17105 0.478982
90.95 -1.17109 0.478982
90.96 -1.17112 0.478982
90.97 -1.17115 0.478982
90.98 -1.17119 0.478982
90.99 -1.17122 0.478982
91 -1.17126 0.478982
91.01 -1.17129 0.478982
91.02 -1.17132 0.478982
91.03 -1.17136 0.478982
91.04 -1.17139 0.478982
91.05 -1.17142 0.478982
91.06 -1.17146 0.478982
91.07 -1.17149 0.478982
91.08 -1.17152 0.478982
91.09 -1.17156 0.478982
91.1 -1.17159 0.478982
91.11 -1.17162 0.478982
91.12 -1.17166 0.478982
91.13 -1.17169 0.478982
91.14 -1.17173 0.478983
91.15 -1.17176 0.478983
91.16 -1.17179 0.478983
91.17 -1.17183 0.478983
91.18 -1.17186 0.478983
91.19 -1.17189 0.478983
91.2 -1.17193 0.478983
91.21 -1.17196 0.478983
91.22 -1.17199 0.478983
91.23 -1.17203 0.478983
91.24 -1.17206 0.478983
91.25 -1.17209 0.478983
91.26 -1.17213 0.478983
91.27 -1.17216 0.478983
91.28 -1.17219 0.478983
91.29 -1.17223 0.478983
91.3 -1.17226 0.478983
91.31 -1.1723 0.478983
91.32 -1.17233 0.478983
91.33 -1.17236 0.478983
91.34 -1.1724 0.478983
91.35 -1.17243 0.478983
91.36 -1.17246 0.478983
91.37 -1.1725 0.478983
91.38 -1.17253 0.478984
91.39 -1.17256 0.478984
91.4 -1.1726 0.478984
91.41 -1.17263 0.478984
91.42 -1.17266 0.478984
91.43 -1.1727 0.478984
91.44 -1.17273 0.478984
91.45 -1.17276 0.478984
91.46 -1.1728 0.478984
91.47 -1.17283 0.478984
91.48 -1.17286 0.478984
91.49 -1.1729 0.478984
91.5 -1.17293 0.478984
91.51 -1.17296 0.478984
91.52 -1.173 0.478984
91.53 -1.17303 0.478984
91.54 -1.17306 0.478984
91.55 -1.1731 0.478984
91.56 -1.17313 0.478984
91.57 -1.17316 0.478984
91.58 -1.1732 0.478984
91.59 -1.17323 0.478984
91.6 -1.17326 0.478984
91.61 -1.1733 0.478984
91.62 -1.17333 0.478984
91.63 -1.17336 0.478985
91.64 -1.1734 0.478985
91.65 -1.17343 0.478985
91.66 -1.17347 0.478985
91.67 -1.1735 0.478985
91.68 -1.17353 0.478985
91.69 -1.17357 0.478985
91.7 -1.1736 0.478985
91.71 -1.17363 0.478985
91.72 -1.17367 0.478985
91.73 -1.1737 0.478985
91.74 -1.17373 0.478985
91.75 -1.17377 0.478985
91.76 -1.1738 0.478985
91.77 -1.17383 0.478985
91.78 -1.17387 0.478985
91.79 -1.1739 0.478985
91.8 -1.17393 0.478985
91.81 -1.17396 0.478985
91.82 -1.174 0.478985
91.83 -1.17403 0.478985
91.84 -1.17406 0.478985
91.85 -1.1741 0.478985
91.86 -1.17413 0.478985
91.87 -1.17416 0.478985
91.88 -1.1742 0.478986
91.89 -1.17423 0.478986
91.9 -1.17426 0.478986
91.91 -1.1743 0.478986
91.92 -1.17433 0.478986
91.93 -1.17436 0.478986
91.94 -1.1744 0.478986
91.95 -1.17443 0.478986
91.96 -1.17446 0.478986
91.97 -1.1745 0.478986
91.98 -1.17453 0.478986
91.99 -1.17456 0.478986
92 -1.1746 0.478986
92.01 -1.17463 0.478986
92.02 -1.17466 0.478986
92.03 -1.1747 0.478986
92.04 -1.17473 0.478986
92.05 -1.17476 0.478986
92.06 -1.1748 0.478986
92.07 -1.17483 0.478986
92.08 -1.17486 0.478986
92.09 -1.1749 0.478986
92.1 -1.17493 0.478986
92.11 -1.17496 0.478986
92.12 -1.175 0.478986
92.13 -1.17503 0.478987
92.14 -1.17506 0.478987
92.15 -1.17509 0.478987
92.16 -1.17513 0.478987
92.17 -1.17516 0.478987
92.18 -1.17519 0.478987
92.19 -1.17523 0.478987
92.2 -1.17526 0.478987
92.21 -1.17529 0.478987
92.22 -1.17533 0.478987
92.23 -1.17536 0.478987
92.24 -1.17539 0.478987
92.25 -1.17543 0.478987
92.26 -1.17546 0.478987
92.27 -1.17549 0.478987
92.28 -1.17553 0.478987
92.29 -1.17556 0.478987
92.3 -1.17559 0.478987
92.31 -1.17563 0.478987
92.32 -1.17566 0.478987
92.33 -1.17569 0.478987
92.34 -1.17572 0.478987
92.35 -1.17576 0.478987
92.36 -1.17579 0.478987
92.37 -1.17582 0.478987
92.38 -1.17586 0.478988
92.39 -1.17589 0.478988
92.4 -1.17592 0.478988
92.41 -1.17596 0.478988
92.42 -1.17599 0.478988
92.43 -1.17602 0.478988
92.44 -1.17606 0.478988
92.45 -1.17609 0.478988
92.46 -1.17612 0.478988
92.47 -1.17615 0.478988
92.48 -1.17619 0.478988
92.49 -1.17622 0.478988
92.5 -1.17625 0.478988
92.51 -1.17629 0.478988
92.52 -1.17632 0.478988
92.53 -1.17635 0.478988
92.54 -1.17639 0.478988
92.55 -1.17642 0.478988
92.56 -1.17645 0.478988
92.57 -1.17649 0.478988
92.58 -1.17652 0.478988
92.59 -1.17655 0.478988
92.6 -1.17658 0.478988
92.61 -1.17662 0.478988
92.62 -1.17665 0.478988
92.63 -1.17668 0.478989
92.64 -1.17672 0.478989
92.65 -1.17675 0.478989
92.66 -1.17678 0.478989
92.67 -1.17682 0.478989
92.68 -1.17685 0.478989
92.69 -1.17688 0.478989
92.7 -1.17691 0.478989
92.71 -1.17695 0.478989
92.72 -1.17698 0.478989
92.73 -1.17701 0.478989
92.74 -1.17705 0.478989
92.75 -1.17708 0.478989
92.76 -1.17711 0.478989
92.77 -1.17714 0.478989
92.78 -1.17718 0.478989
92.79 -1.17721 0.478989
92.8 -1.17724 0.478989
92.81 -1.17728 0.478989
92.82 -1.17731 0.478989
92.83 -1.17734 0.478989
92.84 -1.17738 0.478989
92.85 -1.17741 0.478989
92.86 -1.17744 0.478989
92.87 -1.17747 0.478989
92.88 -1.17751 0.47899
92.89 -1.17754 0.47899
92.9 -1.17757 0.47899
92.91 -1.17761 0.47899
92.92 -1.17764 0.47899
92.93 -1.17767 0.47899
92.94 -1.1777 0.47899
92.95 -1.17774 0.47899
92.96 -1.17777 0.47899
92.97 -1.1778 0.47899
92.98 -1.17784 0.47899
92.99 -1.17787 0.47899
93 -1.1779 0.47899
93.01 -1.17793 0.47899
93.02 -1.17797 0.47899
93.03 -1.178 0.47899
93.04 -1.17803 0.47899
93.05 -1.17807 0.47899
93.06 -1.1781 0.47899
93.07 -1.17813 0.47899
93.08 -1.17816 0.47899
93.09 -1.1782 0.47899
93.1 -1.17823 0.47899
93.11 -1.17826 0.47899
93.12 -1.1783 0.47899
93.13 -1.17833 0.478991
93.14 -1.17836 0.478991
93.15 -1.17839 0.478991
93.16 -1.17843 0.478991
93.17 -1.17846 0.478991
93.18 -1.17849 0.478991
93.19 -1.17853 0.478991
93.2 -1.17856 0.478991
93.21 -1.17859 0.478991
93.22 -1.17862 0.478991
93.23 -1.17866 0.478991
93.24 -1.17869 0.478991
93.25 -1.17872 0.478991
93.26 -1.17876 0.478991
93.27 -1.17879 0.478991
93.28 -1.17882 0.478991
93.29 -1.17885 0.478991
93.3 -1.17889 0.478991
93.31 -1.17892 0.478991
93.32 -1.17895 0.478991
93.33 -1.17898 0.478991
93.34 -1.17902 0.478991
93.35 -1.17905 0.478991
93.36 -1.17908 0.478991
93.37 -1.17912 0.478992
93.38 -1.17915 0.478992
93.39 -1.17918 0.478992
93.4 -1.17921 0.478992
93.41 -1.17925 0.478992
93.42 -1.17928 0.478992
93.43 -1.17931 0.478992
93.44 -1.17934 0.478992
93.45 -1.17938 0.478992
93.46 -1.17941 0.478992
93.47 -1.17944 0.478992
93.48 -1.17948 0.478992
93.49 -1.17951 0.478992
93.5 -1.17954 0.478992
93.51 -1.17957 0.478992
93.52 -1.17961 0.478992
93.53 -1.17964 0.478992
93.54 -1.17967 0.478992
93.55 -1.1797 0.478992
93.56 -1.17974 0.478992
93.57 -1.17977 0.478992
93.58 -1.1798 0.478992
93.59 -1.17983 0.478992
93.6 -1.17987 0.478992
93.61 -1.1799 0.478992
93.62 -1.17993 0.478992
93.63 -1.17997 0.478992
93.64 -1.18 0.478992
93.65 -1.18003 0.478993
93.66 -1.18006 0.478993
93.67 -1.1801 0.478993
93.68 -1.18013 0.478993
93.69 -1.18016 0.478993
93.7 -1.18019 0.478993
93.71 -1.18023 0.478993
93.72 -1.18026 0.478993
93.73 -1.18029 0.478993
93.74 -1.18032 0.478993
93.75 -1.18036 0.478993
93.76 -1.18039 0.478993
93.77 -1.18042 0.478993
93.78 -1.18045 0.478993
93.79 -1.18049 0.478993
93.8 -1.18052 0.478993
93.81 -1.18055 0.478993
93.82 -1.18058 0.478993
93.83 -1.18062 0.478993
93.84 -1.18065 0.478993
93.85 -1.18068 0.478993
93.86 -1.18072 0.478993
93.87 -1.18075 0.478993
93.88 -1.18078 0.478993
93.89 -1.18081 0.478993
93.9 -1.18085 0.478994
93.91 -1.18088 0.478994
93.92 -1.18091 0.478994
93.93 -1.18094 0.478994
93.94 -1.18098 0.478994
93.95 -1.18101 0.478994
93.96 -1.18104 0.478994
93.97 -1.18107 0.478994
93.98 -1.18111 0.478994
93.99 -1.18114 0.478994
94 -1.18117 0.478994
94.01 -1.1812 0.478994
94.02 -1.18124 0.478994
94.03 -1.18127 0.478994
94.04 -1.1813 0.478994
94.05 -1.18133 0.478994
94.06 -1.18137 0.478994
94.07 -1.1814 0.478994
94.08 -1.18143 0.478994
94.09 -1.18146 0.478995
94.1 -1.1815 0.478995
94.11 -1.18153 0.478995
94.12 -1.18156 0.478995
94.13 -1.18159 0.478995
94.14 -1.18163 0.478995
94.15 -1.18166 0.478995
94.16 -1.18169 0.478995
94.17 -1.18172 0.478995
94.18 -1.18176 0.478995
94.19 -1.18179 0.478995
94.2 -1.18182 0.478995
94.21 -1.18185 0.478995
94.22 -1.18189 0.478995
94.23 -1.18192 0.478995
94.24 -1.18195 0.478995
94.25 -1.18198 0.478996
94.26 -1.18201 0.478996
94.27 -1.18205 0.478996
94.28 -1.18208 0.478996
94.29 -1.18211 0.478996
94.3 -1.18214 0.478996
94.31 -1.18218 0.478996
94.32 -1.18221 0.478996
94.33 -1.18224 0.478996
94.34 -1.18227 0.478996
94.35 -1.18231 0.478996
94.36 -1.18234 0.478996
94.37 -1.18237 0.478996
94.38 -1.1824 0.478996
94.39 -1.18244 0.478996
94.4 -1.18247 0.478996
94.41 -1.1825 0.478997
94.42 -1.18253 0.478997
94.43 -1.18257 0.478997
94.44 -1.1826 0.478997
94.45 -1.18263 0.478997
94.46 -1.18266 0.478997
94.47 -1.1827 0.478997
94.48 -1.18273 0.478997
94.49 -1.18276 0.478997
94.5 -1.18279 0.478997
94.51 -1.18282 0.478997
94.52 -1.18286 0.478997
94.53 -1.18289 0.478997
94.54 -1.18292 0.478997
94.55 -1.18295 0.478997
94.56 -1.18299 0.478997
94.57 -1.18302 0.478997
94.58 -1.18305 0.478997
94.59 -1.18308 0.478997
94.6 -1.18312 0.478997
94.61 -1.18315 0.478998
94.62 -1.18318 0.478998
94.63 -1.18321 0.478998
94.64 -1.18325 0.478998
94.65 -1.18328 0.478998
94.66 -1.18331 0.478998
94.67 -1.18334 0.478998
94.68 -1.18337 0.478998
94.69 -1.18341 0.478998
94.7 -1.18344 0.478998
94.71 -1.18347 0.478998
94.72 -1.1835 0.478998
94.73 -1.18354 0.478998
94.74 -1.18357 0.478998
94.75 -1.1836 0.478998
94.76 -1.18363 0.478998
94.77 -1.18366 0.478998
94.78 -1.1837 0.478998
94.79 -1.18373 0.478998
94.8 -1.18376 0.478998
94.81 -1.18379 0.478998
94.82 -1.18383 0.478998
94.83 -1.18386 0.478998
94.84 -1.18389 0.478998
94.85 -1.18392 0.478998
94.86 -1.18396 0.478998
94.87 -1.18399 0.478999
94.88 -1.18402 0.478999
94.89 -1.18405 0.478999
94.9 -1.18408 0.478999
94.91 -1.18412 0.478999
94.92 -1.18415 0.478999
94.93 -1.18418 0.478999
94.94 -1.18421 0.478999
94.95 -1.18425 0.478999
94.96 -1.18428 0.478999
94.97 -1.18431 0.478999
94.98 -1.18434 0.478999
94.99 -1.18437 0.478999
95 -1.18441 0.478999
95.01 -1.18444 0.478999
95.02 -1.18447 0.478999
95.03 -1.1845 0.478999
95.04 -1.18453 0.478999
95.05 -1.18457 0.478999
95.06 -1.1846 0.478999
95.07 -1.18463 0.478999
95.08 -1.18466 0.478999
95.09 -1.1847 0.478999
95.1 -1.18473 0.478999
95.11 -1.18476 0.478999
95.12 -1.18479 0.479
95.13 -1.18482 0.479
95.14 -1.18486 0.479
95.15 -1.18489 0.479
95.16 -1.18492 0.479
95.17 -1.18495 0.479
95.18 -1.18498 0.479
95.19 -1.18502 0.479
95.2 -1.18505 0.479
95.21 -1.18508 0.479
95.22 -1.18511 0.479
95.23 -1.18515 0.479
95.24 -1.18518 0.479
95.25 -1.18521 0.479
95.26 -1.18524 0.479
95.27 -1.18527 0.479
95.28 -1.18531 0.479
95.29 -1.18534 0.479
95.3 -1.18537 0.479
95.31 -1.1854 0.479
95.32 -1.18543 0.479
95.33 -1.18547 0.479
95.34 -1.1855 0.479
95.35 -1.18553 0.479
95.36 -1.18556 0.479001
95.37 -1.18559 0.479001
95.38 -1.18563 0.479001
95.39 -1.18566 0.479001
95.4 -1.18569 0.479001
95.41 -1.18572 0.479001
95.42 -1.18575 0.479001
95.43 -1.18579 0.479001
95.44 -1.18582 0.479001
95.45 -1.18585 0.479001
95.46 -1.18588 0.479001
95.47 -1.18592 0.479001
95.48 -1.18595 0.479001
95.49 -1.18598 0.479001
95.5 -1.18601 0.479001
95.51 -1.18604 0.479001
95.52 -1.18608 0.479001
95.53 -1.18611 0.479001
95.54 -1.18614 0.479001
95.55 -1.18617 0.479001
95.56 -1.1862 0.479001
95.57 -1.18624 0.479001
95.58 -1.18627 0.479001
95.59 -1.1863 0.479001
95.6 -1.18633 0.479001
95.61 -1.18636 0.479001
95.62 -1.1864 0.479001
95.63 -1.18643 0.479001
95.64 -1.18646 0.479001
95.65 -1.18649 0.479001
95.66 -1.18652 0.479001
95.67 -1.18656 0.479001
95.68 -1.18659 0.479001
95.69 -1.18662 0.479001
95.7 -1.18665 0.479001
95.71 -1.18668 0.479001
95.72 -1.18671 0.479001
95.73 -1.18675 0.479001
95.74 -1.18678 0.479001
95.75 -1.18681 0.479002
95.76 -1.18684 0.479002
95.77 -1.18687 0.479002
95.78 -1.18691 0.479002
95.79 -1.18694 0.479002
95.8 -1.18697 0.479002
95.81 -1.187 0.479002
95.82 -1.18703 0.479002
95.83 -1.18707 0.479002
95.84 -1.1871 0.479002
95.85 -1.18713 0.479002
95.86 -1.18716 0.479002
95.87 -1.18719 0.479002
95.88 -1.18723 0.479002
95.89 -1.18726 0.479002
95.9 -1.18729 0.479002
95.91 -1.18732 0.479002
95.92 -1.18735 0.479002
95.93 -1.18738 0.479002
95.94 -1.18742 0.479002
95.95 -1.18745 0.479002
95.96 -1.18748 0.479002
95.97 -1.18751 0.479002
95.98 -1.18754 0.479002
95.99 -1.18758 0.479002
96 -1.18761 0.479002
96.01 -1.18764 0.479002
96.02 -1.18767 0.479002
96.03 -1.1877 0.479002
96.04 -1.18773 0.479002
96.05 -1.18777 0.479002
96.06 -1.1878 0.479002
96.07 -1.18783 0.479002
96.08 -1.18786 0.479002
96.09 -1.18789 0.479002
96.1 -1.18793 0.479002
96.11 -1.18796 0.479002
96.12 -1.18799 0.479002
96.13 -1.18802 0.479002
96.14 -1.18805 0.479002
96.15 -1.18808 0.479002
96.16 -1.18812 0.479003
96.17 -1.18815 0.479003
96.18 -1.18818 0.479003
96.19 -1.18821 0.479003
96.2 -1.18824 0.479003
96.21 -1.18828 0.479003
96.22 -1.18831 0.479003
96.23 -1.18834 0.479003
96.24 -1.18837 0.479003
96.25 -1.1884 0.479003
96.26 -1.18843 0.479003
96.27 -1.18847 0.479003
96.28 -1.1885 0.479003
96.29 -1.18853 0.479003
96.3 -1.18856 0.479003
96.31 -1.18859 0.479003
96.32 -1.18862 0.479003
96.33 -1.18866 0.479003
96.34 -1.18869 0.479003
96.35 -1.18872 0.479003
96.36 -1.18875 0.479003
96.37 -1.18878 0.479003
96.38 -1.18881 0.479003
96.39 -1.18885 0.479004
96.4 -1.18888 0.479004
96.41 -1.18891 0.479004
96.42 -1.18894 0.479004
96.43 -1.18897 0.479004
96.44 -1.189 0.479004
96.45 -1.18904 0.479004
96.46 -1.18907 0.479004
96.47 -1.1891 0.479004
96.48 -1.18913 0.479004
96.49 -1.18916 0.479004
96.5 -1.18919 0.479004
96.51 -1.18923 0.479004
96.52 -1.18926 0.479004
96.53 -1.18929 0.479004
96.54 -1.18932 0.479004
96.55 -1.18935 0.479004
96.56 -1.18938 0.479004
96.57 -1.18942 0.479004
96.58 -1.18945 0.479004
96.59 -1.18948 0.479004
96.6 -1.18951 0.479004
96.61 -1.18954 0.479004
96.62 -1.18957 0.479005
96.63 -1.18961 0.479005
96.64 -1.18964 0.479005
96.65 -1.18967 0.479005
96.66 -1.1897 0.479005
96.67 -1.18973 0.479005
96.68 -1.18976 0.479005
96.69 -1.1898 0.479005
96.7 -1.18983 0.479005
96.71 -1.18986 0.479005
96.72 -1.18989 0.479005
96.73 -1.18992 0.479005
96.74 -1.18995 0.479005
96.75 -1.18999 0.479005
96.76 -1.19002 0.479005
96.77 -1.19005 0.479005
96.78 -1.19008 0.479005
96.79 -1.19011 0.479005
96.8 -1.19014 0.479005
96.81 -1.19018 0.479005
96.82 -1.19021 0.479005
96.83 -1.19024 0.479005
96.84 -1.19027 0.479005
96.85 -1.1903 0.479005
96.86 -1.19033 0.479005
96.87 -1.19036 0.479005
96.88 -1.1904 0.479006
96.89 -1.19043 0.479006
96.9 -1.19046 0.479006
96.91 -1.19049 0.479006
96.92 -1.19052 0.479006
96.93 -1.19055 0.479006
96.94 -1.19059 0.479006
96.95 -1.19062 0.479006
96.96 -1.19065 0.479006
96.97 -1.19068 0.479006
96.98 -1.19071 0.479006
96.99 -1.19074 0.479006
97 -1.19077 0.479006
97.01 -1.19081 0.479006
97.02 -1.19084 0.479006
97.03 -1.19087 0.479006
97.04 -1.1909 0.479006
97.05 -1.19093 0.479006
97.06 -1.19096 0.479006
97.07 -1.19099 0.479006
97.08 -1.19103 0.479006
97.09 -1.19106 0.479006
97.1 -1.19109 0.479006
97.11 -1.19112 0.479006
97.12 -1.19115 0.479006
97.13 -1.19118 0.479007
97.14 -1.19122 0.479007
97.15 -1.19125 0.479007
97.16 -1.19128 0.479007
97.17 -1.19131 0.479007
97.18 -1.19134 0.479007
97.19 -1.19137 0.479007
97.2 -1.1914 0.479007
97.21 -1.19144 0.479007
97.22 -1.19147 0.479007
97.23 -1.1915 0.479007
97.24 -1.19153 0.479007
97.25 -1.19156 0.479007
97.26 -1.19159 0.479007
97.27 -1.19162 0.479007
97.28 -1.19166 0.479007
97.29 -1.19169 0.479007
97.3 -1.19172 0.479007
97.31 -1.19175 0.479007
97.32 -1.19178 0.479007
97.33 -1.19181 0.479007
97.34 -1.19184 0.479007
97.35 -1.19188 0.479007
97.36 -1.19191 0.479007
97.37 -1.19194 0.479007
97.38 -1.19197 0.479008
97.39 -1.192 0.479008
97.4 -1.19203 0.479008
97.41 -1.19206 0.479008
97.42 -1.19209 0.479008
97.43 -1.19213 0.479008
97.44 -1.19216 0.479008
97.45 -1.19219 0.479008
97.46 -1.19222 0.479008
97.47 -1.19225 0.479008
97.48 -1.19228 0.479008
97.49 -1.19231 0.479008
97.5 -1.19235 0.479008
97.51 -1.19238 0.479008
97.52 -1.19241 0.479008
97.53 -1.19244 0.479008
97.54 -1.19247 0.479008
97.55 -1.1925 0.479008
97.56 -1.19253 0.479008
97.57 -1.19257 0.479008
97.58 -1.1926 0.479008
97.59 -1.19263 0.479008
97.6 -1.19266 0.479008
97.61 -1.19269 0.479008
97.62 -1.19272 0.479008
97.63 -1.19275 0.479009
97.64 -1.19278 0.479009
97.65 -1.19282 0.479009
97.66 -1.19285 0.479009
97.67 -1.19288 0.479009
97.68 -1.19291 0.479009
97.69 -1.19294 0.479009
97.7 -1.19297 0.479009
97.71 -1.193 0.479009
97.72 -1.19303 0.479009
97.73 -1.19307 0.479009
97.74 -1.1931 0.479009
97.75 -1.19313 0.479009
97.76 -1.19316 0.479009
97.77 -1.19319 0.479009
97.78 -1.19322 0.479009
97.79 -1.19325 0.479009
97.8 -1.19328 0.479009
97.81 -1.19332 0.479009
97.82 -1.19335 0.479009
97.83 -1.19338 0.479009
97.84 -1.19341 0.479009
97.85 -1.19344 0.479009
97.86 -1.19347 0.479009
97.87 -1.1935 0.479009
97.88 -1.19353 0.47901
97.89 -1.19357 0.47901
97.9 -1.1936 0.47901
97.91 -1.19363 0.47901
97.92 -1.19366 0.47901
97.93 -1.19369 0.47901
97.94 -1.19372 0.47901
97.95 -1.19375 0.47901
97.96 -1.19378 0.47901
97.97 -1.19382 0.47901
97.98 -1.19385 0.47901
97.99 -1.19388 0.47901
98 -1.19391 0.47901
98.01 -1.19394 0.47901
98.02 -1.19397 0.47901
98.03 -1.194 0.47901
98.04 -1.19403 0.47901
98.05 -1.19407 0.47901
98.06 -1.1941 0.47901
98.07 -1.19413 0.47901
98.08 -1.19416 0.47901
98.09 -1.19419 0.47901
98.1 -1.19422 0.47901
98.11 -1.19425 0.47901
98.12 -1.19428 0.47901
98.13 -1.19431 0.479011
98.14 -1.19435 0.479011
98.15 -1.19438 0.479011
98.16 -1.19441 0.479011
98.17 -1.19444 0.479011
98.18 -1.19447 0.479011
98.19 -1.1945 0.479011
98.2 -1.19453 0.479011
98.21 -1.19456 0.479011
98.22 -1.19459 0.479011
98.23 -1.19463 0.479011
98.24 -1.19466 0.479011
98.25 -1.19469 0.479011
98.26 -1.19472 0.479011
98.27 -1.19475 0.479011
98.28 -1.19478 0.479011
98.29 -1.19481 0.479011
98.3 -1.19484 0.479011
98.31 -1.19487 0.479011
98.32 -1.19491 0.479011
98.33 -1.19494 0.479011
98.34 -1.19497 0.479011
98.35 -1.195 0.479011
98.36 -1.19503 0.479011
98.37 -1.19506 0.479011
98.38 -1.19509 0.479011
98.39 -1.19512 0.479012
98.4 -1.19515 0.479012
98.41 -1.19519 0.479012
98.42 -1.19522 0.479012
98.43 -1.19525 0.479012
98.44 -1.19528 0.479012
98.45 -1.19531 0.479012
98.46 -1.19534 0.479012
98.47 -1.19537 0.479012
98.48 -1.1954 0.479012
98.49 -1.19543 0.479012
98.5 -1.19546 0.479012
98.51 -1.1955 0.479012
98.52 -1.19553 0.479012
98.53 -1.19556 0.479012
98.54 -1.19559 0.479012
98.55 -1.19562 0.479012
98.56 -1.19565 0.479012
98.57 -1.19568 0.479012
98.58 -1.19571 0.479012
98.59 -1.19574 0.479012
98.6 -1.19578 0.479012
98.61 -1.19581 0.479012
98.62 -1.19584 0.479013
98.63 -1.19587 0.479013
98.64 -1.1959 0.479013
98.65 -1.19593 0.479013
98.66 -1.19596 0.479013
98.67 -1.19599 0.479013
98.68 -1.19602 0.479013
98.69 -1.19605 0.479013
98.7 -1.19608 0.479013
98.71 -1.19612 0.479013
98.72 -1.19615 0.479013
98.73 -1.19618 0.479013
98.74 -1.19621 0.479013
98.75 -1.19624 0.479013
98.76 -1.19627 0.479013
98.77 -1.1963 0.479013
98.78 -1.19633 0.479013
98.79 -1.19636 0.479013
98.8 -1.19639 0.479013
98.81 -1.19643 0.479013
98.82 -1.19646 0.479013
98.83 -1.19649 0.479013
98.84 -1.19652 0.479013
98.85 -1.19655 0.479014
98.86 -1.19658 0.479014
98.87 -1.19661 0.479014
98.88 -1.19664 0.479014
98.89 -1.19667 0.479014
98.9 -1.1967 0.479014
98.91 -1.19673 0.479014
98.92 -1.19677 0.479014
98.93 -1.1968 0.479014
98.94 -1.19683 0.479014
98.95 -1.19686 0.479014
98.96 -1.19689 0.479014
98.97 -1.19692 0.479014
98.98 -1.19695 0.479014
98.99 -1.19698 0.479014
99 -1.19701 0.479014
99.01 -1.19704 0.479014
99.02 -1.19707 0.479014
99.03 -1.19711 0.479014
99.04 -1.19714 0.479014
99.05 -1.19717 0.479014
99.06 -1.1972 0.479014
99.07 -1.19723 0.479014
99.08 -1.19726 0.479014
99.09 -1.19729 0.479014
99.1 -1.19732 0.479014
99.11 -1.19735 0.479014
99.12 -1.19738 0.479014
99.13 -1.19741 0.479014
99.14 -1.19745 0.479014
99.15 -1.19748 0.479014
99.16 -1.19751 0.479014
99.17 -1.19754 0.479014
99.18 -1.19757 0.479014
99.19 -1.1976 0.479014
99.2 -1.19763 0.479014
99.21 -1.19766 0.479014
99.22 -1.19769 0.479014
99.23 -1.19772 0.479014
99.24 -1.19775 0.479014
99.25 -1.19778 0.479015
99.26 -1.19781 0.479015
99.27 -1.19785 0.479015
99.28 -1.19788 0.479015
99.29 -1.19791 0.479015
99.3 -1.19794 0.479015
99.31 -1.19797 0.479015
99.32 -1.198 0.479015
99.33 -1.19803 0.479015
99.34 -1.19806 0.479015
99.35 -1.19809 0.479015
99.36 -1.19812 0.479015
99.37 -1.19815 0.479015
99.38 -1.19818 0.479015
99.39 -1.19821 0.479015
99.4 -1.19825 0.479015
99.41 -1.19828 0.479015
99.42 -1.19831 0.479015
99.43 -1.19834 0.479015
99.44 -1.19837 0.479015
99.45 -1.1984 0.479015
99.46 -1.19843 0.479015
99.47 -1.19846 0.479015
99.48 -1.19849 0.479015
99.49 -1.19852 0.479015
99.5 -1.19855 0.479015
99.51 -1.19858 0.479015
99.52 -1.19861 0.479015
99.53 -1.19864 0.479015
99.54 -1.19868 0.479015
99.55 -1.19871 0.479015
99.56 -1.19874 0.479015
99.57 -1.19877 0.479015
99.58 -1.1988 0.479015
99.59 -1.19883 0.479015
99.6 -1.19886 0.479015
99.61 -1.19889 0.479015
99.62 -1.19892 0.479015
99.63 -1.19895 0.479015
99.64 -1.19898 0.479015
99.65 -1.19901 0.479015
99.66 -1.19904 0.479016
99.67 -1.19907 0.479016
99.68 -1.1991 0.479016
99.69 -1.19914 0.479016
99.7 -1.19917 0.479016
99.71 -1.1992 0.479016
99.72 -1.19923 0.479016
99.73 -1.19926 0.479016
99.74 -1.19929 0.479016
99.75 -1.19932 0.479016
99.76 -1.19935 0.479016
99.77 -1.19938 0.479016
99.78 -1.19941 0.479016
99.79 -1.19944 0.479016
99.8 -1.19947 0.479016
99.81 -1.1995 0.479016
99.82 -1.19953 0.479016
99.83 -1.19956 0.479016
99.84 -1.19959 0.479016
99.85 -1.19963 0.479016
99.86 -1.19966 0.479016
99.87 -1.19969 0.479016
99.88 -1.19972 0.479016
99.89 -1.19975 0.479016
99.9 -1.19978 0.479017
99.91 -1.19981 0.479017
99.92 -1.19984 0.479017
99.93 -1.19987 0.479017
99.94 -1.1999 0.479017
99.95 -1.19993 0.479017
99.96 -1.19996 0.479017
99.97 -1.19999 0.479017
99.98 -1.20002 0.479017
99.99 -1.20005 0.479017
