      1082.7780       143.3012       395.4705       988.5645
       969.2061      -143.3010      -395.4710      -388.5650
       500.9451       144.8935       -33.1748      -458.9490
      1024.3650      -630.1590      -108.6940       788.7914
      1027.6200       630.1585       108.6944      -188.7910
       211.7431      -142.6840        45.2811        64.8789
      1035.1021       419.7507       442.2169       825.5142
      1016.8820      -419.7510      -442.2170      -225.5140
       407.8642       149.0677      -229.3730      -270.7450
       711.6921       365.0708      -525.6510      -280.5410
      1340.2920      -365.0710       525.6511       880.5406
       230.6689       111.4174      -108.1460       104.3162
      1035.8530      -600.2310       -93.7044       828.0795
      1016.1320       600.2311        93.7044      -228.0790
       830.7775       753.9188        43.7404      -318.8540
       654.2963       298.7792       305.3659      -476.8330
      1397.6880      -298.7790      -305.3660      1076.8330
      1174.3680      -105.1500      -416.3530      1084.6740
       659.5184      -422.0170       167.3106      -458.9730
      1392.4659       422.0168      -167.3110      1058.9730
       914.0980        77.7405      -389.5370       812.1429
       900.6288      -700.1160       411.1895       365.6180
      1151.3550       700.1158      -411.1900       234.3820
       942.6956       752.6976      -544.9710        83.1317
      1051.1240      -517.8720       208.5991       880.3062
      1000.8610       517.8719      -208.5990      -280.3060
       637.9370       556.2492       149.8587      -238.4870
       727.8906      -178.2890       655.0816      -225.1420
      1324.0940       178.2891      -655.0820       825.1421
       388.2151      -149.3350      -331.7940        10.2701
       828.9133       578.1945      -565.7620       120.3529
      1223.0710      -578.1950       565.7621       479.6471
       593.6181      -459.9320       -38.3199       348.0799
       666.3071      -151.7460       461.3434      -435.7560
      1385.6770       151.7461      -461.3430      1035.7560
       555.0562      -188.6770      -419.8800       279.2352
       671.8131        48.0349       506.9335      -416.9260
      1380.1710       -48.0349      -506.9340      1016.9260
       489.5393       331.7872      -114.3110       313.4996
       683.6955      -554.6110         6.0874      -376.2880
      1368.2889       554.6104        -6.0874       976.2883
       173.6778       -89.4390        56.2944       -27.9051
       680.7449        56.7010      -541.0110      -386.3790
      1371.2400       -56.7011       541.0107       986.3795
       809.7734       333.4595       307.1315       657.2603
       724.9892       532.0165      -411.2120      -235.0650
      1326.9950      -532.0170       411.2122       835.0649
       275.4115      -110.1240      -194.9990        86.5040
       843.5924       748.7571      -322.0330       170.5548
      1208.3920      -748.7570       322.0328       429.4452
       351.1559      -231.0650      -226.3310        21.8356
       684.3346      -200.1050       519.7137      -374.1030
      1367.6500       200.1045      -519.7140       974.1026
       658.7073       114.3121        92.8503       627.6862
      1063.8380       454.2586       231.9427       923.7889
       988.1464      -454.2590      -231.9430      -323.7890
       317.2003       138.1556      -251.4430        -9.4104
       919.1027       377.5213       707.2076       428.7982
      1132.8820      -377.5210      -707.2080       171.2018
       434.9655      -411.9440       -25.6570        24.9462
       884.4073       -85.3099      -812.7080       310.1410
      1167.5770        85.3099       812.7080       289.8590
      1018.3830       141.5342       948.7261       314.2849
       678.0093       523.5500       103.7748      -395.7350
      1373.9750      -523.5500      -103.7750       995.7346
      1044.5670      -695.0850        58.0791       765.7592
       680.9652       510.7338      -189.5800      -385.6260
      1371.0190      -510.7340       189.5796       985.6258
      1216.5880      -614.3860       303.5766       996.1124
       666.3566      -306.6560      -376.8820      -435.5870
      1385.6281       306.6563       376.8823      1035.5870
       251.8614        82.4032      -181.2950        74.5589
       723.5538       658.9609       116.1737      -239.9740
      1328.4310      -658.9610      -116.1740       839.9738
       557.8257      -452.3080      -274.2830       114.6272
       964.1676        12.7606      -755.9400       582.9190
      1087.8170       -12.7606       755.9398        17.0810
       213.4044        79.3066      -110.1750        94.3211
       907.7338       676.6348       442.5991       389.9167
      1144.2510      -676.6350      -442.5990       210.0834
       959.9105      -847.5670      -401.0230       154.9922
       896.5867      -679.2890      -447.7250       351.7940
      1155.3979       679.2893       447.7251       248.2060
       774.2511       340.2238       575.5339       366.4101
      1010.2170      -534.1690       410.8323       740.4066
      1041.7670       534.1688      -410.8320      -140.4070
       750.7665       571.9609      -261.4150      -387.2420
       698.4766      -600.1700        57.8276      -325.7380
      1353.5081       600.1697       -57.8276       925.7375
       321.0675        66.0900      -275.1290        69.3077
      1034.2550      -406.4020      -457.8260       822.6178
      1017.7290       406.4023       457.8260      -222.6180
       358.1168       186.0511      -163.8880      -220.3550
       709.3478      -284.7300       566.2337      -288.5580
      1342.6360       284.7300      -566.2340       888.5580
       353.5787       318.9940       -58.2713        40.5983
       757.9109       100.1128       728.8276      -122.4740
      1294.0730      -100.1130      -728.8280       722.4734
       959.6636      -179.0880      -835.4690       415.5198
       671.4358      -423.0620      -280.5760      -418.2160
      1380.5480       423.0624       280.5756      1018.2160
      1234.9490       468.0786       413.5672      1056.7629
      1018.1930      -638.8570       144.9851       767.6860
      1033.7910       638.8572      -144.9850      -167.6860
       527.9458       218.9001      -426.8940      -174.2250
       768.5765       584.7205      -472.4400       -85.9975
      1283.4080      -584.7210       472.4397       685.9975
       214.8250       -78.0152        30.6009      -144.6030
       666.9515       320.0561       369.0581      -433.5520
      1385.0330      -320.0560      -369.0580      1033.5520
       185.4615        80.8241        98.1357         3.9911
       704.1204       -53.5893      -617.0850      -306.4360
      1347.8640        53.5893       617.0849       906.4359
       794.9724      -112.5790       674.5226       382.2429
       681.6885        -3.6047       547.4155      -383.1520
      1370.2960         3.6047      -547.4150       983.1522
      1188.0410       172.1378      -518.5900      1046.2590
       698.2919        37.5048       601.2248      -326.3690
      1353.6920       -37.5048      -601.2250       926.3690
       567.2554       245.6895      -446.5940       209.1706
      1032.9480       508.2458      -347.9740       818.1479
      1019.0360      -508.2460       347.9739      -218.1480
       595.7394      -118.4850       447.3853      -349.9950
       689.8733      -272.0890      -507.4810      -355.1600
      1362.1110       272.0890       507.4811       955.1603
       195.9592      -111.8790        68.4144       -54.6414
       760.9354       487.5725      -557.2300      -112.1300
      1291.0490      -487.5730       557.2304       712.1299
       649.7574       -27.8686       576.8356       265.4278
       954.1810       768.5546        20.6221       548.7649
      1097.8030      -768.5550       -20.6221        51.2351
       819.4899      -765.2770       257.3669        38.2033
      1014.7540       498.8188      -437.3440       755.9225
      1037.2300      -498.8190       437.3435      -155.9230
       772.8622      -559.3740       335.2806      -392.1570
       666.0302       101.6328       473.6460      -436.7030
      1385.9540      -101.6330      -473.6460      1036.7030
       278.5351       223.5537       -80.6033        53.7747
       891.4052       119.6354       806.5164       334.0731
      1160.5790      -119.6350      -806.5160       265.9269
       796.1057      -428.6700      -618.0920       223.0952
       687.8420        23.5448       568.5364      -362.1070
      1364.1420       -23.5448      -568.5360       962.1074
       877.2052      -123.1300      -695.3210       502.6333
       959.7576      -757.0220       -86.0055       567.8369
      1092.2271       757.0219        86.0055        32.1631
       787.6580       728.5316      -152.3900       219.5618
       694.1244      -376.9310      -453.3120      -340.6220
      1357.8600       376.9305       453.3123       940.6217
       460.5772      -223.3200       133.9788       355.0948
      1097.3960       326.8434        25.1888      1038.5570
       954.5883      -326.8430       -25.1888      -438.5570
       555.3810      -342.0250      -356.0160      -215.6450
      1018.5960       631.3870       170.9217       769.0624
      1033.3879      -631.3870      -170.9220      -169.0620
       779.6765      -761.3310        33.7982       -94.4022
       699.2054       213.1959      -566.3320      -323.2450
      1352.7791      -213.1960       566.3318       923.2448
       412.4984      -280.2520       -91.6871       254.9319
      1084.1121       -22.4665       412.6501       993.1245
       967.8727        22.4666      -412.6500      -393.1250
       565.7980       381.8307      -259.4380      -298.0060
       711.5850      -303.1500       563.3180      -280.9070
      1340.4000       303.1504      -563.3180       880.9073
      1193.9709       221.4750      -645.7670       970.1976
       728.2401       558.9124      -386.7570      -223.9470
      1323.7440      -558.9120       386.7574       823.9471
       412.4660      -115.0300      -215.5180       303.6960
       692.5357       388.3137      -436.8600      -346.0550
      1359.4490      -388.3140       436.8605       946.0552
       614.5282      -407.5820       -98.5376       428.4799
       714.2324      -558.6660       325.4217      -271.8530
      1337.7520       558.6662      -325.4220       871.8527
       672.0919        21.4764      -434.5170       494.1906
       677.9028       -25.7046      -532.7100      -396.0990
      1374.0820        25.7046       532.7099       996.0993
       828.3515       320.2185       526.6505       536.7017
       822.6392      -151.1890      -791.1260        98.8954
      1229.3450       151.1894       791.1256       501.1046
       544.5850      -290.6610       299.2528       322.9861
       742.1055      -702.1940       -90.9111      -176.5280
      1309.8790       702.1942        90.9111       776.5278
      1001.0460       767.7304       295.1899       554.3723
       791.3536      -757.8830      -183.2240        -8.1006
      1260.6310       757.8831       183.2244       608.1006
       337.3647        11.2093       299.0933        77.5602
      1074.8530      -242.3220      -392.3870       961.4594
       977.1316       242.3217       392.3870      -361.4590
       306.0320       204.3471      -182.6770       -17.6081
       682.8476      -548.3220        60.1959      -379.1880
      1369.1370       548.3216       -60.1959       979.1883
       597.2996       351.9207       318.8809       336.1796
       871.5062      -275.6900      -771.0610       266.0193
      1180.4780       275.6898       771.0610       333.9807
      1029.8010       376.3700       858.8854       403.6513
       786.0491       687.1431       356.0928       -26.2415
      1265.9351      -687.1430      -356.0930       626.2415
       848.2139      -277.0110      -424.2250       666.7446
      1089.1530        63.2715      -378.4110      1010.3660
       962.8314       -63.2716       378.4113      -410.3660
       452.7014      -396.0820       104.3810      -137.6430
      1046.4670       211.6768       533.7741       864.3810
      1005.5170      -211.6770      -533.7740      -264.3810
       806.4467      -337.0880      -683.6030      -226.2700
       982.9153       601.8123      -408.7450       647.0355
      1069.0690      -601.8120       408.7451       -47.0355
       576.6949      -294.2330       258.7402      -401.0490
       863.2963       446.5198       686.3435       237.9415
      1188.6880      -446.5200      -686.3440       362.0585
       595.5441      -498.1120      -101.2510       279.4432
       629.5251      -129.1450      -214.6360      -561.5500
      1422.4590       129.1446       214.6363      1161.5500
       867.6367       236.5236      -193.0370       800.8557
       774.2497       371.1160      -662.6340       -66.5953
      1277.7350      -371.1160       662.6339       666.5953
       348.5013      -219.6450      -125.4470       198.1300
       880.0531      -759.8050      -302.9870       295.2495
      1171.9310       759.8048       302.9866       304.7505
       991.6743       876.8452       394.1837       202.3922
      1080.8571       430.9493         2.7919       981.9924
       971.1277      -430.9490        -2.7919      -381.9920
       289.4286        -4.4902       239.0059        91.6954
       640.3633       256.8109      -225.4180      -524.4840
      1411.6210      -256.8110       225.4182      1124.4840
       571.5469       -99.2683      -277.8300       470.5371
       818.8441       340.5913       727.2584        85.9165
      1233.1400      -340.5910      -727.2580       514.0835
       250.6701       157.9908        30.5943       136.8266
       625.4496      -184.5620       -87.8700      -575.4880
      1426.5350       184.5623        87.8700      1175.4880
      1246.2340       295.7733       229.6823      1180.9510
      1026.1910       129.0423      -621.3800       795.0388
      1025.7930      -129.0420       621.3802      -195.0390
       436.8557       276.3460       196.5498      -240.0560
       698.7703       567.7679      -205.5520      -324.7330
      1353.2140      -567.7680       205.5516       924.7327
      1161.2350      -740.5060       243.5173       850.0588
       685.4675       525.9238       194.8959      -370.2280
      1366.5170      -525.9240      -194.8960       970.2279
       502.1373       128.7895      -227.6740       406.8203
      1012.5190      -639.4700      -195.2800       748.2783
      1039.4659       639.4704       195.2799      -148.2780
       798.7151       624.3059       422.0458      -227.7020
      1043.9760      -416.5960      -406.9630       855.8612
      1008.0080       416.5956       406.9626      -255.8610
       826.8277       517.4520       541.9827      -322.3740
       718.0939        -0.7742       656.1578      -258.6470
      1333.8910         0.7742      -656.1580       858.6469
       797.9835       142.5722      -693.1600       343.1660
       920.4810       312.2285       737.3257       433.5118
      1131.5031      -312.2290      -737.3260       166.4882
       768.0589        18.1644      -755.7160        16.1744
       739.8952      -337.2190       617.7567      -184.0870
      1312.0890       337.2191      -617.7570       784.0867
       939.6016       496.0592      -284.7080       733.1447
       931.6177       463.2541       642.4053       471.5992
      1120.3669      -463.2540      -642.4050       128.4008
       650.7462       -97.2919      -497.7770       384.7162
       941.2759       443.0637      -645.6210       504.6299
      1110.7080      -443.0640       645.6211        95.3701
       840.1777      -664.0950       491.0891        74.1061
       970.5034       717.1796       209.2548       604.5873
      1081.4810      -717.1800      -209.2550        -4.5873
       851.6704      -834.8950       -33.5957       -94.5860
       685.9605       559.7556       -56.3516      -368.5420
      1366.0240      -559.7560        56.3516       968.5420
      1193.9590      -580.3150      -103.2290      1029.5150
      1054.8060        -1.8748      -545.0920       892.8999
       997.1783         1.8748       545.0917      -292.9000
       394.5328       244.6833       228.7248       158.9160
      1062.8330       506.3898        88.9936       920.3510
       989.1517      -506.3900       -88.9935      -320.3510
       517.1829      -270.2740      -413.5520       -72.0261
       714.5049      -369.9540       531.0709      -270.9210
      1337.4790       369.9538      -531.0710       870.9211
       712.3929       208.6464        37.2333       666.6086
       733.2870       109.1625      -681.8040      -206.6870
      1318.6970      -109.1630       681.8043       806.6866
       684.4110       275.6598       240.7377       562.3688
       684.8990      -325.7680      -454.1280      -372.1730
      1367.0850       325.7681       454.1283       972.1725
      1183.3160       453.7396       336.1330      1031.0940
       788.8666       648.7288      -427.7490       -16.6060
      1263.1180      -648.7290       427.7485       616.6060
       207.8187       111.4795       -74.2033        83.8922
       973.0590       739.0374       -79.2474       613.3274
      1078.9250      -739.0380        79.2474       -13.3274
       850.1898      -819.8150       -70.9542      -165.7560
       909.1537       305.4723       747.7865       394.7728
      1142.8311      -305.4720      -747.7870       205.2272
       782.0359      -104.9180      -757.2430       -94.5416
       664.8855      -440.0830      -189.8390      -440.6180
      1387.0990       440.0827       189.8392      1040.6180
       795.6442       323.9759      -254.0140       667.3452
       864.2593      -428.9620       697.5134       241.2350
      1187.7250       428.9614      -697.5130       358.7650
       380.0507       143.1388        56.9084       320.1473
       773.3569      -130.2770       747.0214       -69.6488
      1278.6270       130.2770      -747.0210       669.6488
       411.4387      -206.2990      -329.1960       -11.6407
       732.9510       504.0011       470.9434      -207.8360
      1319.0330      -504.0010      -470.9430       807.8356
       258.8886       -83.9181       184.3853        88.1263
       893.9089       571.2424       580.6366       342.6362
      1158.0750      -571.2420      -580.6370       257.3638
       774.0156      -222.5470      -710.6210       162.4019
      1078.7791      -199.7140      -394.0250       974.8881
       973.2050       199.7142       394.0246      -374.8880
       763.8674       363.8871       427.0313      -500.5070
      1040.4030       408.1485       431.1654       843.6428
      1011.5810      -408.1490      -431.1650      -243.6430
       752.3895      -250.4380      -580.1590      -385.4480
       658.7134        94.6579       439.9261      -461.7270
      1393.2710       -94.6579      -439.9260      1061.7271
       242.4215       102.8645      -168.6430       -39.1117
      1039.5350      -306.9150      -511.3580       840.6737
      1012.4490       306.9153       511.3579      -240.6740
       415.2957      -170.6180       345.2571        77.0759
       867.7603       180.9266       798.7128       253.2083
      1184.2240      -180.9270      -798.7130       346.7917
       353.3540      -119.5680      -201.4370      -227.5270
      1054.8970       489.1464       239.7941       893.2104
       997.0876      -489.1470      -239.7940      -293.2100
       464.1141        39.8220      -267.3250      -352.3300
       710.7256      -122.1550       625.6384      -283.8460
      1341.2590       122.1548      -625.6380       883.8463
      1013.0130        69.9526      -308.9680       952.6932
       723.4691      -554.9620      -373.4720      -240.2640
      1328.5150       554.9619       373.4718       840.2638
       955.9307       537.1196         6.3696       779.1333
       948.2839      -767.5130       111.9575       528.5973
      1103.7000       767.5129      -111.9580        71.4027
       212.8916      -122.4140      -105.2320        32.3558
       749.8939      -722.2570        -1.0602      -149.8920
      1302.0909       722.2571         1.0602       749.8917
       905.5226       336.8565        52.4027       827.9711
       657.6578       426.5630       125.7087      -465.3370
      1394.3270      -426.5630      -125.7090      1065.3370
       302.7639      -114.2070      -244.3780        26.1733
       902.5582       -76.5535       807.4584       372.2162
      1149.4260        76.5534      -807.4580       227.7838
       452.5585      -210.0620      -180.7600       331.3487
       669.2495      -489.5400        93.8800      -425.6930
      1382.7350       489.5402       -93.8800      1025.6930
       609.9667       118.5328      -402.1640       421.9673
       902.6636        -6.4565       811.0052       372.5770
      1149.3210         6.4565      -811.0050       227.4230
       728.1027      -268.9470      -536.5620       389.4681
       968.5781       729.7144       172.7315       598.0028
      1083.4060      -729.7140      -172.7320         1.9971
       770.1464      -615.9930      -403.4600       180.7800
       883.1590      -710.9070       403.4927       305.8717
      1168.8250       710.9072      -403.4930       294.1283
      1019.7330       851.9080      -427.7050       336.0945
       658.0013      -400.3830      -197.4750      -464.1620
      1393.9830       400.3827       197.4752      1064.1620
       854.6414       476.7414       399.8704       570.1021
       930.1106       708.6982       356.4615       466.4449
      1121.8740      -708.6980      -356.4620       133.5552
       742.7866      -613.3220       -90.4405       386.2275
      1065.7939      -212.6560      -454.6300       930.4777
       986.1907       212.6564       454.6295      -330.4780
       658.8710       202.4705       610.7798       -42.9859
      1057.4700      -132.4130      -518.5250       902.0113
       994.5142       132.4135       518.5254      -302.0110
       809.6266       150.5404       680.7012      -388.9240
       840.0040       502.6191      -640.0860       158.2826
      1211.9800      -502.6190       640.0862       441.7174
      1042.8840      -475.9680       695.5415       599.2225
       654.5541       401.5155       149.9327      -475.9510
      1397.4301      -401.5160      -149.9330      1075.9510
      1174.6331      -392.0310        71.6946      1096.6851
       786.0846        85.2578      -769.2600       -26.1202
      1265.9000       -85.2578       769.2600       626.1202
       922.1177       236.9949       709.1025       522.5814
       779.2687      -462.9630      -610.1350       -49.4307
      1272.7159       462.9630       610.1348       649.4307
       847.2905       152.8771       727.7639       382.9785
      1081.0730        80.9969       422.1102       982.7335
       970.9110       -80.9969      -422.1100      -382.7340
       530.4838       262.1842      -148.0000      -415.3930
       651.1823       336.1273       234.9479      -487.4830
      1400.8020      -336.1270      -234.9480      1087.4830
      1102.6021      -335.8700      -483.3700       922.5284
       964.5316      -393.2190       645.1637       584.1638
      1087.4530       393.2185      -645.1640        15.8363
       569.0293      -113.2560      -540.6720       -20.6069
       841.3499        98.7305       808.3151       162.8855
      1210.6350       -98.7305      -808.3150       437.1146
       209.4510      -116.7560        33.6172      -104.3590
      1040.0760       243.7720       542.4684       842.5221
      1011.9090      -243.7720      -542.4680      -242.5220
       485.5756      -237.5160       -40.1065      -399.4300
      1014.4270       500.1208       437.0293       754.8043
      1037.5570      -500.1210      -437.0290      -154.8040
       530.3452       -68.4638      -497.4140       104.5995
       636.5179       232.3499       209.5259      -537.6340
      1415.4659      -232.3500      -209.5260      1137.6340
       830.8958      -497.6370       -23.3269       651.1410
      1044.2150       573.4425       -97.1217       856.6792
      1007.7690      -573.4430        97.1217      -256.6790
       277.0218       141.1601       158.1054      -116.6220
      1011.6400      -460.6900       487.3729       745.2716
      1040.3450       460.6902      -487.3730      -145.2720
       789.2592       604.3194      -373.1570      -316.6470
       762.0585       733.9095       110.3021      -108.2890
      1289.9260      -733.9100      -110.3020       708.2889
       977.1841      -771.5690      -325.9140       484.9047
       645.8752      -349.0210      -146.4850      -505.6330
      1406.1090       349.0212       146.4846      1105.6331
       819.5775       558.8781       171.0186       558.4786
       770.4835       334.5526       676.1555       -79.4755
      1281.5010      -334.5530      -676.1560       679.4755
      1126.5660      -294.2960      -824.8970       695.6078
       641.6850      -159.4130      -312.6800      -519.9630
      1410.2990       159.4130       312.6797      1119.9630
       864.7551      -190.8890         8.9105       832.5062
       701.7052      -577.8380      -203.0840      -314.6960
      1350.2791       577.8381       203.0839       914.6956
       768.6382       283.2974      -230.5630       662.6996
      1099.2590      -152.9890      -273.6310      1044.9280
       952.7254       152.9892       273.6305      -444.9280
       367.3495      -268.2930       206.9081       -44.0104
       654.3561      -220.8280       366.0948      -476.6290
      1397.6281       220.8277      -366.0950      1076.6281
       826.2939       502.7501      -179.2210       616.1711
       839.0118      -810.9740       -63.6709       154.8893
      1212.9730       810.9742        63.6709       445.1107
       852.6743       681.8182      -271.1320       412.8533
       707.9022       610.1517       156.4617      -293.5020
      1344.0820      -610.1520      -156.4620       893.5018
       569.6293      -356.6770       286.7303       311.1714
      1043.9919       411.7025       411.8370       855.9172
      1007.9920      -411.7030      -411.8370      -255.9170
       385.7801      -280.2230       184.1454      -134.8140
       885.8982       816.6744       -16.2930       315.2397
      1166.0861      -816.6750        16.2929       284.7603
       415.3982       -76.3032       105.8588       370.5544
      1085.0959      -390.1670       118.2930       996.4898
       966.8887       390.1674      -118.2930      -396.4900
       486.8345       193.3848       307.5601      -294.6190
      1006.7780       226.9509      -642.6160       728.6439
      1045.2070      -226.9510       642.6161      -128.6440
       497.7021      -379.3180       223.4382       188.9024
       676.3452      -375.6820      -370.0620      -401.4260
      1375.6390       375.6817       370.0621      1001.4260
       912.8326       535.3308       446.3653       573.7816
       737.2432      -182.8700       674.2103      -193.1570
      1314.7410       182.8702      -674.2100       793.1568
       735.2266       -28.4259      -676.2040       253.5392
       638.2766       325.5073       -24.6110      -531.6200
      1413.7080      -325.5070        24.6110      1131.6200
       296.6513       122.2739       199.1206       123.2282
       740.0394       697.6042        95.3050      -183.5940
      1311.9449      -697.6040       -95.3050       783.5936
       419.1880       -45.2835      -327.2270       219.9404
       702.6512      -304.1470       534.7791      -311.4600
      1349.3330       304.1472      -534.7790       911.4604
       162.7501       -48.3970        28.9261       -71.3562
       862.5889       142.0789      -806.3410       235.5222
      1189.3960      -142.0790       806.3408       364.4778
       404.8765      -322.6960        62.1268       194.2045
       634.8135      -185.9970      -234.1450      -543.4630
      1417.1710       185.9966       234.1454      1143.4630
       611.3942       134.2144       449.1038       368.6167
       924.1100       768.4290       215.4811       445.9229
      1127.8750      -768.4290      -215.4810       154.0771
       548.7659      -230.7930      -404.4350       257.0878
       996.7832      -697.4880        81.1837       694.4636
      1055.2010       697.4879       -81.1837       -94.4635
       726.2636       573.0666      -204.2630      -372.9790
      1064.8550       -37.2267      -504.4710       927.2659
       987.1298        37.2267       504.4706      -327.2660
       550.7489        93.8610       113.7587      -513.1830
       768.9941       683.3126       314.7488       -84.5695
      1282.9900      -683.3130      -314.7490       684.5695
       940.4641      -794.5550      -323.7410       360.7354
       899.8784      -789.4870       190.9642       363.0516
      1152.1060       789.4874      -190.9640       236.9484
       487.7121       309.6359      -279.2270      -214.0190
       943.7630       740.0170       248.0692       513.1359
      1108.2209      -740.0170      -248.0690        86.8642
       558.4532      -478.0700       121.9547      -224.1200
       743.5612      -681.1980      -202.9950      -171.5490
      1308.4230       681.1978       202.9947       771.5490
      1007.3350       435.6948        79.5631       894.6213
       937.7280      -143.9500       773.2031       492.4961
      1114.2560       143.9497      -773.2030       107.5039
       546.1188       -50.0416      -332.3110       408.7713
       671.3295      -285.7360      -419.0610      -418.5800
      1380.6550       285.7364       419.0611      1018.5800
      1115.2159       516.1980       329.1772       922.3185
       858.7783       648.2643       499.5345       222.4902
      1193.2061      -648.2640      -499.5350       377.5098
       544.2557      -189.5520      -485.2380       -81.3097
       849.9951      -814.8630       -56.8822       192.4521
      1201.9890       814.8628        56.8822       407.5479
       963.0953       849.0544       280.6441       331.1814
       872.5656       358.4541      -736.1780       269.6425
      1179.4189      -358.4540       736.1776       330.3575
       864.5095      -542.3370       653.6167        88.4096
      1067.4510      -277.0720       409.9993       936.1440
       984.5338       277.0719      -409.9990      -336.1440
       490.9160       379.7992      -253.0380       120.4399
       824.3563       551.5620       588.3447       104.7679
      1227.6281      -551.5620      -588.3450       495.2321
       729.9499       -68.8503      -473.6890       534.3108
       633.8117       255.6005      -138.1320      -546.8900
      1418.1730      -255.6010       138.1323      1146.8900
      1182.5959      -383.3730       -56.1494      1109.1390
       659.9996      -436.8950      -131.7450      -457.3280
      1391.9850       436.8949       131.7451      1057.3280
       374.9147        33.9703      -273.1540       215.8171
       827.7787       769.6018      -247.2810       116.4723
      1224.2061      -769.6020       247.2810       483.5277
      1003.6900      -718.6740       460.0828       510.8904
       903.1689      -668.0700      -459.4300       374.3050
      1148.8149       668.0699       459.4296       225.6951
       724.5468       415.8808       569.5073       -97.2407
       769.0810       497.2902      -564.6850       -84.2723
      1282.9030      -497.2900       564.6852       684.2723
       847.7223      -669.9560       255.0630       431.8773
      1090.9180       188.3557       321.4546      1016.4030
       961.0662      -188.3560      -321.4550      -416.4030
       529.3887      -117.5450      -497.3930       -28.6182
       662.8561      -165.2870       439.9238      -447.5590
      1389.1281       165.2866      -439.9240      1047.5590
       674.7224       300.7373        85.2123       582.5198
       892.6183      -361.6650       730.3115       338.2223
      1159.3660       361.6648      -730.3120       261.7777
       819.4026        27.6097      -777.2990       219.6532
       731.0486       685.7340         6.4410      -214.3420
      1320.9360      -685.7340        -6.4410       814.3420
       314.4714        75.6805       198.2587       188.7890
      1000.5280      -500.2740      -482.0090       707.2719
      1051.4561       500.2744       482.0085      -107.2720
       456.9765       -67.9536       427.2641        58.6372
       625.5918       205.4473       -17.6927      -575.0010
      1426.3929      -205.4470        17.6927      1175.0010
      1136.2130      -246.0760      -250.5740      1072.1110
      1102.6680       -78.4952      -274.0850      1056.5870
       949.3164        78.4952       274.0854      -456.5870
       240.1283       -86.1524      -160.5170        79.0990
      1008.7190       392.5534      -551.8670       735.2836
      1043.2650      -392.5530       551.8669      -135.2840
       745.0814      -611.9970       402.9737         1.0577
       885.4030      -803.2960      -148.7460       313.5458
      1166.5811       803.2964       148.7459       286.4542
       360.4279        27.0649       304.6663       134.6750
       686.4661       317.5571      -466.5020      -366.8130
      1365.5179      -317.5570       466.5022       966.8131
       190.8675        -8.7343      -134.5410         5.9907
      1062.7240       275.1820      -434.8310       919.9799
       989.2603      -275.1820       434.8307      -319.9800
       495.9356       -81.9367       450.7344       133.6417
      1086.8101      -281.2340      -281.3150      1002.3510
       965.1749       281.2335       281.3145      -402.3510
       260.4514      -101.8690      -192.2150       -47.8975
       820.4970      -497.2600      -631.9390        91.5693
      1231.4871       497.2596       631.9387       508.4307
       571.9254       -75.7712       510.9632       205.0783
      1029.7209      -612.5060      -124.5770       807.1087
      1022.2640       612.5062       124.5768      -207.1090
       414.2842       127.1385       363.7831        70.0872
       799.9524       761.6063      -202.9990        21.3072
      1252.0320      -761.6060       202.9992       578.6928
       257.2273       -75.4619      -205.0180       -14.9101
       724.2268       613.0987      -271.8630      -237.6730
      1327.7581      -613.0990       271.8627       837.6725
      1196.5770      -648.1190       357.9244       930.2750
       978.2965       653.6130       336.4135       631.2394
      1073.6880      -653.6130      -336.4140       -31.2394
       514.0620      -417.5160       128.2002      -235.1350
       980.1948       368.5324      -632.4930       637.7316
      1071.7900      -368.5320       632.4929       -37.7316
       551.5094      -204.5800       293.9034      -397.1320
       985.8781      -214.0970      -689.9500       657.1680
      1066.1060       214.0974       689.9500       -57.1681
       280.3394      -164.1010        12.6738      -182.4380
       862.0263      -580.6370       577.2043       233.5983
      1189.9580       580.6371      -577.2040       366.4017
       932.1302       405.0012      -619.4540       550.3642
       728.6855      -680.4530       -16.6726      -222.4240
      1323.2990       680.4525        16.6726       822.4235
       483.9966        88.0546       328.8666       316.4315
       708.5215         8.4809       631.5134      -291.3840
      1343.4630        -8.4809      -631.5130       891.3842
      1034.5601       136.2928      -774.2580       658.8210
       712.2065       -98.5509      -633.7110      -278.7810
      1339.7780        98.5509       633.7113       878.7811
       803.0776       395.8613       520.1241       446.6336
      1052.4750      -542.1320       111.7222       884.9285
       999.5092       542.1316      -111.7220      -284.9290
       254.6411       -14.5802       184.2074       111.7150
       732.4260       504.2885       469.0191      -209.6310
      1319.5580      -504.2890      -469.0190       809.6311
       361.5943        21.9307       148.3477       300.0759
       657.6025       147.6915      -419.1630      -465.5260
      1394.3820      -147.6920       419.1625      1065.5260
       260.0345      -185.0290      -106.8590        61.2095
      1011.0390       205.0765      -639.9630       743.2191
      1040.9449      -205.0770       639.9630      -143.2190
       628.0880       185.8921       538.1639      -228.2570
       721.5786        91.9631      -658.1230      -246.7290
      1330.4060       -91.9631       658.1234       846.7290
       526.8876       226.1776       432.9946       144.0591
       988.9526       673.4899       245.8069       667.6832
      1063.0320      -673.4900      -245.8070       -67.6832
       802.7882      -609.5690      -497.5080       -84.6393
       711.4006      -358.5560       529.1954      -281.5380
      1340.5840       358.5564      -529.1950       881.5376
      1009.9340       563.0311      -545.5320       622.2072
      1103.3831       200.5861      -193.5260      1059.0330
       948.6012      -200.5860       193.5261      -459.0330
       562.0893      -444.7940       267.2792      -168.6640
       876.2633      -818.4670        -6.7835       282.2886
      1175.7209       818.4666         6.7835       317.7114
       918.1082       904.0410        38.8487        76.8520
       772.4445       413.4675      -634.1950       -72.7689
      1279.5400      -413.4680       634.1948       672.7689
       917.1210      -556.3040       630.8904       339.7012
       755.3292        29.9604      -730.8680      -131.3030
      1296.6550       -29.9604       730.8675       731.3028
       396.2412      -236.6250       286.7286       -24.1940
       691.2192      -202.3120       543.8257      -350.5570
      1360.7650       202.3121      -543.8260       950.5574
       626.6715      -277.5520      -318.4240       442.7997
       838.4089      -522.1740      -623.4510       152.8274
      1213.5750       522.1737       623.4509       447.1726
       846.2515       167.0316       614.6589       540.5734
      1009.2470       282.2986       614.3040       737.0894
      1042.7371      -282.2990      -614.3040      -137.0890
       482.9428      -179.9700      -293.8100       310.3279
      1054.6830      -380.3330      -391.1080       892.4807
       997.3010       380.3328       391.1079      -292.4810
       744.5375       288.6177       623.3812      -253.4070
       657.9503      -418.5700      -154.5080      -464.3360
      1394.0341       418.5701       154.5075      1064.3361
       587.2952       243.2804       407.4416       318.5981
      1008.6860      -670.9910        92.3270       735.1721
      1043.2980       670.9911       -92.3270      -135.1720
       695.6209       592.2349       224.9037      -253.6690
       969.6196      -678.8800      -314.9410       601.5647
      1082.3650       678.8795       314.9411        -1.5647
       829.1735       777.2711       173.5897      -187.1580
       762.0435       387.7046       632.8041      -108.3400
      1289.9410      -387.7050      -632.8040       708.3401
      1045.4370      -157.9830      -652.8830       789.6244
      1032.6920       392.7966       475.4116       817.2699
      1019.2930      -392.7970      -475.4120      -217.2700
       268.5234       213.4232       -91.2612         3.1396
      1029.5601      -432.9460      -451.4390       806.5593
      1022.4240       432.9460       451.4386      -206.5590
       346.0585       111.0491      -140.6890      -263.4660
       828.4044      -569.6770      -573.9660       118.6125
      1223.5800       569.6768       573.9655       481.3875
       745.0688       622.0436       111.3361       370.9132
       989.1504      -501.0200       512.3245       668.3595
      1062.8340       501.0198      -512.3250       -68.3595
       319.9503       228.1754       164.4252        71.0749
       960.0735       384.7654      -657.1250       568.9172
      1091.9110      -384.7650       657.1248        31.0828
       428.1302       -29.7220       230.6534      -333.1580
      1080.3521       -46.2638      -431.1400       980.2656
       971.6327        46.2638       431.1402      -380.2660
       422.3568        80.9843      -117.0020      -374.0590
       651.7128      -101.8450      -400.3330      -485.6680
      1400.2720       101.8447       400.3330      1085.6680
       808.9766       108.4005      -107.5170       782.8893
      1004.2200      -546.7840       415.9517       719.8971
      1047.7640       546.7844      -415.9520      -119.8970
       327.7545        62.9996       -67.7481       283.9848
       711.5257      -331.6500       546.8433      -281.1100
      1340.4590       331.6501      -546.8430       881.1097
       894.4343       248.7660      -704.8520       472.3295
       950.3401       307.4354       709.5873       535.6293
      1101.6440      -307.4350      -709.5870        64.3707
       267.6418       -41.9629        66.0725       217.4599
       694.5646       477.9474       347.5193      -339.1160
      1357.4200      -477.9470      -347.5190       939.1161
      1136.6060      -659.2760      -399.4320       824.2958
       671.5345      -180.9560       474.7357      -417.8790
      1380.4500       180.9559      -474.7360      1017.8790
      1032.7430      -146.9320      -396.7610       932.3803
       745.0890       713.4990        14.0042      -166.3240
      1306.8950      -713.4990       -14.0042       766.3241
       882.3485      -521.6750       332.8852       614.2999
      1068.4780       -56.4189      -487.1220       939.6583
       983.5062        56.4189       487.1219      -339.6580
       651.6763       351.1787       348.2084      -402.3550
      1100.6920       128.0254       273.4508      1049.8290
       951.2925      -128.0250      -273.4510      -449.8290
       527.5466      -284.2720      -415.3210       -82.3775
       698.1395       251.7150       546.7762      -326.8900
      1353.8450      -251.7150      -546.7760       926.8901
       562.9338       102.2853      -488.8040       222.0049
       965.7349      -687.4100       309.5510       588.2791
      1086.2500       687.4103      -309.5510        11.7209
       721.6163       427.4963      -565.2620        15.4682
       777.2690       756.0927       105.2992       -56.2693
      1274.7150      -756.0930      -105.2990       656.2692
      1120.7310      -872.5730       -10.4604       690.1655
      1076.9420      -165.7260      -419.4370       968.6047
       975.0422       165.7256       419.4368      -368.6050
       497.4865       202.0757       -52.6417      -430.8950
       867.3284      -661.3880      -482.9480       251.7314
      1184.6560       661.3880       482.9481       348.2686
       703.3166       665.0917       182.5317       -27.7951
      1078.2090      -278.5070       346.6178       972.9379
       973.7753       278.5067      -346.6180      -372.9380
       596.2876       324.3405      -481.2530       -23.2670
       683.0468       243.8375      -495.5920      -378.5070
      1368.9380      -243.8380       495.5921       978.5072
       608.1087      -166.7900      -130.9020       553.7374
      1060.2010       -41.4546      -523.0000       911.3518
       991.7831        41.4546       523.0004      -311.3520
       426.5026       -82.4678       -22.0765      -395.4730
      1029.3580      -279.0900      -560.4000       805.8667
      1022.6270       279.0900       560.3994      -205.8670
       739.5668       448.5089       422.6212      -385.9710
       661.4903       -20.9160      -463.0370      -452.2300
      1390.4940        20.9160       463.0371      1052.2300
       817.4816      -213.1970       560.9427       538.4698
       903.0790      -520.8100      -621.4640       373.9976
      1148.9050       520.8101       621.4640       226.0024
       662.8121       566.5245       290.0309      -126.6290
       812.7886      -796.7330        58.0850        65.2068
      1239.1960       796.7325       -58.0850       534.7932
       791.4279       497.1053       274.6604       534.4054
       751.9598      -568.4060       451.3779      -142.8260
      1300.0250       568.4060      -451.3780       742.8261
       322.5854        -7.4459      -291.2970       -30.5794
       687.4575       564.9419       -56.0872      -363.4220
      1364.5270      -564.9420        56.0872       963.4224
       720.4740      -205.3420       394.8773       550.2476
       897.2553       809.3860        79.8213       354.0805
      1154.7290      -809.3860       -79.8214       245.9194
       527.3348      -382.8020       333.7110        44.3238
      1036.5350       130.1891      -591.3150       830.4123
      1015.4500      -130.1890       591.3149      -230.4120
       694.1594      -352.2390       427.9843      -395.4710
       692.3491       547.1396      -203.8930      -346.6930
      1359.6350      -547.1400       203.8934       946.6932
      1216.3521      -629.0250       315.7905       982.8019
      1043.5610        53.6477      -581.2520       854.4409
      1008.4240       -53.6478       581.2524      -254.4410
       446.5128       -37.6623       340.2546       252.9134
       676.5024      -146.8230      -507.1200      -400.8880
      1375.4821       146.8226       507.1197      1000.8880
      1119.7430       -65.0728       371.1452      1045.7650
      1059.5360       106.5530      -516.3570       909.0779
       992.4480      -106.5530       516.3569      -309.0780
       624.8522       255.6370       454.0871      -317.2980
      1077.9740      -443.1840        48.5367       972.1333
       974.0105       443.1837       -48.5367      -372.1330
       344.5197       100.3214      -283.3200       100.7104
       736.1810       692.7436        71.5944      -196.7890
      1315.8030      -692.7440       -71.5944       796.7894
       967.5001      -624.9050       250.0888       681.7545
       718.2821      -633.6890       172.0021      -258.0030
      1333.7020       633.6893      -172.0020       858.0029
       926.8185       343.5900      -428.9380       733.9846
       808.3996      -168.6810      -777.3800        50.1964
      1243.5850       168.6806       777.3803       549.8036
       825.2545       323.1714       729.0206       164.0652
      1066.5260       474.0890       155.0600       932.9832
       985.4580      -474.0890      -155.0600      -332.9830
       728.5962      -511.6050      -406.0490      -293.2930
       907.2074      -160.5020      -792.7250       388.1164
      1144.7770       160.5021       792.7251       211.8836
       685.4441       -75.8250       485.5313       458.3957
       868.6378       805.1913       149.4605       256.2094
      1183.3470      -805.1910      -149.4610       343.7906
       932.0441      -904.0110      -143.2710       112.8158
       695.1333      -173.7640      -566.6700      -337.1710
      1356.8510       173.7637       566.6702       937.1713
       543.5566      -296.1940       262.8136       347.0371
       944.0199      -382.5090      -680.0240       514.0142
      1107.9640       382.5090       680.0242        85.9858
       822.6298       615.4954       528.3942        21.6306
      1018.8110       561.6255      -334.2860       769.7979
      1033.1730      -561.6260       334.2856      -169.7980
       654.4116      -303.3560       563.7391       -14.5291
      1045.9360       355.7183      -453.0040       862.5637
      1006.0490      -355.7180       453.0044      -262.5640
       705.5134      -182.5800       656.2555      -124.6010
      1072.9070      -347.9690      -316.5070       954.8057
       979.0771       347.9694       316.5068      -354.8060
       348.9474      -225.0660        99.9871      -207.1120
       831.0658      -650.6890      -482.4380       127.7143
      1220.9189       650.6887       482.4383       472.2857
       535.7762       435.6682      -128.8770       249.8463
      1077.6219       429.3806      -126.4030       970.9315
       974.3619      -429.3810       126.4025      -370.9320
       368.0132       154.8047       -21.8711      -304.5880
       712.5986       639.5158       -60.2183      -277.4400
      1339.3860      -639.5160        60.2183       877.4404
       406.6418      -120.5100      -307.4420       195.1862
       696.4706       579.0529      -144.6750      -332.5980
      1355.5140      -579.0530       144.6746       932.5978
      1170.9740      -512.3450       303.3089       999.2338
       947.1534      -302.5630      -715.5390       524.7307
      1104.8311       302.5632       715.5388        75.2693
       725.2839        88.1206       603.9276       367.8669
       759.2910      -385.0080       629.4515      -117.7540
      1292.6930       385.0076      -629.4520       717.7535
      1080.8770       501.7473      -745.8900       584.7866
       753.2823       708.6132      -167.2030      -138.3030
      1298.7020      -708.6130       167.2033       738.3033
       526.3073      -313.7290       384.7168       111.1285
       728.3712       130.6274      -667.3030      -223.4990
      1323.6130      -130.6270       667.3025       823.4985
       969.2035      -351.8190       704.2021       549.0551
      1082.7800      -357.2100       222.0909       988.5712
       969.2041       357.2098      -222.0910      -388.5710
       768.1805       467.8052      -209.6110      -555.9730
       684.6909       521.6139       198.6479      -372.8840
      1367.2930      -521.6140      -198.6480       972.8842
       567.0263        74.2745      -308.5010       450.1252
      1095.0811       328.9329       102.8072      1030.6410
       956.9030      -328.9330      -102.8070      -430.6410
       537.4932      -102.4790       249.9346      -444.6490
       985.2305      -722.9350       -29.3842       654.9536
      1066.7540       722.9347        29.3842       -54.9536
       675.2875       586.8661      -190.2760       239.1221
      1047.5200      -391.0010       415.7021       867.9803
      1004.4650       391.0014      -415.7020      -267.9800
       228.6971      -181.6520        32.9535         1.4486
      1082.3630      -405.2350      -120.9210       987.1458
       969.6208       405.2346       120.9212      -387.1460
       568.2633       504.2773      -177.4170      -137.6010
       746.0124      -117.7150      -705.5760      -163.1660
      1305.9720       117.7151       705.5761       763.1661
      1053.4120      -102.8020       791.0895       674.5878
      1030.9310       131.8058       607.5406       811.2482
      1021.0530      -131.8060      -607.5410      -211.2480
       662.9395      -439.1300      -423.9430      -220.7000
       829.9640       671.2756       452.3824       123.9462
      1222.0200      -671.2760      -452.3820       476.0538
       593.2727      -457.2890       120.9343       331.6892
       720.4815       289.1300       595.4324      -250.4810
      1331.5031      -289.1300      -595.4320       850.4812
       707.6889      -227.2040        -5.7984       656.4688
      1053.6429      -117.3740      -536.6450       888.9221
       998.3414       117.3736       536.6445      -288.9220
       646.9296       433.3506       421.2170      -187.3090
       751.9828      -424.2190       589.0013      -142.7480
      1300.0020       424.2191      -589.0010       742.7475
       790.5031       231.9665      -117.2440       734.2504
       731.9047       110.0955      -678.7130      -211.4140
      1320.0800      -110.0960       678.7125       811.4141
       888.3174       254.6530       590.3382       597.9496
       893.0845       807.9321      -105.6100       339.8164
      1158.9000      -807.9320       105.6097       260.1836
       555.7992      -408.9520       324.0399      -135.8390
       963.9882      -755.6100       -32.0970       582.3054
      1087.9960       755.6101        32.0970        17.6947
       773.2811       697.9279      -167.1900       254.3442
      1085.8090        55.2867      -399.8090       998.9301
       966.1751       -55.2867       399.8085      -398.9300
       612.0168      -283.0990       149.7317      -503.7690
       798.2755       784.6941        55.1316        15.5722
      1253.7090      -784.6940       -55.1316       584.4279
       448.3125      -379.0320       185.5378       -68.3964
       930.8585      -789.7490       -67.9200       469.0025
      1121.1260       789.7494        67.9200       130.9975
       535.6605       417.9661      -191.5030      -239.4710
       663.5746        66.1646       468.6381      -445.1010
      1388.4100       -66.1646      -468.6380      1045.1010
      1147.3270      -259.3980      -325.3230      1060.6700
       981.4550      -397.4690      -612.2400       642.0414
      1070.5291       397.4693       612.2402       -42.0414
       322.9049       261.8524      -115.1470        65.0009
       884.4570        -8.8710       817.1143       310.3108
      1167.5270         8.8710      -817.1140       289.6892
       546.2389       280.5857      -263.2850       363.4728
      1045.5770      -451.4000      -359.6530       861.3381
      1006.4070       451.3998       359.6525      -261.3380
       545.6312        38.1059       512.0018      -126.0900
       768.2922       587.8452       467.8998       -86.9700
      1283.6920      -587.8450      -467.9000       686.9700
      1050.7710      -773.8790      -359.4760       598.1569
       896.2414       752.0249      -310.7420       350.6132
      1155.7430      -752.0250       310.7423       249.3868
       404.8783       -12.9294       359.9373       126.4415
       813.1764      -796.8990        59.6978        66.5329
      1238.8080       796.8992       -59.6978       533.4672
       292.2304       182.8812        25.8515      -181.8460
       649.6622       350.0085      -196.4770      -492.6810
      1402.3220      -350.0090       196.4772      1092.6810
       460.0790      -257.1630      -240.8640       263.2630
      1023.1810      -626.9290      -140.7830       784.7438
      1028.8030       626.9291       140.7832      -184.7440
       777.8599       630.6409        78.3950      -427.7800
       842.9724        21.1633       814.5965       168.4346
      1209.0120       -21.1633      -814.5970       431.5654
       635.9134       339.9246      -375.3160       360.2193
      1062.0870      -285.8970      -430.9500       917.7993
       989.8978       285.8974       430.9503      -317.7990
       392.1447       -79.9365       329.3452       143.8833
       632.5555       -92.2097      -263.8210      -551.1860
      1419.4290        92.2097       263.8209      1151.1860
       903.2384      -220.9870       403.6303       765.4216
       726.4313      -675.6660         0.0366      -230.1330
      1325.5530       675.6659        -0.0366       830.1329
       877.9633       228.7413        23.5110       836.4970
       674.5170       445.8542       267.8960      -407.6790
      1377.4680      -445.8540      -267.8960      1007.6790
       236.2380       154.3835        66.6383        96.5223
      1047.4930      -494.7040       284.7095       867.8904
      1004.4910       494.7038      -284.7100      -267.8910
       628.7184       606.4273        28.1743       -92.3152
      1006.5700      -541.1470      -415.0170       727.9329
      1045.4150       541.1470       415.0172      -127.9330
       552.3056       422.8890       168.2460       282.2813
       664.1138      -474.4740        35.0389      -443.2570
      1387.8700       474.4741       -35.0389      1043.2570
       899.5825       283.1448       326.9185       777.1648
      1072.5229      -421.5160       212.7558       953.4927
       979.4611       421.5164      -212.7560      -353.4930
       449.1068       396.3142       -56.0527       152.5554
      1037.7090       188.8839      -571.5530       834.4302
      1014.2750      -188.8840       571.5532      -234.4300
       417.0768      -174.6430       238.7383       261.2279
       698.7296      -547.6340       254.0885      -324.8720
      1353.2550       547.6343      -254.0890       924.8721
       797.4362       131.2086      -462.7330       621.5709
       651.9313       101.4814      -401.6850      -484.9210
      1400.0530      -101.4810       401.6850      1084.9210
      1215.6650      -269.5060       339.0441      1127.8480
      1068.2900       340.5384      -353.9930       939.0154
       983.6942      -340.5380       353.9926      -339.0150
       388.1617       163.3732       324.3951       -23.0152
       738.7209      -245.7970      -657.0340      -188.1030
      1313.2629       245.7966       657.0336       788.1027
       627.3427       418.3864       413.8331       170.4025
      1064.5730        28.0509      -506.2360       926.3030
       987.4113       -28.0510       506.2359      -326.3030
       771.0546        45.9633       704.1705      -279.8920
       974.5992       461.3832      -579.7350       618.5948
      1077.3850      -461.3830       579.7351       -18.5948
       697.0674      -141.3220       632.9437      -217.0170
      1031.3950       -66.1511       616.8313       812.8362
      1020.5890        66.1511      -616.8310      -212.8360
       838.6154       149.4919      -772.5360      -256.7100
       836.1964       427.5539       690.7275       145.2607
      1215.7880      -427.5540      -690.7280       454.7393
       269.5760        12.0642       109.3261       205.8071
       866.8132       267.2535      -774.1050       249.9695
      1185.1710      -267.2540       774.1053       350.0305
       556.8530      -136.7740       176.1244       492.0786
       965.8727      -446.2610      -607.3850       588.7503
      1086.1121       446.2614       607.3854        11.2497
       878.5087       623.3134       596.4141       -96.5984
      1064.3120       323.8649      -391.4950       925.4118
       987.6719      -323.8650       391.4954      -325.4120
       684.7128      -358.9320       178.8430      -538.3280
       727.7446         2.0038       678.5848      -225.6410
      1324.2400        -2.0038      -678.5850       825.6414
      1050.1090       128.4016      -819.3330       629.8552
       724.3242      -362.1520      -564.7520      -237.3390
      1327.6600       362.1522       564.7517       837.3392
       780.3544       574.3704       241.5241       450.0009
       769.7930      -235.5160      -715.6810       -81.8373
      1282.1910       235.5156       715.6810       681.8373
       987.8031       398.0542       775.9183       443.8937
       686.2767       545.8489       140.6435      -367.4600
      1365.7080      -545.8490      -140.6440       967.4604
      1155.4890      -727.5910       -75.5922       884.2143
       735.3760      -287.1350      -632.6910      -199.5420
      1316.6080       287.1349       632.6906       799.5423
       564.5215      -147.8750       486.9864       203.5799
       829.9681      -700.6780       405.3568       123.9602
      1222.0160       700.6782      -405.3570       476.0398
       962.5854       539.5317      -607.4520       498.2581
       791.4183      -264.9130       733.4063        -7.8792
      1260.5660       264.9134      -733.4060       607.8791
       971.9551       409.0356      -505.1320       709.9375
      1079.4690       311.6163      -308.0930       977.2463
       972.5155      -311.6160       308.0927      -377.2460
       751.7363      -450.1390       476.4471      -342.4370
      1020.8930      -480.9790      -434.8140       776.9181
      1031.0909       480.9788       434.8140      -176.9180
       808.3154       413.2355       627.0491      -266.8390
       662.8948       322.6472       341.9377      -447.4260
      1389.0900      -322.6470      -341.9380      1047.4260
       356.3661      -312.4940        50.9041        92.3920
       931.6579      -377.5190       696.2138       471.7366
      1120.3270       377.5189      -696.2140       128.2634
       625.8990       -49.4844      -524.8330       309.2479
       701.2079      -450.0460       413.3127      -316.3960
      1350.7760       450.0462      -413.3130       916.3964
       922.1332       233.0401      -630.1500       617.0220
       835.2090      -751.5110      -307.3400       141.8840
      1216.7750       751.5105       307.3404       458.1159
       572.6011       297.2419      -149.2300       446.1308
      1051.0840       262.5374       492.8842       880.1702
      1000.9010      -262.5370      -492.8840      -280.1700
       324.4089      -208.5800       164.2110      -128.6600
       963.3687      -739.9610      -160.3250       580.1867
      1088.6160       739.9605       160.3252        19.8133
       697.6067       538.1769       246.7541       343.3893
       999.9244       334.3480      -610.3500       705.2064
      1052.0601      -334.3480       610.3502      -105.2060
       695.5970      -579.3860       354.8094       -63.7209
      1084.2000       388.4663       139.5370       993.4264
       967.7844      -388.4660      -139.5370      -393.4260
       470.4958      -343.4300       268.9596      -113.4300
       687.6119      -385.3460      -417.6240      -362.8940
      1364.3719       385.3457       417.6240       962.8942
      1001.7290       435.5601        66.0577       889.4756
       661.0104      -425.5600      -177.8140      -453.8710
      1390.9740       425.5602       177.8135      1053.8710
       237.2547      -171.3840        56.7279        74.0424
      1064.2910       422.5051      -282.3780       925.3378
       987.6935      -422.5050       282.3782      -325.3380
       626.0342      -105.5360       421.7509      -429.7560
       783.3109        -1.4786      -770.7720       -35.6065
      1268.6740         1.4786       770.7717       635.6065
      1082.8640       -35.2050       927.0282       541.9924
       696.0099      -488.7340      -340.1180      -334.1740
      1355.9750       488.7341       340.1175       934.1735
       355.9847       154.8408      -227.2020       181.4162
       908.9473       401.9654      -700.7880       394.0670
      1143.0370      -401.9650       700.7876       205.9330
       741.1297      -537.3810       349.4964       346.5975
      1084.1670      -274.4540      -308.5480       993.3153
       967.8170       274.4542       308.5478      -393.3150
       756.3568       460.4677       405.0542      -421.6150
       751.4229      -416.7620      -593.1290      -144.6630
      1300.5620       416.7618       593.1288       744.6625
       993.2414       512.4070       303.6378       783.2973
       847.2748      -524.7180      -625.1280       183.1488
      1204.7090       524.7184       625.1279       416.8512
       979.8607       723.1344       528.6168       373.5652
      1025.0330       271.6298      -576.9650       791.0785
      1026.9510      -271.6300       576.9650      -191.0790
       443.8840       245.7157       311.9598      -145.3310
      1019.8140       368.1578       537.0114       773.2287
      1032.1700      -368.1580      -537.0110      -173.2290
       779.4540      -253.3540      -614.0880      -384.7580
       995.2078       385.3983      -590.6480       689.0758
      1056.7770      -385.3980       590.6475       -89.0758
       486.4146       158.0867       439.7399        -4.4374
      1015.8190       140.8215       645.6780       759.5665
      1036.1650      -140.8220      -645.6780      -159.5670
       500.7458        18.2659      -213.1700      -432.1510
       834.4998       441.6689      -680.9210       139.4583
      1217.4850      -441.6690       680.9207       460.5417
      1055.4480      -419.8730       841.4830       459.7456
      1076.6520      -351.1450       285.2812       967.6129
       975.3323       351.1448      -285.2810      -367.6130
       344.2362        98.8823       254.7025      -160.0950
      1047.4630       561.6208      -102.4230       867.7862
      1004.5220      -561.6210       102.4233      -267.7860
       737.4291      -705.3180       159.9943       -50.1280
       727.0882      -560.6610      -379.6940      -227.8870
      1324.8960       560.6609       379.6938       827.8865
       991.4610       232.5116       434.7185       849.5505
       959.6595       394.4511      -651.9820       567.5015
      1092.3250      -394.4510       651.9816        32.4985
       417.9891      -188.5780       119.5989      -326.5470
       679.9807       -94.7692      -532.7850      -388.9930
      1372.0040        94.7693       532.7852       988.9930
       689.0460       415.3951       175.5358       503.1914
       682.0762      -484.8730      -257.1340      -381.8260
      1369.9080       484.8729       257.1339       981.8264
      1048.5160       679.7869        99.8221       780.4448
      1069.3101       458.2431      -164.0390       942.5026
       982.6746      -458.2430       164.0386      -342.5030
       272.8439       169.6907       -94.6018      -135.9500
      1088.6870      -122.1150       366.7305      1008.7710
       963.2977       122.1148      -366.7310      -408.7710
       236.8316       -79.0197       175.0433        31.4329
       872.1897       807.7923       133.9930       268.3570
      1179.7950      -807.7920      -133.9930       331.6430
       914.4882      -874.3790        93.1430       211.7973
       823.0813        35.7109       804.9155       100.4076
      1228.9030       -35.7109      -804.9160       499.5924
       652.5333      -398.0480      -425.6680       260.6677
       758.5468       392.6049      -623.3510      -120.2990
      1293.4380      -392.6050       623.3504       720.2991
       334.9511       218.7912       148.1066       155.4677
       759.1134      -147.4710      -722.6890      -118.3610
      1292.8710       147.4709       722.6889       718.3611
      1119.5880       150.9966       884.3420       656.0483
       841.0894      -609.5230       539.8642       161.9946
      1210.8950       609.5234      -539.8640       438.0054
       636.1646       582.7222      -213.8450       -34.5495
      1078.8590      -227.6890       378.0758       975.1591
       973.1258       227.6892      -378.0760      -375.1590
       538.9402       463.5302      -236.2920       -39.3116
      1008.1860       548.3218       399.5006       733.4606
      1043.7980      -548.3220      -399.5010      -133.4610
       239.3839       -17.6974       195.3004       -25.1454
       727.5487      -677.5920        27.6117      -226.3120
      1324.4360       677.5919       -27.6117       826.3116
       830.4145       420.6974      -378.7980       592.3658
       755.1908      -624.6480      -380.1910      -131.7760
      1296.7939       624.6484       380.1913       731.7764
       910.5670       259.6687       502.6232       700.6122
       897.8475       -52.3604      -811.3940       356.1059
      1154.1370        52.3603       811.3940       243.8941
       671.5729       193.7448       411.9935       474.8869
       972.6919       116.7427      -734.6100       612.0717
      1079.2920      -116.7430       734.6100       -12.0717
       460.2959       297.1279       297.0687       130.8459
       920.2567       -22.3657       800.5543       432.7448
      1131.7280        22.3657      -800.5540       167.2552
       201.6926      -107.7960       103.9865        -5.4562
       754.9297       724.7903       -93.7004      -132.6690
      1297.0551      -724.7900        93.7004       732.6692
       517.3449        12.6833       129.7591       482.1105
      1081.6310        33.2884       425.5365       984.6422
       970.3529       -33.2884      -425.5360      -384.6420
       617.7570      -277.8010      -514.5060      -146.6880
       944.7076      -332.5410       705.0090       516.3663
      1107.2770       332.5414      -705.0090        83.6337
       807.6177       567.4520      -557.7830       -30.1069
       635.8086      -148.2880       269.0377      -540.0600
      1416.1760       148.2875      -269.0380      1140.0601
       362.0791      -267.3670       -62.3310       193.6863
       702.7240        46.1872       613.6924      -311.2110
      1349.2600       -46.1872      -613.6930       911.2112
       833.1031      -323.7070      -221.5430       722.4795
      1040.4680      -418.0660       421.2733       843.8635
      1011.5170       418.0663      -421.2730      -243.8640
       760.4372       289.6997      -635.6520      -268.4560
       683.6766       201.4141       516.7084      -376.3530
      1368.3080      -201.4140      -516.7080       976.3530
      1157.4410      -338.3110      -649.3550       886.1919
       782.6902      -438.0930      -633.2760       -37.7291
      1269.2939       438.0932       633.2755       637.7291
       839.0665       428.4377       205.0814       678.3793
       711.4504      -637.9370       -42.5842      -281.3670
      1340.5341       637.9371        42.5842       881.3674
       493.2049       426.1957       194.3080        75.0721
       862.7101       -46.8327      -817.4300       235.9368
      1189.2740        46.8327       817.4303       364.0632
       615.0200      -354.3860       446.0535       188.3611
       942.1223       564.3728       541.5531       507.5244
      1109.8621      -564.3730      -541.5530        92.4756
       274.2682        54.9586         1.6624       232.3423
       725.0399      -490.4220      -460.1930      -234.8920
      1326.9449       490.4224       460.1931       834.8916
      1104.3110       630.0051       564.8940       696.6158
       706.0942       227.2509      -582.1500      -299.6850
      1345.8900      -227.2510       582.1497       899.6851
       761.6805       141.1989       585.4882       446.3260
      1053.8580      -325.7340      -441.3700       889.6571
       998.1266       325.7338       441.3695      -289.6570
       570.1549       529.1760       158.5755       -41.0640
       817.9796      -764.9330       242.6284        82.9599
      1234.0050       764.9333      -242.6280       517.0401
       540.1316       387.4065      -346.8950       -55.7269
       909.5325      -720.1690       365.4034       396.0681
      1142.4520       720.1686      -365.4030       203.9319
       317.7422        33.7946      -186.1570      -216.6720
       926.4102       290.5326      -741.4070       453.7893
      1125.5740      -290.5330       741.4073       146.2107
       846.3970      -509.3280       609.6674       258.9638
       906.3691      -526.6050      -614.4580       385.2496
      1145.6150       526.6047       614.4577       214.7504
       434.4405       344.8658        76.7652      -213.7670
      1020.8320       521.7169       385.2473       776.7087
      1031.1530      -521.7170      -385.2470      -176.7090
       851.2161      -619.1170      -536.0480      -188.9430
       791.2095       564.4525       537.6942        -8.5932
      1260.7750      -564.4530      -537.6940       608.5932
       916.1647      -262.8690      -685.4210       531.2617
       776.9861      -288.6700      -706.3170       -57.2369
      1274.9980       288.6701       706.3173       657.2369
       752.6398       -61.4023       686.7015       270.0380
       698.1028      -185.1570      -572.6330      -327.0160
      1353.8810       185.1571       572.6328       927.0156
       918.7667       475.5317       459.6552       623.2994
       882.0626      -804.6460       145.2057       302.1219
      1169.9220       804.6460      -145.2060       297.8781
       951.2549       924.1387      -139.4590       114.8379
       655.9334      -317.3060       298.8102      -471.2340
      1396.0510       317.3056      -298.8100      1071.2340
      1189.0031       257.9082      -494.8690      1041.2000
       674.4891       167.2654       492.4034      -407.7740
      1377.4950      -167.2650      -492.4030      1007.7740
      1207.9030      -319.4660      -567.2090      1008.4790
       961.8164        77.0807      -755.2800       574.8779
      1090.1680       -77.0807       755.2800        25.1221
       655.3002      -202.5780       518.9083      -317.6440
      1090.6780       214.4389       306.5516      1015.5800
       961.3067      -214.4390      -306.5520      -415.5800
       716.0532      -140.3740      -249.4900      -642.3130
       661.8870      -421.8600      -196.5340      -450.8730
      1390.0970       421.8596       196.5337      1050.8730
      1134.3430       214.9252       346.8250      1049.7791
       836.1841      -360.4770      -727.9800       145.2186
      1215.8000       360.4774       727.9797       454.7814
      1009.8850       237.2419       884.7101       403.3038
       728.7549      -668.3780      -129.5040      -222.1870
      1323.2290       668.3776       129.5040       822.1865
       264.1364         4.8803       226.9829         2.4625
       712.7622       273.6213       581.6196      -276.8810
      1339.2220      -273.6210      -581.6200       876.8810
      1020.7390      -339.9540      -735.4410       606.0111
       886.5046      -415.8030       702.9178       317.3134
      1165.4800       415.8031      -702.9180       282.6866
       335.6160       271.9754        -5.1691      -142.9120
       666.0579      -419.9090      -241.7960      -436.6090
      1385.9270       419.9090       241.7960      1036.6090
       688.5970      -129.6820       263.6597       607.9597
      1001.2780      -675.9620      -153.4580       709.8356
      1050.7061       675.9622       153.4577      -109.8360
       867.7695       802.6390       284.8323       -97.2019
       662.6988       420.1649      -208.8630      -448.0970
      1389.2860      -420.1650       208.8626      1048.0970
      1105.0690      -529.3690       -38.2443       959.8267
      1066.0439       -98.5195      -491.0650       931.3335
       985.9404        98.5196       491.0648      -331.3340
       400.6090       368.5410        43.9022       -67.2370
       699.8673       -11.6886      -606.9860      -320.9810
      1352.1169        11.6886       606.9857       920.9813
       954.8790      -297.9970       383.9420       810.7795
      1038.9510       359.6984      -477.9550       838.6771
      1013.0330      -359.6980       477.9545      -238.6770
       266.7234      -134.2760      -186.0440        16.8005
       788.7485       428.6500      -647.9790       -17.0098
      1263.2360      -428.6500       647.9792       617.0098
       488.6686       -89.2301       458.0691       -52.8280
       757.4497       146.4362       720.1950      -124.0510
      1294.5350      -146.4360      -720.1950       724.0510
       574.0575      -295.4410      -468.7730        65.5135
       664.5621      -421.2160      -225.5740      -441.7240
      1387.4220       421.2155       225.5736      1041.7240
       872.8652       584.6332       -40.3689       632.6541
       909.6777       528.0812      -610.8710       396.5650
      1142.3070      -528.0810       610.8708       203.4350
       589.7231      -557.9400        65.7395       118.0596
       723.1752        22.5365       667.8674      -241.2690
      1328.8090       -22.5365      -667.8670       841.2689
       862.9460       -95.3205      -752.3870       388.9556
       659.8951       453.2726        48.0952      -457.6850
      1392.0890      -453.2730       -48.0952      1057.6851
      1119.9960      -303.9670       179.3500      1054.3300
      1050.6040       -76.9104       554.8173       878.5300
      1001.3800        76.9104      -554.8170      -278.5300
       633.7074      -275.7390      -524.7010      -178.9570
       764.9468      -315.5150       676.5297       -98.4111
      1287.0380       315.5145      -676.5300       698.4111
       979.0360       162.5909      -451.4260       842.6588
       823.5184      -756.6150      -277.6960       101.9022
      1228.4659       756.6150       277.6964       498.0978
       535.1790       334.7640       393.1238       -39.8289
       857.4387      -118.0850       809.6641       217.9088
      1194.5460       118.0849      -809.6640       382.0912
       643.5660      -309.0830      -503.3920       216.8531
      1024.4210       562.0710       304.6324       788.9850
      1027.5630      -562.0710      -304.6320      -188.9850
       295.2818       -78.7694        28.3651       248.9282
      1073.1260       455.0595       114.9840       955.5530
       978.8586      -455.0600      -114.9840      -355.5530
       530.6790      -120.1420       158.6676      -473.0690
       982.7446       672.7554      -277.6150       646.4520
      1069.2400      -672.7550       277.6150       -46.4521
       609.5523      -566.0160      -138.3260       117.5969
       909.1079      -734.3780      -336.4930       394.6161
      1142.8760       734.3777       336.4933       205.3839
       318.8654       175.3783      -229.3550        -9.8607
       750.5190      -723.3380         3.4909      -147.7540
      1301.4650       723.3384        -3.4909       747.7537
       747.8793       573.5958      -327.0380       324.2538
       793.2413       243.9146       742.6425        -1.6445
      1258.7430      -243.9150      -742.6430       601.6444
       502.8835      -426.9250      -203.9290       104.0314
       655.2761      -315.3600      -295.8590      -473.4820
      1396.7080       315.3603       295.8589      1073.4821
       388.1199       -52.9561      -217.2020       287.1221
       906.4358        16.4649       809.0394       385.4776
      1145.5490       -16.4648      -809.0390       214.5224
       394.8477       290.8049      -124.4110       194.0162
       668.8517      -439.4670      -231.6020      -427.0540
      1383.1331       439.4669       231.6021      1027.0540
       863.1813       632.7917       101.3260       562.2924
       754.7196       714.2391      -153.1500      -133.3880
      1297.2650      -714.2390       153.1499       733.3878
      1000.3360      -833.1010       245.7147       477.5167
       648.9536       350.4980       186.9389      -495.1050
      1403.0310      -350.4980      -186.9390      1095.1050
       273.8232       189.8327       -95.4237       107.7966
       679.1938      -429.5940      -324.2220      -391.6840
      1372.7910       429.5940       324.2223       991.6840
      1247.7960       418.5873       357.1177      1111.7690
       715.3015       414.7621       499.4821      -268.1970
      1336.6830      -414.7620      -499.4820       868.1965
      1035.6300      -618.1400      -504.5120       646.2840
       742.2747        22.1447       708.0300      -175.9490
      1309.7100       -22.1447      -708.0300       775.9489
       232.0231         2.0500       146.1889       119.3417
      1035.8020      -445.1950      -413.5720       827.9061
      1016.1820       445.1948       413.5717      -227.9060
       594.6082       227.0138       519.7662       116.8325
       909.6919      -215.0120      -778.3250       396.6135
      1142.2920       215.0121       778.3251       203.3865
       461.8477        56.6693       150.1369       411.5021
       769.6698       378.0018      -651.5540       -82.2585
      1282.3149      -378.0020       651.5542       682.2585
       668.3502       143.6291       371.7505       519.2757
       820.8668       697.7910      -400.0940        92.8339
      1231.1180      -697.7910       400.0938       507.1661
       239.9743        67.9898      -115.4340       146.3667
      1080.7180       391.5710      -181.7380       981.5181
       971.2664      -391.5710       181.7381      -381.5180
       486.2291        77.9476       299.3120      -350.0550
      1005.2030       519.3259       446.5561       723.2600
      1046.7810      -519.3260      -446.5560      -123.2600
       773.9895      -620.6320      -423.1240       128.9367
       798.4462      -493.6070       612.6914        16.1561
      1253.5380       493.6068      -612.6910       583.8439
       626.9219       153.5157      -589.8120        58.0470
       918.4478       633.5502       491.9264       426.5585
      1133.5370      -633.5500      -491.9260       173.4416
       766.2276      -699.3060      -138.0320       246.5902
       667.1123       443.4109       206.6823      -433.0020
      1384.8719      -443.4110      -206.6820      1033.0020
       200.8878       -15.5786      -131.2170       -68.3982
      1012.2990       284.4505       605.6588       747.5281
      1039.6851      -284.4510      -605.6590      -147.5280
       647.3580      -541.3040      -313.0730       -99.1521
       880.8358       678.5363       456.5997       297.9265
      1171.1490      -678.5360      -456.6000       302.0735
       796.1020      -366.4670      -653.1220       233.8711
       679.1573       -22.0350      -537.6230      -391.8090
      1372.8270        22.0350       537.6227       991.8087
       250.9280      -115.0570      -140.4330       108.5741
       808.4031      -792.5280        68.3874        50.2086
      1243.5811       792.5282       -68.3874       549.7914
       453.7051       360.7704      -220.5930       -93.8879
      1093.4449      -354.2750        34.2966      1025.0460
       958.5389       354.2748       -34.2966      -425.0460
       253.9731       -39.7275       173.5065       120.8414
      1011.2470      -517.8930       427.5031       743.9303
      1040.7371       517.8929      -427.5030      -143.9300
       449.3976       134.4059      -290.6940       284.9093
       662.9070      -454.1340      -121.8110      -447.3850
      1389.0770       454.1342       121.8109      1047.3850
      1184.9890       457.5747       -79.3234      1081.8110
       771.2576       235.8519       717.6996       -76.8283
      1280.7271      -235.8520      -717.7000       676.8282
       228.3461       -89.3760       138.3313        82.4706
       885.4221      -588.3760       566.7603       313.6115
      1166.5620       588.3758      -566.7600       286.3885
       887.4308       710.4979      -512.6440        41.2926
       756.6573       581.8107      -446.9240      -126.7610
      1295.3270      -581.8110       446.9243       726.7609
       717.7671      -112.1100       561.7550       410.8958
      1009.0640      -363.2250      -570.6860       736.4629
      1042.9210       363.2249       570.6865      -136.4630
       578.2477       141.5242       477.4308       261.1211
       667.1056      -109.1500       476.8524      -433.0250
      1384.8790       109.1500      -476.8520      1033.0250
       332.3445       251.1933        79.6236       150.9899
      1046.3970      -574.3700        -9.3353       864.1428
      1005.5870       574.3699         9.3353      -264.1430
       803.6162       678.1588      -102.5410      -396.4440
      1033.9280      -535.9390       297.8293       821.4963
      1018.0570       535.9393      -297.8290      -221.4960
       392.8568       246.3480       246.9277      -120.2450
       937.5808      -155.0040       771.2054       491.9928
      1114.4041       155.0035      -771.2050       108.0072
       367.5862      -160.7350      -116.2390       278.4883
      1000.8140       500.3787       481.0580       708.2487
      1051.1700      -500.3790      -481.0580      -108.2490
       462.5904        81.8180      -433.3250       -36.1732
       695.9196       564.2094      -189.4120      -334.4820
      1356.0649      -564.2090       189.4117       934.4820
      1022.3800      -741.3020        48.4039       689.3276
      1041.7080       326.4075       491.0324       848.1066
      1010.2760      -326.4080      -491.0320      -248.1070
       725.3234      -147.7490      -516.1340      -468.6720
       981.1782      -317.0420       658.0089       641.0950
      1070.8060       317.0416      -658.0090       -41.0950
       274.5481      -187.6760       -66.9987       132.0939
      1027.8760       546.7157       313.2629       800.7998
      1024.1080      -546.7160      -313.2630      -200.8000
       512.5620       -73.7870      -289.1340      -394.2840
       811.7675       653.7880      -457.7140        61.7144
      1240.2170      -653.7880       457.7141       538.2856
       968.3215      -460.2270       648.6434       535.6146
       831.1851      -298.6630      -753.0190       128.1221
      1220.7990       298.6627       753.0187       471.8779
       579.2499        -2.1951       560.0037       -60.8655
       883.8317       810.5048      -105.1360       308.1720
      1168.1530      -810.5050       105.1357       291.8280
       811.7648      -797.8720       -59.8125       -23.8378
       795.7813       771.1230       142.7263         7.0423
      1256.2030      -771.1230      -142.7260       592.9578
       938.0270      -867.8400         6.9464       329.3674
       747.2755        -0.3518       717.6151      -158.8460
      1304.7090         0.3518      -717.6150       758.8464
      1028.8280       223.0940      -785.6350       610.9631
       707.4362      -619.5110       106.6506      -295.0960
      1344.5480       619.5105      -106.6510       895.0957
       437.3606       -38.9962       209.6364       357.2104
       686.3450       215.2658       521.2078      -367.2270
      1365.6390      -215.2660      -521.2080       967.2270
      1044.7880        21.2311      -305.5490       989.7240
      1049.5420       472.6855       307.3157       874.8988
      1002.4420      -472.6860      -307.3160      -274.8990
       338.4409       -73.0398       218.6828      -207.7700
       847.7473       762.9092      -290.3280       184.7644
      1204.2371      -762.9090       290.3277       415.2356
       381.5579       -20.1322       -57.5785       351.6375
       679.9752      -263.1150      -472.8530      -389.0120
      1372.0090       263.1152       472.8529       989.0115
       272.4549       126.8685       189.0921       -64.5236
       737.0385      -506.6030       480.3976      -193.8570
      1314.9460       506.6030      -480.3980       793.8567
       166.4838       -12.4851        45.9748       -85.0317
      1076.5890        47.7576      -450.2090       967.3976
       975.3953       -47.7576       450.2092      -367.3980
       693.5071      -312.4370       401.7096      -451.3840
       905.8500       782.0185       209.1456       383.4744
      1146.1340      -782.0190      -209.1460       216.5256
       958.0112      -814.6910      -351.4160       335.1925
       646.7294       103.9595      -369.4800      -502.7110
      1405.2550      -103.9600       369.4805      1102.7111
       573.4689      -180.7550      -189.8440       491.8705
       659.9177      -408.7270      -202.0200      -457.6080
      1392.0670       408.7265       202.0203      1057.6080
       986.7625       625.5779        53.2550       749.1992
       799.1777      -592.0350      -519.2440        18.6580
      1252.8070       592.0349       519.2444       581.3420
      1035.8640       776.4631       419.8779       524.9815
       691.7657       571.1919       111.7103      -348.6880
      1360.2190      -571.1920      -111.7100       948.6884
      1167.1790      -747.6240      -138.7220       875.1598
       878.1088       751.2657      -324.2960       288.6002
      1173.8750      -751.2660       324.2962       311.3998
       441.5820      -376.4510      -170.8120       -76.7190
       961.2793       551.6822       522.6010       573.0409
      1090.7050      -551.6820      -522.6010        26.9590
       607.0333      -157.0540      -511.7210      -252.4840
       707.5543      -143.1770       612.4320      -294.6920
      1344.4301       143.1771      -612.4320       894.6921
      1222.3940       147.2724      -674.6220       999.6129
       862.6008       808.1732       131.2606       235.5632
      1189.3840      -808.1730      -131.2610       364.4368
      1008.2900      -822.3330      -181.1080       537.9585
       882.2227      -461.5870       674.8543       302.6693
      1169.7620       461.5873      -674.8540       297.3307
       570.3339       -22.6613      -552.6160       -34.1431
       855.2382      -768.5040       279.9220       210.3829
      1196.7460       768.5037      -279.9220       389.6171
       328.6999       -60.1188      -262.4890       131.5757
      1023.3170       -83.0314       636.7994       785.2094
      1028.6670        83.0314      -636.7990      -185.2090
       284.5622       121.1935       106.2974      -191.7600
      1026.6030      -417.5020      -476.5090       796.4473
      1025.3810       417.5023       476.5091      -196.4470
       364.9596       -37.6475       250.5368       225.3722
       777.7778       134.0607      -752.1810       -54.5294
      1274.2070      -134.0610       752.1806       654.5294
      1006.9390        68.9797       625.9729       774.0211
      1071.5950      -400.7660      -257.6490       950.3171
       980.3896       400.7655       257.6487      -350.3170
       708.4454       539.6549       404.9395      -168.7440
      1022.3050      -253.6400       592.8149       781.7463
      1029.6801       253.6398      -592.8150      -181.7460
       851.0457       284.5546      -768.7270      -184.7950
       851.9362       734.9014       357.5769       199.0905
      1200.0480      -734.9010      -357.5770       400.9095
       402.1135      -296.4600       -99.4484      -213.7760
      1050.1560      -561.2530       -22.0050       876.9955
      1001.8290       561.2526        22.0050      -276.9960
       735.4743       573.7149       280.8214      -338.6680
       669.4453       116.0421       485.6227      -425.0240
      1382.5389      -116.0420      -485.6230      1025.0240
      1214.2240      -218.6390      -618.4940      1012.8100
      1006.0730      -478.3410       487.5873       726.2327
      1045.9120       478.3405      -487.5870      -126.2330
       341.8764        57.4228        47.6664      -305.1120
      1063.6190       508.4761       -50.1765       923.0399
       988.3655      -508.4760        50.1765      -323.0400
       296.2163       154.3358       -98.2245      -189.8940
       865.6328       517.2930      -634.8450       245.9326
      1186.3521      -517.2930       634.8452       354.0674
       790.0475      -140.9990       719.0988       262.6299
       962.9309       698.9084       292.6849       578.6896
      1089.0530      -698.9080      -292.6850        21.3104
       884.1257      -724.6840      -475.5790       110.0831
       735.3905        17.3862       694.6097      -199.4930
      1316.5940       -17.3862      -694.6100       799.4927
       892.4241       -77.2129      -276.1230       834.2652
       661.2646       386.3690      -254.0920      -453.0010
      1390.7200      -386.3690       254.0921      1053.0010
       893.4663      -124.4880       505.6940       713.3313
      1002.8580      -671.6330       157.6353       715.2396
      1049.1260       671.6331      -157.6350      -115.2400
       791.7346       637.1784      -354.2140      -277.7830
      1094.3010       260.1183       234.2903      1027.9709
       957.6837      -260.1180      -234.2900      -427.9710
       254.4130         6.2650       -73.3817       202.6942
      1021.2700       386.6784      -519.2750       778.2093
      1030.7140      -386.6780       519.2750      -178.2090
       552.9999      -261.2110       143.8917      -445.7090
       897.7305      -671.8520      -458.0300       355.7057
      1154.2540       671.8522       458.0295       244.2943
       338.2008       -10.3311       265.4229      -160.0210
       981.7816       720.8649       111.2630       643.1583
      1070.2030      -720.8650      -111.2630       -43.1583
       857.6605      -785.6480      -313.6850       -41.5169
       973.3369      -583.7190      -459.4590       614.2776
      1078.6470       583.7191       459.4594       -14.2776
       889.6433       615.8318       617.4548      -112.9120
       863.1018      -732.7650      -365.3540       237.2764
      1188.8831       732.7649       365.3536       362.7235
       601.0940       263.2605        49.0821       520.9432
       702.8751      -161.9850      -594.1770      -310.6950
      1349.1090       161.9849       594.1771       910.6945
       174.3653       -81.1302       -69.6062       -27.5540
       825.8949      -754.2300      -287.9520       110.0299
      1226.0900       754.2297       287.9522       489.9701
      1000.0260       890.9650       302.6184       310.5459
       881.2631      -190.8280      -795.2100       299.3876
      1170.7209       190.8283       795.2103       300.6124
       533.2987       440.5622       262.9422        54.3782
       651.5040       -77.9576      -404.4690      -486.3820
      1400.4800        77.9576       404.4691      1086.3820
       770.3256       417.8215       267.0768       573.8291
       819.6388      -798.2170        92.6485        88.6341
      1232.3459       798.2174       -92.6485       511.3659
       487.1909        62.4062      -176.6350       429.0030
      1090.8070      -236.4440       288.8560      1016.0210
       961.1777       236.4437      -288.8560      -416.0210
       379.0545       345.8428         1.4858        76.5244
       765.5221      -687.1900       293.7284       -96.4434
      1286.4620       687.1896      -293.7280       696.4434
       370.1076       261.5368       215.0253        64.2289
       985.0878       160.8483       705.6796       654.4657
      1066.8960      -160.8480      -705.6800       -54.4657
       243.8091       200.1732        32.6420        -9.5467
      1000.4370       654.3680      -233.8110       706.9604
      1051.5470      -654.3680       233.8105      -106.9600
       554.4548      -492.3760      -169.4410       134.3839
       739.2032       573.8994       405.0668      -186.4530
      1312.7810      -573.8990      -405.0670       786.4534
       831.7040      -149.6770      -537.2440       602.0637
       679.4808       337.3910      -420.7090      -390.7030
      1372.5040      -337.3910       420.7090       990.7026
      1130.7419      -120.0050       342.8076      1062.2810
       717.6422       -28.9833      -654.4110      -260.1920
      1334.3420        28.9833       654.4109       860.1917
       242.1111      -185.0160       -54.0953        56.9532
      1076.3610       127.2785      -435.6460       966.6171
       975.6235      -127.2790       435.6461      -366.6170
       293.7618      -192.7610      -167.1310       -54.6765
       881.5688       497.4218       649.0439       300.4333
      1170.4160      -497.4220      -649.0440       299.5667
       875.8392      -622.3720      -417.7400       432.4630
       907.4973      -392.3090      -707.1230       389.1079
      1144.4871       392.3093       707.1229       210.8921
       249.8066      -171.8760        18.7882       119.5497
       643.0056      -347.9700        92.0392      -515.4470
      1408.9790       347.9695       -92.0392      1115.4470
      1207.3300       437.4802      -269.9830      1084.0430
       971.0387      -447.9230      -596.9270       606.4180
      1080.9460       447.9229       596.9268        -6.4180
       631.7825        58.6758       574.9436       216.6314
      1052.4740      -225.6160       505.4600       884.9252
       999.5102       225.6161      -505.4600      -284.9250
       656.6099       455.4738      -264.8910      -367.8260
      1005.2010      -318.8730      -606.1670       723.2520
      1046.7830       318.8728       606.1672      -123.2520
       573.6298      -136.0470       540.5609       -10.9214
      1003.5880      -503.5760       469.2961       717.7360
      1048.3960       503.5757      -469.2960      -117.7360
       350.9365       213.7033        56.7960       236.7375
      1086.1460        62.9281       396.7052      1000.0800
       965.8389       -62.9281      -396.7050      -400.0800
       395.2050      -313.3630      -187.4720        68.0299
       804.9550       787.5575        89.5151        38.4158
      1247.0291      -787.5580       -89.5151       561.5842
       525.4686      -192.2720       275.8799       380.5550
       662.5750      -401.0390       242.4588      -448.5200
      1389.4091       401.0392      -242.4590      1048.5200
       640.1349       503.7685        52.4964       367.4470
      1089.2880      -350.1740       154.7231      1010.8260
       962.6968       350.1740      -154.7230      -410.8260
       632.7287       488.5193       139.0754      -352.3290
       812.9293       674.6562       427.9735        65.6879
      1239.0551      -674.6560      -427.9740       534.3120
       487.3976      -222.3320      -406.9380       -65.6460
       819.4729       728.7722      -338.3110        88.0669
      1232.5110      -728.7720       338.3109       511.9330
      1034.1040      -792.4660       499.9719       416.1511
      1030.5439       620.6069        51.6935       809.9257
      1021.4400      -620.6070       -51.6935      -209.9260
       549.0283      -476.1240        -7.1178       237.6350
      1017.3870       657.0185         8.3954       764.9290
      1034.5970      -657.0190        -8.3954      -164.9290
       625.9257      -540.5320       257.5856       122.6424
      1025.5300      -608.9410      -184.9070       792.7766
      1026.4540       608.9413       184.9066      -192.7770
       451.8267       212.1080       316.8848       201.3073
       762.2035      -285.4690      -685.2920      -107.7930
      1289.7810       285.4685       685.2924       707.7931
      1062.0400       335.4631       517.8382       853.8264
      1075.8459      -232.8040      -392.5320       964.8574
       976.1380       232.8039       392.5317      -364.8570
       752.0567       450.2798       417.3903      -412.8020
       994.8491       425.7635       563.1138       687.8489
      1057.1350      -425.7640      -563.1140       -87.8489
       499.7494      -469.3740        -7.7217      -105.6450
       806.9558      -100.6410       787.8983        45.2586
      1245.0291       100.6415      -787.8980       554.7415
       341.1204       214.3650      -195.4070      -118.3640
       642.8576      -285.5780       217.4557      -515.9530
      1409.1270       285.5775      -217.4560      1115.9530
       869.6627      -144.9090      -284.1000       797.7372
       991.0221       556.7490       445.6866       674.7607
      1060.9620      -556.7490      -445.6870       -74.7608
       625.2529      -519.1620      -178.3140       267.2064
      1060.8640       189.7279      -486.3340       913.6182
       991.1204      -189.7280       486.3340      -313.6180
       505.7246       262.6987       366.5161      -184.9210
      1012.7100       216.1565      -632.2510       748.9323
      1039.2740      -216.1570       632.2509      -148.9320
       626.1062      -302.2740       329.6973      -416.8000
       899.2689      -540.0100       607.0908       360.9670
      1152.7150       540.0104      -607.0910       239.0330
       303.4527       -11.0039        38.4657       268.8232
       994.1528      -636.4410       308.5451       685.4677
      1057.8320       636.4408      -308.5450       -85.4677
       882.5449       802.1249      -311.3250      -142.6210
       790.7521       121.8962       769.4869       -10.1576
      1261.2321      -121.8960      -769.4870       610.1576
       195.3728      -112.7450        55.8894       -64.1768
       624.3172       -10.2439       189.1864      -579.3610
      1427.6670        10.2439      -189.1860      1179.3610
       943.1434      -107.9890      -467.4250       800.7215
       935.8502      -623.8010      -481.8740       486.0742
      1116.1340       623.8011       481.8743       113.9258
       397.3216       -37.9565       347.3829      -132.4080
       649.7751       401.0178       -28.6541      -492.2950
      1402.2090      -401.0180        28.6541      1092.2950
       625.1399      -266.7400      -347.0180       425.4543
      1089.3860        33.9274      -380.7150      1011.1630
       962.5984       -33.9274       380.7152      -411.1630
       367.5170       329.4455        47.6737       -77.7479
      1042.8149       387.9823       439.3160       851.8902
      1009.1700      -387.9820      -439.3160      -251.8900
       823.0142      -468.5960      -606.3160      -268.2050
       831.2017      -300.1740      -752.4260       128.1792
      1220.7830       300.1736       752.4263       471.8207
       860.8672       318.4568       441.8833       652.8398
      1024.3630       329.4350      -548.0810       788.7857
      1027.6210      -329.4350       548.0806      -188.7860
       443.9502      -399.6290       -28.8911      -135.4140
      1003.9770       362.2079      -584.3820       719.0659
      1048.0070      -362.2080       584.3822      -119.0660
       798.7574      -242.1950       679.2486      -315.8470
       974.3936      -697.7800      -250.0800       617.8914
      1077.5909       697.7796       250.0795       -17.8914
       324.6107       125.3009      -196.8610       180.8336
      1031.2070      -259.9640      -563.8550       812.1933
      1020.7770       259.9635       563.8553      -212.1930
       410.9652       277.1027       144.5197       230.2253
       969.2225       498.7557       558.7219       600.2065
      1082.7620      -498.7560      -558.7220        -0.2066
       825.0293      -700.9240      -409.6440       -57.9141
       799.7695       593.7152      -518.1590        20.6817
      1252.2150      -593.7150       518.1591       579.3184
       326.0369       -19.2097      -135.8940       263.1482
       781.5682      -721.0190      -266.5250       -41.5661
      1270.4160       721.0192       266.5251       641.5660
       396.9657       -65.4501         3.3143       367.5190
       742.7069      -521.8610       480.2263      -174.4710
      1309.2770       521.8613      -480.2260       774.4709
       359.6775      -109.8000      -302.2030        88.1383
       740.9843       414.2866       571.5565      -180.3620
      1311.0000      -414.2870      -571.5570       780.3623
       355.0702      -167.1310       167.9920       227.3845
       856.4153      -801.7200      -162.8010       214.4088
      1195.5690       801.7201       162.8005       385.5912
       800.0177       473.6605       314.2233       546.5537
       775.9825      -332.0910       685.5413       -60.6692
      1276.0020       332.0907      -685.5410       660.6693
       457.1545        93.8295      -419.7060       -76.2663
      1068.0420       206.1345       447.0441       938.1669
       983.9423      -206.1350      -447.0440      -338.1670
       251.2783       203.9657        57.6321        -0.6519
       974.8420      -706.0800      -223.3010       619.4252
      1077.1420       706.0801       223.3009       -19.4252
       874.3391       769.0144       383.6615        87.5933
       707.9260       541.3575      -322.1470      -293.4210
      1344.0580      -541.3580       322.1472       893.4205
       826.7169      -676.6190       107.4371       442.5922
       744.7587      -660.9320       267.5377      -167.4540
      1307.2260       660.9322      -267.5380       767.4539
       914.8785       761.6097       -10.6729       488.4900
       862.8975       714.1406      -400.5110       236.5780
      1189.0870      -714.1410       400.5114       363.4219
       765.3329      -724.1860         6.6411       207.4326
       722.6755      -260.1440      -614.2720      -242.9780
      1329.3090       260.1442       614.2717       842.9777
       904.8567       236.5258       190.4794       841.6186
       850.5278      -614.7270      -538.0970       194.2737
      1201.4570       614.7274       538.0971       405.7263
       196.8043      -137.5750        30.6822       -25.4320
       831.0155       376.8126      -717.0180       127.5423
      1220.9690      -376.8130       717.0181       472.4577
       782.0349      -498.6900       582.5549        72.7971
       883.0731      -813.1530        83.6967       305.5780
      1168.9110       813.1533       -83.6967       294.4220
       750.8245       689.5868       252.5365        78.8412
       899.3405      -657.5050      -477.2940       361.2120
      1152.6440       657.5051       477.2938       238.7880
       377.4194        45.2118       288.3795      -197.5390
       922.5455      -729.6000       326.2718       440.5727
      1129.4390       729.5999      -326.2720       159.4273
       604.0036       567.6487        77.1055      -135.7690
       981.1285      -538.0790      -494.0470       640.9249
      1070.8560       538.0787       494.0473       -40.9249
       823.2915       619.4625       488.5493       192.8154
       945.9726       241.0258      -739.8870       520.6925
      1106.0120      -241.0260       739.8872        79.3075
       527.1194       -90.4813       369.3275      -339.1880
       666.0709      -214.3560       434.6233      -436.5640
      1385.9130       214.3555      -434.6230      1036.5640
       774.2126       476.6791      -332.2540       493.5309
       954.4236      -402.8740      -654.4820       549.5948
      1097.5610       402.8735       654.4815        50.4052
       635.7946       -40.8380       597.6201       164.9255
       660.7584       167.1300       428.5679      -454.7330
      1391.2260      -167.1300      -428.5680      1054.7330
      1124.7200      -317.8350      -208.8200      1049.8350
       765.2310       422.3599      -616.0190       -97.4389
      1286.7531      -422.3600       616.0190       697.4389
       593.2717      -384.5100       -22.9326       430.5587
      1038.5260      -372.5760      -469.6430       837.2235
      1013.4580       372.5755       469.6426      -237.2240
       543.5533       -29.5319       525.7003        -0.6273
      1065.5000      -323.9420      -384.9860       929.4734
       986.4843       323.9417       384.9864      -329.4730
       505.0027       400.6012       -85.6357      -262.6710
       870.5363       300.6634      -761.7120       262.7022
      1181.4480      -300.6630       761.7123       337.2978
       435.0255      -396.1590       116.0613       -24.8654
       895.3923       683.9100       441.4474       347.7094
      1156.5920      -683.9100      -441.4470       252.2906
       615.4282      -151.6390      -466.0990       346.8325
      1078.5760       442.5411       -14.7386       974.1912
       973.4089      -442.5410        14.7386      -374.1910
       449.8360       -10.1327       301.7194      -304.9560
       952.8932      -678.3630      -365.0800       544.3609
      1099.0909       678.3630       365.0800        55.6391
       791.1860       767.6102       106.2076       -85.1640
      1025.5081       -47.1367      -634.7060       792.7022
      1026.4760        47.1367       634.7058      -192.7020
       715.4105      -204.7080       566.2727      -361.9740
       861.4035      -235.7990       783.9774       231.4685
      1190.5811       235.7985      -783.9770       368.5315
       910.8349       479.4333      -721.8630       245.8870
       724.5076       463.7375      -485.3960      -236.7120
      1327.4771      -463.7380       485.3958       836.7122
       685.6324      -454.4180       -56.0576       492.1753
       643.5260      -356.8120       -68.8511      -513.6670
      1408.4580       356.8116        68.8511      1113.6670
       800.8442      -127.7880       -72.7484       775.5724
       677.9790       406.9699       345.1461      -395.8390
      1374.0050      -406.9700      -345.1460       995.8387
       592.3664       155.1984      -321.1140       453.2995
       987.1804        20.9706      -719.8090       661.6221
      1064.8040       -20.9706       719.8088       -61.6220
       289.7522      -222.4430        -4.3260       127.4365
      1023.2700       456.3619      -451.9940       785.0480
      1028.7140      -456.3620       451.9937      -185.0480
       710.6053      -575.5870       200.6717      -339.3720
      1033.1360      -591.8000       168.8536       818.7882
      1018.8490       591.7997      -168.8540      -218.7880
       815.2094       779.4062      -120.4370      -156.1100
       670.0151       450.3785      -221.0660      -423.0750
      1381.9690      -450.3790       221.0657      1023.0750
      1146.8580      -651.0440       242.4911       902.4450
       760.5500      -551.5390       493.1058      -113.4480
      1291.4340       551.5394      -493.1060       713.4480
      1005.8820       724.9595      -285.6600       621.6218
       889.4832       267.0637      -770.9630       327.5003
      1162.5010      -267.0640       770.9630       272.4997
       489.0071      -176.1160       356.5403      -250.5460
       774.9254       531.0801       544.1634       -64.2846
      1277.0590      -531.0800      -544.1630       664.2845
       723.8674        -5.8115      -383.4000       598.9471
       930.6583      -105.7370       785.7518       468.3182
      1121.3260       105.7366      -785.7520       131.6818
       239.0860      -183.8000        44.2370        56.6194
      1084.8600       389.2825      -125.5970       995.6857
       967.1238      -389.2830       125.5973      -395.6860
       282.4272       157.5741      -162.6590      -101.2950
       748.7009      -373.4650      -615.7540      -153.9710
      1303.2830       373.4651       615.7538       753.9714
       978.3091       488.4377       698.1505       461.3960
      1010.4340       668.5000        81.0320       741.1487
      1041.5500      -668.5000       -81.0320      -141.1490
       610.3323      -448.5190      -384.6490        71.8631
       853.9689      -380.1550      -723.9300       206.0423
      1198.0160       380.1548       723.9302       393.9578
       878.5412       547.2135       661.4832       128.9000
       709.5752       337.9823      -536.8710      -287.7800
      1342.4091      -337.9820       536.8711       887.7803
       460.0917      -293.6970      -122.8040       303.5271
       747.9210      -325.9560       640.6135      -156.6390
      1304.0630       325.9562      -640.6140       756.6388
       655.2735       105.0098      -615.2100       147.1590
       652.1267        43.1896      -413.1420      -484.2530
      1399.8580       -43.1896       413.1418      1084.2531
       200.5417      -138.7550       -49.1316       -18.2577
      1072.7550        51.1521       468.3068       954.2840
       979.2296       -51.1521      -468.3070      -354.2840
       403.4281       339.6014      -108.4770      -132.0640
      1057.5040       219.2103       488.0705       902.1259
       994.4807      -219.2100      -488.0710      -302.1260
       421.4026      -254.6510      -227.3320       206.9694
       912.6640       718.4493       364.8301       406.7779
      1139.3199      -718.4490      -364.8300       193.2221
       946.7712      -785.1690      -505.2930        79.6708
       744.8904      -510.3260      -498.3190      -167.0030
      1307.0940       510.3261       498.3192       767.0032
      1074.3800       683.9002       536.5854       616.7916
       812.4638      -660.4950      -448.9090        64.0959
      1239.5210       660.4948       448.9086       535.9041
       344.5714      -115.2880       265.6295       129.0821
       682.2152       248.0123      -490.1660      -381.3510
      1369.7690      -248.0120       490.1656       981.3507
      1175.2200      -439.8140       508.4992       954.4197
       927.9753       782.0385      -143.2670       459.1422
      1124.0090      -782.0390       143.2674       140.8578
       300.8308       -31.0929      -190.7780       186.8667
       678.0856      -162.3290       508.7560      -395.4740
      1373.8990       162.3290      -508.7560       995.4741
       294.6309      -198.6910      -166.4000        37.7288
       921.8802       -35.3374      -798.9330       438.2972
      1130.1040        35.3374       798.9324       161.7028
       615.4905      -340.5090       494.4399       -13.9421
       655.2620      -398.6470      -167.3370      -473.5300
      1396.7220       398.6466       167.3366      1073.5300
       271.7645      -195.5030         7.2930       131.7749
       875.7878       331.3807       748.4670       280.6626
      1176.1970      -331.3810      -748.4670       319.3374
       955.6548      -155.5760      -831.6670       423.3040
      1049.9919       562.1134        12.4741       876.4352
      1001.9930      -562.1130       -12.4742      -276.4350
       605.6389      -454.6110      -358.4840      -115.7590
       658.3513       307.2437      -326.3040      -462.9650
      1393.6331      -307.2440       326.3043      1062.9650
      1028.7910       -61.9826       520.2916       875.0135
       667.1470      -480.0910        94.8288      -432.8840
      1384.8370       480.0911       -94.8288      1032.8840
       532.2697       -57.1840      -310.2120       406.9306
       740.9610      -216.9020       671.7147      -180.4420
      1311.0229       216.9018      -671.7150       780.4418
       399.6297       251.3792      -276.9000       -40.2720
       771.4897       732.8993      -184.5460       -76.0342
      1280.4950      -732.8990       184.5455       676.0341
       755.7162      -286.9550       -92.0630       679.7582
       823.6387       746.4686       304.1058       102.3139
      1228.3459      -746.4690      -304.1060       497.6861
       897.0195      -603.7220       -45.6196       647.9703
       705.2708       617.8719       -76.9216      -302.5020
      1346.7140      -617.8720        76.9216       902.5016
       939.2986      -390.4480      -247.2030       806.5396
       650.2112       254.8825       314.1724      -490.8040
      1401.7729      -254.8830      -314.1730      1090.8040
       797.8372      -265.6370      -522.5990       524.0751
       938.4551      -584.1020       525.6407       494.9827
      1113.5291       584.1019      -525.6410       105.0173
       789.4182       497.0980      -561.9620      -205.0780
       869.6191      -270.9900       772.7941       259.5656
      1182.3650       270.9897      -772.7940       340.4345
       664.0393       510.6179      -394.6150        79.2433
       837.0134      -412.8330      -700.0160       148.0548
      1214.9709       412.8334       700.0164       451.9452
       710.3814       549.3091       426.7980        50.2777
       933.7887       513.3630      -600.6160       479.0239
      1118.1960      -513.3630       600.6155       120.9761
       470.9164        76.2425       367.1990       250.7934
       807.5909      -285.6260      -741.7240        47.4309
      1244.3929       285.6261       741.7239       552.5692
       943.2975       535.0521       641.4515       416.9562
      1008.0570       374.6385       565.9407       733.0212
      1043.9270      -374.6390      -565.9410      -133.0210
       610.3853        41.8233      -538.4580      -250.3350
      1056.5890      -154.3070       515.9021       898.9984
       995.3952       154.3073      -515.9020      -298.9980
       695.1227       -22.4115      -432.2650      -526.9000
       676.1417      -100.8690      -516.7920      -402.1220
      1375.8430       100.8693       516.7919      1002.1220
       907.5769       357.7289       550.3831       612.0355
      1080.7710      -340.5970       264.7848       981.6981
       971.2137       340.5965      -264.7850      -381.6980
       315.1421       -59.6828       213.6833      -178.5360
      1031.1440      -389.3470      -483.8830       811.9775
      1020.8400       389.3469       483.8833      -211.9780
       833.1257       445.1291       594.0258      -353.3770
       953.9642      -656.4710      -400.6830       548.0233
      1098.0200       656.4709       400.6830        51.9767
       833.8223       570.0258       530.9584       264.9464
       868.2270      -138.1770      -807.2070       254.8046
      1183.7570       138.1773       807.2068       345.1954
       599.6732       437.6465       323.6381       212.4028
       816.7134       -38.7343      -800.7000        78.6293
      1235.2710        38.7342       800.7003       521.3707
       692.7565       309.5628       330.8615       506.3557
       894.9022       682.2601       444.3145       346.0330
      1157.0820      -682.2600      -444.3150       253.9670
       871.1323      -638.4760      -296.7180       494.9352
       763.7628       661.9325       341.2682      -102.4600
      1288.2220      -661.9330      -341.2680       702.4602
      1070.9370      -765.9720      -151.3630       720.4619
      1073.9150       160.4873      -437.1190       958.2525
       978.0693      -160.4870       437.1186      -358.2530
       318.7528      -238.0760      -149.1560       -66.7730
       712.4808       327.5264      -552.2150      -277.8430
      1339.5040      -327.5260       552.2151       877.8433
       591.6917       220.9671       317.2133       427.1200
       695.5823       269.6925       529.3698      -335.6360
      1356.4020      -269.6930      -529.3700       935.6358
       403.2307       171.8785      -317.7180       117.8619
       784.8604      -680.6850       365.4296       -30.3069
      1267.1240       680.6848      -365.4300       630.3069
       760.7668       711.1541       -62.6875       225.5645
      1055.3270       -62.5835       539.5620       894.6808
       996.6577        62.5835      -539.5620      -294.6810
       717.6183        36.9893      -700.5290       -68.1913
       935.2778       327.6525       717.4974       484.1167
      1116.7070      -327.6530      -717.4970       115.8833
       746.8479      -166.5890      -682.2780      -215.1960
      1084.4430      -390.3750      -129.8380       994.2585
       967.5411       390.3745       129.8383      -394.2590
       316.2473      -217.2790        88.5720      -163.5250
       735.1974      -432.1880       543.5538      -200.1530
      1316.7870       432.1880      -543.5540       800.1530
       525.2094       247.4078      -441.6240        37.2233
       773.1051      -343.5820       675.6140       -70.5099
      1278.8790       343.5820      -675.6140       670.5099
       907.1115       475.6006      -688.4580       323.2097
       708.2955      -629.0440        49.1324      -292.1570
      1343.6890       629.0438       -49.1324       892.1569
       372.3194      -134.6840        87.3130       307.6387
       717.6010       389.1783      -526.7840      -260.3330
      1334.3831      -389.1780       526.7842       860.3325
       889.3513        36.2099       451.9776       753.0830
      1067.6479       -45.5845      -491.8820       936.8190
       984.3364        45.5845       491.8816      -336.8190
       441.6234      -296.9190        73.6794      -288.4870
       884.7552      -710.1350      -404.1740       311.3308
      1167.2290       710.1350       404.1736       288.6692
       635.7822       477.0092       351.9230      -186.0500
       913.3446      -757.8230      -272.6140       409.1058
      1138.6400       757.8230       272.6138       190.8942
       503.6842       435.2035      -186.6270      -106.0630
       881.0717       544.9733       609.7812       298.7331
      1170.9130      -544.9730      -609.7810       301.2669
       933.8508      -735.4820      -527.2810       186.8186
       923.2415       -49.9555       797.1545       442.9527
      1128.7430        49.9555      -797.1550       157.0473
       584.8755       131.2054      -479.5510      -276.9090
       788.7229      -681.2660      -373.4310       -17.0975
      1263.2610       681.2662       373.4312       617.0975
       612.2377        43.0030       328.1047       497.1078
      1082.7860        71.2685      -414.5110       988.5895
       969.1987       -71.2685       414.5110      -388.5900
       442.7275       334.8460       232.7939      -107.1260
       753.2836       -41.5220      -726.8900      -138.2990
      1298.7010        41.5220       726.8896       738.2991
       976.9227       107.6761       850.4580       448.6516
      1030.8260      -542.6450       303.9425       810.8883
      1021.1590       542.6454      -303.9430      -210.8880
       261.5681      -177.1300      -131.0830       -40.5348
       694.6979       487.9199      -334.1130      -338.6610
      1357.2860      -487.9200       334.1129       938.6605
       420.3402       -60.2479       378.8890       106.2183
       908.2014      -806.0400        60.2292       391.5159
      1143.7830       806.0400       -60.2292       208.4841
       647.0234       467.3701       287.0510       315.5779
       915.9969       442.6212      -670.8560       418.1764
      1135.9880      -442.6210       670.8564       181.8236
       273.4588       -22.9399       -81.6009       222.2113
       940.6678       548.0518       560.1083       502.5504
      1111.3170      -548.0520      -560.1080        97.4496
       277.8077       160.8028      -161.1480       -84.4636
       797.2285      -600.1850      -506.9420        11.9917
      1254.7560       600.1852       506.9422       588.0083
       995.3848       437.4366       702.2701       536.6934
       709.4723      -631.1220       -61.6338      -288.1320
      1342.5120       631.1221        61.6338       888.1323
       825.4551       452.0382       403.5194       544.0522
      1013.0920      -632.7810       211.8235       750.2376
      1038.8929       632.7811      -211.8240      -150.2380
       839.9424       809.6096      -162.5090       -73.5498
       902.5039      -619.9480      -523.0240       372.0308
      1149.4800       619.9476       523.0243       227.9692
       475.6236       387.7742      -109.4110       213.6850
       714.8279        63.5736       644.9183      -269.8160
      1337.1560       -63.5736      -644.9180       869.8162
       627.2045       346.8528      -321.6270       389.1245
       975.2946      -481.9810      -561.3110       620.9729
      1076.6899       481.9807       561.3108       -20.9729
       912.1353       572.6161       695.1156       -51.9516
       934.9633      -302.3970      -728.8120       483.0408
      1117.0210       302.3968       728.8121       116.9592
       507.9030      -209.6990       404.8060       178.6251
       726.1043       650.4125      -180.2690      -231.2510
      1325.8800      -650.4130       180.2693       831.2513
       709.2790      -418.1500      -273.8410       484.7906
       837.5875      -558.9080      -590.2980       150.0181
      1214.3970       558.9084       590.2981       449.9818
       500.7180       -23.4727       478.7044        52.8461
       952.7402       584.7707      -501.7780       543.8374
      1099.2440      -584.7710       501.7778        56.1626
       748.4081      -700.9050       205.5235       -91.5944
       870.8711       -61.6378      -816.5690       263.8472
      1181.1130        61.6379       816.5690       336.1528
       745.2718       340.4142       492.8414       422.4200
      1062.4370      -139.3140      -496.5770       918.9992
       989.5469       139.3142       496.5767      -318.9990
       648.9962       245.1645       585.5024        -7.7714
      1069.1450      -477.2150        99.3587       941.9380
       982.8396       477.2150       -99.3587      -341.9380
       342.8391       171.3382       243.3275       103.7145
       826.8580      -161.5440      -791.5420       113.3239
      1225.1260       161.5441       791.5419       486.6761
       754.0570       460.2344       535.5294       227.5468
       722.6412      -655.3100      -124.3680      -243.0950
      1329.3430       655.3099       124.3676       843.0948
       959.9816       500.5456       422.1848       688.8845
       749.7879      -594.2910      -410.1310      -150.2540
      1302.1960       594.2907       410.1309       750.2539
       727.8329       407.1256       543.7170       223.9295
      1082.8230       416.4771        57.2296       988.7162
       969.1617      -416.4770       -57.2296      -388.7160
       347.1132      -111.7460      -280.4490       105.5070
      1073.1591      -442.0130       157.4187       955.6657
       978.8256       442.0126      -157.4190      -355.6660
       664.5209       382.5304       106.6341      -515.4330
       706.9094       336.0459       529.5557      -296.8970
      1345.0750      -336.0460      -529.5560       896.8972
      1115.8160      -487.3100      -638.0350       763.0652
       735.7796       329.5556      -612.6010      -198.1620
      1316.2050      -329.5560       612.6007       798.1620
       474.5549       123.1506       422.7381       114.5073
       827.3585      -413.3900      -694.3930       115.0351
      1224.6260       413.3897       694.3925       484.9649
       373.5624       148.7442       250.3542      -191.1280
      1020.0160       116.8247       640.0139       773.9183
      1031.9690      -116.8250      -640.0140      -173.9180
       291.0557       140.1264        53.9981      -209.6310
       777.6176      -241.4670       724.6602       -55.0775
      1274.3669       241.4669      -724.6600       655.0775
       426.7571        88.9152        65.6704       389.4692
       765.1835       426.4188       613.1311       -97.6017
      1286.8010      -426.4190      -613.1310       697.6017
       250.0148       149.9066      -145.3590       -26.2520
       658.2866      -274.6300       353.7819      -463.1860
      1393.6980       274.6299      -353.7820      1063.1860
      1033.8929       -23.5419      -479.3500       905.7526
       984.7952       722.9041       -44.7009       653.4648
      1067.1890      -722.9040        44.7009       -53.4648
       546.0175      -333.3590       355.8215      -205.3810
      1073.8361       464.8331        33.2512       957.9834
       978.1479      -464.8330       -33.2512      -357.9830
       431.3505      -136.7480       353.9567      -154.4700
       942.2205      -406.0600      -668.3980       507.8603
      1109.7640       406.0604       668.3976        92.1397
       590.4877       -74.0346       564.9090       -76.5217
       988.4966      -639.1600       326.5932       666.1235
      1063.4880       639.1596      -326.5930       -66.1235
       787.2994       576.5707      -405.8930      -323.1730
       776.2957      -129.8810       750.9974       -59.5981
      1275.6890       129.8807      -750.9970       659.5980
       641.9097      -174.2690      -589.2140       127.6253
      1050.6140      -556.6810       -61.6987       878.5624
      1001.3710       556.6809        61.6987      -278.5620
       357.7933       -82.9330         4.2269      -320.7860
       840.6421      -432.5570      -689.6430       160.4650
      1211.3420       432.5565       689.6434       439.5350
       845.0874        91.5395       761.9275       327.1740
       969.5366       361.4036      -655.4640       601.2808
      1082.4480      -361.4040       655.4641        -1.2808
       302.5641        94.0149        70.7031      -243.9070
       813.4064       704.3056      -377.9350        67.3195
      1238.5780      -704.3060       377.9348       532.6805
       996.8272      -866.4790       269.3660       390.0056
       975.5203       121.3545       729.4719       621.7450
      1076.4640      -121.3550      -729.4720       -21.7450
       409.8497        15.9762      -185.9800       338.9926
       718.0451       637.1538       156.2772      -258.8130
      1333.9390      -637.1540      -156.2770       858.8135
      1102.8409      -706.1760      -352.5970       758.3088
       658.3682       336.1121      -296.6100      -462.9070
      1393.6160      -336.1120       296.6095      1062.9070
       295.0891      -160.1020      -186.4050        92.0934
       993.1617       396.6103       587.8970       682.0782
      1058.8230      -396.6100      -587.8970       -82.0782
       236.7274       111.7499        11.6149       158.7451
       842.9488       194.6440       791.2752       168.3538
      1209.0360      -194.6440      -791.2750       431.6461
       276.2569      -123.8230       -94.2023      -184.1050
       701.8486      -502.7590      -350.5480      -314.2050
      1350.1360       502.7586       350.5476       914.2051
      1167.3361       483.4656       212.3480      1032.2920
       662.5228      -468.3170        -8.2902      -448.6990
      1389.4620       468.3165         8.2902      1048.6990
       244.8226         0.1404      -202.6340        25.7027
      1057.2670       114.0446      -523.6580       901.3180
       994.7169      -114.0450       523.6576      -301.3180
       443.7252       274.0903       320.1328        32.6295
      1036.7200      -469.5560       381.3810       831.0455
      1015.2650       469.5560      -381.3810      -231.0460
       250.0983        50.3167       201.8039        32.7975
       757.6028      -321.7570      -661.0290      -123.5270
      1294.3810       321.7570       661.0285       723.5270
       958.2541        12.3124       541.8989       778.6065
       906.4102       468.9056      -659.5180       385.3901
      1145.5740      -468.9060       659.5184       214.6099
       663.0941      -518.0610       357.6897      -158.5790
       671.4001       477.5327      -171.8050      -418.3380
      1380.5840      -477.5330       171.8051      1018.3380
      1251.4880      -492.8540       120.9237      1135.9910
      1025.6530       581.3672       258.0641       793.1975
      1026.3311      -581.3670      -258.0640      -193.1980
       289.2466       141.3327      -113.7220      -180.3860
       977.1556       545.0396      -495.9790       627.3378
      1074.8290      -545.0400       495.9793       -27.3378
       885.2986      -676.6690       531.3817      -159.0270
       722.1840       -89.0719       659.9553      -244.6590
      1329.8000        89.0719      -659.9550       844.6589
      1163.8630       -36.8683      -766.0820       864.9391
       751.5680      -722.7530       -59.0040      -144.1660
      1300.4170       722.7532        59.0040       744.1663
       618.8428       499.5408       304.9698       149.0027
       713.9407      -514.3940       390.4424      -272.8510
      1338.0439       514.3944      -390.4420       872.8507
      1104.5510       479.0489      -602.1280       780.8775
      1089.6820       376.0988        56.9333      1012.1750
       962.3023      -376.0990       -56.9333      -412.1750
       448.9350        73.1975      -284.1170      -311.8420
      1060.5150       243.1548       463.4997       912.4248
       991.4692      -243.1550      -463.5000      -312.4250
       440.6049       245.9770      -324.4920      -100.5800
       687.3696       329.6099       461.8693      -363.7230
      1364.6150      -329.6100      -461.8690       963.7228
       951.2157      -262.9670       -58.5382       902.2284
      1080.6730       -81.8869      -424.0920       981.3659
       971.3109        81.8869       424.0916      -381.3660
       499.7118      -182.1770        38.3517      -443.6620
       721.9470       624.8817       228.6006      -245.4690
      1330.0370      -624.8820      -228.6010       845.4692
       395.4256      -204.5800       260.3356       168.8697
       636.7042       250.5469      -189.8300      -536.9970
      1415.2800      -250.5470       189.8296      1136.9969
       817.5595      -504.2450         2.5624       629.2195
       821.7829      -463.9270       657.7782        95.9670
      1230.2010       463.9272      -657.7780       504.0330
       470.1469      -172.6860      -309.7180       277.6253
      1025.1890        11.4264       637.1943       791.6118
      1026.7950       -11.4264      -637.1940      -191.6120
       396.3494       214.9378       -58.6219      -298.7330
       663.4843      -188.1410       433.8289      -445.4100
      1388.5000       188.1410      -433.8290      1045.4100
       744.7062      -148.9820      -511.5590       502.4767
       845.9703      -224.2760      -784.3600       178.6872
      1206.0140       224.2757       784.3597       421.3128
       428.8141      -162.3870       359.0678      -101.8110
       636.7563      -287.1130       128.9700      -536.8190
      1415.2280       287.1124      -128.9700      1136.8190
       774.1927       527.6428       -48.6889       548.0693
       976.3864      -728.3830       119.6374       624.7067
      1075.5980       728.3830      -119.6380       -24.7067
       517.4936       385.0508       316.6790        32.1397
       637.1829      -302.2720       -99.0260      -535.3600
      1414.8020       302.2722        99.0260      1135.3600
      1126.3199       399.7857      -152.4820      1033.1021
       751.3781       330.8756      -644.9050      -144.8160
      1300.6060      -330.8760       644.9045       744.8158
      1022.3200       -97.2828       538.8749       852.6843
       880.8535       -87.8684      -813.1230       297.9868
      1171.1310        87.8684       813.1230       302.0132
       729.9307      -262.2710       662.9269        79.5239
      1080.6320       204.2087      -380.8480       981.2252
       971.3521      -204.2090       380.8478      -381.2250
       386.7397       155.4446       318.5847        75.4414
       898.4960       446.2912       679.3427       358.3236
      1153.4880      -446.2910      -679.3430       241.6764
       963.5438      -443.6170      -834.2810       131.8311
       776.3196      -722.5400       242.5883       -59.5163
      1275.6650       722.5399      -242.5880       659.5164
       662.8911       428.6613       240.6591       423.7221
      1057.4480      -449.7970       290.1310       901.9341
       994.5368       449.7971      -290.1310      -301.9340
       643.9621       371.2695      -507.1320       -38.0278
       739.3367      -350.0850       609.3008      -185.9970
      1312.6479       350.0851      -609.3010       785.9968
      1172.7360       312.9010      -650.2960       914.4953
       773.9664       260.1511      -713.1370       -67.5641
      1278.0179      -260.1510       713.1365       667.5641
       772.3440        82.0704       340.9289       674.7817
      1011.0330      -616.1950       268.2017       743.1978
      1040.9510       616.1948      -268.2020      -143.1980
       204.8786      -145.6600        19.1198        46.6464
       799.7278       654.2207       439.2277        20.5390
      1252.2570      -654.2210      -439.2280       579.4609
       484.8846      -231.2460       165.4204       368.8597
       692.2947      -276.6220       514.0137      -346.8790
      1359.6899       276.6222      -514.0140       946.8792
      1216.2190       293.5512      -459.7670      1078.6160
       905.4701      -777.5920       225.7261       382.1748
      1146.5140       777.5919      -225.7260       217.8251
       430.9802       268.3894      -137.0240      -276.9820
      1062.8850      -212.6270      -467.8910       920.5299
       989.0994       212.6270       467.8912      -320.5300
       727.6077       198.4404       669.3156      -154.3830
       848.3381        21.7410       816.1490       186.7850
      1203.6460       -21.7410      -816.1490       413.2150
       605.9247       302.9666      -314.5550       397.7363
       831.1945       459.1887      -667.3750       128.1544
      1220.7900      -459.1890       667.3751       471.8456
       870.4985      -111.2690       684.2665       508.8705
       759.9597       -64.8071      -736.0630      -115.4670
      1292.0250        64.8071       736.0634       715.4667
      1123.0360       -79.9442       784.9950       787.6456
      1095.5260       -97.8809       327.1472      1032.1600
       956.4589        97.8809      -327.1470      -432.1600
       551.3273      -133.3780      -496.6450      -145.9410
       938.2802      -757.5640       209.3642       494.3846
      1113.7040       757.5641      -209.3640       105.6154
       448.2912       316.7132       138.0873      -251.7390
       717.8939       453.2079      -473.8200      -259.3310
      1334.0900      -453.2080       473.8196       859.3306
       725.1362      -523.6330         0.1759       483.1296
       967.8750      -606.0540      -443.3130       595.5981
      1084.1090       606.0542       443.3128         4.4019
       593.3462       347.0102       270.1555      -374.7570
       932.8761      -544.6970      -573.4660       475.9029
      1119.1080       544.6967       573.4657       124.0971
       692.4448       130.2351       634.1925       205.1868
       725.4064       640.4725       207.8597      -233.6380
      1326.5780      -640.4730      -207.8600       833.6382
      1174.8840      -595.4360      -251.3520       971.8094
      1004.6590       435.2209      -530.3680       721.3981
      1047.3250      -435.2210       530.3680      -121.3980
       293.9348        91.4870         5.9401      -244.4910
       724.9197       542.4099       397.1343      -235.3030
      1327.0649      -542.4100      -397.1340       835.3028
      1120.9760      -610.2230      -215.5400       905.2854
       768.4869       -82.4044       747.0719       -86.3039
      1283.4969        82.4044      -747.0720       686.3038
       328.7777      -216.9840        21.6359       205.7370
       891.3698      -781.0680       233.9484       333.9523
      1160.6150       781.0680      -233.9480       266.0477
       429.1263        99.0321      -391.4610        53.6989
       698.6326       354.5723       488.2535      -325.2040
      1353.3521      -354.5720      -488.2540       925.2039
       748.9419       123.2248      -467.7750       555.6071
       715.6802       -94.2544      -643.3200      -266.9020
      1336.3040        94.2544       643.3203       866.9015
       701.2185      -307.7770       457.3813       411.7844
       887.8650       431.3605      -693.0750       321.9658
      1164.1200      -431.3610       693.0753       278.0342
       469.1067      -319.7770         8.1004       315.4696
      1006.8300      -483.9180       479.7191       728.8221
      1045.1550       483.9183      -479.7190      -128.8220
       603.9205       378.4634      -353.0040       280.4579
       981.4053       -12.8126       729.9153       641.8713
      1070.5790        12.8126      -729.9150       -41.8713
       217.4971      -130.2130       109.2105        14.3468
       976.7451       311.3404      -668.6470       625.9336
      1075.2390      -311.3400       668.6466       -25.9336
       516.4355       -31.3289       358.4170       345.0283
      1001.2200      -676.7990      -150.2750       709.6381
      1050.7640       676.7986       150.2747      -109.6380
       498.5380       352.9829        36.8398       323.0622
      1039.8101      -234.5740       547.4036       841.6124
      1012.1750       234.5737      -547.4040      -241.6130
       495.4187       -89.1813      -444.3440       147.7438
       881.0527       752.5869       320.0738       298.6682
      1170.9320      -752.5870      -320.0740       301.3318
       614.4096      -221.9020      -301.7940       467.9337
      1088.1880       384.7538        60.9734      1007.0670
       963.7959      -384.7540       -60.9734      -407.0670
       721.4371      -617.0700       -77.0401      -339.9180
      1025.6591      -554.4970       311.6052       793.2186
      1026.3250       554.4965      -311.6050      -193.2190
       411.5345       -59.4577      -311.2220      -225.2770
       821.2233      -682.1840       426.5798        94.0533
      1230.7610       682.1836      -426.5800       505.9467
       842.0254       310.9756      -527.4460       562.0368
       790.6108      -117.3830       770.0367       -10.6409
      1261.3740       117.3831      -770.0370       610.6409
      1025.2800       350.6282      -761.0450       575.1970
       913.7254      -582.8020       555.5035       410.4080
      1138.2590       582.8021      -555.5040       189.5920
       749.0041       226.6344      -692.0210       111.9582
      1020.8300       229.7383       606.4892       776.7037
      1031.1541      -229.7380      -606.4890      -176.7040
       461.6749       191.4735      -376.1250       129.5957
       996.9208       -91.8897      -695.8860       694.9343
      1055.0630        91.8897       695.8857       -94.9343
       829.1542       301.0572       742.2165      -166.6100
      1012.4810      -140.0030       653.8900       748.1499
      1039.5031       140.0026      -653.8900      -148.1500
       671.0880       451.2289      -456.8820      -140.6910
       645.0199       -85.0656       363.2717      -508.5580
      1406.9650        85.0656      -363.2720      1108.5580
      1263.1840       175.2762      -306.7920      1205.2271
       744.0283       556.1494       444.0445      -169.9520
      1307.9561      -556.1490      -444.0450       769.9516
      1009.6380      -280.7270      -558.0650       781.6050
       686.6860      -525.5590      -207.6230      -366.0610
      1365.2980       525.5594       207.6234       966.0610
       420.3191      -169.3270       148.0216       328.4348
      1033.2830      -611.0270        69.7321       819.2933
      1018.7010       611.0268       -69.7321      -219.2930
       719.3390       495.5562      -205.5470      -459.7890
       999.6331       -64.8485      -693.4930       704.2097
      1052.3510        64.8485       693.4930      -104.2100
       415.6771        43.3217       221.1550       322.1557
       653.3579      -347.9200       239.1044      -480.0420
      1398.6260       347.9199      -239.1040      1080.0420
       867.2395       -68.2481      -362.1100       773.3730
       740.5516      -651.7380      -269.0190      -181.8420
      1311.4330       651.7377       269.0190       781.8420
       394.6080        46.2939      -218.6680       295.8715
       984.3015      -440.9090       575.6902       651.7764
      1067.6830       440.9091      -575.6900       -51.7763
       459.7216       256.5617       -77.9195      -348.1830
       655.5444       431.5047       -44.8161      -472.5640
      1396.4399      -431.5050        44.8161      1072.5640
       545.5673      -397.2360      -225.1140       266.3710
       751.8962      -634.0600      -353.0400      -143.0430
      1300.0880       634.0603       353.0400       743.0434
      1024.4070       385.2863       423.4809       838.6964
      1055.8550       474.0570      -261.1340       896.4891
       996.1289      -474.0570       261.1344      -296.4890
       667.2200      -352.3090       529.4067      -150.2410
       668.5094      -493.0610       -46.9321      -428.2240
      1383.4750       493.0612        46.9321      1028.2240
       854.4391       222.3747      -313.3800       751.1270
      1016.7010      -519.3190      -405.2670       762.5809
      1035.2841       519.3192       405.2672      -162.5810
       777.0984       595.5214       292.0435      -381.7460
       719.0161       415.9040       510.4064      -255.4930
      1332.9680      -415.9040      -510.4060       855.4927
       849.6638      -270.4470      -671.5990       423.7030
       725.3745      -472.3360       479.8046      -233.7470
      1326.6100       472.3359      -479.8050       833.7471
       312.9206      -180.0190      -183.5440       116.6495
       692.5381      -547.0270       205.9267      -346.0470
      1359.4460       547.0266      -205.9270       946.0467
       313.9767       236.3035      -148.2350       -50.5121
       727.6553       678.3696        -5.3012      -225.9470
      1324.3290      -678.3700         5.3012       825.9468
       313.0540      -200.4330       193.8545       -45.0879
       674.1086      -277.0590      -438.2930      -409.0750
      1377.8760       277.0593       438.2932      1009.0750
       992.0240       459.1401       133.1475       858.6948
       887.9017       759.6273       298.9579       322.0915
      1164.0830      -759.6270      -298.9580       277.9085
       321.9693      -168.8180         6.6137      -238.5460
       725.7535      -626.7960       248.1832      -232.4510
      1326.2310       626.7958      -248.1830       832.4508
       562.0493       532.6559       -69.7246        95.3867
       796.7097      -770.8430      -149.0830        10.2173
      1255.2750       770.8432       149.0830       589.7827
       827.2950       694.4622      -211.8650       372.8748
       669.2839       218.7950       448.0383      -425.5760
      1382.7000      -218.7950      -448.0380      1025.5750
      1061.4270        81.9208      -339.7180       993.1221
       875.6902       810.1179      -117.2230       280.3284
      1176.2939      -810.1180       117.2230       319.6715
       694.5056      -656.5670      -179.7120       -27.2751
       667.1877       489.4621         9.0232      -432.7450
      1384.7970      -489.4620        -9.0232      1032.7450
       453.4996       185.4332       -12.8827       391.0161
       630.1021       243.0866        81.2082      -559.5770
      1421.8820      -243.0870       -81.2082      1159.5760
       744.7839      -173.9230      -417.6200       576.0477
       715.0936      -590.2120      -269.2230      -268.9070
      1336.8910       590.2119       269.2227       868.9074
       624.1389       431.9493      -216.1460       371.5284
      1018.8470      -342.8240      -556.3500       769.9213
      1033.1370       342.8238       556.3502      -169.9210
       431.1856       398.6069       -37.1407       -86.2394
      1054.3650       132.9404      -530.2970       891.3933
       997.6189      -132.9400       530.2966      -291.3930
       563.3726       251.3308       476.1152       -96.5347
      1007.5920      -338.3300       589.5496       731.4294
      1044.3920       338.3300      -589.5500      -131.4300
       727.4246        78.7066      -641.2900      -305.7490
       765.8115       169.4039      -728.3140       -95.4536
      1286.1730      -169.4040       728.3140       695.4536
       290.4546        73.8494      -111.7950       219.5340
       667.4765       241.8390       427.0922      -431.7570
      1384.5081      -241.8390      -427.0920      1031.7570
       294.0609      -123.9780       184.7858       136.8889
       823.6008      -525.8410      -610.8610       102.1842
      1228.3840       525.8411       610.8608       497.8159
       607.9334       439.2156       390.7839       -75.7873
       762.0930      -377.6960      -638.9160      -108.1710
      1289.8910       377.6956       638.9162       708.1709
      1042.2090       141.4769       705.2738       741.9944
       969.8016       670.4598      -331.8920       602.1874
      1082.1830      -670.4600       331.8921        -2.1874
       546.8366      -187.1230       455.1394      -196.5870
       962.4830      -395.3810       647.0855       577.1576
      1089.5010       395.3808      -647.0860        22.8424
       699.5078         9.8131      -682.7850        69.2979
       723.0122       435.6302       506.2372      -241.8260
      1328.9720      -435.6300      -506.2370       841.8264
       227.3179        17.8305       158.5492        89.4470
       746.6087       698.4432       159.4452      -161.1270
      1305.3760      -698.4430      -159.4450       761.1270
      1105.1660      -867.7970      -135.0670       657.1602
       798.4044      -772.8110       147.4446        16.0134
      1253.5800       772.8108      -147.4450       583.9866
      1030.4810       752.2650        48.0288       689.5391
      1019.3610      -506.4880      -410.9270       771.6794
      1032.6230       506.4883       410.9266      -171.6800
       306.5735       183.6855      -187.9370        81.9134
       942.3937      -773.3190       115.5078       508.4529
      1109.5909       773.3193      -115.5080        91.5472
       514.2437       387.4654       287.1146      -116.9000
       886.2414      -380.5980      -722.6580       316.4134
      1165.7430       380.5981       722.6580       283.5866
       962.7968       316.9520       881.8600       175.0000
      1083.8210       288.6131       298.0453       992.1302
       968.1635      -288.6130      -298.0450      -392.1300
       391.8303       -79.5026      -329.0090       144.0358
       957.0253       739.8456       195.9470       558.4926
      1094.9590      -739.8460      -195.9470        41.5075
       422.1955      -259.3690       173.8051      -250.1030
      1075.3929      -456.8600        39.6412       963.3077
       976.5912       456.8595       -39.6412      -363.3080
       613.7838       369.2653       312.2834      -353.0380
       896.9349      -721.1850      -376.2580       352.9851
      1155.0490       721.1846       376.2575       247.0149
       657.3879       640.1245       -60.5440        22.7367
       705.9323      -448.6730       434.3641      -300.2390
      1346.0520       448.6733      -434.3640       900.2391
       875.1532       647.7258      -245.3250       517.6321
       970.1348       699.3668      -264.2490       603.3265
      1081.8500      -699.3670       264.2494        -3.3265
       431.1538      -259.6270      -109.6460       297.0664
      1079.0150       313.9449       309.0572       975.6939
       972.9694      -313.9450      -309.0570      -375.6940
       280.6905       219.6528      -109.5930        17.6730
       870.5936      -156.5500      -803.7990       262.8982
      1181.3910       156.5499       803.7990       337.1018
      1035.0880       139.9424       941.5199       383.5963
       660.7840        45.6174      -457.8600      -454.6450
      1391.2000       -45.6174       457.8597      1054.6450
       892.1106      -374.8980       414.5237       682.1040
       791.7064       518.2201      -583.0800        -6.8940
      1260.2780      -518.2200       583.0802       606.8939
       324.0214        63.9677       280.9542       -61.2032
       736.1876      -128.9590      -684.4030      -196.7670
      1315.7970       128.9590       684.4033       796.7666
      1089.9800       -94.9859       693.9528       824.1644
       703.5175      -433.9430      -439.5940      -308.4980
      1348.4670       433.9430       439.5937       908.4977
       847.4370       504.6234         6.1833       667.2703
      1095.4180       326.4477      -102.7550      1031.7939
       956.5659      -326.4480       102.7553      -431.7940
       426.0884      -263.0920       301.6520        55.8871
       902.8484       505.3881      -634.2050       373.2086
      1149.1360      -505.3880       634.2053       226.7914
       831.0336      -287.0970       616.9607       457.5311
       827.5588       405.2518       699.2971       115.7205
      1224.4260      -405.2520      -699.2970       484.2795
       857.7160      -572.9710      -599.0870       173.9502
       689.8556        77.7461      -570.4890      -355.2210
      1362.1290       -77.7461       570.4888       955.2209
      1194.9520       -65.9735       735.3123       929.8691
       651.4926      -154.3950      -381.8140      -486.4220
      1400.4919       154.3948       381.8141      1086.4220
       784.7786       274.1384       -95.5968       716.4984
       859.6973       568.8290      -588.5460       225.6331
      1192.2870      -568.8290       588.5455       374.3669
       381.6777      -191.8440      -122.1820       275.1882
      1013.7220      -507.0270       431.5593       752.3929
      1038.2629       507.0271      -431.5590      -152.3930
       689.1970       439.2801      -255.0490      -445.8230
       855.1879      -465.3640      -672.5900       210.2112
      1196.7970       465.3638       672.5900       389.7889
       400.3735       -36.9636       349.2463      -136.9040
       902.4275       317.1313       746.5746       371.7695
      1149.5570      -317.1310      -746.5750       228.2305
       874.3562       -95.0134      -852.2170       104.7855
       780.1849       452.6455      -619.2250       -46.2972
      1271.7990      -452.6460       619.2254       646.2972
      1013.8550      -543.6830       727.1918       430.4482
       660.4614      -262.4050       376.0712      -455.7480
      1391.5229       262.4047      -376.0710      1055.7480
       707.8735      -233.5590      -173.5710       631.0240
       651.0916      -406.3660        51.2651      -487.7930
      1400.8929       406.3661       -51.2651      1087.7930
       977.0620       633.4208       -19.5487       731.3202
       767.6248      -483.5890      -573.7660       -89.2523
      1284.3600       483.5888       573.7656       689.2523
       184.1603        50.3021       -66.6935       -93.3799
       867.3127       806.2997      -143.3650       251.6779
      1184.6720      -806.3000       143.3650       348.3222
      1001.7840      -836.2620       104.4916       524.5015
      1069.4220       133.1751      -467.6280       942.8868
       982.5621      -133.1750       467.6277      -342.8870
       597.3843       117.0502       566.0808       -67.1038
      1044.3910        73.3206       576.3936       857.2805
      1007.5930       -73.3205      -576.3940      -257.2810
       754.9407      -284.2270      -560.8040      -395.5160
       819.7092       629.6713      -499.3210        88.8749
      1232.2750      -629.6710       499.3210       511.1250
       531.5081      -124.5400       498.1243        25.4136
       811.0187       641.9457      -473.2240        59.1536
      1240.9659      -641.9460       473.2240       540.8464
      1043.0341      -814.6780       381.5205       510.3381
      1060.6260       129.5314      -506.6770       912.8036
       991.3586      -129.5310       506.6768      -312.8040
       729.4177      -175.8480       683.5422      -125.2230
       669.6962      -243.3310      -437.2070      -424.1660
      1382.2880       243.3311       437.2065      1024.1660
       909.6027       488.3788       431.5652       619.9982
       927.5461      -118.0820       786.5847       457.6746
      1124.4380       118.0823      -786.5850       142.3254
       871.0087       -25.5514      -858.4290       -53.7213
       703.4697       274.6549       553.1238      -308.6610
      1348.5150      -274.6550      -553.1240       908.6609
       605.7637      -473.3050      -223.6170       273.3326
       839.9543       110.6310      -806.2680       158.1127
      1212.0300      -110.6310       806.2676       441.8874
       631.9965       283.4871       383.6315       392.0007
       627.3942       224.1562       -39.8075      -568.8370
      1424.5900      -224.1560        39.8075      1168.8370
       384.3204       -91.7074      -290.6080       191.3691
       708.5529       248.6860      -580.6410      -291.2770
      1343.4310      -248.6860       580.6406       891.2766
      1124.6710      -358.0710       410.5195       974.6422
       906.5721       628.7512      -509.2890       385.9438
      1145.4120      -628.7510       509.2891       214.0562
       708.9528      -357.8190       584.8398      -119.6870
      1011.0470       -74.6172       667.8455       743.2456
      1040.9370        74.6172      -667.8460      -143.2460
       701.9163      -260.8300      -619.3710      -151.0540
       656.3229      -421.7330      -117.7980      -469.9020
      1395.6610       421.7332       117.7983      1069.9020
       762.0800        23.2602       374.4514       649.4568
       702.0430      -572.0440      -221.5980      -313.5400
      1349.9410       572.0438       221.5982       913.5404
       853.7970       428.9236       498.4903       527.5266
       958.1968      -725.5420       238.9744       562.4987
      1093.7880       725.5415      -238.9750        37.5013
       220.6270      -130.6490       -98.5574       -60.6361
       892.4821        11.0039      -814.9280       337.7563
      1159.5020       -11.0039       814.9276       262.2437
       708.4774       239.2246       483.7648       438.7101
       885.2129      -778.9180       246.5119       312.8959
      1166.7710       778.9178      -246.5120       287.1041
       232.9634       -52.0913       142.6532       113.9808
       658.7010       175.8122       414.1620      -461.7690
      1393.2830      -175.8120      -414.1620      1061.7690
      1200.8850      -280.7760      -267.3880      1128.5291
      1076.0400      -252.7040      -378.8910       965.5193
       975.9445       252.7042       378.8906      -365.5190
       375.5808        96.8966      -193.8640      -275.4480
      1058.6090      -405.2490       342.8446       905.9069
       993.3751       405.2491      -342.8450      -305.9070
       293.4808      -217.8640       -91.5696      -109.8380
       860.4005      -739.9350      -350.0960       228.0383
      1191.5840       739.9351       350.0956       371.9617
       505.1057       177.6946       453.0695        -8.2150
       918.6985       775.0735       205.8318       427.4159
      1133.2860      -775.0740      -205.8320       172.5841
       392.0880       -94.6629      -345.1230       -86.2856
       670.8761      -199.2690       464.3704      -420.1310
      1381.1080       199.2694      -464.3710      1020.1300
       241.5004       197.8550       -14.9526       -27.1173
       679.1434       530.1762        91.5465      -391.8560
      1372.8409      -530.1760       -91.5465       991.8562
       375.8481       163.8184        85.2381       298.2329
       652.1462       -49.8694      -412.4980      -484.1860
      1399.8380        49.8694       412.4980      1084.1860
       943.7778      -300.4490       234.3338       852.8293
       628.4804        88.0434      -222.8350      -565.1230
      1423.5040       -88.0434       222.8350      1165.1230
       298.5945       204.7450      -109.0040       130.9179
       752.2230       199.5464      -698.3270      -141.9260
      1299.7610      -199.5460       698.3271       741.9261
       565.1624       -77.0062         1.7656       543.3770
      1087.3280      -153.0740      -363.8220      1004.1260
       964.6560       153.0744       363.8216      -404.1260
       688.9175        66.4129       232.7572      -630.7170
       692.7791      -167.9310       560.6662      -345.2230
      1359.2050       167.9310      -560.6660       945.2226
      1146.6740       333.2940      -665.1220       862.0740
       855.4281       372.5919      -728.1350       211.0327
      1196.5560      -372.5920       728.1351       388.9673
       385.3595      -354.4560       -15.8974        66.2804
       758.6978       225.2289      -701.6620      -119.7830
      1293.2870      -225.2290       701.6620       719.7825
       719.3998      -498.6490       352.6931       355.3535
       727.0810      -316.0450      -598.8340      -227.9110
      1324.9030       316.0453       598.8337       827.9111
       738.9558       -56.7230       618.9014       376.2744
       815.9198      -578.8390       553.7964        75.9155
      1236.0640       578.8391      -553.7960       524.0845
       391.5977       300.8884      -140.3660      -157.7830
       820.0135       384.9337       705.6533        89.9159
      1231.9709      -384.9340      -705.6530       510.0841
       194.5678       -19.0786       136.2306        26.7762
       710.8092       377.3520      -514.0350      -283.5600
      1341.1750      -377.3520       514.0349       883.5602
       926.5612      -303.9040       106.7658       858.2203
       772.3220       401.4325       641.6852       -73.1878
      1279.6620      -401.4330      -641.6850       673.1878
       413.5493      -307.6490      -227.0090       -81.3978
      1038.8390       385.3035      -458.0140       838.2915
      1013.1460      -385.3040       458.0143      -238.2920
       225.5093        60.4050      -163.1190       -48.7955
      1069.0010       391.3389      -291.6790       941.4481
       982.9829      -391.3390       291.6791      -341.4480
       648.1652      -453.4380       -21.4155      -442.5340
       755.8729       720.3168       132.3444      -129.4440
      1296.1121      -720.3170      -132.3440       729.4436
       358.3650       110.9774       -99.1267       296.7600
       719.7307       174.4074      -636.6660      -253.0490
      1332.2540      -174.4070       636.6661       853.0489
       419.5659       145.3611       367.3503        41.7437
       706.3365      -566.1330       266.2189      -298.8570
      1345.6479       566.1331      -266.2190       898.8566
      1052.7500       282.3258      -310.8030       955.9078
       756.8525      -586.5400       441.2254      -126.0930
      1295.1320       586.5402      -441.2250       726.0934
       754.3367       291.5795         9.9396       682.4145
      1093.0081      -351.8680       -70.6164      1023.5480
       958.9768       351.8678        70.6164      -423.5480
       558.8261       285.8943       406.7010      -216.6300
       648.8163      -335.0850      -211.8260      -495.5740
      1403.1680       335.0845       211.8261      1095.5740
       899.3069       202.5724      -202.7200       841.6681
      1097.8090       286.3656       153.0618      1039.9680
       954.1756      -286.3660      -153.0620      -439.9680
       738.5823      -377.9090      -328.2510      -526.0450
       993.2494       621.9067       340.4700       682.3780
      1058.7350      -621.9070      -340.4700       -82.3780
       326.8854      -103.6820       153.9186      -232.8010
      1006.8660        35.4027      -680.4020       728.9449
      1045.1190       -35.4027       680.4023      -128.9450
       865.4557      -128.4400       826.4695      -176.7710
       718.3464      -440.3240      -487.3060      -257.7830
      1333.6379       440.3243       487.3060       857.7830
       304.6006       211.4266      -151.1010        83.8574
      1078.7150       401.0768       185.9227       974.6692
       973.2690      -401.0770      -185.9230      -374.6690
       529.1377      -511.0370       -14.5138        20.0213
       763.3206       548.4313      -502.8460      -103.9730
      1288.6639      -548.4310       502.8461       703.9728
      1061.2240      -695.3160       329.7781       718.1652
       949.9287       474.0378       611.5900       534.2222
      1102.0560      -474.0380      -611.5900        65.7778
       741.8501      -147.5090      -686.3530       198.2064
      1033.0090       615.5111       -18.2644       818.3535
      1018.9760      -615.5110        18.2644      -218.3540
       619.1459      -364.5180       273.0410      -397.1140
       815.4230      -751.5170       276.4270        74.2164
      1236.5610       751.5170      -276.4270       525.7836
       574.7306       286.2463      -469.9040        96.7035
      1071.5920       -82.7371       469.2151       950.3074
       980.3925        82.7371      -469.2150      -350.3070
       739.6748        37.8878      -682.5410      -248.2020
       809.6226      -336.2210       721.9904        54.3790
      1242.3621       336.2211      -721.9900       545.6210
      1069.7610       502.2020      -767.7360       533.4293
       809.5280      -414.2350      -680.1510        54.0554
      1242.4561       414.2352       680.1513       545.9446
       994.5167       375.1388       531.1804       740.2465
       673.3420       485.5117       173.0787      -411.6970
      1378.6420      -485.5120      -173.0790      1011.6970
       344.4325      -163.9240      -269.1210        33.4603
      1029.2190       215.1481       588.3251       805.3948
      1022.7650      -215.1480      -588.3250      -205.3950
       812.8154      -396.4660      -679.7940      -152.1400
      1038.3199        71.4048       595.8440       836.5183
      1013.6640       -71.4048      -595.8440      -236.5180
       630.6840        56.4493      -600.7240       124.4574
       842.9696      -806.3960       117.2169       168.4250
      1209.0150       806.3958      -117.2170       431.5750
       524.7726       448.4950       234.2662       -33.7787
      1053.8090      -474.0880      -276.3070       889.4893
       998.1757       474.0880       276.3066      -289.4890
       729.8332       618.7917       354.3242       -77.4002
      1010.5480       309.6558      -597.6820       741.5385
      1041.4360      -309.6560       597.6823      -141.5390
       804.9225      -527.5240       550.2802      -220.4400
       657.6475       428.2327       119.7043      -465.3720
      1394.3370      -428.2330      -119.7040      1065.3719
       882.8832       -92.9171      -379.8700       779.9561
       749.4738       603.9476      -394.7670      -151.3280
      1302.5110      -603.9480       394.7671       751.3284
       733.5278      -385.1330      -108.1410       599.8533
       750.0511      -221.2790      -687.8150      -149.3540
      1301.9330       221.2794       687.8145       749.3536
       271.4851      -134.0330       179.2569       -73.4135
      1023.5590       564.9856       303.9672       786.0347
      1028.4260      -564.9860      -303.9670      -186.0350
       810.6951      -756.7070      -232.0790      -111.9970
       909.8414      -746.7960       306.8904       397.1247
      1142.1429       746.7963      -306.8900       202.8754
       570.5320       530.3740       131.6532       -93.0637
       767.6469      -630.1190       407.5078       -89.1769
      1284.3380       630.1188      -407.5080       689.1769
       313.5848      -127.6350        13.5505       252.2783
       798.8565       499.8386       608.1183        17.5593
      1253.1281      -499.8390      -608.1180       582.4407
      1060.4940      -372.6110      -732.0190       657.0695
      1031.0680      -485.1770       388.0763       811.7174
      1020.9160       485.1768      -388.0760      -211.7170
       816.0555       620.5040      -501.1540      -107.4680
       986.9177       464.1718       551.1611       660.7235
      1065.0670      -464.1720      -551.1610       -60.7236
       442.3452      -241.1510       -42.7240      -342.7440
       888.6228      -414.8540      -702.8460       324.5578
      1163.3621       414.8538       702.8458       275.4422
       658.9376       555.8665       325.8484       -28.5841
       635.1343       295.9280        58.6875      -542.3660
      1416.8500      -295.9280       -58.6875      1142.3660
      1154.7720      -442.9020      -243.9350      1029.3770
       888.0353      -506.3160      -640.3100       322.5484
      1163.9490       506.3156       640.3099       277.4516
       720.6985       623.8843       333.9692       -20.5485
       942.7482       737.7850      -257.8220       509.6649
      1109.2360      -737.7850       257.8216        90.3351
       824.9238      -671.1830       446.4526      -111.6950
       739.1991      -159.1540      -684.1770      -186.4680
      1312.7850       159.1539       684.1770       786.4677
       771.9680       462.6131       442.7324       409.5055
      1002.3930      -679.7650      -123.2870       713.6483
      1049.5920       679.7654       123.2870      -113.6480
       538.9474       414.6625        38.1329       314.4015
       685.8636      -392.2320      -402.8380      -368.8730
      1366.1210       392.2316       402.8383       968.8734
      1009.8160       591.3884       441.4239       675.9551
      1040.9760      -591.4790        22.8852       845.6027
      1011.0080       591.4787       -22.8852      -245.6030
       428.6320        98.9872      -332.0240      -213.2380
       671.4923       423.0225       281.0582      -418.0230
      1380.4919      -423.0230      -281.0580      1018.0230
       480.2859        10.4708      -394.9940       237.3352
       887.7505      -717.8920       388.7227       321.5746
      1164.2340       717.8917      -388.7230       278.4254
       587.3354       170.7177      -523.1690       154.5842
      1000.3310       -52.1441       693.1427       706.5972
      1051.6530        52.1441      -693.1430      -106.5970
       672.1211       366.7446      -506.1170      -207.0600
      1104.4611      -265.3860       -42.6089      1062.7190
       947.5232       265.3861        42.6089      -462.7190
       269.5477      -226.2170        57.0049         3.9394
       953.4655       282.5893       715.9327       546.3177
      1098.5190      -282.5890      -715.9330        53.6823
       743.7021      -356.1700      -580.7390      -266.0110
      1050.4810      -356.4870       432.5925       878.1085
      1001.5030       356.4865      -432.5930      -278.1090
       638.4469       579.3660      -210.6000       -96.8512
       669.4452      -330.0340      -374.6620      -425.0240
      1382.5389       330.0344       374.6621      1025.0240
       900.6786       123.1405       595.8437       650.2397
       729.2548      -618.7630      -286.5610      -220.4770
      1322.7300       618.7634       286.5612       820.4769
       899.0024       754.2837       185.9570       431.8154
      1092.3190      -180.7780       315.3176      1021.1950
       959.6649       180.7775      -315.3180      -421.1950
       332.1531      -123.3170       188.5204      -203.3760
      1054.5500       500.6330       217.9827       892.0256
       997.4341      -500.6330      -217.9830      -292.0260
       270.0384       -69.8257       105.4855       196.7257
      1056.6600      -192.4260       502.6446       899.2411
       995.3242       192.4255      -502.6450      -299.2410
       364.2412      -250.1000      -221.7560        52.2399
      1038.3781      -559.1830      -217.3300       836.7167
      1013.6060       559.1826       217.3296      -236.7170
       568.1573       507.0429       104.7478       191.1053
       831.8268      -736.5550       337.9700       130.3171
      1220.1570       736.5547      -337.9700       469.6829
       458.6085        84.4462      -421.5360        85.3288
       952.3226       514.5323      -574.2390       542.4095
      1099.6620      -514.5320       574.2386        57.5905
       359.1106       147.9818       256.8652       151.2124
       764.5126      -586.4790      -460.7880       -99.8959
      1287.4720       586.4792       460.7879       699.8959
       958.8630       284.7720       397.4964       813.6970
       664.1320      -458.8400      -126.0920      -443.1950
      1387.8521       458.8395       126.0915      1043.1949
       247.2552       161.5264      -126.5280       -28.6027
       815.5753      -704.8420       380.2078        74.7371
      1236.4091       704.8422      -380.2080       525.2629
       847.3813       336.9699      -406.1130       649.1237
      1096.4110        -1.5795       335.0846      1035.1890
       955.5730         1.5795      -335.0850      -435.1890
       291.6804      -246.8550         7.0664        76.6373
       724.6172      -401.8580       538.0592      -236.3370
      1327.3669       401.8583      -538.0590       836.3374
      1054.6980       624.4445      -433.5300       718.5344
       634.5427       -76.7213      -286.6730      -544.3900
      1417.4420        76.7213       286.6728      1144.3900
       969.6865      -253.3940       363.6386       851.8411
       764.5049        -0.3194      -745.8330       -99.9224
      1287.4790         0.3194       745.8325       699.9225
       646.0704      -242.7410       169.4344       558.1746
      1012.0550      -393.6370      -541.7920       746.6922
      1039.9301       393.6368       541.7924      -146.6920
       687.9352        68.4180       620.2993      -256.0970
      1064.4709       421.9967      -281.7960       925.9547
       987.5132      -421.9970       281.7956      -325.9550
       632.5576      -160.3360       519.4835      -293.8390
       683.2980       286.8198       473.0707      -377.6480
      1368.6860      -286.8200      -473.0710       977.6478
       359.7026      -256.5810       129.5617       168.9648
       647.9687      -292.1200       260.4554      -498.4730
      1404.0160       292.1202      -260.4550      1098.4730
      1012.1140       525.6653      -324.3830       790.3224
       968.3433       749.9988       -18.0621       597.1997
      1083.6410      -749.9990        18.0620         2.8003
       610.7466      -464.4220      -127.2710       350.5839
       989.0455      -259.1380       668.2938       668.0006
      1062.9390       259.1382      -668.2940       -68.0006
       456.5456       426.8031       -87.5333       -19.8485
       785.0598       -70.2849      -769.6000       -29.6253
      1266.9250        70.2849       769.6001       629.6252
      1134.1689       109.4397       874.2767       701.2748
       625.6760       -88.8393       187.2588      -574.7130
      1426.3080        88.8393      -187.2590      1174.7130
       607.8107       376.3684      -206.3830       408.6195
       668.2257      -181.2090      -459.6350      -429.1950
      1383.7590       181.2085       459.6346      1029.1949
      1226.1090       185.8889       358.2965      1149.8680
       955.5420      -294.5590      -708.3820       553.4196
      1096.4420       294.5589       708.3823        46.5804
       657.3834      -103.9200       623.9957      -117.3300
       893.0878       810.0448       -87.9398       339.8279
      1158.8970      -810.0450        87.9398       260.1721
       946.5079      -903.6770       -99.6192       226.0609
       843.9920       812.4324        67.0991       171.9216
      1207.9919      -812.4320       -67.0991       428.0784
       428.7745      -350.9940       109.5284      -174.4640
       883.3384      -313.4750      -754.8970       306.4853
      1168.6460       313.4754       754.8972       293.5147
       761.5699       256.5441       442.3203       548.0052
       916.6179       578.2545      -557.6210       420.3003
      1135.3660      -578.2550       557.6208       179.6997
       840.1779      -473.0660       510.0482       451.3770
      1040.9070       156.7367       571.0167       845.3665
      1011.0770      -156.7370      -571.0170      -245.3670
       341.5374      -111.9800      -134.5380       260.3671
       699.2615       567.4164       210.7734      -323.0530
      1352.7230      -567.4160      -210.7730       923.0528
       284.9893       166.4392      -106.9680       154.4596
       993.4264       537.6449      -461.6830       682.9833
      1058.5580      -537.6450       461.6827       -82.9833
       685.5586      -618.7620       128.2036      -229.0670
       677.4230       503.2080       171.0834      -397.7400
      1374.5610      -503.2080      -171.0830       997.7401
       637.1379      -127.1400       273.1416       544.9376
       733.0236      -622.0010      -298.5440      -207.5880
      1318.9611       622.0014       298.5436       807.5876
      1008.0110       524.5015         6.3569       850.1340
      1025.2970        18.8570       636.7321       791.9814
      1026.6870       -18.8570      -636.7320      -191.9810
       225.9491       134.8229       113.0972        43.2194
      1055.4580       440.8830      -316.4480       895.1299
       996.5263      -440.8830       316.4480      -295.1300
       726.9952      -300.6740       536.0927      -364.0120
       708.9230      -376.4200       508.4848      -290.0110
      1343.0610       376.4198      -508.4850       890.0109
       725.4451       555.6808      -286.6790       342.1812
       722.1733       482.5525      -458.8950      -244.6950
      1329.8110      -482.5530       458.8950       844.6954
      1106.7990      -592.3310       269.0423       885.1821
       911.8896      -724.2310      -354.2510       404.1297
      1140.0950       724.2314       354.2510       195.8703
       662.2213       341.8239       550.7397       -12.7434
       894.4650       811.9767        61.9541       344.5378
      1157.5190      -811.9770       -61.9541       255.4622
       390.9178      -216.5970       284.9791       -80.4519
      1016.6150        10.8927      -658.8550       762.2860
      1035.3700       -10.8927       658.8547      -162.2860
       443.5620      -276.7470       260.1993       185.0352
       671.2675       219.9197      -456.7620      -418.7920
      1380.7170      -219.9200       456.7621      1018.7920
      1122.6990        19.1091       542.6339       973.3547
       834.6471      -261.8560      -768.2840       139.9620
      1217.3370       261.8560       768.2844       460.0380
       449.7827      -195.7400       381.3029       -19.5365
       848.3853      -287.8200       764.0364       186.9465
      1203.5990       287.8195      -764.0360       413.0535
      1036.3710       198.8265      -874.3960       501.7457
       801.8572      -789.4990       -25.9951        27.8218
      1250.1270       789.4988        25.9951       572.1782
       592.7090       142.5334       138.7345       541.7786
       644.4457      -187.9470      -318.0200      -510.5220
      1407.5389       187.9474       318.0201      1110.5220
      1143.2030       308.3549       505.6336       968.4767
       978.7687       259.5057      -686.9670       632.8544
      1073.2159      -259.5060       686.9668       -32.8543
       300.3068      -145.0940       -54.4198      -218.9830
       957.2362       572.0166      -508.0960       559.2137
      1094.7480      -572.0170       508.0957        40.7863
       229.0405       -43.9432      -177.7550        26.7378
       940.2706      -657.8720      -426.5010       501.1920
      1111.7140       657.8723       426.5005        98.8081
       575.0237       532.8763       -22.5300      -167.2440
       986.7659       646.6070      -318.6220       660.2042
      1065.2190      -646.6070       318.6215       -60.2042
       634.8109      -527.2540         2.4580      -326.7490
      1098.6890       287.9243       134.8914      1042.9790
       953.2953      -287.9240      -134.8910      -442.9790
       733.1469      -338.1250      -320.8720      -549.5450
       747.8062       401.6213      -595.8510      -157.0320
      1304.1780      -401.6210       595.8512       757.0315
       827.3387        30.2593       597.8513       554.9150
      1007.1430       679.9640        32.0011       729.8939
      1044.8409      -679.9640       -32.0011      -129.8940
       819.5369      -801.3720       105.9562         0.4516
      1078.1870       -47.4193      -442.2220       972.8625
       973.7973        47.4193       442.2220      -372.8630
       422.4874        26.1924      -108.5570      -384.4580
       779.7698       -75.8479      -762.7540       -47.7167
      1272.2140        75.8479       762.7543       647.7167
      1019.6380      -116.5030       860.7942       516.6284
       794.4628      -513.8090       590.7183         2.5328
      1257.5210       513.8090      -590.7180       597.4672
       983.2079       268.8746      -597.1770       720.8099
       685.8469        21.8796       561.7654      -368.9310
      1366.1370       -21.8796      -561.7650       968.9307
       948.4060      -205.0480      -680.8650       612.8910
      1034.3101       462.6499       400.6591       822.8051
      1017.6740      -462.6500      -400.6590      -222.8050
       629.2589      -114.0340      -570.2510      -198.8970
       727.1619       398.2927      -547.8080      -227.6340
      1324.8230      -398.2930       547.8075       827.6343
       713.1836      -484.0860        35.4436       504.7956
       658.8754      -251.2000       374.3240      -461.1730
      1393.1090       251.1995      -374.3240      1061.1730
       990.8113       -89.5719      -457.0900       864.0228
       632.8660      -175.6980       220.8983      -550.1240
      1419.1180       175.6979      -220.8980      1150.1240
       677.0770       370.5510       140.6324       532.1004
       937.1859       779.9360       105.2164       490.6424
      1114.7980      -779.9360      -105.2160       109.3577
       922.3967      -860.5030      -106.9470       284.0699
      1019.1380      -587.2680      -285.0070       770.9166
      1032.8459       587.2682       285.0074      -170.9170
       719.6400       402.0854       467.5984      -345.4620
      1006.3430        15.3193      -682.2880       727.1568
      1045.6420       -15.3193       682.2881      -127.1570
       736.9288       163.3065       694.7826       124.3195
       888.0197      -253.1900       776.0502       322.4949
      1163.9650       253.1899      -776.0500       277.5051
       796.1053        77.1389      -779.4540       -45.4733
       864.7887      -398.0510       715.6301       243.0457
      1187.1960       398.0514      -715.6300       356.9543
       502.6609       443.9331      -180.9600       -68.0288
       635.9716       163.7298       261.4810      -539.5030
      1416.0129      -163.7300      -261.4810      1139.5031
      1213.4680      -361.6310      -294.7330      1112.0439
       895.4142       174.8442       795.0003       347.7839
      1156.5699      -174.8440      -795.0000       252.2161
       339.4525       141.9749       -42.1176       274.0078
       945.3124      -778.4590        25.0034       518.4345
      1106.6720       778.4594       -25.0034        81.5655
       456.8875       202.7399      -104.4520       372.1767
       680.2296       359.8789      -405.3750      -388.1420
      1371.7550      -359.8790       405.3747       988.1417
      1181.2670      -537.9200       452.6470       939.6423
       932.6151       127.4383       780.8193       475.0103
      1119.3690      -127.4380      -780.8190       124.9897
       710.2265       211.6416      -660.6990       -69.9299
      1101.6440       246.8324      -159.6520      1053.0850
       950.3403      -246.8330       159.6520      -453.0850
       742.4793      -369.0570       290.0442      -559.2220
      1061.8571      -441.6090       270.9036       917.0149
       990.1272       441.6093      -270.9040      -317.0150
       288.0850        53.7492       245.3011       -41.4057
       705.0775       475.8157      -400.7610      -303.1620
      1346.9070      -475.8160       400.7610       903.1624
       202.8650         6.5333      -149.4420        23.7032
       663.9591      -318.1880      -352.7530      -443.7860
      1388.0250       318.1882       352.7534      1043.7860
       842.3311       375.0337       -94.2890       736.0463
       838.2131      -269.6650      -767.1460       152.1580
      1213.7710       269.6653       767.1459       447.8420
       862.6340       -42.0543       645.5969       554.3975
       645.5310      -355.9790      -122.1300      -506.8100
      1406.4530       355.9793       122.1304      1106.8101
       166.6457       -72.5876       -48.4715       -43.9935
       695.7903      -594.5320       -16.2543      -334.9250
      1356.1940       594.5323        16.2543       934.9244
       833.2355       699.7719       -57.0477       427.9362
      1071.7990      -474.3230        33.5116       951.0161
       980.1852       474.3225       -33.5116      -351.0160
       437.2208       345.4106       195.5473       124.0882
       724.2773       584.9915      -328.2380      -237.4990
      1327.7070      -584.9920       328.2375       837.4993
       848.6707      -111.0570       294.3569       776.5601
       765.0280       153.2702      -730.7050       -98.1334
      1286.9561      -153.2700       730.7045       698.1334
      1125.2220      -128.3020       887.3205       666.4144
      1088.2960      -171.1180       349.2352      1007.4350
       963.6885       171.1182      -349.2350      -407.4350
       618.0206       408.9556      -411.6240      -164.4790
       827.3752      -807.3060        36.6603       115.0927
      1224.6090       807.3058       -36.6603       484.9073
       884.9669       832.4609       164.1619       212.1538
      1054.6021      -506.0030      -204.7080       892.2015
       997.3826       506.0031       204.7077      -292.2020
       372.1848        32.0935       331.9799        95.2048
       829.2883       664.4806       461.7061       121.6353
      1222.6960      -664.4810      -461.7060       478.3647
       200.9594       109.7975        68.2255        73.8754
       886.3680      -759.4760      -300.3940       316.8464
      1165.6160       759.4755       300.3942       283.1536
       610.2262       454.7582      -159.2040       349.2968
       840.0712      -782.3600      -224.2520       158.5125
      1211.9130       782.3602       224.2522       441.4875
       249.3819      -113.5240       146.3869        98.2735
       682.8759       546.2822       -77.2537      -379.0910
      1369.1080      -546.2820        77.2537       979.0913
       943.1133      -691.8010       -97.6862       618.9631
      1011.5720       142.4806      -655.4950       745.0420
      1040.4120      -142.4810       655.4948      -145.0420
       354.0416      -292.1460       -14.3569      -146.8780
       841.5814      -173.3000       795.7509       163.6774
      1210.4030       173.2995      -795.7510       436.3226
       763.3354        33.6290      -750.4240        14.0585
      1012.2610      -114.8310       659.2916       747.3987
      1039.7230       114.8305      -659.2920      -147.3990
       240.3913      -144.3410        95.2612       -98.2956
      1020.0490      -349.6530      -548.5450       774.0306
      1031.9360       349.6533       548.5449      -174.0310
       472.0377       123.6818       100.9634      -423.2160
       720.7621      -424.6080      -508.6530      -249.5210
      1331.2220       424.6082       508.6534       849.5213
       455.0910       114.2502       417.8460        35.2499
      1045.3840       471.2117       334.3730       860.6772
      1006.6000      -471.2120      -334.3730      -260.6770
       392.0206        32.0982      -355.0760        91.4005
       757.8859       734.0193        48.6699      -122.5590
      1294.0990      -734.0190       -48.6699       722.5594
       586.6993      -289.2260       351.2668       344.9043
       695.4871       491.3997       333.3788      -335.9620
      1356.4969      -491.4000      -333.3790       935.9616
       747.6334      -385.2210       165.8714       604.0119
       859.2947      -818.0140        27.0797       224.2566
      1192.6899       818.0137       -27.0797       375.7435
       315.1677       164.3974       140.6075      -185.2480
       867.8789       420.8586      -702.5350       253.6143
      1184.1050      -420.8590       702.5345       346.3857
       540.0917      -485.5530       190.3397       -38.6139
      1074.3840      -441.9670       139.3728       959.8565
       977.6003       441.9672      -139.3730      -359.8570
       568.4251       327.7374      -433.2120       -99.0228
       793.4448      -777.3780        83.7891        -0.9485
      1258.5400       777.3778       -83.7891       600.9485
       544.6445       450.9199      -273.9880        -4.7708
       826.2980       674.9114       443.4345       111.4084
      1225.6870      -674.9110      -443.4350       488.5916
       831.0493      -365.3150      -286.1570       676.0807
       795.8052       150.1357       769.7386         7.1238
      1256.1790      -150.1360      -769.7390       592.8762
       329.6633       264.3630      -106.8240        95.7178
       991.2158       657.7958      -274.5910       675.4230
      1060.7690      -657.7960       274.5910       -75.4230
       835.7980      -787.1890       224.3806       101.6313
       803.4017       622.9417      -487.9400        33.1037
      1248.5830      -622.9420       487.9398       566.8963
       680.4191       -79.1196       523.0029       406.1543
      1025.6310       569.3511       283.7213       793.1230
      1026.3530      -569.3510      -283.7210      -193.1230
       317.6163      -132.4690        57.2456       248.6728
      1078.3340       192.3855       400.1680       973.3660
       973.6501      -192.3860      -400.1680      -373.3660
       595.4766       137.4794      -515.0630      -228.4400
       908.3462      -283.4030      -756.8920       392.0112
      1143.6379       283.4027       756.8923       207.9888
       938.3840       375.6516       753.7269       391.3174
      1007.4340      -556.8090       390.4750       730.8894
      1044.5500       556.8093      -390.4750      -130.8900
       615.7769       219.9517      -394.5380      -396.1380
       832.3636       -40.5546       809.6315       132.1526
      1219.6210        40.5546      -809.6320       467.8474
       659.4646       372.7944      -367.8080       377.3833
       950.5267       767.5380       -92.6641       536.2678
      1101.4580      -767.5380        92.6641        63.7322
       496.2375      -243.2000       381.5203       152.7442
       818.7434       588.8888       545.9042        85.5720
      1233.2410      -588.8890      -545.9040       514.4280
       952.3706      -662.6220      -620.6820       253.9286
       983.3182       368.7953       626.2969       648.4135
      1068.6660      -368.7950      -626.2970       -48.4135
       525.6948        62.0117      -448.6340       230.2607
       907.7654      -624.5370       513.4739       390.0248
      1144.2190       624.5368      -513.4740       209.9752
       646.4058       395.8814      -154.3970       468.0417
       659.1423         3.4845      -452.1070      -460.2600
      1392.8420        -3.4846       452.1067      1060.2600
       854.3147       254.4325       540.2892       595.8091
       873.8992       338.2802       745.5615       274.2034
      1178.0850      -338.2800      -745.5620       325.7966
       389.1750       200.9481      -174.7620       249.6363
       772.8610      -687.5840      -318.1750       -71.3446
      1279.1230       687.5840       318.1752       671.3446
       923.6632       802.7473       276.6585       337.6296
       693.0161         0.4247      -586.0330      -344.4120
      1358.9680        -0.4247       586.0330       944.4120
       254.5814      -167.2620       -98.7456        94.1684
       955.6042       766.8973       -17.9458       553.6326
      1096.3800      -766.8970        17.9458        46.3674
       752.9691      -642.0450       109.0352       353.0363
       947.5739      -748.8410       205.0942       526.1689
      1104.4100       748.8405      -205.0940        73.8310
       936.1622       885.4124      -211.3780       171.8926
       632.9822       -40.9420      -280.3100      -549.7270
      1419.0020        40.9420       280.3103      1149.7271
       827.6856       -79.5339       521.4197       623.4119
      1052.5060      -436.7330      -339.8960       885.0352
       999.4781       436.7333       339.8963      -285.0350
       351.5771        -9.3089       270.2139       179.6867
       913.7202       564.7054       573.8950       410.3902
      1138.2640      -564.7050      -573.8950       189.6098
       794.6900      -722.7710      -277.2200       118.5990
      1071.1270       406.3315      -252.8370       948.7170
       980.8575      -406.3320       252.8374      -348.7170
       708.3597      -444.7520       488.4169      -217.2590
       922.1130       517.8972       609.1428       439.0936
      1129.8710      -517.8970      -609.1430       160.9064
       214.7591       -18.8842        99.4509      -132.8820
      1030.5870      -572.5240      -244.7320       810.0710
      1021.3980       572.5239       244.7318      -210.0710
       517.8759       260.7628       397.6010       154.5795
       891.1998      -215.1470      -786.5090       333.3711
      1160.7850       215.1469       786.5087       266.6289
       861.4600       353.3908       773.9569         1.4380
      1081.2380       307.6484       298.8973       983.2960
       970.7466      -307.6480      -298.8970      -383.2960
       541.1857      -408.6940       111.8417      -308.4240
      1003.2140      -381.3510       574.0057       716.4570
      1048.7700       381.3508      -574.0060      -116.4570
       243.1357      -156.0490        26.1265      -125.9530
      1079.0800       418.6659      -136.0290       975.9156
       972.9046      -418.6660       136.0289      -375.9160
       379.0563      -289.3270        52.1569       197.5761
       851.0635       230.3828      -783.9380       196.1058
      1200.9210      -230.3830       783.9378       403.8942
       849.9070       -59.1021       830.9062       101.1275
       647.2361      -250.9800      -294.4940      -500.9790
      1404.7480       250.9804       294.4944      1100.9790
      1180.2800        75.0175       433.1586      1087.0100
       956.5121       537.7542      -545.4930       556.7375
      1095.4720      -537.7540       545.4927        43.2625
       401.6137       121.8819       353.8735       -54.7270
       694.5577       407.5564      -427.8730      -339.1400
      1357.4270      -407.5560       427.8730       939.1400
       918.4261      -625.4740       328.0896       571.3400
       943.6259      -699.2050       347.1294       512.6667
      1108.3590       699.2045      -347.1290        87.3333
       475.9095       206.9209       -96.3745       395.1818
       934.8550      -787.7190        47.5892       482.6705
      1117.1290       787.7191       -47.5892       117.3295
       889.9579       848.7761       167.1075       159.5697
       673.2708       383.2206       344.2725      -411.9410
      1378.7140      -383.2210      -344.2730      1011.9410
      1054.7900      -598.8330      -174.5270       839.8233
      1006.4020      -132.1990      -669.4040       727.3579
      1045.5830       132.1990       669.4034      -127.3580
       575.5406       446.1061       337.2093       -17.5901
      1032.9230      -570.2940      -232.9290       818.0597
      1019.0620       570.2935       232.9293      -218.0600
       676.2950       354.2116       293.1597      -477.2310
       697.5469      -220.6260       558.1154      -328.9170
      1354.4370       220.6262      -558.1150       928.9167
       312.0985      -118.5900       127.6270       220.9898
       661.4762       -69.2048       458.2460      -452.2780
      1390.5081        69.2048      -458.2460      1052.2780
       203.9158        -1.7983       148.7450        35.1632
       746.6965      -360.1720      -619.4760      -160.8270
      1305.2880       360.1719       619.4755       760.8265
      1026.4170       122.3699       519.1891       866.4771
       729.4271       -21.1432       681.9454      -219.8870
      1322.5570        21.1432      -681.9450       819.8873
       292.5006       224.0859        47.8030       121.8199
       886.9723       776.9139      -251.4010       318.9130
      1165.0120      -776.9140       251.4006       281.0870
       302.0553        72.7896       223.6818       132.9987
       933.4906       589.8197      -526.1300       478.0044
      1118.4940      -589.8200       526.1296       121.9956
       545.6388       -43.1542       449.4150       275.0793
       823.9933       554.7731      -585.0280       103.5264
      1227.9910      -554.7730       585.0274       496.4736
       870.0033      -288.8470       744.5613       317.6238
       703.7117       594.9426      -168.1530      -307.8330
      1348.2729      -594.9430       168.1525       907.8334
       753.2792       -42.6875       242.1163       699.1210
       724.1267      -382.0800      -550.9140      -238.0150
      1327.8580       382.0800       550.9142       838.0146
      1018.1350       258.2751       744.5209       630.3682
       999.5402      -394.9840       573.9224       703.8923
      1052.4440       394.9841      -573.9220      -103.8920
       213.7885        12.0174       165.3337        -2.9944
       768.3714      -736.2460      -150.3410       -86.6990
      1283.6130       736.2463       150.3410       686.6990
       528.4663       164.3785      -257.5600       409.5150
       789.2318       311.0803      -712.5050       -15.3568
      1262.7531      -311.0800       712.5049       615.3568
       643.4139      -468.3770       157.8000       389.2134
      1054.1000      -546.4530        36.5191       890.4864
       997.8842       546.4530       -36.5192      -290.4860
       382.1961       254.4607        72.9081       240.3977
      1073.2321       467.9533       -29.2016       955.9171
       978.7521      -467.9530        29.2016      -355.9170
       233.3354        46.4355       -49.6786       177.7759
       748.6814      -514.0500      -504.3140      -154.0380
      1303.3030       514.0495       504.3137       754.0382
      1134.8070       440.1424       505.9669       905.4513
       640.0737      -323.5580       103.2728      -525.4740
      1411.9110       323.5575      -103.2730      1125.4740
       205.6290        99.3102       112.2601       -40.0193
       699.1829      -601.3330       -67.0958      -323.3220
      1352.8020       601.3326        67.0958       923.3218
       915.6932       735.2731       131.3889       512.2379
       876.3876      -764.7800      -291.5860       282.7134
      1175.5970       764.7802       291.5864       317.2866
       488.3416       429.5154      -182.2250       -50.7082
      1051.5649      -502.4690       239.7849       881.8171
      1000.4190       502.4686      -239.7850      -281.8170
       673.5641       271.6788      -383.3230      -463.3850
       663.3572       -88.7899       463.8582      -445.8450
      1388.6270        88.7899      -463.8580      1045.8450
       779.8566      -312.9060      -199.6090       672.4623
       880.5546       488.0212       656.3588       296.9644
      1171.4301      -488.0210      -656.3590       303.0356
       388.2542       125.0530      -335.8290       -64.0682
       715.3433       -42.5351       647.9484      -268.0540
      1336.6410        42.5351      -647.9480       868.0536
       422.9538      -302.1590      -226.6120       134.2375
       909.1086       573.0873       569.3054       394.6187
      1142.8760      -573.0870      -569.3050       205.3813
       992.1702      -686.9510      -666.0460       225.0915
       656.0845        66.4084      -431.5610      -470.7170
      1395.9000       -66.4084       431.5611      1070.7170
       644.9863       262.3681       415.0798       395.8058
       643.1184      -312.0710      -180.8540      -515.0610
      1408.8660       312.0710       180.8542      1115.0610
       222.4169       -93.1550      -142.4260        47.8481
       747.9512       -64.3248      -715.9420      -156.5360
      1304.0330        64.3248       715.9420       756.5355
       565.2867      -260.6160       118.3261       468.4126
       810.7814      -153.0980       782.5002        58.3420
      1241.2030       153.0982      -782.5000       541.6580
       427.2710      -155.4830       -48.8771       371.1870
       925.5863       686.9917      -403.9310       450.9720
      1126.3979      -686.9920       403.9305       149.0280
       266.8188       115.9174        97.9301       173.0555
      1021.3790       529.9982      -371.3640       778.5817
      1030.6050      -529.9980       371.3643      -178.5820
       514.8252       -64.7795       492.5067         8.3005
       797.0338       386.7757      -683.6100        11.3258
      1254.9510      -386.7760       683.6098       588.6741
       956.4265      -282.8760       471.2771       770.9824
       972.1952       595.5106       446.9434       610.3730
      1079.7889      -595.5110      -446.9430       -10.3731
       881.2192      -584.7240      -645.0330       -18.9809
       621.7085        30.3719       145.9653      -588.2820
      1430.2760       -30.3719      -145.9650      1188.2820
       843.3968      -254.6290       196.6363       767.8539
       866.2438       280.7955       769.2856       248.0221
      1185.7410      -280.7960      -769.2860       351.9779
       658.5585      -264.1390      -270.5600       522.0252
       673.7546       491.2985       161.3066      -410.2860
      1378.2300      -491.2990      -161.3070      1010.2860
      1196.8350      -613.5830      -290.8950       976.2648
       777.8286       705.9974      -292.2560       -54.3556
      1274.1560      -705.9970       292.2560       654.3556
       363.5258      -118.7090      -239.8100       205.7515
       688.1570      -502.2510      -269.7130      -361.0300
      1363.8270       502.2507       269.7125       961.0300
       601.7012        58.6103       452.0961       368.7836
       706.8120       607.3152       155.5269      -297.2310
      1345.1720      -607.3150      -155.5270       897.2305
      1203.5350      -575.1820      -177.2960      1033.4460
       678.1306       -56.3364       531.2176      -395.3200
      1373.8540        56.3364      -531.2180       995.3203
       209.5324        -7.1238      -128.6320       -95.3411
       628.2988      -224.4410        78.1221      -565.7430
      1423.6860       224.4411       -78.1221      1165.7430
       243.5097        34.9044       196.7743        33.7881
       671.4297       438.4525       255.8090      -418.2370
      1380.5551      -438.4530      -255.8090      1018.2370
       863.6385      -569.7350        61.5159       631.8797
       968.3713       686.4902       302.4817       597.2958
      1083.6130      -686.4900      -302.4820         2.7042
       359.7628        36.4526      -330.4900        25.6919
       763.7347      -728.7120       153.4091      -102.5560
      1288.2500       728.7123      -153.4090       702.5563
       387.9385       328.6216       149.1888       -45.0546
       882.5569       -20.3385      -817.2970       303.8124
      1169.4270        20.3385       817.2968       296.1875
       528.9976      -350.7240       301.0479       219.0527
      1046.8790      -231.2120       524.1085       865.7880
      1005.1060       231.2120      -524.1090      -265.7880
       689.7527       381.2442      -322.4910      -456.2830
       691.3729       114.8010      -569.2780      -350.0320
      1360.6110      -114.8010       569.2784       950.0320
       309.9178      -269.1010        58.1637        45.0953
      1062.2970        28.7965      -515.5110       918.5187
       989.6874       -28.7965       515.5114      -318.5190
       800.6237       -88.8020       678.7266      -392.7160
       989.7072      -398.8530       594.1099       670.2637
      1062.2770       398.8526      -594.1100       -70.2637
       638.7084       188.9552      -519.5430       290.0047
      1085.8350       -91.4926      -392.9550       999.0172
       966.1497        91.4926       392.9553      -399.0170
       470.4988      -219.5830       393.3994       -13.1392
       695.2478       250.6110      -537.5180      -336.7800
      1356.7371      -250.6110       537.5184       936.7798
      1152.8770      -182.9940       390.4113      1060.6600
       933.7526        27.3815       789.6719       478.9004
      1118.2321       -27.3815      -789.6720       121.0996
       556.1203       363.7780      -386.8030        95.4037
      1070.8960      -141.4930       458.2745       947.9269
       981.0885       141.4926      -458.2750      -347.9270
       714.3699       154.4496      -346.8140      -589.8930
       695.5759       -87.3784       587.6289      -335.6580
      1356.4080        87.3784      -587.6290       935.6578
      1133.0710       285.8528      -661.0440       864.2587
       854.0071      -620.4610      -532.5710       206.1728
      1197.9771       620.4614       532.5708       393.8271
       611.1781       466.7961       343.2845      -139.9250
       897.6346       391.8185      -712.5420       355.3778
      1154.3500      -391.8190       712.5419       244.6222
       636.4106      -562.1760       258.5107        62.7024
       962.8505      -613.4310      -444.9760       578.4142
      1089.1340       613.4312       444.9756        21.5858
       763.7797       504.7367       479.8387      -283.0870
      1031.9840      -584.6310       202.4911       814.8486
      1020.0010       584.6305      -202.4910      -214.8490
       781.8797       618.0750      -431.3530      -158.2320
       774.4092      -283.7730       704.7009       -66.0497
      1277.5750       283.7725      -704.7010       666.0497
       567.5442      -119.7830      -526.8120       109.5946
       983.2413      -270.4360       674.7678       648.1508
      1068.7430       270.4362      -674.7680       -48.1507
       258.3637        52.1963        92.0707      -193.2190
       690.1307       348.5583       459.4088      -354.2800
      1361.8540      -348.5580      -459.4090       954.2798
       483.7346      -123.8660       188.6694       406.0091
       911.4383       770.7074      -237.5660       402.5861
      1140.5460      -770.7070       237.5656       197.4138
       656.1937      -513.8790       327.0147      -203.3790
       797.6590       507.5030       600.2520        13.4640
      1254.3250      -507.5030      -600.2520       586.5360
       721.5978      -578.5230      -108.2170       395.0787
      1066.6510       266.1273       421.2469       933.4107
       985.3330      -266.1270      -421.2470      -333.4110
       641.6334        66.4546      -492.8960      -382.2480
       834.6420       415.5349      -697.2490       139.9447
      1217.3420      -415.5350       697.2493       460.0552
       304.7635       208.3720       167.5182        56.4151
      1023.1020       309.4622       563.3442       784.4722
      1028.8831      -309.4620      -563.3440      -184.4720
       784.8474      -134.4950      -731.1700      -212.2980
       938.1079      -640.3890      -455.9580       493.7955
      1113.8760       640.3890       455.9577       106.2045
       435.0360       137.5195        90.7830       379.3235
       793.8630      -322.8380      -712.5850         0.4816
      1258.1210       322.8381       712.5847       599.5184
       651.0350       -37.1290       624.6403       118.6407
      1032.4310      -576.3680      -221.4110       816.3793
      1019.5530       576.3676       221.4110      -216.3790
       692.5867       388.6208       481.2354      -280.7950
       917.7917       410.5338       689.5969       424.3144
      1134.1930      -410.5340      -689.5970       175.6856
       760.6368      -588.8860      -458.5460       -57.4459
       806.3676      -664.6480      -434.0320        43.2468
      1245.6169       664.6484       434.0321       556.7532
       507.4550       360.1134      -178.3150       278.9546
      1010.9330       -13.8966       672.1162       742.8568
      1041.0510        13.8966      -672.1160      -142.8570
       221.0781       -66.6317        97.0617       129.6066
       761.4286      -654.4870      -347.8600      -110.4430
      1290.5560       654.4866       347.8597       710.4431
       913.0084       349.6153       552.5648       622.7429
       763.4553      -707.2930      -231.6670      -103.5120
      1288.5291       707.2925       231.6670       703.5120
       478.8672       325.2178      -263.5580       189.3875
      1020.7660       515.3580       393.9877       776.4826
      1031.2190      -515.3580      -393.9880      -176.4830
       238.5197       151.4868       -69.9777       104.0655
       672.5547       506.7672       -74.7089      -414.3890
      1379.4301      -506.7670        74.7089      1014.3890
       782.6373      -470.3020      -285.5360       539.9900
      1045.4210       495.7996      -296.4630       860.8018
      1006.5640      -495.8000       296.4627      -260.8020
       307.9096       -51.9895       113.7186       246.8939
      1039.0940      -191.9880      -566.0770       839.1642
      1012.8910       191.9881       566.0767      -239.1640
       356.3512       208.8651       -90.2457      -238.7480
       779.2757       347.9669       682.2988       -49.4066
      1272.7090      -347.9670      -682.2990       649.4066
      1012.2990      -529.8200      -713.4480       465.6342
       952.0245       611.1710      -470.6390       541.3901
      1099.9600      -611.1710       470.6385        58.6099
       433.2418       -25.6092       339.2279      -231.8410
       744.8495       -92.4673      -707.1750      -167.1430
      1307.1350        92.4673       707.1752       767.1432
      1033.8800      -140.4760       783.1883       646.1996
       965.9696      -390.8390       644.2889       589.0816
      1086.0150       390.8388      -644.2890        10.9184
       594.9061       517.7424      -202.8120      -162.8090
       717.5071       654.3345       -22.4866      -260.6540
      1334.4771      -654.3350        22.4866       860.6536
       568.2130      -318.0230       365.8885       263.8870
       731.3549       334.4971      -599.4000      -213.2950
      1320.6300      -334.4970       599.3998       813.2946
       930.9511      -417.7700       219.3719       791.0736
      1039.2720       388.8885      -453.2250       839.7755
      1012.7120      -388.8890       453.2252      -239.7760
       794.7892      -316.0430       646.5383      -309.1580
       993.0690       671.1165      -229.7260       681.7609
      1058.9150      -671.1160       229.7259       -81.7608
       889.3755      -810.5500       319.7191      -116.4480
       776.2012       169.7134      -742.8850       -59.9213
      1275.7830      -169.7130       742.8851       659.9213
       485.6963      -371.3860       277.1177        54.4246
       956.6357      -765.6630        16.3705       557.1599
      1095.3490       765.6629       -16.3705        42.8400
       794.5951       711.7721      -298.4340       132.2201
       790.5183       247.0161      -738.6240       -10.9572
      1261.4659      -247.0160       738.6239       610.9572
       901.0878      -182.5230       419.1280       764.6957
       838.8563       372.3715      -723.1710       154.3575
      1213.1281      -372.3720       723.1710       445.6425
      1009.8750      -253.4700       753.7762       607.6226
       722.1627       417.1736      -519.0130      -244.7320
      1329.8220      -417.1740       519.0132       844.7315
       313.2939        39.1589       278.2692       -31.1290
       947.5952       593.7546      -500.2450       526.2419
      1104.3890      -593.7550       500.2448        73.7581
       559.4337       -49.9562       533.8536        85.1700
      1000.7150       685.6750       109.2095       707.9101
      1051.2690      -685.6750      -109.2100      -107.9100
       590.3876      -393.6460        77.7719      -411.5040
       729.3202       376.9666      -568.3980      -220.2530
      1322.6639      -376.9670       568.3976       820.2531
       780.4070      -255.3100        48.9238       723.3546
      1100.2520       -92.2718      -291.2750      1048.3230
       951.7325        92.2719       291.2745      -448.3240
       450.9731      -271.7640       316.5380      -105.3950
      1023.4070      -445.8210       461.9015       785.5159
      1028.5770       445.8213      -461.9020      -185.5160
       662.4026       623.6870      -164.5510       -67.0651
       806.0459       355.1675      -709.6290        42.1467
      1245.9380      -355.1680       709.6285       557.8533
       666.7922       -16.3453       646.2029        92.4641
       961.6569        69.7884       756.2004       574.3323
      1090.3280       -69.7884      -756.2000        25.6677
       904.2764      -180.4990      -866.5430       126.5770
       975.4741       722.8898       156.1816       621.5871
      1076.5100      -722.8900      -156.1820       -21.5871
       795.3087      -697.7920      -268.7260       234.8854
       920.4756       507.4958       619.3463       433.4937
      1131.5090      -507.4960      -619.3460       166.5064
       973.6400      -548.8630      -770.1810       187.9620
       981.7056      -323.7530       653.7544       642.8983
      1070.2791       323.7528      -653.7540       -42.8983
       764.0443       456.6223      -557.2810       215.5939
       787.9627       234.9303      -739.6540       -19.6972
      1264.0220      -234.9300       739.6541       619.6971
      1049.3180       -44.5591       838.7852       614.2511
      1019.4970       451.4938      -470.2180       772.1434
      1032.4880      -451.4940       470.2177      -172.1430
       273.6679      -123.7870      -200.3170       -35.0316
       938.9821      -762.4200      -188.1260       496.7849
      1113.0020       762.4197       188.1258       103.2150
       944.2249       868.0590       300.9592       171.0001
       628.5341        81.8835      -225.7820      -564.9390
      1423.4500       -81.8835       225.7816      1164.9390
       492.0645       148.5018      -229.9140       386.0016
       631.3448       164.0731       212.3018      -555.3260
      1420.6400      -164.0730      -212.3020      1155.3260
      1202.0690      -275.8420      -390.0990      1094.7540
       817.0276      -799.3000       -63.9020        79.7039
      1234.9570       799.3004        63.9020       520.2961
       989.8820       915.5740       144.4594       320.1646
       841.3218       411.5417       702.6653       162.7897
      1210.6630      -411.5420      -702.6650       437.2103
       995.7359      -419.9750      -624.9680       637.4240
       943.5204       385.3798       678.9984       512.3060
      1108.4640      -385.3800      -678.9980        87.6940
       326.7735      -282.5770        85.8642       -36.6314
       984.5698      -721.5220        67.5098       652.6940
      1067.4150       721.5219       -67.5097       -52.6939
       629.1556       524.6096       319.9897         3.3474
      1044.5031      -537.6590      -219.3250       857.6655
      1007.4810       537.6588       219.3249      -257.6660
       761.6520       625.9294        47.4939      -409.6990
      1037.5880       -92.6845      -595.1480       834.0146
      1014.3960        92.6845       595.1478      -234.0150
       656.7435      -108.6410       630.6805        59.4490
       855.5159      -694.0240      -432.8510       211.3328
      1196.4690       694.0236       432.8512       388.6672
       665.2123       484.4935       423.8726       -99.4411
       696.6418      -544.3600      -246.0340      -332.0120
      1355.3430       544.3602       246.0341       932.0123
       234.0029        23.5733       180.3274       -58.8794
       792.5196      -506.5560       594.3518        -4.1128
      1259.4650       506.5565      -594.3520       604.1128
       703.1139       113.2946      -646.1580       214.0007
      1038.3040       421.7120       427.0184       836.4648
      1013.6800      -421.7120      -427.0180      -236.4650
       497.2466        52.0982      -282.6680      -382.6510
       706.7271      -325.5290       535.4982      -297.5210
      1345.2570       325.5289      -535.4980       897.5212
      1060.9460       551.4709      -526.6880       725.1685
       682.3787       532.5505      -137.1540      -380.7920
      1369.6060      -532.5510       137.1541       980.7919
      1068.3790      -621.8710      -119.0220       849.8983
       773.5970       265.2541       710.7310       -68.8276
      1278.3870      -265.2540      -710.7310       668.8276
       571.9811       252.2176      -353.3420       347.1042
       859.2756       780.3284       246.9083       224.1910
      1192.7090      -780.3280      -246.9080       375.8090
       413.6838      -167.3090       222.9570       274.2543
       787.9250       648.1610       426.7356       -19.8258
      1264.0590      -648.1610      -426.7360       619.8258
       764.1301      -208.9540      -577.2880       434.4593
       674.0790       492.5299      -161.7230      -409.1770
      1377.9060      -492.5300       161.7229      1009.1770
       704.5091      -235.5430       457.7375       461.6407
       649.0157      -370.6010       144.0172      -494.8920
      1402.9690       370.6013      -144.0170      1094.8920
       191.3370       -31.5387       131.1085       -14.4502
       690.9677       382.3235       435.3776      -351.4180
      1361.0170      -382.3240      -435.3780       951.4177
       335.5877      -302.8490        30.8958        41.5950
       692.1882      -510.2690       282.7638      -347.2440
      1359.7960       510.2687      -282.7640       947.2435
       897.2681       666.1561      -284.9350       511.7821
      1049.6541       437.7054      -354.7610       875.2800
      1002.3300      -437.7050       354.7612      -275.2800
       605.5276      -245.7660       113.0526      -524.6570
       895.3625       627.6807       518.3080       347.6074
      1156.6219      -627.6810      -518.3080       252.3926
       568.7871      -522.8980        54.2306       170.1138
       951.3691       739.3350      -222.6860       539.1487
      1100.6150      -739.3350       222.6856        60.8512
       837.9752      -729.4070       351.9601      -167.5550
       763.0054      -707.5940      -228.5500      -105.0500
      1288.9790       707.5944       228.5499       705.0504
       273.9885       180.2567        57.3954      -145.1420
       715.6457       545.8150      -353.1550      -267.0200
      1336.3390      -545.8150       353.1549       867.0196
       209.9394       -55.0782      -150.5240       -12.9009
      1045.0760       269.6396      -512.1620       859.6229
      1006.9090      -269.6400       512.1616      -259.6230
       312.9077       248.0164       134.6529         7.1290
      1024.1960        34.0026       639.0005       788.2151
      1027.7880       -34.0026      -639.0010      -188.2150
       795.1293        45.4977      -669.4230      -404.7430
      1048.9370       565.5942       -18.0231       872.8293
      1003.0470      -565.5940        18.0231      -272.8290
       335.9827      -160.5300       -93.2799       245.3496
       787.5107       758.9924      -159.4850       -21.2431
      1264.4740      -758.9920       159.4850       621.2431
       304.7985        56.6882      -149.9160       221.3523
       767.3751       388.9619      -641.2780       -90.1063
      1284.6090      -388.9620       641.2777       690.1063
       904.1248       -35.6896       696.0688       559.8563
       676.8780      -516.7730      -114.9310      -399.6040
      1375.1060       516.7729       114.9314       999.6041
       957.6891       674.7729       -73.0201       662.0430
       687.1080       565.2080        38.6578      -364.6180
      1364.8760      -565.2080       -38.6578       964.6176
       620.6782       -32.4935      -308.3920       520.4448
       782.9271      -767.9810       -60.0063       -36.9188
      1269.0570       767.9806        60.0063       636.9188
      1045.1830       910.5074       128.1203       478.2798
       982.7497      -397.1660      -609.8500       646.4691
      1069.2350       397.1656       609.8501       -46.4692
       720.9780       267.6356       545.8447      -363.3420
       632.7167      -239.2380      -147.2430      -550.6340
      1419.2679       239.2382       147.2428      1150.6340
      1268.2880       240.7630       288.5468      1203.7910
       902.7802      -252.2440       770.7512       372.9756
      1149.2040       252.2438      -770.7510       227.0244
       598.8807       367.1118      -253.5760       375.9911
       636.4759       -49.8465      -308.5360      -537.7780
      1415.5090        49.8465       308.5363      1137.7780
       279.1992      -197.4720       -97.7134       105.7930
       673.4626      -512.1740       -62.1107      -411.2850
      1378.5220       512.1741        62.1107      1011.2840
       234.6629       112.4451      -150.5780       -39.1407
       991.9420      -443.9720      -555.9350       677.9067
      1060.0420       443.9715       555.9351       -77.9068
       456.1311       421.3640       -17.7375       109.4367
      1088.3920      -138.9240       362.6213      1007.7630
       963.5924       138.9237      -362.6210      -407.7630
       622.9841       330.3516       -96.9007      -501.3690
      1080.8700      -426.5540        60.9755       982.0364
       971.1149       426.5543       -60.9755      -382.0360
       237.8522      -177.6290        82.0973         8.0498
       736.7172       -18.9113      -697.2590      -194.9560
      1315.2670        18.9113       697.2589       794.9557
       713.8557      -290.3130       565.0300       296.3658
       885.8956       -53.6141      -815.0760       315.2306
      1166.0890        53.6141       815.0762       284.7694
       199.5372        44.5042       -59.4039      -126.8410
      1081.9700        35.7356      -423.5130       985.8000
       970.0144       -35.7357       423.5131      -385.8000
       303.7909      -123.4050      -192.4780      -147.6330
       891.1302       187.5786      -793.5570       333.1331
      1160.8540      -187.5790       793.5571       266.8669
       919.6414       -40.0524       902.1289       109.9219
      1029.2140      -493.4780       385.8931       805.3756
      1022.7710       493.4784      -385.8930      -205.3760
       352.9826       260.9989       143.1045       133.3434
      1080.4950       123.4647       414.8832       980.7551
       971.4896      -123.4650      -414.8830      -380.7550
       766.6187      -198.1640      -603.8470      -406.9240
       702.9645      -581.3550      -204.0280      -310.3890
      1349.0200       581.3550       204.0278       910.3889
      1160.8990       447.1753       256.4346      1031.3800
       908.5175      -638.8730      -494.8690       392.5969
      1143.4670       638.8733       494.8693       207.4031
       839.7556       403.2209       684.0811       237.5259
      1037.2000      -528.6990      -290.9900       832.6885
      1014.7840       528.6985       290.9898      -232.6890
       545.9001       341.6263      -109.6730      -388.6560
       737.9092       -95.8464       693.3049      -190.8790
      1314.0750        95.8464      -693.3050       790.8790
       926.9988      -223.8370      -479.0490       749.3459
       756.4727       -20.3877      -733.0690      -127.3920
      1295.5120        20.3878       733.0687       727.3922
       973.0548       221.8335       802.4064       485.3378
       924.6357      -777.8280       176.8161       447.7211
      1127.3490       777.8279      -176.8160       152.2789
       405.1754       111.1904      -361.2840       -55.3271
      1083.7450       414.2414       -29.7538       991.8690
       968.2399      -414.2410        29.7538      -391.8690
       693.0596      -267.8940        77.6293      -619.9360
      1058.3540       316.5391      -427.3330       905.0331
       993.6306      -316.5390       427.3333      -305.0330
       328.5523       -79.7047       145.9966       249.1223
       907.4341       563.8308      -579.7220       388.8919
      1144.5500      -563.8310       579.7220       211.1081
       625.0618      -576.0000       170.2259      -108.3180
       840.4612       289.9026      -760.6340       159.8465
      1211.5229      -289.9030       760.6338       440.1535
       692.9301       165.7059       613.5837       240.8148
      1050.4370       -77.0899       555.3813       877.9575
      1001.5480        77.0899      -555.3810      -277.9580
       416.0469      -260.9370      -273.9080       108.4638
      1059.4200      -357.0690      -388.5300       908.6809
       992.5640       357.0689       388.5298      -308.6810
       245.7873      -156.2300      -104.5830       -82.7604
      1074.4910       387.4435       253.3289       960.2217
       977.4935      -387.4440      -253.3290      -360.2220
       349.4749       -66.6008       256.7154      -183.2410
       919.2012       105.5990      -794.6110       429.1349
      1132.7830      -105.5990       794.6105       170.8651
       358.0206      -318.4180        56.0116        73.7207
       727.7963      -514.8530      -442.2240      -225.4650
      1324.1880       514.8534       442.2242       825.4647
      1017.9790       572.0815       141.4798       819.0059
       682.2018        21.5404      -548.8670      -381.3970
      1369.7820       -21.5404       548.8669       981.3967
       850.4368       240.7052       142.7334       791.6527
      1050.7030      -485.1330       279.2792       878.8684
      1001.2810       485.1327      -279.2790      -278.8680
       651.0131       353.4406      -525.4900       -67.3856
       677.0308      -501.3850       171.7583      -399.0810
      1374.9540       501.3851      -171.7580       999.0814
       993.4160       421.3200      -459.4530       761.6108
      1087.4410      -346.7070      -187.2530      1004.5100
       964.5435       346.7074       187.2531      -404.5100
       647.9191       145.3194       428.4005      -443.7770
      1074.1770      -393.9230       245.9676       959.1475
       977.8076       393.9225      -245.9680      -359.1480
       767.2374       574.5940      -352.5210      -340.5990
      1000.0740       638.2438       276.6576       705.7164
      1051.9110      -638.2440      -276.6580      -105.7170
       616.8635      -278.9150      -462.4300      -265.8350
       749.5245       676.9453       249.9345      -151.1550
      1302.4600      -676.9450      -249.9340       751.1551
       995.3739      -565.6130      -508.2490       627.9468
      1031.8300       481.1240      -389.6840       814.3238
      1020.1540      -481.1240       389.6837      -214.3240
       804.9455      -689.1490       335.1698      -206.0460
      1005.7950      -293.7980      -617.2950       725.2841
      1046.1890       293.7975       617.2949      -125.2840
       480.4093       124.1429       161.1157      -413.7710
       765.8180         5.0716      -747.7480       -95.4318
      1286.1670        -5.0716       747.7481       695.4318
      1094.4290      -179.3850       739.5620       774.8728
       884.1541      -369.4450       728.9518       309.2747
      1167.8300       369.4454      -728.9520       290.7253
       993.3427       537.6282      -774.5910       281.9179
      1053.2520      -495.7920      -239.8040       887.5851
       998.7324       495.7916       239.8044      -287.5850
       801.6655       583.1784       407.0059      -344.5280
      1105.2880       138.2668       221.2192      1065.5460
       946.6967      -138.2670      -221.2190      -465.5460
       304.2386      -232.8860       -26.4373       139.3172
       918.3367       178.1311      -782.1550       426.1782
      1133.6479      -178.1310       782.1552       173.8218
       579.0004       243.4608       433.3433       264.5091
      1098.8740      -133.7640       286.8646      1043.6100
       953.1107       133.7640      -286.8650      -443.6100
       743.1237       286.5334      -370.2410      -561.1030
       896.0295        35.0432      -813.0200       349.8887
      1155.9550       -35.0432       813.0203       250.1113
       465.5641      -271.8350       313.1420      -163.0360
       985.5930         5.7850      -722.8790       656.1932
      1066.3910        -5.7850       722.8787       -56.1932
       489.2763       -31.2552       313.1715       349.4583
       972.3828      -132.1580      -732.4660       611.0148
      1079.6021       132.1581       732.4661       -11.0148
       587.9130       367.2434       366.8344      -240.8100
       707.9929      -407.3220      -480.7950      -293.1920
      1343.9910       407.3223       480.7952       893.1919
       877.3130       596.2419       416.9764       471.2614
       940.8123      -178.1700      -762.9630       503.0446
      1111.1720       178.1702       762.9630        96.9554
       843.6113       388.2859       693.8583       247.5033
       655.4232      -275.2750      -334.4810      -472.9790
      1396.5610       275.2745       334.4813      1072.9790
       180.7020      -116.3360       -20.4483       -22.0005
      1029.8669       602.6331       164.3473       807.6091
      1022.1170      -602.6330      -164.3470      -207.6090
       253.7430        63.2189      -111.8330       172.2365
      1087.9150      -138.5190      -365.8600      1006.1320
       964.0693       138.5186       365.8598      -406.1320
       413.6088        97.6758      -178.3160      -333.9430
       913.8973      -564.4050       574.0389       410.9958
      1138.0870       564.4051      -574.0390       189.0041
       389.8632       -55.8656      -175.3480       316.0829
       811.2636       415.9662      -680.6650        59.9913
      1240.7209      -415.9660       680.6650       540.0087
       441.1067      -398.5150       127.2219       -36.8611
       719.7542       485.9128       446.9058      -252.9690
      1332.2300      -485.9130      -446.9060       852.9686
       675.2699      -333.3460       120.3177       558.7278
       711.1649        27.7153       638.0067      -282.3440
      1340.8190       -27.7154      -638.0070       882.3436
       426.5868      -170.0750      -366.5960        21.0128
       865.9321      -716.4270      -396.6950       246.9561
      1186.0520       716.4266       396.6952       353.0439
       326.1203        -1.8098       -71.7059       288.0843
      1078.1730      -251.9300      -366.6110       972.8147
       973.8113       251.9296       366.6107      -372.8150
       617.7764        70.4637       579.0654      -152.1480
       759.9731        12.1442      -738.8320      -115.4210
      1292.0110       -12.1442       738.8322       715.4207
       360.7472      -277.8430       185.7517        14.8788
       955.7228      -585.4920      -495.4100       554.0377
      1096.2620       585.4918       495.4095        45.9623
       670.8986       270.8577       498.1642       332.1993
       962.9133      -614.9060       442.7911       578.6294
      1089.0710       614.9059      -442.7910        21.3706
       344.5444       152.4592        62.2352      -270.8820
       689.5754       516.9587      -251.3710      -356.1790
      1362.4091      -516.9590       251.3713       956.1791
       494.5086      -164.3470      -268.1130       356.9698
       836.2849       733.6626      -348.8640       145.5634
      1215.6990      -733.6630       348.8639       454.4366
       388.5753      -125.5000       325.3570      -105.6710
       731.0931       530.3350       434.9115      -214.1900
      1320.8910      -530.3350      -434.9120       814.1895
      1143.7419      -418.3430      -529.8060       913.3588
       994.4589      -453.0780       542.3561       686.5143
      1057.5260       453.0779      -542.3560       -86.5143
       228.0542        51.2200       175.4071        20.0170
       882.8164       748.7738      -328.0910       304.6998
      1169.1680      -748.7740       328.0909       295.3002
       393.7690      -173.0040      -190.4280       265.7888
      1065.7930       -77.3183       495.9210       930.4736
       986.1918        77.3183      -495.9210      -330.4740
       757.2416       -92.6576      -646.7830      -358.1680
      1000.3520      -658.6940      -221.8750       706.6697
      1051.6320       658.6934       221.8753      -106.6700
       224.9688       -65.2910       -91.1365       140.8022
       854.0760       775.9425       257.9490       206.4085
      1197.9080      -775.9430      -257.9490       393.5915
       536.3483      -481.6800       -85.8743      -173.3850
       947.1642      -216.8160       745.9978       524.7676
      1104.8199       216.8164      -745.9980        75.2324
       753.1031       181.2714      -600.9310       393.6617
      1033.6450      -186.9790       584.7858       820.5301
      1018.3390       186.9793      -584.7860      -220.5300
       394.5933      -290.9660      -197.4230      -117.6840
       661.9706       462.7651       -52.9905      -450.5870
      1390.0140      -462.7650        52.9905      1050.5870
       891.3057      -136.0060      -254.2270       832.5142
       626.4366      -210.8440       -49.3806      -572.1120
      1425.5480       210.8438        49.3806      1172.1121
       763.4800        95.8369      -350.9790       657.5060
       951.0956       764.8204      -108.3630       538.2129
      1100.8890      -764.8200       108.3627        61.7871
       403.7816      -111.1040       342.6879       122.6528
      1057.7620       -27.2333       533.3613       903.0107
       994.2220        27.2333      -533.3610      -303.0110
       358.1060      -181.3760      -197.4600       195.2826
      1008.7860       496.8366       460.0057       735.5143
      1043.1980      -496.8370      -460.0060      -135.5140
       393.7061        86.6691      -338.0900       122.3564
       723.4263       434.5407       508.4350      -240.4100
      1328.5580      -434.5410      -508.4350       840.4100
       562.9587      -470.7360      -250.1330       120.6097
       722.5647       512.3186      -426.8370      -243.3570
      1329.4200      -512.3190       426.8372       843.3567
       376.6874      -176.4230      -210.3580       219.7743
       789.0819      -424.4950      -651.1420       -15.8697
      1262.9030       424.4953       651.1414       615.8697
       963.1562       489.6466       744.9539       338.7373
      1013.6720      -300.6760       594.1964       752.2225
      1038.3120       300.6756      -594.1960      -152.2230
       463.5834      -152.1700      -277.6810      -310.5320
       666.9733       -23.8541       488.0212      -433.4780
      1385.0110        23.8541      -488.0210      1033.4780
      1152.3690       252.7227      -447.7800      1022.4290
      1085.0380       152.4975       378.4625       996.2943
       966.9459      -152.4980      -378.4630      -396.2940
       417.2468       289.2150       -83.0542      -255.6070
      1066.3350      -421.8900      -267.6270       932.3296
       985.6492       421.8898       267.6274      -332.3300
       251.5424      -160.2350      -107.3880       -88.5953
       937.8698       714.9940      -327.3170       492.9808
      1114.1150      -714.9940       327.3166       107.0192
       410.7218      -284.4900      -228.3920       131.8253
      1005.2190      -558.5850      -396.2930       723.3145
      1046.7650       558.5848       396.2928      -123.3150
       676.6053       594.9367        65.4094      -285.2190
       986.1644      -201.0640       693.3385       658.1476
      1065.8199       201.0641      -693.3390       -58.1476
       217.0927        43.0692       123.7618       108.3531
      1030.1760      -350.2030      -516.2020       808.6649
      1021.8090       350.2029       516.2017      -208.6650
       297.2736       204.2422      -107.4880       129.9467
       667.9058      -365.1370       330.7691      -430.2890
      1384.0790       365.1367      -330.7690      1030.2889
       283.0064       -72.1348      -236.8320        24.1428
       696.5350      -484.8430      -348.4200      -332.3780
      1355.4490       484.8430       348.4197       932.3778
       480.6852      -178.2570       166.1469       391.7413
       983.0226       292.6150      -665.8550       647.4025
    