2022/02/09 10:13:33.210936 [INFO] /data/duldul/bertram/NewPawian220123/Pawian/bin/singleChannelApp
2022/02/09 10:13:33.210977 [INFO] --epemFiles
2022/02/09 10:13:33.211004 [INFO] /data/duldul/bertram/NewPawian220123/Pawian/Examples/benchmark/epem/MultipoleFit/JpsiGamOmegaOmegaMultipole.cfg
2022/02/09 10:13:33.211016 [INFO] --mode
2022/02/09 10:13:33.211020 [INFO] server
2022/02/09 10:13:33.211023 [INFO] !
2022/02/09 10:13:33.211038 [INFO] 
                                       MMMMM
                                      M8NO  +M
                                    NO       M         ,MM
                                    MM     ?MN,   D8MMMO  :NMM
                               :MZ            ZM  MZ            NM,  M
                              M,          :M   MMN            DMMN M  ~
                             M        8MMM M  M,    7O: :M, M+     N:
                            M  =NMZ M     ,M8 M    ,O     MM   :    M
                            D  DM   M    $8        I= MM  $M   7    M
                           Z~ M M  O 8   8          M     N MM    DM
                           8, O    MM    M           :MM8,     ,, MMD
                           O:       M    87MMO ,  MM~                ,M,
                           I=O  M   M   M        M                     M
                           :M   M   N   M N,     M                    M~
                           :M  ?~  N    8I+  M    MMMMMMMMMMMMMMMOM? 7,
                            M  ++  M   8MZ7  M     M                MM
                            M   D  M  N   N   M,    ND          DM8,
                            M   M  M M~M               DMNM88= 8,
                            M    8  ?M?       M                 M~
                            M      N~8       ?$    :             M
                            NN      M     M  M     M             8:
                            D M    M   DDM   M     M               M,
                            D     ,D  D?M    N     M                 ND
                            M     M  ,O8$   ,7     M    M    M         M~
                            NN  8IO  M M    I=     =    M    M          ,M
                                 M  M                   M    M I          M
                                ~M ?8                 M M    M +M   MM     N
        N+I8MMM~                MM M ,      M         M D    M   M   MON   ~$
        M       NM              M8   M      O     D   M Z+  M:    M,  M M   M
         ,MMMD    88            8M   N     M      M         M      ~M  M M+  M
               7M, MI          +ZM  M      M      M        I$ $NI    M ,O M8 ?O
                 ?N M          I:   M      M       8       M     ,    M M     M
                  M +?         8,          N       M       N    :MMMMM7D M    M
                   D M         8,                  N,     ,$   M       M 8    8:
                   N,D,        ?:    =MMMMMZ               D  M         M  M  8ZMM
                    M ND       :Z=MO,                      N    MM8ZN8  M  M  M+ ,:~MMM 8~
                     M  DMMMMMNZ             D    ~MM        :MM        M   M MM    MNMM M
                     $7           DMMZZNOMMNMZ       M     =M       MZ  :7 MM   MM$ M8   N$ M
                       MO      MMZ        Z                +   ,MMD   +  D M~8  N  M       M
                          ?I=    D         8                        ,NMMMMO MM M 8  M     ID
                                  8        D                     MN,     M  ~,  MM       8N
     ,MNZ,  ,8MM         :~ZMMM,  :8       D                   8         ,M      N
   88           :M   M+         M  ,D       D                $            M      M
  M:       M      M ,7           D  8N$     8~             :D             M      M ?M,
  M    7   M      M M   +MM?     M ,8  D8    D=          ,D              Z?     ,O
  $I~ ~?  Z8     M  M      M     M 7+  M  :,   D$      8Z  M? M          M$D+M  7M?
   Z:  MMN       N, M     M?     M D   M          =$~   M :+  D,      NMMMMM OMM  MM          MMM
   O:           :M $Z    D8      M M   M          M     M O:  N      M     ,O     M M        M   N
   $~          M:  M  D  DM      O N   M   MM     M    :N M   M     +7      M     M  M       D   D
   ~=  MNMMMM8    D: $     M    ?Z M   D   M M    M    M  M   M     M M M   7,    M   M     D~   7=
   ~I     M       N  O     :$   N  M   D   8 Z=   M   M~  M   M     Z   N    M    M   D,    M    Z
    M     M      M   D     $~   M  M   N   M  M   M   M   Z   M    M         D    M    N    M    M
    M     M      O   M     M    M  M   M  M     ,M   Z7  N~   N    M  NM     M    N    M    M    M
 M  M     M     M    M     D    M  M   MMM   M M     M   M    M    N M  N    M   7$     D   M    M
  MMM7  MN     O$   M     M    N   M          +      M   M    $   N +I  ~+   M   M  ,   M   M    M
                MMM+      M    M   M       M,        N   M   O=   M M   ~?   M   M M~NN  M  8    M
                           N  $$   7M      M+       D    8   M    M M   D,   M   M M  M  ,N 8    D
                            D8:     M      OM      MN    D   M  , M M   M    M   O $  +~  $MZ    D
                                     :M88DM  N +MM+      MMM$M  N~+~N   D,   M  :8  D  M         N
                                                                 MMM     M   M  Z=  M  M         D

//************************************************************************//
//									  //
//  Copyright 2013 Bertram Kopf (bertram@ep1.rub.de)			  //
//  	      	   Julian Pychy (julian@ep1.rub.de)			  //
//          	   - Ruhr-Universität Bochum 				  //
//									  //
//  Pawian is free software: you can redistribute it and/or modify	  //
//  it under the terms of the GNU General Public License as published by  //
//  the Free Software Foundation, either version 3 of the License, or 	  //
//  (at your option) any later version.	 	      	  	   	  //
//									  //
//  Pawian is distributed in the hope that it will be useful,		  //
//  but WITHOUT ANY WARRANTY; without even the implied warranty of	  //
//  MERCHANTABILITY or FITNESS FOR A PARTICULAR PURPOSE.  See the	  //
//  GNU General Public License for more details.	      		  //
//									  //
//  You should have received a copy of the GNU General Public License     //
//  along with Pawian.  If not, see <http://www.gnu.org/licenses/>.	  //
//									  //
//************************************************************************//

   
2022/02/09 10:13:33.211050 [INFO] Compiled Jan 31 2022 10:43:54
2022/02/09 10:13:33.211054 [INFO] Hostname: pc36

Running with the following options using /data/duldul/bertram/NewPawian220123/Pawian/ConfigParser/global.cfg:

Error log mode: 1

data file: 

mc file: 

truth file: 

chosen unit in input file: GEV

chosen order in file: Px Py Pz E

file with start parameters for fit or qa: ./defaultparams.dat

startHypo: base

mode: server

number of threads: 2

ratioMcToData: 100

ratioTruthToMc: 100

cache amplitudes: 1

use data event weight: 0

use Monte Carlo event weight: 0

use truth event weight: 0

use phase space hyp: 0

use coherent phase space hyp: 0

prefit with free scaling factor: 0

pdg table: /Particle/pdtNew.table

minimumTolerance: 0.1

no of interpolated scattering points: 0

initial 4vector: 

projectile 4vector: 

prePathDataFiles: 

prePathKMatrixFiles: 

scalingWithChannelID: 0

fixAllPhases: 0

singleChannelId: 0

nllScalingFactor: 1

addChannelScalingId: 0

channelScalingSuffix: 

minuitStrategyLevel: 1

useParticleNameForPVecBg: 0

prodOrbMom1DFit: 0

decOrbMom1DFit: 0


epem channel configuration file: /data/duldul/bertram/NewPawian220123/Pawian/Examples/benchmark/epem/MultipoleFit/JpsiGamOmegaOmegaMultipole.cfg



the final state particles are:

decay system:

decay dynamics:

replaced suffix for fit parameter name

replaced mass key

replaced prod key

production system:

K-matrix prod suffix:

production formalism:	Cano
fitqRProduction:	0

histograms inv mass for systems

histograms decay angles for systems

mass range cuts:

mass range anti-cuts:

generator range:	

php dynamics:

2Dhistogram decay angles for systems

random seed:	44123

generate with model:	1

number of generated events:	10000

number of data events:	1000000

number of bootstrap events:	10000

number of bootstrap files:	1

boostrap file name:	bootstrapFile
sProdExponent =0
2022/02/09 10:13:33.212190 [INFO] numReactions: 1
2022/02/09 10:13:33.213446 [INFO] __argv[0]: /data/duldul/bertram/NewPawian220123/Pawian/bin/singleChannelApp
2022/02/09 10:13:33.213458 [INFO] __argv[1]: --epemFiles
2022/02/09 10:13:33.213463 [INFO] __argv[3]: --mode
2022/02/09 10:13:33.213468 [INFO] __argv[4]: server
2022/02/09 10:13:33.213472 [INFO] __argv[5]: !
2022/02/09 10:13:33.213484 [INFO] argvWCfgFile[0]= /data/duldul/bertram/NewPawian220123/Pawian/bin/singleChannelApp
2022/02/09 10:13:33.213488 [INFO] argvWCfgFile[1]= -c
2022/02/09 10:13:33.213492 [INFO] argvWCfgFile[2]= /data/duldul/bertram/NewPawian220123/Pawian/Examples/benchmark/epem/MultipoleFit/JpsiGamOmegaOmegaMultipole.cfg
2022/02/09 10:13:33.213496 [INFO] argvWCfgFile[3]= --mode
2022/02/09 10:13:33.213500 [INFO] argvWCfgFile[4]= server
2022/02/09 10:13:33.213503 [INFO] argvWCfgFile[5]= !

Running with the following options using /data/duldul/bertram/NewPawian220123/Pawian/Examples/benchmark/epem/MultipoleFit/JpsiGamOmegaOmegaMultipole.cfg:

Error log mode: 1

data file: ../toyDataSignal.dat

mc file: ../toyMC.dat

truth file: 

chosen unit in input file: GEV

chosen order in file: Px Py Pz E

file with start parameters for fit or qa: ./startparamsMultipole.dat

startHypo: base

mode: server

number of threads: 1

ratioMcToData: 6

ratioTruthToMc: 100

cache amplitudes: 1

use data event weight: 0

use Monte Carlo event weight: 0

use truth event weight: 0

use phase space hyp: 0

use coherent phase space hyp: 0

prefit with free scaling factor: 0

pdg table: /Particle/pdtNew.table

minimumTolerance: 0.1

no of interpolated scattering points: 0

initial 4vector: 3.096916 0.0305 0. 0.

projectile 4vector: 1.548458 0.01525 0. 1.54838281898986474

prePathDataFiles: 

prePathKMatrixFiles: 

scalingWithChannelID: 0

fixAllPhases: 0

singleChannelId: 0

nllScalingFactor: 1

addChannelScalingId: 0

channelScalingSuffix: 

minuitStrategyLevel: 1

useParticleNameForPVecBg: 0

prodOrbMom1DFit: 0

decOrbMom1DFit: 0


clone particles: pion+ pion1+
clone particles: pion- pion1-
clone particles: pion0 pion10
clone particles: pion+ pion2+
clone particles: pion- pion2-
clone particles: pion0 pion20
clone particles: omega omega1
clone particles: omega omega2

minuit parameter	_J1P-1C-1Tophoton_eta(2225)M1_Phi	 fixed
minuit parameter	L1S1_eta(2225)Toomega1_omega2Mag	 fixed
minuit parameter	L1S1_eta(2225)Toomega1_omega2Phi	 fixed
minuit parameter	L0S2_f2(1910)Toomega1_omega2Mag	 fixed
minuit parameter	L0S2_f2(1910)Toomega1_omega2Phi	 fixed
minuit parameter	L1S0_omega1Topion1+_pion1-_pion10Mag	 fixed
minuit parameter	L1S0_omega1Topion1+_pion1-_pion10Phi	 fixed
minuit parameter	L1S0_omega2Topion2+_pion2-_pion20Mag	 fixed
minuit parameter	L1S0_omega2Topion2+_pion2-_pion20Phi	 fixed


the final state particles are:
photon
pion1+
pion1-
pion10
pion2+
pion2-
pion20

decay system:
Cano omega1 To pion1+ pion1- pion10
Cano omega2 To pion2+ pion2- pion20
Cano eta(2225) To omega1 omega2
Cano f2(1910) To omega1 omega2

decay dynamics:
eta(2225) BreitWignerBlattWRel
f2(1910) BreitWignerBlattWRel

replaced suffix for fit parameter name

replaced mass key

replaced prod key

production system:
eta(2225) photon BlattWBarrier 0.66
f2(1910) photon BlattWBarrier 0.66

K-matrix prod suffix:

production formalism:	HeliMultipole
fitqRProduction:	0

histograms inv mass for systems
pion1+ pion1- pion10
pion1+ pion1- pion10 pion2+ pion2- pion20
photon pion1+ pion1- pion10
photon pion2+ pion2- pion20

histograms decay angles for systems
photon from pion1+ pion1- pion10 pion2+ pion2- pion20 photon
pion1+ pion1- pion10 from pion1+ pion1- pion10 pion2+ pion2- pion20
pion1+ and pion1- from pion1+ pion1- pion10
pion2+ and pion2- from pion2+ pion2- pion20

mass range cuts:
1.4 3.2 pion1+ pion1- pion10 pion2+ pion2- pion20
0.762 0.802 pion1+ pion1- pion10
0.762 0.802 pion2+ pion2- pion20

mass range anti-cuts:

generator range:	

php dynamics:

2Dhistogram decay angles for systems

random seed:	44123

generate with model:	1

number of generated events:	10000

number of data events:	5000

number of bootstrap events:	10000

number of bootstrap files:	1

boostrap file name:	bootstrapFile
sProdExponent =0

cms mass:	3.09692

spin density matrix calculation for particles

productionTensorRadType: Default

2022/02/09 10:13:33.214677 [INFO] initial4Vec: {Rank = 1 ( 3.09692,0.0305,0,0) } 
2022/02/09 10:13:33.214691 [INFO] projectile4Vec: {Rank = 1 ( 1.54846,0.01525,0,1.54838) } 
2022/02/09 10:13:33.214701 [INFO] Now replace the parser!!!
2022/02/09 10:13:33.215425 [ERROR] PwaApps/singleChannelApp.cc line 126: trying to set channel ID to 0
2022/02/09 10:13:33.215473 [INFO] 
The spins of the final state particles are:
2022/02/09 10:13:33.215481 [INFO] photon : 1
2022/02/09 10:13:33.215485 [INFO] pion1+ : 0
2022/02/09 10:13:33.215489 [INFO] pion1- : 0
2022/02/09 10:13:33.215492 [INFO] pion10 : 0
2022/02/09 10:13:33.215496 [INFO] pion2+ : 0
2022/02/09 10:13:33.215499 [INFO] pion2- : 0
2022/02/09 10:13:33.215503 [INFO] pion20 : 0
2022/02/09 10:13:33.215507 [INFO] 
current projection is:
2022/02/09 10:13:33.215512 [INFO] 0	lambda: -1
2022/02/09 10:13:33.215516 [INFO] 0	lambda: 0
2022/02/09 10:13:33.215520 [INFO] 0	lambda: 0
2022/02/09 10:13:33.215523 [INFO] 0	lambda: 0
2022/02/09 10:13:33.215527 [INFO] 0	lambda: 0
2022/02/09 10:13:33.215530 [INFO] 0	lambda: 0
2022/02/09 10:13:33.215534 [INFO] 0	lambda: 0
2022/02/09 10:13:33.215539 [INFO] 
current projection is:
2022/02/09 10:13:33.215543 [INFO] 1	lambda: 1
2022/02/09 10:13:33.215546 [INFO] 0	lambda: 0
2022/02/09 10:13:33.215550 [INFO] 0	lambda: 0
2022/02/09 10:13:33.215553 [INFO] 0	lambda: 0
2022/02/09 10:13:33.215557 [INFO] 0	lambda: 0
2022/02/09 10:13:33.215561 [INFO] 0	lambda: 0
2022/02/09 10:13:33.215564 [INFO] 0	lambda: 0
2022/02/09 10:13:33.215648 [INFO] added decay omega1Topion1+_pion1-_pion10 to decay list
2022/02/09 10:13:33.215669 [INFO] added decay omega2Topion2+_pion2-_pion20 to decay list

JPCLS amplitudes for decay	eta(2225)Toomega1_omega2:
suffix for fit parameter name:	eta(2225)Toomega1_omega2
JPC=0-+	L,S=1,1	preFactorLS=0
with further decay:
LS amplitudes for decay	omega1Topion1+_pion1-_pion10:
suffix for fit parameter name:	omega1Topion1+_pion1-_pion10
	L,S=1,0


with further decay:
LS amplitudes for decay	omega2Topion2+_pion2-_pion20:
suffix for fit parameter name:	omega2Topion2+_pion2-_pion20
	L,S=1,0




2022/02/09 10:13:33.215707 [INFO] added decay eta(2225)Toomega1_omega2 to decay list

JPCLS amplitudes for decay	f2(1910)Toomega1_omega2:
suffix for fit parameter name:	f2(1910)Toomega1_omega2
JPC=2++	L,S=2,0	preFactorLS=0
JPC=2++	L,S=0,2	preFactorLS=0
JPC=2++	L,S=2,2	preFactorLS=0
JPC=2++	L,S=4,2	preFactorLS=0
with further decay:
LS amplitudes for decay	omega1Topion1+_pion1-_pion10:
suffix for fit parameter name:	omega1Topion1+_pion1-_pion10
	L,S=1,0


with further decay:
LS amplitudes for decay	omega2Topion2+_pion2-_pion20:
suffix for fit parameter name:	omega2Topion2+_pion2-_pion20
	L,S=1,0




2022/02/09 10:13:33.215742 [INFO] added decay f2(1910)Toomega1_omega2 to decay list

***ProdChannelInfo***
***ProdChannelInfo***
particle1: eta(2225)	particle2: photon
with production barrier: 1
prod barrier type: BlattWBarrier
with qR = 0.66

***ProdChannelInfo***
***ProdChannelInfo***
particle1: f2(1910)	particle2: photon
with production barrier: 1
prod barrier type: BlattWBarrier
with qR = 0.66
2022/02/09 10:13:33.215793 [INFO] 
MassRangeCont:	1.4
2022/02/09 10:13:33.215801 [INFO] 
MassRangeCont:	3.2
2022/02/09 10:13:33.215806 [INFO] 
MassRangeCont:	pion1+
2022/02/09 10:13:33.215814 [INFO] 
MassRangeCont:	pion1-
2022/02/09 10:13:33.215818 [INFO] 
MassRangeCont:	pion10
2022/02/09 10:13:33.215822 [INFO] 
MassRangeCont:	pion2+
2022/02/09 10:13:33.215826 [INFO] 
MassRangeCont:	pion2-
2022/02/09 10:13:33.215831 [INFO] 
MassRangeCont:	pion20
2022/02/09 10:13:33.215835 [INFO] mass cut on inv mass of the final state particles:
2022/02/09 10:13:33.215839 [INFO] pion1+
2022/02/09 10:13:33.215842 [INFO] pion1-
2022/02/09 10:13:33.215846 [INFO] pion10
2022/02/09 10:13:33.215849 [INFO] pion2+
2022/02/09 10:13:33.215856 [INFO] pion2-
2022/02/09 10:13:33.215860 [INFO] pion20
2022/02/09 10:13:33.215866 [INFO] 	massMin = 1.4	massmax = 3.2
2022/02/09 10:13:33.215875 [INFO] 
MassRangeCont:	0.762
2022/02/09 10:13:33.215881 [INFO] 
MassRangeCont:	0.802
2022/02/09 10:13:33.215885 [INFO] 
MassRangeCont:	pion1+
2022/02/09 10:13:33.215890 [INFO] 
MassRangeCont:	pion1-
2022/02/09 10:13:33.215894 [INFO] 
MassRangeCont:	pion10
2022/02/09 10:13:33.215898 [INFO] mass cut on inv mass of the final state particles:
2022/02/09 10:13:33.215901 [INFO] pion1+
2022/02/09 10:13:33.215905 [INFO] pion1-
2022/02/09 10:13:33.215908 [INFO] pion10
2022/02/09 10:13:33.215913 [INFO] 	massMin = 0.762	massmax = 0.802
2022/02/09 10:13:33.215919 [INFO] 
MassRangeCont:	0.762
2022/02/09 10:13:33.215923 [INFO] 
MassRangeCont:	0.802
2022/02/09 10:13:33.215928 [INFO] 
MassRangeCont:	pion2+
2022/02/09 10:13:33.215932 [INFO] 
MassRangeCont:	pion2-
2022/02/09 10:13:33.215936 [INFO] 
MassRangeCont:	pion20
2022/02/09 10:13:33.215940 [INFO] mass cut on inv mass of the final state particles:
2022/02/09 10:13:33.215944 [INFO] pion2+
2022/02/09 10:13:33.215947 [INFO] pion2-
2022/02/09 10:13:33.215951 [INFO] pion20
2022/02/09 10:13:33.215955 [INFO] 	massMin = 0.762	massmax = 0.802
eta(2225)	mass=2.23+0-0	width=0.15+0-0	3*q=0	2*J=0	P=-1	p=-2	C=1	c=-2	G=-2	theGParity=1	2*I=0	2*I3=0	charm=0	strange=0
photon	mass=0+0-0	width=0+0-0	3*q=0	2*J=2	P=-1	p=-2	C=-1	c=-2	G=-2	theGParity=1	2*I=0	2*I3=0	charm=0	strange=0

JPCLS amplitudes for decay	I0G-1J1P-1C-1Toeta(2225)_photon:
suffix for fit parameter name:	J1P-1C-1Toeta(2225)_photon
JPC=1--	L,S=1,1	preFactorLS=0
with further decay:
JPCLS amplitudes for decay	eta(2225)Toomega1_omega2:
suffix for fit parameter name:	eta(2225)Toomega1_omega2
JPC=0-+	L,S=1,1	preFactorLS=0
with further decay:
LS amplitudes for decay	omega1Topion1+_pion1-_pion10:
suffix for fit parameter name:	omega1Topion1+_pion1-_pion10
	L,S=1,0


with further decay:
LS amplitudes for decay	omega2Topion2+_pion2-_pion20:
suffix for fit parameter name:	omega2Topion2+_pion2-_pion20
	L,S=1,0






eta(2225)	mass=2.23+0-0	width=0.15+0-0	3*q=0	2*J=0	P=-1	p=-2	C=1	c=-2	G=-2	theGParity=1	2*I=0	2*I3=0	charm=0	strange=0
photon	mass=0+0-0	width=0+0-0	3*q=0	2*J=2	P=-1	p=-2	C=-1	c=-2	G=-2	theGParity=1	2*I=0	2*I3=0	charm=0	strange=0

JPCLS tensor amplitudes for decay	I0G-1J1P-1C-1Toeta(2225)_photon:
suffix for fit parameter name:	J1P-1C-1Toeta(2225)_photon
JPC=1--	L,S=1,1	preFactorLS=0
with further decay:
JPCLS amplitudes for decay	eta(2225)Toomega1_omega2:
suffix for fit parameter name:	eta(2225)Toomega1_omega2
JPC=0-+	L,S=1,1	preFactorLS=0
with further decay:
LS amplitudes for decay	omega1Topion1+_pion1-_pion10:
suffix for fit parameter name:	omega1Topion1+_pion1-_pion10
	L,S=1,0


with further decay:
LS amplitudes for decay	omega2Topion2+_pion2-_pion20:
suffix for fit parameter name:	omega2Topion2+_pion2-_pion20
	L,S=1,0






photon	mass=0+0-0	width=0+0-0	3*q=0	2*J=2	P=-1	p=-2	C=-1	c=-2	G=-2	theGParity=1	2*I=0	2*I3=0	charm=0	strange=0
eta(2225)	mass=2.23+0-0	width=0.15+0-0	3*q=0	2*J=0	P=-1	p=-2	C=1	c=-2	G=-2	theGParity=1	2*I=0	2*I3=0	charm=0	strange=0
2022/02/09 10:13:33.216133 [INFO] daughter2->twoJ()%2 = 0_XisEven: 1  daughter2->theParity(): -1

JPCLS tensor amplitudes for decay	I0G-1J1P-1C-1Tophoton_eta(2225):
suffix for fit parameter name:	J1P-1C-1Tophoton_eta(2225)
JPC=1--	L,S=1,1	preFactorLS=0
with further decay:
JPCLS amplitudes for decay	eta(2225)Toomega1_omega2:
suffix for fit parameter name:	eta(2225)Toomega1_omega2
JPC=0-+	L,S=1,1	preFactorLS=0
with further decay:
LS amplitudes for decay	omega1Topion1+_pion1-_pion10:
suffix for fit parameter name:	omega1Topion1+_pion1-_pion10
	L,S=1,0


with further decay:
LS amplitudes for decay	omega2Topion2+_pion2-_pion20:
suffix for fit parameter name:	omega2Topion2+_pion2-_pion20
	L,S=1,0






eta(2225)	mass=2.23+0-0	width=0.15+0-0	3*q=0	2*J=0	P=-1	p=-2	C=1	c=-2	G=-2	theGParity=1	2*I=0	2*I3=0	charm=0	strange=0
photon	mass=0+0-0	width=0+0-0	3*q=0	2*J=2	P=-1	p=-2	C=-1	c=-2	G=-2	theGParity=1	2*I=0	2*I3=0	charm=0	strange=0

JPClamlam amplitudes for decay	I0G-1J1P-1C-1Toeta(2225)_photon:
suffix for fit parameter name:	J1P-1C-1Toeta(2225)_photon
JPC=1--	Lam1,Lam2=0,1	parityFactor=1
with further decay:
JPCLS amplitudes for decay	eta(2225)Toomega1_omega2:
suffix for fit parameter name:	eta(2225)Toomega1_omega2
JPC=0-+	L,S=1,1	preFactorLS=0
with further decay:
LS amplitudes for decay	omega1Topion1+_pion1-_pion10:
suffix for fit parameter name:	omega1Topion1+_pion1-_pion10
	L,S=1,0


with further decay:
LS amplitudes for decay	omega2Topion2+_pion2-_pion20:
suffix for fit parameter name:	omega2Topion2+_pion2-_pion20
	L,S=1,0






photon	mass=0+0-0	width=0+0-0	3*q=0	2*J=2	P=-1	p=-2	C=-1	c=-2	G=-2	theGParity=1	2*I=0	2*I3=0	charm=0	strange=0
eta(2225)	mass=2.23+0-0	width=0.15+0-0	3*q=0	2*J=0	P=-1	p=-2	C=1	c=-2	G=-2	theGParity=1	2*I=0	2*I3=0	charm=0	strange=0

JPClamlam amplitudes for decay	I0G-1J1P-1C-1Tophoton_eta(2225):
suffix for fit parameter name:	J1P-1C-1Tophoton_eta(2225)
JPC=1--	Lam1,Lam2=1,0	parityFactor=1
with further decay:
JPCLS amplitudes for decay	eta(2225)Toomega1_omega2:
suffix for fit parameter name:	eta(2225)Toomega1_omega2
JPC=0-+	L,S=1,1	preFactorLS=0
with further decay:
LS amplitudes for decay	omega1Topion1+_pion1-_pion10:
suffix for fit parameter name:	omega1Topion1+_pion1-_pion10
	L,S=1,0


with further decay:
LS amplitudes for decay	omega2Topion2+_pion2-_pion20:
suffix for fit parameter name:	omega2Topion2+_pion2-_pion20
	L,S=1,0






f2(1910)	mass=1.941+0-0	width=0.17+0-0	3*q=0	2*J=4	P=1	p=-2	C=1	c=-2	G=-2	theGParity=1	2*I=0	2*I3=0	charm=0	strange=0
photon	mass=0+0-0	width=0+0-0	3*q=0	2*J=2	P=-1	p=-2	C=-1	c=-2	G=-2	theGParity=1	2*I=0	2*I3=0	charm=0	strange=0

JPCLS amplitudes for decay	I0G-1J1P-1C-1Tof2(1910)_photon:
suffix for fit parameter name:	J1P-1C-1Tof2(1910)_photon
JPC=1--	L,S=0,1	preFactorLS=0
JPC=1--	L,S=2,1	preFactorLS=0
JPC=1--	L,S=2,2	preFactorLS=0
JPC=1--	L,S=2,3	preFactorLS=0
JPC=1--	L,S=4,3	preFactorLS=0
with further decay:
JPCLS amplitudes for decay	f2(1910)Toomega1_omega2:
suffix for fit parameter name:	f2(1910)Toomega1_omega2
JPC=2++	L,S=2,0	preFactorLS=0
JPC=2++	L,S=0,2	preFactorLS=0
JPC=2++	L,S=2,2	preFactorLS=0
JPC=2++	L,S=4,2	preFactorLS=0
with further decay:
LS amplitudes for decay	omega1Topion1+_pion1-_pion10:
suffix for fit parameter name:	omega1Topion1+_pion1-_pion10
	L,S=1,0


with further decay:
LS amplitudes for decay	omega2Topion2+_pion2-_pion20:
suffix for fit parameter name:	omega2Topion2+_pion2-_pion20
	L,S=1,0






f2(1910)	mass=1.941+0-0	width=0.17+0-0	3*q=0	2*J=4	P=1	p=-2	C=1	c=-2	G=-2	theGParity=1	2*I=0	2*I3=0	charm=0	strange=0
photon	mass=0+0-0	width=0+0-0	3*q=0	2*J=2	P=-1	p=-2	C=-1	c=-2	G=-2	theGParity=1	2*I=0	2*I3=0	charm=0	strange=0

JPCLS tensor amplitudes for decay	I0G-1J1P-1C-1Tof2(1910)_photon:
suffix for fit parameter name:	J1P-1C-1Tof2(1910)_photon
JPC=1--	L,S=0,1	preFactorLS=0
JPC=1--	L,S=2,1	preFactorLS=0
JPC=1--	L,S=2,2	preFactorLS=0
JPC=1--	L,S=2,3	preFactorLS=0
JPC=1--	L,S=4,3	preFactorLS=0
with further decay:
JPCLS amplitudes for decay	f2(1910)Toomega1_omega2:
suffix for fit parameter name:	f2(1910)Toomega1_omega2
JPC=2++	L,S=2,0	preFactorLS=0
JPC=2++	L,S=0,2	preFactorLS=0
JPC=2++	L,S=2,2	preFactorLS=0
JPC=2++	L,S=4,2	preFactorLS=0
with further decay:
LS amplitudes for decay	omega1Topion1+_pion1-_pion10:
suffix for fit parameter name:	omega1Topion1+_pion1-_pion10
	L,S=1,0


with further decay:
LS amplitudes for decay	omega2Topion2+_pion2-_pion20:
suffix for fit parameter name:	omega2Topion2+_pion2-_pion20
	L,S=1,0






photon	mass=0+0-0	width=0+0-0	3*q=0	2*J=2	P=-1	p=-2	C=-1	c=-2	G=-2	theGParity=1	2*I=0	2*I3=0	charm=0	strange=0
f2(1910)	mass=1.941+0-0	width=0.17+0-0	3*q=0	2*J=4	P=1	p=-2	C=1	c=-2	G=-2	theGParity=1	2*I=0	2*I3=0	charm=0	strange=0
2022/02/09 10:13:33.216332 [INFO] daughter2->twoJ()%2 = 0_XisEven: 1  daughter2->theParity(): 1

JPCLS tensor amplitudes for decay	I0G-1J1P-1C-1Tophoton_f2(1910):
suffix for fit parameter name:	J1P-1C-1Tophoton_f2(1910)
JPC=1--	L,S=0,1	preFactorLS=0
JPC=1--	L,S=2,1	preFactorLS=0
JPC=1--	L,S=2,2	preFactorLS=0
JPC=1--	L,S=2,3	preFactorLS=0
JPC=1--	L,S=4,3	preFactorLS=0
with further decay:
JPCLS amplitudes for decay	f2(1910)Toomega1_omega2:
suffix for fit parameter name:	f2(1910)Toomega1_omega2
JPC=2++	L,S=2,0	preFactorLS=0
JPC=2++	L,S=0,2	preFactorLS=0
JPC=2++	L,S=2,2	preFactorLS=0
JPC=2++	L,S=4,2	preFactorLS=0
with further decay:
LS amplitudes for decay	omega1Topion1+_pion1-_pion10:
suffix for fit parameter name:	omega1Topion1+_pion1-_pion10
	L,S=1,0


with further decay:
LS amplitudes for decay	omega2Topion2+_pion2-_pion20:
suffix for fit parameter name:	omega2Topion2+_pion2-_pion20
	L,S=1,0






f2(1910)	mass=1.941+0-0	width=0.17+0-0	3*q=0	2*J=4	P=1	p=-2	C=1	c=-2	G=-2	theGParity=1	2*I=0	2*I3=0	charm=0	strange=0
photon	mass=0+0-0	width=0+0-0	3*q=0	2*J=2	P=-1	p=-2	C=-1	c=-2	G=-2	theGParity=1	2*I=0	2*I3=0	charm=0	strange=0

JPClamlam amplitudes for decay	I0G-1J1P-1C-1Tof2(1910)_photon:
suffix for fit parameter name:	J1P-1C-1Tof2(1910)_photon
JPC=1--	Lam1,Lam2=2,1	parityFactor=1
JPC=1--	Lam1,Lam2=1,1	parityFactor=1
JPC=1--	Lam1,Lam2=0,1	parityFactor=1
with further decay:
JPCLS amplitudes for decay	f2(1910)Toomega1_omega2:
suffix for fit parameter name:	f2(1910)Toomega1_omega2
JPC=2++	L,S=2,0	preFactorLS=0
JPC=2++	L,S=0,2	preFactorLS=0
JPC=2++	L,S=2,2	preFactorLS=0
JPC=2++	L,S=4,2	preFactorLS=0
with further decay:
LS amplitudes for decay	omega1Topion1+_pion1-_pion10:
suffix for fit parameter name:	omega1Topion1+_pion1-_pion10
	L,S=1,0


with further decay:
LS amplitudes for decay	omega2Topion2+_pion2-_pion20:
suffix for fit parameter name:	omega2Topion2+_pion2-_pion20
	L,S=1,0






photon	mass=0+0-0	width=0+0-0	3*q=0	2*J=2	P=-1	p=-2	C=-1	c=-2	G=-2	theGParity=1	2*I=0	2*I3=0	charm=0	strange=0
f2(1910)	mass=1.941+0-0	width=0.17+0-0	3*q=0	2*J=4	P=1	p=-2	C=1	c=-2	G=-2	theGParity=1	2*I=0	2*I3=0	charm=0	strange=0

JPClamlam amplitudes for decay	I0G-1J1P-1C-1Tophoton_f2(1910):
suffix for fit parameter name:	J1P-1C-1Tophoton_f2(1910)
JPC=1--	Lam1,Lam2=1,0	parityFactor=1
JPC=1--	Lam1,Lam2=1,1	parityFactor=1
JPC=1--	Lam1,Lam2=1,2	parityFactor=1
with further decay:
JPCLS amplitudes for decay	f2(1910)Toomega1_omega2:
suffix for fit parameter name:	f2(1910)Toomega1_omega2
JPC=2++	L,S=2,0	preFactorLS=0
JPC=2++	L,S=0,2	preFactorLS=0
JPC=2++	L,S=2,2	preFactorLS=0
JPC=2++	L,S=4,2	preFactorLS=0
with further decay:
LS amplitudes for decay	omega1Topion1+_pion1-_pion10:
suffix for fit parameter name:	omega1Topion1+_pion1-_pion10
	L,S=1,0


with further decay:
LS amplitudes for decay	omega2Topion2+_pion2-_pion20:
suffix for fit parameter name:	omega2Topion2+_pion2-_pion20
	L,S=1,0






2022/02/09 10:13:33.216428 [INFO] _prodChannelInfo->prodBarrierType(): BlattWBarrier
2022/02/09 10:13:33.216433 [INFO] Barrier factors for production amplitude I0G-1J1P-1C-1Tophoton_eta(2225) enabled!
2022/02/09 10:13:33.216461 [INFO] BlattWBarrierDynamics for I0G-1J1P-1C-1Tophoton_eta(2225)
2022/02/09 10:13:33.216467 [INFO] add dynamics for I0G-1J1P-1C-1Tophoton_eta(2225) dynType: BlattWBarrier
2022/02/09 10:13:33.216477 [INFO] _prodChannelInfo->prodBarrierType(): BlattWBarrier
2022/02/09 10:13:33.216481 [INFO] Barrier factors for production amplitude I0G-1J1P-1C-1Tophoton_f2(1910) enabled!
2022/02/09 10:13:33.216491 [INFO] BlattWBarrierDynamics for I0G-1J1P-1C-1Tophoton_f2(1910)
2022/02/09 10:13:33.216496 [INFO] add dynamics for I0G-1J1P-1C-1Tophoton_f2(1910) dynType: BlattWBarrier
2022/02/09 10:13:33.216513 [INFO] AmpName: eta(2225)Toomega1_omega2  radius for barrier factor qr= 0.1973
2022/02/09 10:13:33.216528 [INFO] BreitWignerRelDynamics for eta(2225)Toomega1_omega2 with  mass key daughter1 pion1+pion1-pion10pion2+pion2-pion20pion1+pion1-pion10 and mass key daughter2 pion1+pion1-pion10pion2+pion2-pion20pion2+pion2-pion20
2022/02/09 10:13:33.216534 [INFO] add dynamics for eta(2225)Toomega1_omega2 dynType: BreitWignerBlattWRel
2022/02/09 10:13:33.216543 [INFO] AmpName: f2(1910)Toomega1_omega2  radius for barrier factor qr= 0.1973
2022/02/09 10:13:33.216552 [INFO] BreitWignerRelDynamics for f2(1910)Toomega1_omega2 with  mass key daughter1 pion1+pion1-pion10pion2+pion2-pion20pion1+pion1-pion10 and mass key daughter2 pion1+pion1-pion10pion2+pion2-pion20pion2+pion2-pion20
2022/02/09 10:13:33.216559 [INFO] add dynamics for f2(1910)Toomega1_omega2 dynType: BreitWignerBlattWRel
2022/02/09 10:13:33.216567 [INFO] I0G-1J1P-1C-1Tophoton_eta(2225) set decay level to 0
2022/02/09 10:13:33.216572 [INFO] eta(2225)Toomega1_omega2 set decay level to 1
2022/02/09 10:13:33.216577 [INFO] omega1Topion1+_pion1-_pion10 set decay level to 2
2022/02/09 10:13:33.216582 [INFO] omega2Topion2+_pion2-_pion20 set decay level to 2
2022/02/09 10:13:33.216586 [INFO] I0G-1J1P-1C-1Tophoton_f2(1910) set decay level to 0
2022/02/09 10:13:33.216591 [INFO] f2(1910)Toomega1_omega2 set decay level to 1
2022/02/09 10:13:33.216597 [ERROR] PwaUtils/GlobalEnv.cc line 194: setting up channel 0
2022/02/09 10:13:33.216602 [INFO] check complete reaction chains
2022/02/09 10:13:33.216607 [INFO] paricle name: photon
2022/02/09 10:13:33.216610 [INFO] paricle name: pion1+
2022/02/09 10:13:33.216614 [INFO] paricle name: pion1-
2022/02/09 10:13:33.216617 [INFO] paricle name: pion10
2022/02/09 10:13:33.216621 [INFO] paricle name: pion2+
2022/02/09 10:13:33.216624 [INFO] paricle name: pion2-
2022/02/09 10:13:33.216628 [INFO] paricle name: pion20
2022/02/09 10:13:33.216633 [INFO] reaction chains have been successfully checked!!!
2022/02/09 10:13:33.216643 [INFO] wigDWigDRefId = 1
2022/02/09 10:13:33.216654 [INFO] name of amplitude: omega1Topion1+_pion1-_pion10	nameId: 1
_wigDWigDRefId = 1	_wignerDId = 2
with wignerDKey: omegaTo3piLS_pion1+pion1-pion10	wignerDRefKey: pion1+pion1-pion10pion2+pion2-pion20
2022/02/09 10:13:33.216662 [INFO] wigDWigDRefId = 2
2022/02/09 10:13:33.216667 [INFO] name of amplitude: omega2Topion2+_pion2-_pion20	nameId: 3
_wigDWigDRefId = 2	_wignerDId = 4
with wignerDKey: omegaTo3piLS_pion2+pion2-pion20	wignerDRefKey: pion1+pion1-pion10pion2+pion2-pion20
2022/02/09 10:13:33.216674 [INFO] wigDWigDRefId = 3
2022/02/09 10:13:33.216678 [INFO] name of amplitude: eta(2225)Toomega1_omega2	nameId: 5
_wigDWigDRefId = 3	_wignerDId = 6
with wignerDKey: pion2+pion2-pion20_pion1+pion1-pion10pion2+pion2-pion20	wignerDRefKey: photonpion1+pion1-pion10pion2+pion2-pion20
2022/02/09 10:13:33.216684 [INFO] wigDWigDRefId = 4
2022/02/09 10:13:33.216689 [INFO] name of amplitude: I0G-1J1P-1C-1Tophoton_eta(2225)	nameId: 7
_wigDWigDRefId = 4	_wignerDId = 8
with wignerDKey: pion1+pion1-pion10pion2+pion2-pion20_photonpion1+pion1-pion10pion2+pion2-pion20	wignerDRefKey: prod
2022/02/09 10:13:33.216695 [INFO] wigDWigDRefId = 3
2022/02/09 10:13:33.216700 [INFO] name of amplitude: f2(1910)Toomega1_omega2	nameId: 9
_wigDWigDRefId = 3	_wignerDId = 6
with wignerDKey: pion2+pion2-pion20_pion1+pion1-pion10pion2+pion2-pion20	wignerDRefKey: photonpion1+pion1-pion10pion2+pion2-pion20
2022/02/09 10:13:33.216705 [INFO] wigDWigDRefId = 4
2022/02/09 10:13:33.216709 [INFO] name of amplitude: I0G-1J1P-1C-1Tophoton_f2(1910)	nameId: 10
_wigDWigDRefId = 4	_wignerDId = 8
with wignerDKey: pion1+pion1-pion10pion2+pion2-pion20_photonpion1+pion1-pion10pion2+pion2-pion20	wignerDRefKey: prod
2022/02/09 10:13:33.216717 [INFO] create likelihood object for channelType 2	 and channelID: 0
2022/02/09 10:13:33.216751 [INFO] Dynamics	I0G-1J1P-1C-1Tophoton_eta(2225)	found!!!
2022/02/09 10:13:33.216769 [INFO] Dynamics	eta(2225)Toomega1_omega2	found!!!
2022/02/09 10:13:33.216774 [WARN] PwaUtils/AbsXdecAmp.cc line 91: no dynamics for	omega1Topion1+_pion1-_pion10
2022/02/09 10:13:33.216793 [INFO] add dynamics for omega1Topion1+_pion1-_pion10 dynType: WoDynamics
2022/02/09 10:13:33.216800 [INFO] _fsParticleNames.at(0): photon
2022/02/09 10:13:33.216804 [INFO] _fsParticleNames.at(1): pion1+
2022/02/09 10:13:33.216808 [INFO] _fsParticleNames.at(0): photon
2022/02/09 10:13:33.216812 [INFO] _fsParticleNames.at(1): pion1+
2022/02/09 10:13:33.216815 [INFO] _fsParticleNames.at(2): pion1-
2022/02/09 10:13:33.216821 [INFO] _parityFactor=	-1
2022/02/09 10:13:33.216833 [WARN] PwaUtils/AbsXdecAmp.cc line 102: no dynamics for	omega2Topion2+_pion2-_pion20
2022/02/09 10:13:33.216847 [INFO] add dynamics for omega2Topion2+_pion2-_pion20 dynType: WoDynamics
2022/02/09 10:13:33.216856 [INFO] _fsParticleNames.at(0): photon
2022/02/09 10:13:33.216860 [INFO] _fsParticleNames.at(1): pion1+
2022/02/09 10:13:33.216864 [INFO] _fsParticleNames.at(2): pion1-
2022/02/09 10:13:33.216868 [INFO] _fsParticleNames.at(3): pion10
2022/02/09 10:13:33.216872 [INFO] _fsParticleNames.at(4): pion2+
2022/02/09 10:13:33.216875 [INFO] _fsParticleNames.at(0): photon
2022/02/09 10:13:33.216879 [INFO] _fsParticleNames.at(1): pion1+
2022/02/09 10:13:33.216882 [INFO] _fsParticleNames.at(2): pion1-
2022/02/09 10:13:33.216886 [INFO] _fsParticleNames.at(3): pion10
2022/02/09 10:13:33.216890 [INFO] _fsParticleNames.at(4): pion2+
2022/02/09 10:13:33.216893 [INFO] _fsParticleNames.at(5): pion2-
2022/02/09 10:13:33.216898 [INFO] _parityFactor=	-1
2022/02/09 10:13:33.216910 [INFO] _parityFactor=	1
2022/02/09 10:13:33.216934 [INFO] _fsParticleNames.at(0): photon
2022/02/09 10:13:33.216941 [INFO] _parityFactor=	-1
2022/02/09 10:13:33.216963 [INFO] Dynamics	I0G-1J1P-1C-1Tophoton_f2(1910)	found!!!
2022/02/09 10:13:33.216974 [INFO] Dynamics	f2(1910)Toomega1_omega2	found!!!
2022/02/09 10:13:33.216983 [WARN] PwaUtils/AbsXdecAmp.cc line 91: no dynamics for	omega1Topion1+_pion1-_pion10
2022/02/09 10:13:33.216988 [WARN] PwaUtils/AbsXdecAmp.cc line 102: no dynamics for	omega2Topion2+_pion2-_pion20
2022/02/09 10:13:33.216994 [INFO] _parityFactor=	1
2022/02/09 10:13:33.217054 [INFO] _fsParticleNames.at(0): photon
2022/02/09 10:13:33.217061 [INFO] _parityFactor=	1
2022/02/09 10:13:33.217075 [INFO] 
*** The fit parameter replacements are ***
2022/02/09 10:13:33.224668 [INFO] _J1P-1C-1Tophoton_eta(2225)M1_Mag	1	0.5
2022/02/09 10:13:33.224697 [INFO] _J1P-1C-1Tophoton_eta(2225)M1_Phi	0	0.2
2022/02/09 10:13:33.224708 [INFO] L1S1_eta(2225)Toomega1_omega2Mag	1	0.5
2022/02/09 10:13:33.224718 [INFO] L1S1_eta(2225)Toomega1_omega2Phi	0	0.2
2022/02/09 10:13:33.224727 [INFO] eta(2225)Mass	2.15	0.03	2.08	2.38
2022/02/09 10:13:33.224735 [INFO] eta(2225)Width	0.14	0.03	0	0.3
2022/02/09 10:13:33.224742 [INFO] L1S0_omega1Topion1+_pion1-_pion10Mag	1	0.5
2022/02/09 10:13:33.224749 [INFO] L1S0_omega1Topion1+_pion1-_pion10Phi	0	0.2
2022/02/09 10:13:33.224755 [INFO] L1S0_omega2Topion2+_pion2-_pion20Mag	1	0.5
2022/02/09 10:13:33.224766 [INFO] L1S0_omega2Topion2+_pion2-_pion20Phi	0	0.2
2022/02/09 10:13:33.224772 [INFO] _J1P-1C-1Tophoton_f2(1910)E1_Mag	1	0.5
2022/02/09 10:13:33.224779 [INFO] _J1P-1C-1Tophoton_f2(1910)E1_Phi	0	0.2
2022/02/09 10:13:33.224785 [INFO] _J1P-1C-1Tophoton_f2(1910)M2_Mag	1	0.5
2022/02/09 10:13:33.224791 [INFO] _J1P-1C-1Tophoton_f2(1910)M2_Phi	0	0.2
2022/02/09 10:13:33.224797 [INFO] _J1P-1C-1Tophoton_f2(1910)E3_Mag	1	0.5
2022/02/09 10:13:33.224803 [INFO] _J1P-1C-1Tophoton_f2(1910)E3_Phi	0	0.2
2022/02/09 10:13:33.224810 [INFO] L2S0_f2(1910)Toomega1_omega2Mag	0.5	0.25
2022/02/09 10:13:33.224819 [INFO] L2S0_f2(1910)Toomega1_omega2Phi	0	0.2
2022/02/09 10:13:33.224826 [INFO] L0S2_f2(1910)Toomega1_omega2Mag	0.5	0.25
2022/02/09 10:13:33.224832 [INFO] L0S2_f2(1910)Toomega1_omega2Phi	0	0.2
2022/02/09 10:13:33.224839 [INFO] L2S2_f2(1910)Toomega1_omega2Mag	0.5	0.25
2022/02/09 10:13:33.224845 [INFO] L2S2_f2(1910)Toomega1_omega2Phi	0	0.2
2022/02/09 10:13:33.224851 [INFO] L4S2_f2(1910)Toomega1_omega2Mag	0.5	0.25
2022/02/09 10:13:33.224858 [INFO] L4S2_f2(1910)Toomega1_omega2Phi	0	0.2
2022/02/09 10:13:33.224864 [INFO] f2(1910)Mass	1.97	0.03	1.791	2.091
2022/02/09 10:13:33.224871 [INFO] f2(1910)Width	0.16	0.034	0	0.34
2022/02/09 10:13:33.224879 [INFO] channelType2photonpion1+pion1-pion10pion2+pion2-pion20Scaling	1	0.01	0	20


 parameters in pawianParams are: 

_J1P-1C-1Tophoton_eta(2225)M1_Mag	1	0.5
_J1P-1C-1Tophoton_eta(2225)M1_Phi	0	0.2
L1S1_eta(2225)Toomega1_omega2Mag	1	0.5
L1S1_eta(2225)Toomega1_omega2Phi	0	0.2
eta(2225)Mass	2.15	0.03	2.08	2.38
eta(2225)Width	0.14	0.03	0	0.3
L1S0_omega1Topion1+_pion1-_pion10Mag	1	0.5
L1S0_omega1Topion1+_pion1-_pion10Phi	0	0.2
L1S0_omega2Topion2+_pion2-_pion20Mag	1	0.5
L1S0_omega2Topion2+_pion2-_pion20Phi	0	0.2
_J1P-1C-1Tophoton_f2(1910)E1_Mag	1	0.5
_J1P-1C-1Tophoton_f2(1910)E1_Phi	0	0.2
_J1P-1C-1Tophoton_f2(1910)M2_Mag	1	0.5
_J1P-1C-1Tophoton_f2(1910)M2_Phi	0	0.2
_J1P-1C-1Tophoton_f2(1910)E3_Mag	1	0.5
_J1P-1C-1Tophoton_f2(1910)E3_Phi	0	0.2
L2S0_f2(1910)Toomega1_omega2Mag	0.5	0.25
L2S0_f2(1910)Toomega1_omega2Phi	0	0.2
L0S2_f2(1910)Toomega1_omega2Mag	0.5	0.25
L0S2_f2(1910)Toomega1_omega2Phi	0	0.2
L2S2_f2(1910)Toomega1_omega2Mag	0.5	0.25
L2S2_f2(1910)Toomega1_omega2Phi	0	0.2
L4S2_f2(1910)Toomega1_omega2Mag	0.5	0.25
L4S2_f2(1910)Toomega1_omega2Phi	0	0.2
f2(1910)Mass	1.97	0.03	1.791	2.091
f2(1910)Width	0.16	0.034	0	0.34
channelType2photonpion1+pion1-pion10pion2+pion2-pion20Scaling	1	0.01	0	20


**************** Fit parameter **************************
_J1P-1C-1Tophoton_eta(2225)M1_Mag	1	0.5
_J1P-1C-1Tophoton_eta(2225)M1_Phi	0	0.2
L1S1_eta(2225)Toomega1_omega2Mag	1	0.5
L1S1_eta(2225)Toomega1_omega2Phi	0	0.2
eta(2225)Mass	2.15	0.03	2.08	2.38
eta(2225)Width	0.14	0.03	0	0.3
L1S0_omega1Topion1+_pion1-_pion10Mag	1	0.5
L1S0_omega1Topion1+_pion1-_pion10Phi	0	0.2
L1S0_omega2Topion2+_pion2-_pion20Mag	1	0.5
L1S0_omega2Topion2+_pion2-_pion20Phi	0	0.2
_J1P-1C-1Tophoton_f2(1910)E1_Mag	1	0.5
_J1P-1C-1Tophoton_f2(1910)E1_Phi	0	0.2
_J1P-1C-1Tophoton_f2(1910)M2_Mag	1	0.5
_J1P-1C-1Tophoton_f2(1910)M2_Phi	0	0.2
_J1P-1C-1Tophoton_f2(1910)E3_Mag	1	0.5
_J1P-1C-1Tophoton_f2(1910)E3_Phi	0	0.2
L2S0_f2(1910)Toomega1_omega2Mag	0.5	0.25
L2S0_f2(1910)Toomega1_omega2Phi	0	0.2
L0S2_f2(1910)Toomega1_omega2Mag	0.5	0.25
L0S2_f2(1910)Toomega1_omega2Phi	0	0.2
L2S2_f2(1910)Toomega1_omega2Mag	0.5	0.25
L2S2_f2(1910)Toomega1_omega2Phi	0	0.2
L4S2_f2(1910)Toomega1_omega2Mag	0.5	0.25
L4S2_f2(1910)Toomega1_omega2Phi	0	0.2
f2(1910)Mass	1.97	0.03	1.791	2.091
f2(1910)Width	0.16	0.034	0	0.34
channelType2photonpion1+pion1-pion10pion2+pion2-pion20Scaling	1	0.01	0	20
2022/02/09 10:13:33.225068 [INFO] Fixing scaling parameter channelType2photonpion1+pion1-pion10pion2+pion2-pion20Scaling
2022/02/09 10:13:33.225087 [INFO] data file: ../toyDataSignal.dat
2022/02/09 10:13:33.225091 [INFO] mc file: ../toyMC.dat
2022/02/09 10:13:33.280776 [INFO] File has 5000 events.
2022/02/09 10:13:33.280803 [INFO] 0x152eaf0
2022/02/09 10:13:33.280809 [INFO]  Each event has 7 final state particles.

2022/02/09 10:13:33.280814 [INFO] 
2022/02/09 10:13:33.280838 [INFO] {Rank = 1 ( 0.828506,-0.822296,-0.0558318,-0.0844656) } 	m = -nan
2022/02/09 10:13:33.280847 [INFO] {Rank = 1 ( 0.198786,-0.111887,0.0645689,0.057863) } 	m = 0.13957
2022/02/09 10:13:33.280853 [INFO] {Rank = 1 ( 0.531265,0.299653,-0.369917,0.190086) } 	m = 0.13957
2022/02/09 10:13:33.280860 [INFO] {Rank = 1 ( 0.313005,-0.0210905,-0.09619,0.264679) } 	m = 0.13498
2022/02/09 10:13:33.280866 [INFO] {Rank = 1 ( 0.206927,-0.059017,0.036835,-0.136011) } 	m = 0.13957
2022/02/09 10:13:33.280873 [INFO] {Rank = 1 ( 0.297685,0.180724,0.17538,0.0756097) } 	m = 0.13957
2022/02/09 10:13:33.280879 [INFO] {Rank = 1 ( 0.721002,0.533913,0.285154,-0.36776) } 	m = 0.13498
2022/02/09 10:13:33.280883 [INFO] 
2022/02/09 10:13:33.280889 [INFO] {Rank = 1 ( 0.645691,-0.404247,0.172397,0.473055) } 	m = 0.000272958
2022/02/09 10:13:33.280896 [INFO] {Rank = 1 ( 0.387388,0.32432,0.136372,0.0825185) } 	m = 0.13957
2022/02/09 10:13:33.280902 [INFO] {Rank = 1 ( 0.325194,0.264189,0.00710824,-0.128161) } 	m = 0.13957
2022/02/09 10:13:33.280908 [INFO] {Rank = 1 ( 0.488736,0.223044,-0.0205375,0.412884) } 	m = 0.13498
2022/02/09 10:13:33.280915 [INFO] {Rank = 1 ( 0.20516,-0.0743298,-0.109734,0.0710226) } 	m = 0.13957
2022/02/09 10:13:33.280921 [INFO] {Rank = 1 ( 0.686987,-0.136551,-0.136737,-0.644304) } 	m = 0.13957
2022/02/09 10:13:33.280927 [INFO] {Rank = 1 ( 0.358019,-0.196424,-0.00886753,-0.267015) } 	m = 0.13498
2022/02/09 10:13:33.280931 [INFO] 
2022/02/09 10:13:33.280937 [INFO] {Rank = 1 ( 0.761275,-0.429694,0.525208,-0.34505) } 	m = 0.00025895
2022/02/09 10:13:33.280943 [INFO] {Rank = 1 ( 0.360562,0.00783304,0.165166,0.288416) } 	m = 0.13957
2022/02/09 10:13:33.280950 [INFO] {Rank = 1 ( 0.617786,0.39168,-0.066419,0.452056) } 	m = 0.13957
2022/02/09 10:13:33.280956 [INFO] {Rank = 1 ( 0.335633,0.11019,-0.232337,0.168248) } 	m = 0.13498
2022/02/09 10:13:33.280968 [INFO] {Rank = 1 ( 0.442473,-0.200412,-0.322696,-0.1789) } 	m = 0.13957
2022/02/09 10:13:33.280975 [INFO] {Rank = 1 ( 0.155086,-0.0587153,-0.0228142,-0.0245746) } 	m = 0.13957
2022/02/09 10:13:33.280997 [INFO] {Rank = 1 ( 0.42436,0.179118,-0.00610729,-0.360196) } 	m = 0.13498
2022/02/09 10:13:33.281010 [INFO] 
2022/02/09 10:13:33.281017 [INFO] {Rank = 1 ( 1.01811,0.94145,0.385188,0.0430919) } 	m = -nan
2022/02/09 10:13:33.281023 [INFO] {Rank = 1 ( 0.235898,0.133591,-0.0463494,0.127174) } 	m = 0.13957
2022/02/09 10:13:33.281038 [INFO] {Rank = 1 ( 0.363953,-0.112548,-0.28359,0.141037) } 	m = 0.13957
2022/02/09 10:13:33.281044 [INFO] {Rank = 1 ( 0.212792,-0.0164612,0.140579,-0.0838279) } 	m = 0.13498
2022/02/09 10:13:33.281051 [INFO] {Rank = 1 ( 0.283174,-0.0640223,-0.227919,-0.0682768) } 	m = 0.13957
2022/02/09 10:13:33.281057 [INFO] {Rank = 1 ( 0.54462,-0.486611,0.182442,-0.084001) } 	m = 0.13957
2022/02/09 10:13:33.281063 [INFO] {Rank = 1 ( 0.438624,-0.395398,-0.110351,-0.0751972) } 	m = 0.13498
2022/02/09 10:13:33.281067 [INFO] 
2022/02/09 10:13:33.281073 [INFO] {Rank = 1 ( 0.788139,0.467838,0.472927,-0.422648) } 	m = -nan
2022/02/09 10:13:33.281079 [INFO] {Rank = 1 ( 0.322321,0.141547,0.251591,0.0328315) } 	m = 0.13957
2022/02/09 10:13:33.281086 [INFO] {Rank = 1 ( 0.171038,-0.0618922,0.0024429,0.0770567) } 	m = 0.13957
2022/02/09 10:13:33.281092 [INFO] {Rank = 1 ( 0.427869,-0.201533,0.217106,-0.277673) } 	m = 0.13498
2022/02/09 10:13:33.281098 [INFO] {Rank = 1 ( 0.309201,-0.222572,-0.0214295,0.161642) } 	m = 0.13957
2022/02/09 10:13:33.281104 [INFO] {Rank = 1 ( 0.51764,0.0250003,-0.491286,0.0805261) } 	m = 0.13957
2022/02/09 10:13:33.281110 [INFO] {Rank = 1 ( 0.560965,-0.148388,-0.39135,0.348264) } 	m = 0.13498
2022/02/09 10:13:33.281114 [INFO] 
2022/02/09 10:13:33.281120 [INFO] {Rank = 1 ( 0.835868,0.0737384,-0.100785,-0.826487) } 	m = -nan
2022/02/09 10:13:33.281126 [INFO] {Rank = 1 ( 0.550484,-0.0993631,0.490439,0.18207) } 	m = 0.13957
2022/02/09 10:13:33.281133 [INFO] {Rank = 1 ( 0.188646,0.069782,-0.0190354,0.104286) } 	m = 0.13957
2022/02/09 10:13:33.281139 [INFO] {Rank = 1 ( 0.447307,0.296999,0.241957,0.187382) } 	m = 0.13498
2022/02/09 10:13:33.281145 [INFO] {Rank = 1 ( 0.404659,-0.0224646,-0.376199,-0.0473095) } 	m = 0.13957
2022/02/09 10:13:33.281151 [INFO] {Rank = 1 ( 0.437604,-0.152451,-0.224462,0.313676) } 	m = 0.13957
2022/02/09 10:13:33.281158 [INFO] {Rank = 1 ( 0.232607,-0.166241,0.0280858,0.0863811) } 	m = 0.13498
2022/02/09 10:13:33.281161 [INFO] 
2022/02/09 10:13:33.281167 [INFO] {Rank = 1 ( 0.915255,-0.756047,0.133869,-0.498161) } 	m = 0.000244141
2022/02/09 10:13:33.281174 [INFO] {Rank = 1 ( 0.244782,0.0767254,0.0020127,0.18587) } 	m = 0.13957
2022/02/09 10:13:33.281180 [INFO] {Rank = 1 ( 0.420405,0.387213,-0.0674337,-0.0527212) } 	m = 0.13957
2022/02/09 10:13:33.281186 [INFO] {Rank = 1 ( 0.689473,0.481403,0.162876,0.445955) } 	m = 0.13498
2022/02/09 10:13:33.281192 [INFO] {Rank = 1 ( 0.148019,0.0304432,0.0218562,0.0320207) } 	m = 0.13957
2022/02/09 10:13:33.281199 [INFO] {Rank = 1 ( 0.328501,-0.129111,0.0600417,-0.261072) } 	m = 0.13957
2022/02/09 10:13:33.281205 [INFO] {Rank = 1 ( 0.35074,-0.0906266,-0.273221,0.148108) } 	m = 0.13498
2022/02/09 10:13:33.281208 [INFO] 
2022/02/09 10:13:33.281215 [INFO] {Rank = 1 ( 0.78439,-0.138904,-0.723086,-0.270406) } 	m = 0.000172633
2022/02/09 10:13:33.281221 [INFO] {Rank = 1 ( 0.253355,0.0107637,0.166106,0.13039) } 	m = 0.13957
2022/02/09 10:13:33.281227 [INFO] {Rank = 1 ( 0.316817,0.280133,0.0433157,0.0232974) } 	m = 0.13957
2022/02/09 10:13:33.281233 [INFO] {Rank = 1 ( 0.564123,0.25051,-0.163627,0.458788) } 	m = 0.13498
2022/02/09 10:13:33.281239 [INFO] {Rank = 1 ( 0.426566,-0.151762,0.229621,-0.294485) } 	m = 0.13957
2022/02/09 10:13:33.281246 [INFO] {Rank = 1 ( 0.294245,-0.148214,0.0882671,-0.193241) } 	m = 0.13957
2022/02/09 10:13:33.281252 [INFO] {Rank = 1 ( 0.457678,-0.102527,0.399402,0.145656) } 	m = 0.13498
2022/02/09 10:13:33.281255 [INFO] 
2022/02/09 10:13:33.281261 [INFO] {Rank = 1 ( 0.773546,0.554757,0.230454,0.487349) } 	m = -nan
2022/02/09 10:13:33.281271 [INFO] {Rank = 1 ( 0.291334,-0.156069,-0.110349,-0.169886) } 	m = 0.13957
2022/02/09 10:13:33.281277 [INFO] {Rank = 1 ( 0.199374,-0.110986,0.0358131,0.0816689) } 	m = 0.13957
2022/02/09 10:13:33.281284 [INFO] {Rank = 1 ( 0.928514,-0.714142,-0.167362,-0.553092) } 	m = 0.13498
2022/02/09 10:13:33.281290 [INFO] {Rank = 1 ( 0.509407,0.404456,-0.167142,0.220216) } 	m = 0.13957
2022/02/09 10:13:33.281296 [INFO] {Rank = 1 ( 0.242906,0.0610329,0.18849,-0.0164379) } 	m = 0.13957
2022/02/09 10:13:33.281302 [INFO] {Rank = 1 ( 0.152092,-0.039048,0.0300953,-0.0498184) } 	m = 0.13498
2022/02/09 10:13:33.281306 [INFO] 
2022/02/09 10:13:33.281312 [INFO] {Rank = 1 ( 0.75222,0.618658,0.400225,-0.151383) } 	m = 0.000167152
2022/02/09 10:13:33.281319 [INFO] {Rank = 1 ( 0.280949,-0.11035,0.00186224,0.21742) } 	m = 0.13957
2022/02/09 10:13:33.281325 [INFO] {Rank = 1 ( 0.460479,-0.343417,0.220537,-0.161213) } 	m = 0.13957
2022/02/09 10:13:33.281331 [INFO] {Rank = 1 ( 0.513397,-0.459945,0.0966507,0.156414) } 	m = 0.13498
2022/02/09 10:13:33.281337 [INFO] {Rank = 1 ( 0.426754,-0.0835052,-0.375949,-0.119703) } 	m = 0.13957
2022/02/09 10:13:33.281344 [INFO] {Rank = 1 ( 0.526625,0.387959,-0.322911,0.0554202) } 	m = 0.13957
2022/02/09 10:13:33.281350 [INFO] {Rank = 1 ( 0.136751,-0.00939914,0.0195847,0.00304392) } 	m = 0.13498
2022/02/09 10:13:33.281354 [INFO] 
2022/02/09 10:13:33.281730 [INFO] 4vec calculation for event 500
2022/02/09 10:13:33.282117 [INFO] 4vec calculation for event 1000
2022/02/09 10:13:33.282471 [INFO] 4vec calculation for event 1500
2022/02/09 10:13:33.282825 [INFO] 4vec calculation for event 2000
2022/02/09 10:13:33.283195 [INFO] 4vec calculation for event 2500
2022/02/09 10:13:33.283549 [INFO] 4vec calculation for event 3000
2022/02/09 10:13:33.283899 [INFO] 4vec calculation for event 3500
2022/02/09 10:13:33.284262 [INFO] 4vec calculation for event 4000
2022/02/09 10:13:33.284610 [INFO] 4vec calculation for event 4500
2022/02/09 10:13:33.284959 [INFO] 4vec calculation for event 5000
2022/02/09 10:13:33.616413 [INFO] File has 30000 events.
2022/02/09 10:13:33.616438 [INFO] 0x152f850
2022/02/09 10:13:33.616444 [INFO]  Each event has 7 final state particles.

2022/02/09 10:13:33.616448 [INFO] 
2022/02/09 10:13:33.616461 [INFO] {Rank = 1 ( 0.993071,-0.988404,0.0716432,-0.0641566) } 	m = -nan
2022/02/09 10:13:33.616468 [INFO] {Rank = 1 ( 0.284326,-0.144769,-0.137783,-0.146353) } 	m = 0.13957
2022/02/09 10:13:33.616474 [INFO] {Rank = 1 ( 0.397285,0.251602,0.0884462,-0.259286) } 	m = 0.13957
2022/02/09 10:13:33.616481 [INFO] {Rank = 1 ( 0.176928,-0.00724506,0.0810219,0.0804167) } 	m = 0.13498
2022/02/09 10:13:33.616488 [INFO] {Rank = 1 ( 0.351626,0.0993939,0.168634,0.256601) } 	m = 0.13957
2022/02/09 10:13:33.616494 [INFO] {Rank = 1 ( 0.310488,0.241348,-0.134964,0.0214179) } 	m = 0.13957
2022/02/09 10:13:33.616501 [INFO] {Rank = 1 ( 0.583451,0.548074,-0.0969989,0.11136) } 	m = 0.13498
2022/02/09 10:13:33.616504 [INFO] 
2022/02/09 10:13:33.616511 [INFO] {Rank = 1 ( 0.117567,-0.0991835,-0.0203352,0.0597589) } 	m = 3.41197e-05
2022/02/09 10:13:33.616518 [INFO] {Rank = 1 ( 0.494739,0.00408478,0.391599,0.26818) } 	m = 0.13957
2022/02/09 10:13:33.616524 [INFO] {Rank = 1 ( 0.516193,0.155084,0.433949,-0.186044) } 	m = 0.13957
2022/02/09 10:13:33.616530 [INFO] {Rank = 1 ( 0.506754,0.143461,0.373508,0.280162) } 	m = 0.13498
2022/02/09 10:13:33.616537 [INFO] {Rank = 1 ( 0.276729,-0.118173,-0.126809,-0.16448) } 	m = 0.13957
2022/02/09 10:13:33.616543 [INFO] {Rank = 1 ( 0.952657,-0.191947,-0.912416,-0.136852) } 	m = 0.13957
2022/02/09 10:13:33.616549 [INFO] {Rank = 1 ( 0.232536,0.106674,-0.099496,-0.120725) } 	m = 0.13498
2022/02/09 10:13:33.616553 [INFO] 
2022/02/09 10:13:33.616559 [INFO] {Rank = 1 ( 0.933144,-0.367474,0.372375,0.772695) } 	m = -nan
2022/02/09 10:13:33.616565 [INFO] {Rank = 1 ( 0.515612,0.213951,0.0404016,-0.44606) } 	m = 0.13957
2022/02/09 10:13:33.616572 [INFO] {Rank = 1 ( 0.348315,0.261933,0.17291,-0.0577689) } 	m = 0.13957
2022/02/09 10:13:33.616578 [INFO] {Rank = 1 ( 0.20993,-0.0181831,0.15614,0.0337736) } 	m = 0.13498
2022/02/09 10:13:33.616592 [INFO] {Rank = 1 ( 0.602313,0.144941,-0.560291,-0.0914771) } 	m = 0.13957
2022/02/09 10:13:33.616598 [INFO] {Rank = 1 ( 0.156493,-0.0530739,0.0272214,-0.0381107) } 	m = 0.13957
2022/02/09 10:13:33.616605 [INFO] {Rank = 1 ( 0.331366,-0.182094,-0.168757,-0.173052) } 	m = 0.13498
2022/02/09 10:13:33.616608 [INFO] 
2022/02/09 10:13:33.616615 [INFO] {Rank = 1 ( 0.93226,0.444729,-0.55871,-0.599307) } 	m = 0.000244141
2022/02/09 10:13:33.616621 [INFO] {Rank = 1 ( 0.27683,0.138253,0.00175103,0.195034) } 	m = 0.13957
2022/02/09 10:13:33.616627 [INFO] {Rank = 1 ( 0.226265,0.0334471,0.0959014,-0.146289) } 	m = 0.13957
2022/02/09 10:13:33.616633 [INFO] {Rank = 1 ( 0.519654,0.146582,0.172643,0.447805) } 	m = 0.13498
2022/02/09 10:13:33.616640 [INFO] {Rank = 1 ( 0.499261,-0.369723,0.0420622,0.302188) } 	m = 0.13957
2022/02/09 10:13:33.616646 [INFO] {Rank = 1 ( 0.313296,-0.217286,0.176438,0.0181982) } 	m = 0.13957
2022/02/09 10:13:33.616652 [INFO] {Rank = 1 ( 0.329606,-0.176002,0.109914,-0.21763) } 	m = 0.13498
2022/02/09 10:13:33.616656 [INFO] 
2022/02/09 10:13:33.616662 [INFO] {Rank = 1 ( 0.833679,-0.234453,-0.773007,-0.206184) } 	m = 6.10352e-05
2022/02/09 10:13:33.616669 [INFO] {Rank = 1 ( 0.291179,0.112338,0.20953,-0.0937169) } 	m = 0.13957
2022/02/09 10:13:33.616675 [INFO] {Rank = 1 ( 0.147707,0.0238223,0.00113789,-0.0420554) } 	m = 0.13957
2022/02/09 10:13:33.616681 [INFO] {Rank = 1 ( 0.457975,0.0890468,-0.377197,-0.203261) } 	m = 0.13498
2022/02/09 10:13:33.616688 [INFO] {Rank = 1 ( 0.180032,-0.0652277,0.0691176,-0.0624484) } 	m = 0.13957
2022/02/09 10:13:33.616694 [INFO] {Rank = 1 ( 0.522169,0.164847,0.448008,0.159043) } 	m = 0.13957
2022/02/09 10:13:33.616700 [INFO] {Rank = 1 ( 0.664434,-0.0903728,0.46241,0.448623) } 	m = 0.13498
2022/02/09 10:13:33.616704 [INFO] 
2022/02/09 10:13:33.616710 [INFO] {Rank = 1 ( 0.555584,-0.292726,-0.279998,-0.380244) } 	m = -nan
2022/02/09 10:13:33.616716 [INFO] {Rank = 1 ( 0.25953,-0.065807,0.0702878,-0.196482) } 	m = 0.13957
2022/02/09 10:13:33.616722 [INFO] {Rank = 1 ( 0.466722,-0.102672,0.282155,-0.328932) } 	m = 0.13957
2022/02/09 10:13:33.616729 [INFO] {Rank = 1 ( 0.355778,-0.201187,-0.240563,-0.100059) } 	m = 0.13498
2022/02/09 10:13:33.616735 [INFO] {Rank = 1 ( 0.361322,0.289996,0.13224,0.0974096) } 	m = 0.13957
2022/02/09 10:13:33.616741 [INFO] {Rank = 1 ( 0.192185,-0.00358735,0.0915139,0.0952243) } 	m = 0.13957
2022/02/09 10:13:33.616748 [INFO] {Rank = 1 ( 0.906053,0.375983,-0.0156352,0.813084) } 	m = 0.13498
2022/02/09 10:13:33.616751 [INFO] 
2022/02/09 10:13:33.616758 [INFO] {Rank = 1 ( 0.308593,0.0669855,-0.169051,-0.249328) } 	m = 0.000105716
2022/02/09 10:13:33.616764 [INFO] {Rank = 1 ( 0.28008,-0.187188,0.0112262,0.154271) } 	m = 0.13957
2022/02/09 10:13:33.616770 [INFO] {Rank = 1 ( 0.843288,-0.38738,0.186885,0.711804) } 	m = 0.13957
2022/02/09 10:13:33.616776 [INFO] {Rank = 1 ( 0.401656,-0.0422091,0.341979,0.156129) } 	m = 0.13498
2022/02/09 10:13:33.616783 [INFO] {Rank = 1 ( 0.387675,0.0846502,0.123427,-0.32926) } 	m = 0.13957
2022/02/09 10:13:33.616789 [INFO] {Rank = 1 ( 0.502605,0.289977,-0.16978,-0.346727) } 	m = 0.13957
2022/02/09 10:13:33.616795 [INFO] {Rank = 1 ( 0.373277,0.175164,-0.284686,-0.0968886) } 	m = 0.13498
2022/02/09 10:13:33.616799 [INFO] 
2022/02/09 10:13:33.616805 [INFO] {Rank = 1 ( 1.04089,0.59529,-0.0751921,-0.850551) } 	m = -nan
2022/02/09 10:13:33.616812 [INFO] {Rank = 1 ( 0.267242,-0.00808274,-0.0785535,-0.213782) } 	m = 0.13957
2022/02/09 10:13:33.616818 [INFO] {Rank = 1 ( 0.379397,-0.244795,0.155947,0.200545) } 	m = 0.13957
2022/02/09 10:13:33.616824 [INFO] {Rank = 1 ( 0.308773,-0.256481,-0.0120746,0.105798) } 	m = 0.13498
2022/02/09 10:13:33.616830 [INFO] {Rank = 1 ( 0.21485,-0.03079,0.114362,0.112489) } 	m = 0.13957
2022/02/09 10:13:33.616837 [INFO] {Rank = 1 ( 0.642715,0.0611649,0.0986406,0.616548) } 	m = 0.13957
2022/02/09 10:13:33.616843 [INFO] {Rank = 1 ( 0.243303,-0.116307,-0.16313,0.0289517) } 	m = 0.13498
2022/02/09 10:13:33.616847 [INFO] 
2022/02/09 10:13:33.616853 [INFO] {Rank = 1 ( 1.02352,0.549008,0.64665,0.572743) } 	m = -nan
2022/02/09 10:13:33.616862 [INFO] {Rank = 1 ( 0.208077,-0.0801221,-0.129182,0.0266266) } 	m = 0.13957
2022/02/09 10:13:33.616868 [INFO] {Rank = 1 ( 0.322481,0.26025,0.124457,-0.0359765) } 	m = 0.13957
2022/02/09 10:13:33.616875 [INFO] {Rank = 1 ( 0.296164,-0.0730944,-0.24903,0.0462019) } 	m = 0.13498
2022/02/09 10:13:33.616881 [INFO] {Rank = 1 ( 0.162914,-0.0791197,-0.0222872,0.0174522) } 	m = 0.13957
2022/02/09 10:13:33.616887 [INFO] {Rank = 1 ( 0.868299,-0.542027,-0.166731,-0.64255) } 	m = 0.13957
2022/02/09 10:13:33.616894 [INFO] {Rank = 1 ( 0.215716,-0.0348955,-0.163877,0.0155034) } 	m = 0.13498
2022/02/09 10:13:33.616897 [INFO] 
2022/02/09 10:13:33.616904 [INFO] {Rank = 1 ( 1.12353,-0.500071,0.943047,-0.350577) } 	m = -nan
2022/02/09 10:13:33.616910 [INFO] {Rank = 1 ( 0.161073,0.0608035,-0.0525926,0.00128989) } 	m = 0.13957
2022/02/09 10:13:33.616916 [INFO] {Rank = 1 ( 0.19553,0.00924841,0.0933658,-0.0997474) } 	m = 0.13957
2022/02/09 10:13:33.616923 [INFO] {Rank = 1 ( 0.613949,0.395664,-0.35007,0.282162) } 	m = 0.13498
2022/02/09 10:13:33.616929 [INFO] {Rank = 1 ( 0.250668,0.171869,-0.085621,0.0805265) } 	m = 0.13957
2022/02/09 10:13:33.616935 [INFO] {Rank = 1 ( 0.571987,-0.24157,-0.498555,0.0278705) } 	m = 0.13957
2022/02/09 10:13:33.616942 [INFO] {Rank = 1 ( 0.180439,0.104056,-0.00957404,0.0584758) } 	m = 0.13498
2022/02/09 10:13:33.616945 [INFO] 
2022/02/09 10:13:33.617329 [INFO] 4vec calculation for event 500
2022/02/09 10:13:33.617693 [INFO] 4vec calculation for event 1000
2022/02/09 10:13:33.618068 [INFO] 4vec calculation for event 1500
2022/02/09 10:13:33.618425 [INFO] 4vec calculation for event 2000
2022/02/09 10:13:33.618778 [INFO] 4vec calculation for event 2500
2022/02/09 10:13:33.619165 [INFO] 4vec calculation for event 3000
2022/02/09 10:13:33.619523 [INFO] 4vec calculation for event 3500
2022/02/09 10:13:33.619882 [INFO] 4vec calculation for event 4000
2022/02/09 10:13:33.620265 [INFO] 4vec calculation for event 4500
2022/02/09 10:13:33.620625 [INFO] 4vec calculation for event 5000
2022/02/09 10:13:33.620984 [INFO] 4vec calculation for event 5500
2022/02/09 10:13:33.621350 [INFO] 4vec calculation for event 6000
2022/02/09 10:13:33.621710 [INFO] 4vec calculation for event 6500
2022/02/09 10:13:33.622093 [INFO] 4vec calculation for event 7000
2022/02/09 10:13:33.622454 [INFO] 4vec calculation for event 7500
2022/02/09 10:13:33.622815 [INFO] 4vec calculation for event 8000
2022/02/09 10:13:33.623192 [INFO] 4vec calculation for event 8500
2022/02/09 10:13:33.623554 [INFO] 4vec calculation for event 9000
2022/02/09 10:13:33.623911 [INFO] 4vec calculation for event 9500
2022/02/09 10:13:33.624283 [INFO] 4vec calculation for event 10000
2022/02/09 10:13:33.624306 [INFO] 4vec all in lab system
 px: -7.567e-10	 py: 0.04	 pz: 2.79397e-09	 e : 3.09717	 m : 3.09692
weight: 1
2022/02/09 10:13:33.624664 [INFO] 4vec calculation for event 10500
2022/02/09 10:13:33.625036 [INFO] 4vec calculation for event 11000
2022/02/09 10:13:33.625393 [INFO] 4vec calculation for event 11500
2022/02/09 10:13:33.625753 [INFO] 4vec calculation for event 12000
2022/02/09 10:13:33.626139 [INFO] 4vec calculation for event 12500
2022/02/09 10:13:33.626499 [INFO] 4vec calculation for event 13000
2022/02/09 10:13:33.626861 [INFO] 4vec calculation for event 13500
2022/02/09 10:13:33.627248 [INFO] 4vec calculation for event 14000
2022/02/09 10:13:33.627615 [INFO] 4vec calculation for event 14500
2022/02/09 10:13:33.627977 [INFO] 4vec calculation for event 15000
2022/02/09 10:13:33.628348 [INFO] 4vec calculation for event 15500
2022/02/09 10:13:33.628716 [INFO] 4vec calculation for event 16000
2022/02/09 10:13:33.629107 [INFO] 4vec calculation for event 16500
2022/02/09 10:13:33.629472 [INFO] 4vec calculation for event 17000
2022/02/09 10:13:33.629832 [INFO] 4vec calculation for event 17500
2022/02/09 10:13:33.630219 [INFO] 4vec calculation for event 18000
2022/02/09 10:13:33.630586 [INFO] 4vec calculation for event 18500
2022/02/09 10:13:33.630944 [INFO] 4vec calculation for event 19000
2022/02/09 10:13:33.631318 [INFO] 4vec calculation for event 19500
2022/02/09 10:13:33.631684 [INFO] 4vec calculation for event 20000
2022/02/09 10:13:33.631699 [INFO] 4vec all in lab system
 px: 5.70435e-09	 py: 0.04	 pz: -2.98023e-08	 e : 3.09717	 m : 3.09692
weight: 1
2022/02/09 10:13:33.632080 [INFO] 4vec calculation for event 20500
2022/02/09 10:13:33.632442 [INFO] 4vec calculation for event 21000
2022/02/09 10:13:33.632800 [INFO] 4vec calculation for event 21500
2022/02/09 10:13:33.633189 [INFO] 4vec calculation for event 22000
2022/02/09 10:13:33.633547 [INFO] 4vec calculation for event 22500
2022/02/09 10:13:33.633910 [INFO] 4vec calculation for event 23000
2022/02/09 10:13:33.634288 [INFO] 4vec calculation for event 23500
2022/02/09 10:13:33.634648 [INFO] 4vec calculation for event 24000
2022/02/09 10:13:33.635016 [INFO] 4vec calculation for event 24500
2022/02/09 10:13:33.635379 [INFO] 4vec calculation for event 25000
2022/02/09 10:13:33.635738 [INFO] 4vec calculation for event 25500
2022/02/09 10:13:33.636125 [INFO] 4vec calculation for event 26000
2022/02/09 10:13:33.636490 [INFO] 4vec calculation for event 26500
2022/02/09 10:13:33.636854 [INFO] 4vec calculation for event 27000
2022/02/09 10:13:33.637247 [INFO] 4vec calculation for event 27500
2022/02/09 10:13:33.637607 [INFO] 4vec calculation for event 28000
2022/02/09 10:13:33.637973 [INFO] 4vec calculation for event 28500
2022/02/09 10:13:33.638346 [INFO] 4vec calculation for event 29000
2022/02/09 10:13:33.638708 [INFO] 4vec calculation for event 29500
2022/02/09 10:13:33.660162 [INFO] ************* Server mode ****************
2022/02/09 10:13:33.660188 [INFO] Listening on port 50003
2022/02/09 10:13:33.660201 [INFO] Number of clients for channel 0 : 2
2022/02/09 10:13:33.660271 [INFO] Waiting for 2 clients ...
2022/02/09 10:13:38.236415 [INFO] Client pc36 logged in (ID 0).
2022/02/09 10:13:38.236598 [INFO] Client pc36 logged in (ID 1).
2022/02/09 10:13:38.236750 [INFO] All clients ready.
2022/02/09 10:13:38.236859 [INFO] start migrad with strategy level 1
2022/02/09 10:13:41.416631 [INFO] current LH = -2114.148604214536	
2022/02/09 10:13:41.570763 [INFO] current LH = -2164.149062059922	
2022/02/09 10:13:41.724551 [INFO] current LH = -2063.454987605643	
2022/02/09 10:13:41.878703 [INFO] current LH = -2119.179772243595	
2022/02/09 10:13:42.032914 [INFO] current LH = -2109.110517582249	
2022/02/09 10:13:42.232082 [INFO] current LH = -2127.444357873709	
2022/02/09 10:13:42.431199 [INFO] current LH = -2100.857454364852	
2022/02/09 10:13:42.630333 [INFO] current LH = -2120.37065821163	
2022/02/09 10:13:42.829181 [INFO] current LH = -2107.927571103913	
2022/02/09 10:13:43.027882 [INFO] current LH = -2126.616929199837	
2022/02/09 10:13:43.227330 [INFO] current LH = -2101.580230313992	
2022/02/09 10:13:43.426119 [INFO] current LH = -2115.404838602069	
2022/02/09 10:13:43.627907 [INFO] current LH = -2112.891376257224	
2022/02/09 10:13:43.934368 [INFO] current LH = -2121.605474803319	
2022/02/09 10:13:44.177550 [INFO] current LH = -2106.609495281132	
2022/02/09 10:13:44.421093 [INFO] current LH = -2114.978508171987	
2022/02/09 10:13:44.665326 [INFO] current LH = -2113.317688967521	
2022/02/09 10:13:44.909192 [INFO] current LH = -2114.442780651368	
2022/02/09 10:13:45.152905 [INFO] current LH = -2113.912009159976	
2022/02/09 10:13:45.397924 [INFO] current LH = -2114.184227003765	
2022/02/09 10:13:45.397965 [INFO] Wall time: 12.1871s User: 0.44s System: 0.02s

2022/02/09 10:13:45.397975 [INFO] Wtotal time: 12.1872s User: 0.44s System: 0.02s

2022/02/09 10:13:45.641726 [INFO] current LH = -2114.113987174919	
2022/02/09 10:13:45.885523 [INFO] current LH = -2104.913121197651	
2022/02/09 10:13:46.128302 [INFO] current LH = -2123.493150864848	
2022/02/09 10:13:46.372330 [INFO] current LH = -2113.220170376082	
2022/02/09 10:13:46.615601 [INFO] current LH = -2115.078126401514	
2022/02/09 10:13:46.858793 [INFO] current LH = -2114.11401699786	
2022/02/09 10:13:47.102037 [INFO] current LH = -2114.253266880044	
2022/02/09 10:13:47.345881 [INFO] current LH = -2114.140756197723	
2022/02/09 10:13:47.588696 [INFO] current LH = -2114.157457984238	
2022/02/09 10:13:47.831834 [INFO] Client timing information: 
2022/02/09 10:13:47.831860 [INFO] Client id 0 channel id 0  response time +0 s
2022/02/09 10:13:47.831868 [INFO] Client id 1 channel id 0  response time +0.0014 s
2022/02/09 10:13:47.962491 [INFO] current LH = -2102.838319184726	
2022/02/09 10:13:48.205349 [INFO] current LH = -2125.637372879099	
2022/02/09 10:13:48.449212 [INFO] current LH = -2113.009380107477	
2022/02/09 10:13:48.693029 [INFO] current LH = -2115.289610675108	
2022/02/09 10:13:48.936198 [INFO] current LH = -2114.16916702666	
2022/02/09 10:13:49.179408 [INFO] current LH = -2114.217729291366	
2022/02/09 10:13:49.422551 [INFO] current LH = -2114.146531807164	
2022/02/09 10:13:49.669312 [INFO] current LH = -2114.151682396263	
2022/02/09 10:13:50.250594 [INFO] current LH = -2105.19921299032	
2022/02/09 10:13:50.832974 [INFO] current LH = -2122.923452265918	
2022/02/09 10:13:51.413319 [INFO] current LH = -2113.261333966997	
2022/02/09 10:13:51.413347 [INFO] Wall time: 6.015357364s User: 0s System: 0s

2022/02/09 10:13:51.413356 [INFO] Wtotal time: 18.20253268s User: 0.44s System: 0.02s

2022/02/09 10:13:51.996586 [INFO] current LH = -2115.034087191959	
2022/02/09 10:13:52.576787 [INFO] current LH = -2114.535779511722	
2022/02/09 10:13:53.155879 [INFO] current LH = -2113.807962111701	
2022/02/09 10:13:53.737091 [INFO] current LH = -2114.202664349764	
2022/02/09 10:13:54.317896 [INFO] current LH = -2114.09551531578	
2022/02/09 10:13:54.903473 [INFO] current LH = -2113.917778545523	
2022/02/09 10:13:55.484443 [INFO] current LH = -2114.213379022513	
2022/02/09 10:13:56.065764 [INFO] current LH = -2114.133004936631	
2022/02/09 10:13:56.646034 [INFO] current LH = -2114.162503782081	
2022/02/09 10:13:57.227231 [INFO] current LH = -2114.27322954075	
2022/02/09 10:13:57.809700 [INFO] current LH = -2114.062297956178	
2022/02/09 10:13:58.391127 [INFO] current LH = -2114.166203348993	
2022/02/09 10:13:58.972860 [INFO] current LH = -2114.131976212832	
2022/02/09 10:13:59.554136 [INFO] current LH = -2112.26569663317	
2022/02/09 10:14:00.146202 [INFO] current LH = -2115.860045311246	
2022/02/09 10:14:00.727193 [INFO] current LH = -2113.96811842634	
2022/02/09 10:14:01.308167 [INFO] current LH = -2114.327326978632	
2022/02/09 10:14:01.889026 [INFO] current LH = -2112.867649137545	
2022/02/09 10:14:02.471084 [INFO] current LH = -2115.462322576349	
2022/02/09 10:14:03.053505 [INFO] current LH = -2113.921473487623	
2022/02/09 10:14:03.053532 [INFO] Wall time: 11.64016474s User: 0s System: 0.01s

2022/02/09 10:14:03.053543 [INFO] Wtotal time: 29.84271865s User: 0.44s System: 0.03s

2022/02/09 10:14:03.635058 [INFO] current LH = -2114.376707445948	
2022/02/09 10:14:04.239290 [INFO] current LH = -2114.230614347829	
2022/02/09 10:14:04.846110 [INFO] current LH = -2114.036823180227	
2022/02/09 10:14:05.447423 [INFO] current LH = -2114.165873043975	
2022/02/09 10:14:06.049571 [INFO] current LH = -2114.130305359582	
2022/02/09 10:14:06.652874 [INFO] current LH = -2119.103841685406	
2022/02/09 10:14:07.254890 [INFO] current LH = -2109.155362953569	
2022/02/09 10:14:07.858174 [INFO] current LH = -2114.958347087887	
2022/02/09 10:14:08.462261 [INFO] current LH = -2113.337831105588	
2022/02/09 10:14:09.114154 [INFO] current LH = -2120.370640315738	
2022/02/09 10:14:09.313087 [INFO] current LH = -2145.261625884059	
2022/02/09 10:14:09.512236 [INFO] current LH = -2207.377466271976	
2022/02/09 10:14:09.712202 [INFO] current LH = -2389.183851243954	
2022/02/09 10:14:09.910847 [INFO] current LH = -2786.490730307174	
2022/02/09 10:14:10.109892 [INFO] current LH = -2681.554886103059	
2022/02/09 10:14:10.308553 [INFO] current LH = -2835.403766547974	
2022/02/09 10:14:10.462246 [INFO] current LH = -2837.751173496701	
2022/02/09 10:14:10.616849 [INFO] current LH = -2833.054773556531	
2022/02/09 10:14:10.816362 [INFO] current LH = -2835.37331312143	
2022/02/09 10:14:11.015076 [INFO] current LH = -2835.355350752534	
2022/02/09 10:14:11.015101 [INFO] Wall time: 7.961548457s User: 0s System: 0s

2022/02/09 10:14:11.015120 [INFO] Wtotal time: 37.80429615s User: 0.44s System: 0.03s

2022/02/09 10:14:11.214522 [INFO] current LH = -2835.404264097198	
2022/02/09 10:14:11.413844 [INFO] current LH = -2835.401916714435	
2022/02/09 10:14:11.612405 [INFO] current LH = -2836.56190684776	
2022/02/09 10:14:11.810839 [INFO] current LH = -2834.244368519409	
2022/02/09 10:14:12.118619 [INFO] current LH = -2836.488657849961	
2022/02/09 10:14:12.362200 [INFO] current LH = -2834.316723268856	
2022/02/09 10:14:12.605035 [INFO] current LH = -2835.418836447811	
2022/02/09 10:14:12.847775 [INFO] current LH = -2835.390069384786	
2022/02/09 10:14:13.091105 [INFO] current LH = -2834.156688706286	
2022/02/09 10:14:13.334213 [INFO] current LH = -2836.652514532803	
2022/02/09 10:14:13.577243 [INFO] current LH = -2835.406659054601	
2022/02/09 10:14:13.820353 [INFO] current LH = -2835.402365705166	
2022/02/09 10:14:14.064009 [INFO] current LH = -2834.271750194207	
2022/02/09 10:14:14.306715 [INFO] current LH = -2836.537265524125	
2022/02/09 10:14:14.549663 [INFO] current LH = -2835.399800428117	
2022/02/09 10:14:14.796014 [INFO] current LH = -2835.409203429962	
2022/02/09 10:14:15.376182 [INFO] current LH = -2834.595170227608	
2022/02/09 10:14:15.957033 [INFO] current LH = -2836.21104737264	
2022/02/09 10:14:16.538672 [INFO] current LH = -2835.465110333393	
2022/02/09 10:14:17.121120 [INFO] current LH = -2835.34393815361	
2022/02/09 10:14:17.121144 [INFO] Wall time: 6.106014558s User: 0s System: 0.01s

2022/02/09 10:14:17.121152 [INFO] Wtotal time: 43.91032885s User: 0.44s System: 0.04s

2022/02/09 10:14:17.701311 [INFO] current LH = -2835.354240674513	
2022/02/09 10:14:18.281890 [INFO] current LH = -2835.451876132889	
2022/02/09 10:14:18.861047 [INFO] current LH = -2835.410686228235	
2022/02/09 10:14:19.441940 [INFO] current LH = -2835.398396190714	
2022/02/09 10:14:20.029379 [INFO] current LH = -2835.102454636746	
2022/02/09 10:14:20.610621 [INFO] current LH = -2835.703752411274	
2022/02/09 10:14:21.191673 [INFO] current LH = -2835.127498866238	
2022/02/09 10:14:21.775380 [INFO] current LH = -2835.681590389167	
2022/02/09 10:14:22.376446 [INFO] current LH = -2835.482582675702	
2022/02/09 10:14:22.980589 [INFO] current LH = -2835.323253222884	
2022/02/09 10:14:23.583831 [INFO] current LH = -2836.038131187946	
2022/02/09 10:14:24.186758 [INFO] current LH = -2834.768073195405	
2022/02/09 10:14:24.793679 [INFO] current LH = -2835.418837926524	
2022/02/09 10:14:25.037333 [INFO] current LH = -2835.492900232036	
2022/02/09 10:14:25.279875 [INFO] current LH = -2835.77453012252	
2022/02/09 10:14:25.523314 [INFO] current LH = -2837.446030202201	
2022/02/09 10:14:25.766846 [INFO] current LH = -2849.780422991988	
2022/02/09 10:14:26.009921 [INFO] current LH = -2942.310274549911	
2022/02/09 10:14:26.253299 [INFO] current LH = -3272.003176667553	
2022/02/09 10:14:26.407343 [INFO] current LH = -3274.170507342024	
2022/02/09 10:14:26.407369 [INFO] Wall time: 9.286206747s User: 0s System: 0.01s

2022/02/09 10:14:26.407376 [INFO] Wtotal time: 53.19655355s User: 0.44s System: 0.05s

2022/02/09 10:14:26.561332 [INFO] current LH = -3269.834436453887	
2022/02/09 10:14:26.760111 [INFO] current LH = -3272.029398277913	
2022/02/09 10:14:26.959017 [INFO] current LH = -3271.975451765422	
2022/02/09 10:14:27.157727 [INFO] current LH = -3273.121100233386	
2022/02/09 10:14:27.356529 [INFO] current LH = -3270.883880816124	
2022/02/09 10:14:27.663483 [INFO] current LH = -3272.637554098876	
2022/02/09 10:14:27.906223 [INFO] current LH = -3271.366919162785	
2022/02/09 10:14:28.149231 [INFO] current LH = -3272.601954518808	
2022/02/09 10:14:28.393148 [INFO] current LH = -3271.404176671406	
2022/02/09 10:14:28.636234 [INFO] current LH = -3273.589672526118	
2022/02/09 10:14:28.879504 [INFO] current LH = -3270.415120365657	
2022/02/09 10:14:29.123081 [INFO] current LH = -3270.925927400907	
2022/02/09 10:14:29.365734 [INFO] current LH = -3273.081161456134	
2022/02/09 10:14:29.610143 [INFO] current LH = -3270.434347126158	
2022/02/09 10:14:29.854925 [INFO] current LH = -3273.57356664828	
2022/02/09 10:14:30.098519 [INFO] current LH = -3271.796517083546	
2022/02/09 10:14:30.341536 [INFO] current LH = -3272.21014929986	
2022/02/09 10:14:30.584674 [INFO] current LH = -3271.542211148023	
2022/02/09 10:14:30.828017 [INFO] current LH = -3272.465702639663	
2022/02/09 10:14:31.071369 [INFO] current LH = -3271.303715721114	
2022/02/09 10:14:31.071396 [INFO] Wall time: 4.664009256s User: 0.01s System: 0.01s

2022/02/09 10:14:31.071404 [INFO] Wtotal time: 57.86058113s User: 0.45s System: 0.06s

2022/02/09 10:14:31.315224 [INFO] current LH = -3272.70372779078	
2022/02/09 10:14:31.558144 [INFO] current LH = -3271.72608283823	
2022/02/09 10:14:31.801035 [INFO] current LH = -3272.280425009143	
2022/02/09 10:14:32.043954 [INFO] current LH = -3271.123132674539	
2022/02/09 10:14:32.287154 [INFO] current LH = -3272.884781125827	
2022/02/09 10:14:32.868893 [INFO] current LH = -3271.297441084556	
2022/02/09 10:14:33.449388 [INFO] current LH = -3272.707760858795	
2022/02/09 10:14:34.031387 [INFO] current LH = -3272.080110169815	
2022/02/09 10:14:34.613794 [INFO] current LH = -3271.92671715642	
2022/02/09 10:14:35.201138 [INFO] current LH = -3272.143130154311	
2022/02/09 10:14:35.782195 [INFO] current LH = -3271.864814384398	
2022/02/09 10:14:36.363904 [INFO] current LH = -3271.989449845703	
2022/02/09 10:14:36.945830 [INFO] current LH = -3272.015728683966	
2022/02/09 10:14:37.528471 [INFO] current LH = -3271.982531289818	
2022/02/09 10:14:38.110675 [INFO] current LH = -3272.024109358318	
2022/02/09 10:14:38.690882 [INFO] current LH = -3271.955535183301	
2022/02/09 10:14:39.271952 [INFO] current LH = -3272.052438054408	
2022/02/09 10:14:39.855305 [INFO] current LH = -3271.771540775945	
2022/02/09 10:14:40.435647 [INFO] current LH = -3272.233995151807	
2022/02/09 10:14:41.015867 [INFO] current LH = -3271.858656366198	
2022/02/09 10:14:41.015892 [INFO] Wall time: 9.944478669s User: 0s System: 0s

2022/02/09 10:14:41.015901 [INFO] Wtotal time: 67.80507731s User: 0.45s System: 0.06s

2022/02/09 10:14:41.597539 [INFO] current LH = -3272.148291308557	
2022/02/09 10:14:42.180335 [INFO] current LH = -3271.769317934423	
2022/02/09 10:14:42.760503 [INFO] current LH = -3272.238617656026	
2022/02/09 10:14:43.362462 [INFO] current LH = -3272.16825277194	
2022/02/09 10:14:43.964133 [INFO] current LH = -3271.836547148437	
2022/02/09 10:14:44.566912 [INFO] current LH = -3272.836028139825	
2022/02/09 10:14:45.171740 [INFO] current LH = -3271.168565612979	
2022/02/09 10:14:45.774439 [INFO] current LH = -3273.573567484348	
2022/02/09 10:14:46.017337 [INFO] current LH = -3279.870734950453	
2022/02/09 10:14:46.260182 [INFO] current LH = -3295.722620126503	
2022/02/09 10:14:46.502977 [INFO] current LH = -3344.179934977009	
2022/02/09 10:14:46.746047 [INFO] current LH = -3495.038943121892	
2022/02/09 10:14:46.989529 [INFO] current LH = -3840.9247109289	
2022/02/09 10:14:47.233248 [INFO] current LH = -3194.068552562787	
2022/02/09 10:14:47.476605 [INFO] current LH = -3559.389303584845	
2022/02/09 10:14:47.738767 [INFO] current LH = -3843.216366827411	
2022/02/09 10:14:47.892247 [INFO] current LH = -3838.631096063643	
2022/02/09 10:14:48.091595 [INFO] current LH = -3840.978795785989	
2022/02/09 10:14:48.290471 [INFO] current LH = -3840.868634404931	
2022/02/09 10:14:48.488943 [INFO] current LH = -3842.142194853013	
2022/02/09 10:14:48.488977 [INFO] Wall time: 7.473058086s User: 0s System: 0.01s

2022/02/09 10:14:48.488991 [INFO] Wtotal time: 75.27816748s User: 0.45s System: 0.07s

2022/02/09 10:14:48.687725 [INFO] current LH = -3839.705360653645	
2022/02/09 10:14:48.995411 [INFO] current LH = -3840.65313572985	
2022/02/09 10:14:49.238856 [INFO] current LH = -3841.19588083303	
2022/02/09 10:14:49.481713 [INFO] current LH = -3840.346877994604	
2022/02/09 10:14:49.730200 [INFO] current LH = -3841.500703838474	
2022/02/09 10:14:49.973285 [INFO] current LH = -3841.583518041505	
2022/02/09 10:14:50.216543 [INFO] current LH = -3840.262425652817	
2022/02/09 10:14:50.459816 [INFO] current LH = -3841.403153266971	
2022/02/09 10:14:50.703541 [INFO] current LH = -3840.444436854597	
2022/02/09 10:14:50.947075 [INFO] current LH = -3841.638248249542	
2022/02/09 10:14:51.190023 [INFO] current LH = -3840.203695414064	
2022/02/09 10:14:51.432772 [INFO] current LH = -3841.278788048735	
2022/02/09 10:14:51.676360 [INFO] current LH = -3840.568802071127	
2022/02/09 10:14:51.919574 [INFO] current LH = -3840.922933762992	
2022/02/09 10:14:52.164528 [INFO] current LH = -3840.926499490928	
2022/02/09 10:14:52.407942 [INFO] current LH = -3840.907453612889	
2022/02/09 10:14:52.650503 [INFO] current LH = -3840.94310781177	
2022/02/09 10:14:52.893598 [INFO] current LH = -3840.457584764597	
2022/02/09 10:14:53.136573 [INFO] current LH = -3841.391500303306	
2022/02/09 10:14:53.380089 [INFO] current LH = -3839.83479292239	
2022/02/09 10:14:53.380114 [INFO] Wall time: 4.891113962s User: 0s System: 0s

2022/02/09 10:14:53.380123 [INFO] Wtotal time: 80.16929939s User: 0.45s System: 0.07s

2022/02/09 10:14:53.749430 [INFO] current LH = -3842.012797131599	
2022/02/09 10:14:53.992820 [INFO] current LH = -3840.290020568551	
2022/02/09 10:14:54.235833 [INFO] current LH = -3841.556260951638	
2022/02/09 10:14:54.479181 [INFO] current LH = -3840.440257959395	
2022/02/09 10:14:54.727943 [INFO] current LH = -3841.407332162508	
2022/02/09 10:14:55.309108 [INFO] current LH = -3840.310553841213	
2022/02/09 10:14:55.889914 [INFO] current LH = -3841.537820983167	
2022/02/09 10:14:56.470443 [INFO] current LH = -3840.991397639218	
2022/02/09 10:14:57.050161 [INFO] current LH = -3840.858899146179	
2022/02/09 10:14:57.631960 [INFO] current LH = -3841.021487626759	
2022/02/09 10:14:58.214156 [INFO] current LH = -3840.8297779939	
2022/02/09 10:14:58.795306 [INFO] current LH = -3840.993785340953	
2022/02/09 10:14:59.376082 [INFO] current LH = -3840.854800149305	
2022/02/09 10:14:59.957719 [INFO] current LH = -3841.026644445487	
2022/02/09 10:15:00.539121 [INFO] current LH = -3840.820958876779	
2022/02/09 10:15:01.120572 [INFO] current LH = -3840.878302785577	
2022/02/09 10:15:01.699580 [INFO] current LH = -3840.971328965665	
2022/02/09 10:15:02.282569 [INFO] current LH = -3840.788219271592	
2022/02/09 10:15:02.863511 [INFO] current LH = -3841.063116042773	
2022/02/09 10:15:03.446406 [INFO] current LH = -3840.711804340588	
2022/02/09 10:15:03.446434 [INFO] Wall time: 10.06630011s User: 0s System: 0.01s

2022/02/09 10:15:03.446444 [INFO] Wtotal time: 90.23562032s User: 0.45s System: 0.08s

2022/02/09 10:15:04.029299 [INFO] current LH = -3841.137139229773	
2022/02/09 10:15:04.610225 [INFO] current LH = -3840.507606944754	
2022/02/09 10:15:05.194121 [INFO] current LH = -3841.340013538028	
2022/02/09 10:15:05.773753 [INFO] current LH = -3840.866322541519	
2022/02/09 10:15:06.354413 [INFO] current LH = -3840.983997222373	
2022/02/09 10:15:06.956435 [INFO] current LH = -3841.007708023971	
2022/02/09 10:15:07.558714 [INFO] current LH = -3840.839423593012	
2022/02/09 10:15:08.161886 [INFO] current LH = -3841.806424975729	
2022/02/09 10:15:08.764795 [INFO] current LH = -3840.041781145441	
2022/02/09 10:15:09.366892 [INFO] Client timing information: 
2022/02/09 10:15:09.366917 [INFO] Client id 0 channel id 0  response time +0 s
2022/02/09 10:15:09.366923 [INFO] Client id 1 channel id 0  response time +0.000276 s
2022/02/09 10:15:09.380692 [INFO] current LH = -3840.943108745499	
2022/02/09 10:15:09.624228 [INFO] current LH = -3841.027890140114	
2022/02/09 10:15:09.871811 [INFO] current LH = -3841.313929529973	
2022/02/09 10:15:10.114883 [INFO] current LH = -3842.653588119741	
2022/02/09 10:15:10.357386 [INFO] current LH = -3845.713095414406	
2022/02/09 10:15:10.600955 [INFO] current LH = -3840.836773113899	
2022/02/09 10:15:10.844468 [INFO] current LH = -3842.89363918579	
2022/02/09 10:15:11.087834 [INFO] current LH = -3845.733270002082	
2022/02/09 10:15:11.241669 [INFO] current LH = -3847.948748591253	
2022/02/09 10:15:11.395801 [INFO] current LH = -3843.515963980936	
2022/02/09 10:15:11.594477 [INFO] current LH = -3845.786158418328	
2022/02/09 10:15:11.594505 [INFO] Wall time: 8.148050502s User: 0s System: 0.01s

2022/02/09 10:15:11.594527 [INFO] Wtotal time: 98.38370217s User: 0.45s System: 0.09s

2022/02/09 10:15:11.793862 [INFO] current LH = -3845.678553168185	
2022/02/09 10:15:11.992123 [INFO] current LH = -3846.938754103125	
2022/02/09 10:15:12.191165 [INFO] current LH = -3844.525959116169	
2022/02/09 10:15:12.497798 [INFO] current LH = -3845.134076176277	
2022/02/09 10:15:12.741940 [INFO] current LH = -3846.330651636328	
2022/02/09 10:15:12.985587 [INFO] current LH = -3846.199483589389	
2022/02/09 10:15:13.228435 [INFO] current LH = -3845.265201336294	
2022/02/09 10:15:13.471678 [INFO] current LH = -3845.384956217033	
2022/02/09 10:15:13.715210 [INFO] current LH = -3846.079487792667	
2022/02/09 10:15:13.958126 [INFO] current LH = -3845.731203786316	
2022/02/09 10:15:14.201352 [INFO] current LH = -3845.733487720548	
2022/02/09 10:15:14.444534 [INFO] current LH = -3844.659016834359	
2022/02/09 10:15:14.689762 [INFO] current LH = -3846.805452177965	
2022/02/09 10:15:14.933069 [INFO] current LH = -3845.258898510318	
2022/02/09 10:15:15.176689 [INFO] current LH = -3846.205815002483	
2022/02/09 10:15:15.757741 [INFO] current LH = -3844.918097217671	
2022/02/09 10:15:16.338426 [INFO] current LH = -3846.546612488397	
2022/02/09 10:15:16.918943 [INFO] current LH = -3845.828969820534	
2022/02/09 10:15:17.500551 [INFO] current LH = -3845.639383752114	
2022/02/09 10:15:18.082281 [INFO] current LH = -3845.841427689439	
2022/02/09 10:15:18.082308 [INFO] Wall time: 6.487770334s User: 0s System: 0s

2022/02/09 10:15:18.082316 [INFO] Wtotal time: 104.8714929s User: 0.45s System: 0.09s

2022/02/09 10:15:18.662225 [INFO] current LH = -3845.623266188865	
2022/02/09 10:15:19.242412 [INFO] current LH = -3845.600928355291	
2022/02/09 10:15:19.829509 [INFO] current LH = -3845.867192623387	
2022/02/09 10:15:20.411093 [INFO] current LH = -3845.311256637249	
2022/02/09 10:15:20.992535 [INFO] current LH = -3846.153465781302	
2022/02/09 10:15:21.573409 [INFO] current LH = -3845.651905046951	
2022/02/09 10:15:22.154463 [INFO] current LH = -3845.816457724945	
2022/02/09 10:15:22.758405 [INFO] current LH = -3845.808293571552	
2022/02/09 10:15:23.360113 [INFO] current LH = -3845.656407963374	
2022/02/09 10:15:23.963415 [INFO] current LH = -3846.818409190369	
2022/02/09 10:15:24.565945 [INFO] current LH = -3844.646290998231	
2022/02/09 10:15:25.170196 [INFO] current LH = -3845.828976258237	
2022/02/09 10:15:25.750624 [INFO] current LH = -3846.229375529076	
2022/02/09 10:15:26.330763 [INFO] current LH = -3847.339172720002	
2022/02/09 10:15:26.910930 [INFO] current LH = -3851.216211963223	
2022/02/09 10:15:27.491091 [INFO] current LH = -3862.498908713995	
2022/02/09 10:15:28.071969 [INFO] current LH = -3842.791823666045	
2022/02/09 10:15:28.654687 [INFO] current LH = -3866.401867930117	
2022/02/09 10:15:29.234611 [INFO] current LH = -3867.610241721865	
2022/02/09 10:15:29.388527 [INFO] current LH = -3869.827994414972	
2022/02/09 10:15:29.388555 [INFO] Wall time: 11.30622742s User: 0.01s System: 0.01s

2022/02/09 10:15:29.388565 [INFO] Wtotal time: 116.1777413s User: 0.46s System: 0.1s

2022/02/09 10:15:29.543051 [INFO] current LH = -3865.390639605772	
2022/02/09 10:15:29.748733 [INFO] current LH = -3867.6650966011	
2022/02/09 10:15:29.947753 [INFO] current LH = -3867.553537785163	
2022/02/09 10:15:30.146310 [INFO] current LH = -3868.811217411956	
2022/02/09 10:15:30.345006 [INFO] current LH = -3866.407417748585	
2022/02/09 10:15:30.651838 [INFO] current LH = -3867.002981750381	
2022/02/09 10:15:30.895065 [INFO] current LH = -3868.216457821447	
2022/02/09 10:15:31.138275 [INFO] current LH = -3867.985812008455	
2022/02/09 10:15:31.382147 [INFO] current LH = -3867.233147030975	
2022/02/09 10:15:31.625145 [INFO] current LH = -3867.325754495624	
2022/02/09 10:15:31.867946 [INFO] current LH = -3867.893174108245	
2022/02/09 10:15:32.111141 [INFO] current LH = -3867.59697037765	
2022/02/09 10:15:32.355206 [INFO] current LH = -3867.62190577609	
2022/02/09 10:15:32.598602 [INFO] current LH = -3866.64416704193	
2022/02/09 10:15:32.841747 [INFO] current LH = -3868.575265820884	
2022/02/09 10:15:33.085094 [INFO] current LH = -3867.219853012475	
2022/02/09 10:15:33.328017 [INFO] current LH = -3867.999067786327	
2022/02/09 10:15:33.910697 [INFO] current LH = -3866.837498837656	
2022/02/09 10:15:34.494139 [INFO] current LH = -3868.38013877185	
2022/02/09 10:15:35.078820 [INFO] current LH = -3867.598288302563	
2022/02/09 10:15:35.078846 [INFO] Wall time: 5.690271274s User: 0s System: 0.01s

2022/02/09 10:15:35.078854 [INFO] Wtotal time: 121.8680308s User: 0.46s System: 0.11s

2022/02/09 10:15:35.659039 [INFO] current LH = -3867.620765743473	
2022/02/09 10:15:36.241258 [INFO] current LH = -3867.666558695049	
2022/02/09 10:15:36.822400 [INFO] current LH = -3867.551959726349	
2022/02/09 10:15:37.404319 [INFO] current LH = -3866.823166894682	
2022/02/09 10:15:37.985108 [INFO] current LH = -3868.380142775861	
2022/02/09 10:15:38.566151 [INFO] current LH = -3867.354193721977	
2022/02/09 10:15:39.148011 [INFO] current LH = -3867.86444526909	
2022/02/09 10:15:39.732953 [INFO] current LH = -3867.024623849159	
2022/02/09 10:15:40.315742 [INFO] current LH = -3868.189221566244	
2022/02/09 10:15:40.895680 [INFO] current LH = -3867.302373929259	
2022/02/09 10:15:41.475267 [INFO] current LH = -3867.916265049641	
2022/02/09 10:15:42.057211 [INFO] current LH = -3867.803317803631	
2022/02/09 10:15:42.637096 [INFO] current LH = -3867.414488215211	
2022/02/09 10:15:43.240667 [INFO] current LH = -3867.725385855395	
2022/02/09 10:15:43.844542 [INFO] current LH = -3867.493202521487	
2022/02/09 10:15:44.446841 [INFO] current LH = -3868.712871169053	
2022/02/09 10:15:45.052210 [INFO] current LH = -3866.505768787511	
2022/02/09 10:15:45.705241 [INFO] current LH = -862.2193195968148	
2022/02/09 10:15:46.357473 [INFO] current LH = -4203.928019434501	
2022/02/09 10:15:47.008665 [INFO] current LH = -4302.1350468376	
2022/02/09 10:15:47.008691 [INFO] Wall time: 11.92982725s User: 0s System: 0s

2022/02/09 10:15:47.008699 [INFO] Wtotal time: 133.7978756s User: 0.46s System: 0.11s

2022/02/09 10:15:47.162716 [INFO] current LH = -4302.722377326586	
2022/02/09 10:15:47.316613 [INFO] current LH = -4301.547821966697	
2022/02/09 10:15:47.471070 [INFO] current LH = -4304.724476572815	
2022/02/09 10:15:47.625194 [INFO] current LH = -4299.54771541754	
2022/02/09 10:15:47.823258 [INFO] current LH = -4301.822638903574	
2022/02/09 10:15:48.021963 [INFO] current LH = -4302.445301797557	
2022/02/09 10:15:48.220705 [INFO] current LH = -4302.963936519169	
2022/02/09 10:15:48.419747 [INFO] current LH = -4301.304894276249	
2022/02/09 10:15:48.726479 [INFO] current LH = -4311.802812578004	
2022/02/09 10:15:48.969264 [INFO] current LH = -4292.31493111633	
2022/02/09 10:15:49.212686 [INFO] current LH = -4303.264742613723	
2022/02/09 10:15:49.455796 [INFO] current LH = -4301.003299942578	
2022/02/09 10:15:49.703680 [INFO] current LH = -4302.059578553491	
2022/02/09 10:15:49.946724 [INFO] current LH = -4302.210307774998	
2022/02/09 10:15:50.190609 [INFO] current LH = -4301.896961471175	
2022/02/09 10:15:50.433887 [INFO] current LH = -4302.371075482399	
2022/02/09 10:15:50.677560 [INFO] current LH = -4301.944388511494	
2022/02/09 10:15:50.920477 [INFO] current LH = -4302.331908481664	
2022/02/09 10:15:51.163968 [INFO] current LH = -4302.024642996213	
2022/02/09 10:15:51.406757 [INFO] current LH = -4302.247502718465	
2022/02/09 10:15:51.406785 [INFO] Wall time: 4.398074843s User: 0s System: 0.01s

2022/02/09 10:15:51.406796 [INFO] Wtotal time: 138.1959721s User: 0.46s System: 0.12s

2022/02/09 10:15:51.650108 [INFO] current LH = -4301.670743148606	
2022/02/09 10:15:51.893228 [INFO] current LH = -4302.602388901907	
2022/02/09 10:15:52.137749 [INFO] current LH = -4303.906659791541	
2022/02/09 10:15:52.381686 [INFO] current LH = -4300.519986287111	
2022/02/09 10:15:52.624398 [INFO] current LH = -4302.329967958562	
2022/02/09 10:15:52.867825 [INFO] current LH = -4301.942178189963	
2022/02/09 10:15:53.111243 [INFO] current LH = -4302.120038694115	
2022/02/09 10:15:53.354523 [INFO] current LH = -4302.149992725671	
2022/02/09 10:15:53.597274 [INFO] current LH = -4302.048040114322	
2022/02/09 10:15:53.840399 [INFO] current LH = -4302.219983773197	
2022/02/09 10:15:54.421345 [INFO] current LH = -4302.756109543104	
2022/02/09 10:15:55.005487 [INFO] current LH = -4301.513563284502	
2022/02/09 10:15:55.586876 [INFO] current LH = -4303.505760022209	
2022/02/09 10:15:56.168368 [INFO] current LH = -4300.762289300451	
2022/02/09 10:15:56.750602 [INFO] current LH = -4302.135409574393	
2022/02/09 10:15:57.332699 [INFO] current LH = -4302.133395836867	
2022/02/09 10:15:57.914265 [INFO] current LH = -4302.667737893521	
2022/02/09 10:15:58.496510 [INFO] current LH = -4301.602757856814	
2022/02/09 10:15:59.077557 [INFO] current LH = -4303.338917730652	
2022/02/09 10:15:59.660452 [INFO] current LH = -4300.933235319836	
2022/02/09 10:15:59.660477 [INFO] Wall time: 8.253670077s User: 0.01s System: 0s

2022/02/09 10:15:59.660485 [INFO] Wtotal time: 146.4496622s User: 0.47s System: 0.12s

2022/02/09 10:16:00.242192 [INFO] current LH = -4301.912097050044	
2022/02/09 10:16:00.824008 [INFO] current LH = -4302.35846521805	
2022/02/09 10:16:01.404938 [INFO] current LH = -4301.66908040877	
2022/02/09 10:16:01.985628 [INFO] current LH = -4302.603071215606	
2022/02/09 10:16:02.565897 [INFO] current LH = -4302.684336023817	
2022/02/09 10:16:03.146840 [INFO] current LH = -4301.585704033043	
2022/02/09 10:16:03.726400 [INFO] current LH = -4305.531684490409	
2022/02/09 10:16:04.307325 [INFO] current LH = -4298.736431486964	
2022/02/09 10:16:04.893707 [INFO] current LH = -4302.203565959313	
2022/02/09 10:16:05.476039 [INFO] current LH = -4302.065884184149	
2022/02/09 10:16:06.057476 [INFO] current LH = -4302.256942148982	
2022/02/09 10:16:06.638597 [INFO] current LH = -4302.011103984221	
2022/02/09 10:16:07.242806 [INFO] current LH = -4301.822460408388	
2022/02/09 10:16:07.845129 [INFO] current LH = -4302.446007086661	
2022/02/09 10:16:08.446836 [INFO] current LH = -4302.774209826394	
2022/02/09 10:16:09.051640 [INFO] current LH = -4301.494253703877	
2022/02/09 10:16:09.706751 [INFO] current LH = 7021.222637746345	
2022/02/09 10:16:10.357776 [INFO] current LH = -4941.160003766651	
2022/02/09 10:16:10.511944 [INFO] current LH = -4946.081732860589	
2022/02/09 10:16:10.666237 [INFO] current LH = -4936.220751221957	
2022/02/09 10:16:10.666266 [INFO] Wall time: 11.00576939s User: 0s System: 0.01s

2022/02/09 10:16:10.666276 [INFO] Wtotal time: 157.4554524s User: 0.47s System: 0.13s

2022/02/09 10:16:10.821046 [INFO] current LH = -4942.966832304881	
2022/02/09 10:16:10.975242 [INFO] current LH = -4939.350817521943	
2022/02/09 10:16:11.174760 [INFO] current LH = -4940.987589179277	
2022/02/09 10:16:11.373247 [INFO] current LH = -4941.330295680362	
2022/02/09 10:16:11.572965 [INFO] current LH = -4942.160442433429	
2022/02/09 10:16:11.771992 [INFO] current LH = -4940.15723016753	
2022/02/09 10:16:12.078984 [INFO] current LH = -4941.592063242971	
2022/02/09 10:16:12.322080 [INFO] current LH = -4940.727115128842	
2022/02/09 10:16:12.565034 [INFO] current LH = -4941.887882589331	
2022/02/09 10:16:12.808469 [INFO] current LH = -4940.429775200533	
2022/02/09 10:16:13.051502 [INFO] current LH = -4940.778932012433	
2022/02/09 10:16:13.294878 [INFO] current LH = -4941.534385981853	
2022/02/09 10:16:13.538258 [INFO] current LH = -4940.934632076638	
2022/02/09 10:16:13.781744 [INFO] current LH = -4941.383011179869	
2022/02/09 10:16:14.024290 [INFO] current LH = -4941.124875542738	
2022/02/09 10:16:14.268430 [INFO] current LH = -4941.195579734233	
2022/02/09 10:16:14.511174 [INFO] current LH = -4941.080106732163	
2022/02/09 10:16:14.758095 [INFO] current LH = -4941.242309125013	
2022/02/09 10:16:15.001284 [INFO] current LH = -4940.814699812265	
2022/02/09 10:16:15.244816 [INFO] current LH = -4941.502527667344	
2022/02/09 10:16:15.244841 [INFO] Wall time: 4.5785559s User: 0s System: 0.01s

2022/02/09 10:16:15.244849 [INFO] Wtotal time: 162.0340264s User: 0.47s System: 0.14s

2022/02/09 10:16:15.534157 [INFO] current LH = -4940.959868495944	
2022/02/09 10:16:15.776869 [INFO] current LH = -4941.360555290416	
2022/02/09 10:16:16.019550 [INFO] current LH = -4940.684543884164	
2022/02/09 10:16:16.262742 [INFO] current LH = -4941.63787682668	
2022/02/09 10:16:16.506023 [INFO] current LH = -4941.009222125901	
2022/02/09 10:16:16.748669 [INFO] current LH = -4941.293591647795	
2022/02/09 10:16:16.992107 [INFO] current LH = -4941.106179253265	
2022/02/09 10:16:17.235288 [INFO] current LH = -4941.211461257295	
2022/02/09 10:16:17.816585 [INFO] current LH = -4942.014389174001	
2022/02/09 10:16:18.397742 [INFO] current LH = -4940.30006644123	
2022/02/09 10:16:18.977195 [INFO] current LH = -4941.717248435413	
2022/02/09 10:16:19.559059 [INFO] current LH = -4940.600395843233	
2022/02/09 10:16:20.143363 [INFO] current LH = -4941.248190405564	
2022/02/09 10:16:20.723798 [INFO] current LH = -4941.069668594127	
2022/02/09 10:16:21.306153 [INFO] current LH = -4942.097270457845	
2022/02/09 10:16:21.887493 [INFO] current LH = -4940.219438949352	
2022/02/09 10:16:22.468442 [INFO] current LH = -4940.665699688754	
2022/02/09 10:16:23.048211 [INFO] current LH = -4941.655558239379	
2022/02/09 10:16:23.628869 [INFO] current LH = -4943.539198600172	
2022/02/09 10:16:24.209013 [INFO] current LH = -4938.744694253386	
2022/02/09 10:16:24.209039 [INFO] Wall time: 8.964179665s User: 0s System: 0.01s

2022/02/09 10:16:24.209047 [INFO] Wtotal time: 170.998224s User: 0.47s System: 0.15s

2022/02/09 10:16:24.795519 [INFO] current LH = -4941.771310321262	
2022/02/09 10:16:25.376762 [INFO] current LH = -4940.546328566021	
2022/02/09 10:16:25.958984 [INFO] current LH = -4941.203132478821	
2022/02/09 10:16:26.545185 [INFO] current LH = -4941.114296920344	
2022/02/09 10:16:27.147880 [INFO] current LH = -4940.90418943231	
2022/02/09 10:16:27.750455 [INFO] current LH = -4941.413254774701	
2022/02/09 10:16:28.352594 [INFO] current LH = -4941.771093456929	
2022/02/09 10:16:28.954586 [INFO] current LH = -4940.546833404103	
2022/02/09 10:16:29.606609 [INFO] current LH = 397572.2530205054	
2022/02/09 10:16:30.265965 [INFO] Client timing information: 
2022/02/09 10:16:30.266011 [INFO] Client id 0 channel id 0  response time +0 s
2022/02/09 10:16:30.266018 [INFO] Client id 1 channel id 0  response time +0.003992 s
2022/02/09 10:16:30.293257 [INFO] current LH = -5205.007406802415	
2022/02/09 10:16:30.447693 [INFO] current LH = -5207.159028335271	
2022/02/09 10:16:30.601921 [INFO] current LH = -5202.852251208271	
2022/02/09 10:16:30.800867 [INFO] current LH = -5204.912502798159	
2022/02/09 10:16:31.000105 [INFO] current LH = -5205.099997953032	
2022/02/09 10:16:31.199093 [INFO] current LH = -5205.966549308683	
2022/02/09 10:16:31.398524 [INFO] current LH = -5204.045765079405	
2022/02/09 10:16:31.706161 [INFO] current LH = -5205.333473624465	
2022/02/09 10:16:31.950173 [INFO] current LH = -5204.680041291642	
2022/02/09 10:16:32.193782 [INFO] current LH = -5204.739456674301	
2022/02/09 10:16:32.437535 [INFO] current LH = -5205.269188541866	
2022/02/09 10:16:32.437559 [INFO] Wall time: 8.228502347s User: 0s System: 0s

2022/02/09 10:16:32.437567 [INFO] Wtotal time: 179.2267437s User: 0.47s System: 0.15s

2022/02/09 10:16:32.681200 [INFO] current LH = -5204.838147425645	
2022/02/09 10:16:32.923922 [INFO] current LH = -5205.174186948258	
2022/02/09 10:16:33.167582 [INFO] current LH = -5204.945544892089	
2022/02/09 10:16:33.410907 [INFO] current LH = -5205.069362002244	
2022/02/09 10:16:33.654154 [INFO] current LH = -5204.689147029128	
2022/02/09 10:16:33.897118 [INFO] current LH = -5205.328022627895	
2022/02/09 10:16:34.141554 [INFO] current LH = -5204.885171919757	
2022/02/09 10:16:34.384985 [INFO] current LH = -5205.12522357514	
2022/02/09 10:16:34.629857 [INFO] current LH = -5204.916187458959	
2022/02/09 10:16:34.874430 [INFO] current LH = -5205.096145968536	
2022/02/09 10:16:35.118661 [INFO] current LH = -5204.604579784122	
2022/02/09 10:16:35.362059 [INFO] current LH = -5205.409773936581	
2022/02/09 10:16:35.605397 [INFO] current LH = -5204.070849377842	
2022/02/09 10:16:35.848227 [INFO] current LH = -5205.941460416736	
2022/02/09 10:16:36.091533 [INFO] current LH = -5204.995152972338	
2022/02/09 10:16:36.336010 [INFO] current LH = -5205.012900771859	
2022/02/09 10:16:36.579899 [INFO] current LH = -5205.00078995655	
2022/02/09 10:16:36.829403 [INFO] current LH = -5205.011544586204	
2022/02/09 10:16:37.412109 [INFO] current LH = -5205.258504451551	
2022/02/09 10:16:37.993573 [INFO] current LH = -5204.753262381213	
2022/02/09 10:16:37.993600 [INFO] Wall time: 5.556022742s User: 0s System: 0.01s

2022/02/09 10:16:37.993610 [INFO] Wtotal time: 184.7827865s User: 0.47s System: 0.16s

2022/02/09 10:16:38.576479 [INFO] current LH = -5205.104039381727	
2022/02/09 10:16:39.156966 [INFO] current LH = -5204.90886390134	
2022/02/09 10:16:39.740249 [INFO] current LH = -5205.638301714705	
2022/02/09 10:16:40.321499 [INFO] current LH = -5204.372086760288	
2022/02/09 10:16:40.902929 [INFO] current LH = -5205.480331812438	
2022/02/09 10:16:41.485441 [INFO] current LH = -5204.532001377693	
2022/02/09 10:16:42.068124 [INFO] current LH = -5204.525922307688	
2022/02/09 10:16:42.650363 [INFO] current LH = -5205.486881480967	
2022/02/09 10:16:43.231476 [INFO] current LH = -5205.39709715053	
2022/02/09 10:16:43.812462 [INFO] current LH = -5204.613773230038	
2022/02/09 10:16:44.393596 [INFO] current LH = -5205.020849467835	
2022/02/09 10:16:44.977354 [INFO] current LH = -5204.991081920329	
2022/02/09 10:16:45.579703 [INFO] current LH = -5204.874252172858	
2022/02/09 10:16:46.181598 [INFO] current LH = -5205.138027635532	
2022/02/09 10:16:46.787319 [INFO] current LH = -5205.604503070157	
2022/02/09 10:16:47.390725 [INFO] current LH = -5204.407953810721	
2022/02/09 10:16:48.041894 [INFO] current LH = -46.26544648884192	
2022/02/09 10:16:48.694563 [INFO] current LH = -5492.285393615171	
2022/02/09 10:16:48.848510 [INFO] current LH = -5493.954296739908	
2022/02/09 10:16:49.002444 [INFO] current LH = -5490.613531248688	
2022/02/09 10:16:49.002472 [INFO] Wall time: 11.00885105s User: 0s System: 0.01s

2022/02/09 10:16:49.002481 [INFO] Wtotal time: 195.7916577s User: 0.47s System: 0.17s

2022/02/09 10:16:49.201969 [INFO] current LH = -5492.226335306198	
2022/02/09 10:16:49.401518 [INFO] current LH = -5492.34203682427	
2022/02/09 10:16:49.600351 [INFO] current LH = -5493.065735015396	
2022/02/09 10:16:49.804919 [INFO] current LH = -5491.502616218328	
2022/02/09 10:16:50.111636 [INFO] current LH = -5492.426561461558	
2022/02/09 10:16:50.354409 [INFO] current LH = -5492.141222921096	
2022/02/09 10:16:50.597917 [INFO] current LH = -5492.141977848927	
2022/02/09 10:16:50.841491 [INFO] current LH = -5492.425707163855	
2022/02/09 10:16:51.085716 [INFO] current LH = -5492.51041773386	
2022/02/09 10:16:51.328785 [INFO] current LH = -5492.00372132308	
2022/02/09 10:16:51.572011 [INFO] current LH = -5492.338571889487	
2022/02/09 10:16:51.815442 [INFO] current LH = -5492.229599672133	
2022/02/09 10:16:52.062768 [INFO] current LH = -5492.186671497662	
2022/02/09 10:16:52.305830 [INFO] current LH = -5492.384474724216	
2022/02/09 10:16:52.549636 [INFO] current LH = -5492.019789728886	
2022/02/09 10:16:52.792703 [INFO] current LH = -5492.553582102257	
2022/02/09 10:16:53.036327 [INFO] current LH = -5491.741736431541	
2022/02/09 10:16:53.279343 [INFO] current LH = -5492.821801432703	
2022/02/09 10:16:53.522016 [INFO] current LH = -5491.959474553113	
2022/02/09 10:16:53.767707 [INFO] current LH = -5492.60869594667	
2022/02/09 10:16:53.767738 [INFO] Wall time: 4.765246287s User: 0.01s System: 0s

2022/02/09 10:16:53.767750 [INFO] Wtotal time: 200.556926s User: 0.48s System: 0.17s

2022/02/09 10:16:54.011160 [INFO] current LH = -5492.224215441063	
2022/02/09 10:16:54.255488 [INFO] current LH = -5492.343774717623	
2022/02/09 10:16:54.838264 [INFO] current LH = -5492.325103340295	
2022/02/09 10:16:55.476124 [INFO] current LH = -5492.242290925787	
2022/02/09 10:16:56.058789 [INFO] current LH = -5492.372739131311	
2022/02/09 10:16:56.640522 [INFO] current LH = -5492.195782111433	
2022/02/09 10:16:57.220605 [INFO] current LH = -5492.481826859591	
2022/02/09 10:16:57.799546 [INFO] current LH = -5492.083496660407	
2022/02/09 10:16:58.382907 [INFO] current LH = -5492.421979125525	
2022/02/09 10:16:58.964639 [INFO] current LH = -5492.146186735386	
2022/02/09 10:16:59.546298 [INFO] current LH = -5491.725749926344	
2022/02/09 10:17:00.133280 [INFO] current LH = -5492.840315088308	
2022/02/09 10:17:00.714028 [INFO] current LH = -5492.411044034081	
2022/02/09 10:17:01.296003 [INFO] current LH = -5492.155820962249	
2022/02/09 10:17:01.877335 [INFO] current LH = -5492.307850973277	
2022/02/09 10:17:02.459073 [INFO] current LH = -5492.260191724968	
2022/02/09 10:17:03.062679 [INFO] current LH = -5492.227653409017	
2022/02/09 10:17:03.666296 [INFO] current LH = -5492.34057383401	
2022/02/09 10:17:04.269896 [INFO] current LH = -5492.748503380688	
2022/02/09 10:17:04.874684 [INFO] current LH = -5491.819838524143	
2022/02/09 10:17:04.874711 [INFO] Wall time: 11.10694928s User: 0s System: 0.01s

2022/02/09 10:17:04.874718 [INFO] Wtotal time: 211.6638954s User: 0.48s System: 0.18s

2022/02/09 10:17:05.525724 [INFO] current LH = -5431.657429280078	
2022/02/09 10:17:06.177363 [INFO] current LH = -5860.195693345164	
2022/02/09 10:17:06.331703 [INFO] current LH = -5860.716503732573	
2022/02/09 10:17:06.486430 [INFO] current LH = -5859.671031533569	
2022/02/09 10:17:06.684877 [INFO] current LH = -5860.202209750213	
2022/02/09 10:17:06.884205 [INFO] current LH = -5860.186681498768	
2022/02/09 10:17:07.082834 [INFO] current LH = -5860.300839532722	
2022/02/09 10:17:07.282013 [INFO] current LH = -5860.088436844489	
2022/02/09 10:17:07.588746 [INFO] current LH = -5859.527590548306	
2022/02/09 10:17:07.831375 [INFO] current LH = -5860.858499482632	
2022/02/09 10:17:08.074342 [INFO] current LH = -5859.710928454539	
2022/02/09 10:17:08.318232 [INFO] current LH = -5860.677662281782	
2022/02/09 10:17:08.561828 [INFO] current LH = -5860.040334586198	
2022/02/09 10:17:08.804917 [INFO] current LH = -5860.348330032243	
2022/02/09 10:17:09.048239 [INFO] current LH = -5860.252634336867	
2022/02/09 10:17:09.291429 [INFO] current LH = -5860.134640731071	
2022/02/09 10:17:09.535227 [INFO] current LH = -5860.316260479923	
2022/02/09 10:17:09.779434 [INFO] current LH = -5860.072524120847	
2022/02/09 10:17:10.022608 [INFO] current LH = -5860.677274868333	
2022/02/09 10:17:10.265231 [INFO] current LH = -5859.709105808458	
2022/02/09 10:17:10.265258 [INFO] Wall time: 5.390529231s User: 0s System: 0s

2022/02/09 10:17:10.265266 [INFO] Wtotal time: 217.054443s User: 0.48s System: 0.18s

2022/02/09 10:17:10.509082 [INFO] current LH = -5860.555982539268	
2022/02/09 10:17:10.753106 [INFO] current LH = -5859.832608870347	
2022/02/09 10:17:10.996175 [INFO] current LH = -5860.135613848435	
2022/02/09 10:17:11.238731 [INFO] current LH = -5860.253632260644	
2022/02/09 10:17:11.818866 [INFO] current LH = -5859.795669450908	
2022/02/09 10:17:12.401495 [INFO] current LH = -5860.590556856073	
2022/02/09 10:17:12.982568 [INFO] current LH = -5859.901817909798	
2022/02/09 10:17:13.564451 [INFO] current LH = -5860.486773101656	
2022/02/09 10:17:14.144190 [INFO] current LH = -5860.331072522242	
2022/02/09 10:17:14.730410 [INFO] current LH = -5860.058333112012	
2022/02/09 10:17:15.310824 [INFO] current LH = -5859.451627248524	
2022/02/09 10:17:15.894490 [INFO] current LH = -5860.931858573943	
2022/02/09 10:17:16.475745 [INFO] current LH = -5859.754125502532	
2022/02/09 10:17:17.055591 [INFO] current LH = -5860.634465063754	
2022/02/09 10:17:17.637752 [INFO] current LH = -5859.695272083678	
2022/02/09 10:17:18.219297 [INFO] current LH = -5860.691533773417	
2022/02/09 10:17:18.800478 [INFO] current LH = -5859.688491295125	
2022/02/09 10:17:19.380665 [INFO] current LH = -5860.696688705211	
2022/02/09 10:17:19.964632 [INFO] current LH = -5859.856041829456	
2022/02/09 10:17:20.546298 [INFO] current LH = -5860.532548959248	
2022/02/09 10:17:20.546326 [INFO] Wall time: 10.28104904s User: 0.01s System: 0.01s

2022/02/09 10:17:20.546334 [INFO] Wtotal time: 227.3355113s User: 0.49s System: 0.19s

2022/02/09 10:17:21.128316 [INFO] current LH = -5860.195137947681	
2022/02/09 10:17:21.709597 [INFO] current LH = -5860.194203271649	
2022/02/09 10:17:22.311171 [INFO] current LH = -5860.019304394951	
2022/02/09 10:17:22.913313 [INFO] current LH = -5860.369571248981	
2022/02/09 10:17:23.519157 [INFO] current LH = -5860.085799581017	
2022/02/09 10:17:24.121664 [INFO] current LH = -5860.304145259352	
2022/02/09 10:17:24.781916 [INFO] current LH = -6012.851783426333	
2022/02/09 10:17:24.935902 [INFO] current LH = -6012.781582033285	
2022/02/09 10:17:25.089896 [INFO] current LH = -6012.918613446087	
2022/02/09 10:17:25.288795 [INFO] current LH = -6012.855597340542	
2022/02/09 10:17:25.487753 [INFO] current LH = -6012.845120473656	
2022/02/09 10:17:25.687130 [INFO] current LH = -6012.661416366869	
2022/02/09 10:17:25.886125 [INFO] current LH = -6013.039846875214	
2022/02/09 10:17:26.193088 [INFO] current LH = -6012.747524939283	
2022/02/09 10:17:26.436233 [INFO] current LH = -6012.953856497305	
2022/02/09 10:17:26.678908 [INFO] current LH = -6012.792294213978	
2022/02/09 10:17:26.922041 [INFO] current LH = -6012.909734669356	
2022/02/09 10:17:27.165730 [INFO] current LH = -6012.963253900444	
2022/02/09 10:17:27.408785 [INFO] current LH = -6012.739320843556	
2022/02/09 10:17:27.652195 [INFO] current LH = -6013.040699122882	
2022/02/09 10:17:27.652223 [INFO] Wall time: 7.105877641s User: 0s System: 0s

2022/02/09 10:17:27.652233 [INFO] Wtotal time: 234.4414095s User: 0.49s System: 0.19s

2022/02/09 10:17:27.895808 [INFO] current LH = -6012.659999150943	
2022/02/09 10:17:28.138946 [INFO] current LH = -6012.946905664804	
2022/02/09 10:17:28.382703 [INFO] current LH = -6012.764159883297	
2022/02/09 10:17:28.625774 [INFO] current LH = -6012.90974184889	
2022/02/09 10:17:28.869474 [INFO] current LH = -6012.796693122702	
2022/02/09 10:17:29.112381 [INFO] current LH = -6012.941316740495	
2022/02/09 10:17:29.354891 [INFO] current LH = -6012.761511022233	
2022/02/09 10:17:29.598340 [INFO] current LH = -6013.027433612383	
2022/02/09 10:17:29.845495 [INFO] current LH = -6012.673264049222	
2022/02/09 10:17:30.088461 [INFO] current LH = -6012.770074818373	
2022/02/09 10:17:30.331669 [INFO] current LH = -6012.932995023814	
2022/02/09 10:17:30.574319 [INFO] current LH = -6012.654695226023	
2022/02/09 10:17:30.818159 [INFO] current LH = -6013.04600138272	
2022/02/09 10:17:31.399393 [INFO] current LH = -6012.8807576712	
2022/02/09 10:17:31.979786 [INFO] current LH = -6012.819387325798	
2022/02/09 10:17:32.562339 [INFO] current LH = -6012.680099886878	
2022/02/09 10:17:33.145959 [INFO] current LH = -6013.012868634078	
2022/02/09 10:17:33.727154 [INFO] current LH = -6012.763812643015	
2022/02/09 10:17:34.307900 [INFO] current LH = -6012.936886842413	
2022/02/09 10:17:34.892271 [INFO] current LH = -6012.849559854699	
2022/02/09 10:17:34.892299 [INFO] Wall time: 7.240053465s User: 0s System: 0.01s

2022/02/09 10:17:34.892309 [INFO] Wtotal time: 241.6814852s User: 0.49s System: 0.2s

2022/02/09 10:17:35.497866 [INFO] current LH = -6012.852280459048	
2022/02/09 10:17:36.077507 [INFO] current LH = -6012.750737034435	
2022/02/09 10:17:36.656675 [INFO] current LH = -6012.947684953319	
2022/02/09 10:17:37.238261 [INFO] current LH = -6012.776831399285	
2022/02/09 10:17:37.820485 [INFO] current LH = -6012.923868098044	
2022/02/09 10:17:38.401243 [INFO] current LH = -6012.660288672639	
2022/02/09 10:17:38.981739 [INFO] current LH = -6013.041357054552	
2022/02/09 10:17:39.562564 [INFO] current LH = -6012.856035567646	
2022/02/09 10:17:40.149626 [INFO] current LH = -6012.844528763473	
2022/02/09 10:17:40.751523 [INFO] current LH = -6012.810947368848	
2022/02/09 10:17:41.354079 [INFO] current LH = -6012.889800100015	
2022/02/09 10:17:41.956153 [INFO] current LH = -6012.780291288364	
2022/02/09 10:17:42.558665 [INFO] current LH = -6012.921770554993	
2022/02/09 10:17:43.213218 [INFO] current LH = -6033.417694882255	
2022/02/09 10:17:43.864891 [INFO] current LH = -6035.756431715307	
2022/02/09 10:17:44.515790 [INFO] current LH = -6036.274616593894	
2022/02/09 10:17:44.671427 [INFO] current LH = -6036.277325371894	
2022/02/09 10:17:44.825330 [INFO] current LH = -6036.269151841941	
2022/02/09 10:17:45.024212 [INFO] current LH = -6036.290710595438	
2022/02/09 10:17:45.222885 [INFO] current LH = -6036.255560930368	
2022/02/09 10:17:45.222912 [INFO] Wall time: 10.33059262s User: 0s System: 0.01s

2022/02/09 10:17:45.222920 [INFO] Wtotal time: 252.0120971s User: 0.49s System: 0.21s

2022/02/09 10:17:45.422129 [INFO] current LH = -6036.138433382825	
2022/02/09 10:17:45.620228 [INFO] current LH = -6036.40754265411	
2022/02/09 10:17:45.926285 [INFO] current LH = -6036.242739386894	
2022/02/09 10:17:46.169269 [INFO] current LH = -6036.303515525127	
2022/02/09 10:17:46.413148 [INFO] current LH = -6036.222108545287	
2022/02/09 10:17:46.656247 [INFO] current LH = -6036.324513243518	
2022/02/09 10:17:46.899715 [INFO] current LH = -6036.157976702975	
2022/02/09 10:17:47.143231 [INFO] current LH = -6036.244433847101	
2022/02/09 10:17:47.387405 [INFO] current LH = -6036.258458777384	
2022/02/09 10:17:47.630111 [INFO] Client timing information: 
2022/02/09 10:17:47.630135 [INFO] Client id 0 channel id 0  response time +0 s
2022/02/09 10:17:47.630142 [INFO] Client id 1 channel id 0  response time +0.000993 s
2022/02/09 10:17:47.652136 [INFO] current LH = -6036.290722155014	
2022/02/09 10:17:47.895185 [INFO] current LH = -6036.153342104864	
2022/02/09 10:17:48.137910 [INFO] current LH = -6036.239882251434	
2022/02/09 10:17:48.380838 [INFO] current LH = -6036.276373888845	
2022/02/09 10:17:48.623439 [INFO] current LH = -6036.272919796686	
2022/02/09 10:17:48.866583 [INFO] current LH = -6036.287746521953	
2022/02/09 10:17:49.109007 [INFO] current LH = -6036.264168426442	
2022/02/09 10:17:49.351671 [INFO] current LH = -6036.38890169232	
2022/02/09 10:17:49.594284 [INFO] current LH = -6036.158381072863	
2022/02/09 10:17:49.838936 [INFO] current LH = -6036.125606889934	
2022/02/09 10:17:50.082268 [INFO] current LH = -6036.421637741858	
2022/02/09 10:17:50.082296 [INFO] Wall time: 4.859364529s User: 0.01s System: 0s

2022/02/09 10:17:50.082306 [INFO] Wtotal time: 256.8714824s User: 0.5s System: 0.21s

2022/02/09 10:17:50.666300 [INFO] current LH = -6036.21650012559	
2022/02/09 10:17:51.247610 [INFO] current LH = -6036.330076248225	
2022/02/09 10:17:51.826918 [INFO] current LH = -6036.350285482089	
2022/02/09 10:17:52.409940 [INFO] current LH = -6036.197593399696	
2022/02/09 10:17:52.988592 [INFO] current LH = -6036.384469997694	
2022/02/09 10:17:53.571293 [INFO] current LH = -6036.161883318252	
2022/02/09 10:17:54.152058 [INFO] current LH = -6036.192711755349	
2022/02/09 10:17:54.734993 [INFO] current LH = -6036.354146617167	
2022/02/09 10:17:55.315814 [INFO] current LH = -6036.099060858921	
2022/02/09 10:17:55.896114 [INFO] current LH = -6036.448091267983	
2022/02/09 10:17:56.475821 [INFO] current LH = -6036.266498050814	
2022/02/09 10:17:57.055940 [INFO] current LH = -6036.281294847949	
2022/02/09 10:17:57.638506 [INFO] current LH = -6036.263576083291	
2022/02/09 10:17:58.217866 [INFO] current LH = -6036.284608178867	
2022/02/09 10:17:58.796926 [INFO] current LH = -6036.255772196674	
2022/02/09 10:17:59.377272 [INFO] current LH = -6036.290579949929	
2022/02/09 10:17:59.982304 [INFO] current LH = -6036.307146117962	
2022/02/09 10:18:00.587512 [INFO] current LH = -6036.239437662016	
2022/02/09 10:18:01.189514 [INFO] current LH = -6036.194677914143	
2022/02/09 10:18:01.794614 [INFO] current LH = -6036.351619234099	
2022/02/09 10:18:01.794641 [INFO] Wall time: 11.71232292s User: 0s System: 0.01s

2022/02/09 10:18:01.794649 [INFO] Wtotal time: 268.5838263s User: 0.5s System: 0.22s

2022/02/09 10:18:02.447760 [INFO] current LH = -6045.630718392624	
2022/02/09 10:18:03.099620 [INFO] current LH = -6047.62846450834	
2022/02/09 10:18:03.253462 [INFO] current LH = -6047.665332002641	
2022/02/09 10:18:03.407130 [INFO] current LH = -6047.588818038786	
2022/02/09 10:18:03.605144 [INFO] current LH = -6047.622197567763	
2022/02/09 10:18:03.804499 [INFO] current LH = -6047.631730782911	
2022/02/09 10:18:04.003917 [INFO] current LH = -6047.577388264708	
2022/02/09 10:18:04.202551 [INFO] current LH = -6047.676045583318	
2022/02/09 10:18:04.508918 [INFO] current LH = -6047.669769751967	
2022/02/09 10:18:04.753421 [INFO] current LH = -6047.584371262255	
2022/02/09 10:18:04.997040 [INFO] current LH = -6047.633688207425	
2022/02/09 10:18:05.239939 [INFO] current LH = -6047.620998238389	
2022/02/09 10:18:05.483629 [INFO] current LH = -6047.619463193534	
2022/02/09 10:18:05.727219 [INFO] current LH = -6047.63741442722	
2022/02/09 10:18:05.970757 [INFO] current LH = -6047.559972354742	
2022/02/09 10:18:06.214059 [INFO] current LH = -6047.694441979026	
2022/02/09 10:18:06.456953 [INFO] current LH = -6047.752262917571	
2022/02/09 10:18:06.699374 [INFO] current LH = -6047.51430635388	
2022/02/09 10:18:06.942950 [INFO] current LH = -6047.695515393772	
2022/02/09 10:18:07.186905 [INFO] current LH = -6047.564304516366	
2022/02/09 10:18:07.186931 [INFO] Wall time: 5.392272227s User: 0s System: 0s

2022/02/09 10:18:07.186939 [INFO] Wtotal time: 273.9761157s User: 0.5s System: 0.22s

2022/02/09 10:18:07.430815 [INFO] current LH = -6047.710491760262	
2022/02/09 10:18:07.672963 [INFO] current LH = -6047.545218012529	
2022/02/09 10:18:07.916714 [INFO] current LH = -6047.754139763036	
2022/02/09 10:18:08.159265 [INFO] current LH = -6047.499914148695	
2022/02/09 10:18:08.402893 [INFO] current LH = -6047.46000531175	
2022/02/09 10:18:08.646161 [INFO] current LH = -6047.795136688113	
2022/02/09 10:18:09.226399 [INFO] current LH = -6047.61661403183	
2022/02/09 10:18:09.808682 [INFO] current LH = -6047.637010505813	
2022/02/09 10:18:10.391520 [INFO] current LH = -6047.570407803112	
2022/02/09 10:18:10.972679 [INFO] current LH = -6047.681913054878	
2022/02/09 10:18:11.555844 [INFO] current LH = -6047.642398419025	
2022/02/09 10:18:12.137783 [INFO] current LH = -6047.611515718301	
2022/02/09 10:18:12.718491 [INFO] current LH = -6047.680578528793	
2022/02/09 10:18:13.297747 [INFO] current LH = -6047.571693234692	
2022/02/09 10:18:13.878923 [INFO] current LH = -6047.667396323047	
2022/02/09 10:18:14.461070 [INFO] current LH = -6047.585667810619	
2022/02/09 10:18:15.043655 [INFO] current LH = -6047.702932864329	
2022/02/09 10:18:15.624649 [INFO] current LH = -6047.551311479385	
2022/02/09 10:18:16.226915 [INFO] current LH = -6047.642544849637	
2022/02/09 10:18:16.831164 [INFO] current LH = -6047.611506282054	
2022/02/09 10:18:16.831192 [INFO] Wall time: 9.644242239s User: 0s System: 0.01s

2022/02/09 10:18:16.831200 [INFO] Wtotal time: 283.6203773s User: 0.5s System: 0.23s

2022/02/09 10:18:17.436294 [INFO] current LH = -6047.589895246217	
2022/02/09 10:18:18.037794 [INFO] current LH = -6047.663895129873	
2022/02/09 10:18:18.690772 [INFO] current LH = -6050.62914496833	
2022/02/09 10:18:19.346502 [INFO] current LH = -6054.042070869205	
2022/02/09 10:18:20.005506 [INFO] current LH = -6054.995167933633	
2022/02/09 10:18:20.655977 [INFO] current LH = -6055.052610229554	
2022/02/09 10:18:20.809318 [INFO] current LH = -6055.00352875508	
2022/02/09 10:18:20.963392 [INFO] current LH = -6055.098881288479	
2022/02/09 10:18:21.161199 [INFO] current LH = -6055.046423479698	
2022/02/09 10:18:21.360513 [INFO] current LH = -6055.055713891669	
2022/02/09 10:18:21.558369 [INFO] current LH = -6054.997846001795	
2022/02/09 10:18:21.756777 [INFO] current LH = -6055.103561676814	
2022/02/09 10:18:22.062907 [INFO] current LH = -6055.097616701233	
2022/02/09 10:18:22.306019 [INFO] current LH = -6055.004824853781	
2022/02/09 10:18:22.549222 [INFO] current LH = -6055.043266933013	
2022/02/09 10:18:22.791498 [INFO] current LH = -6055.058632166397	
2022/02/09 10:18:23.035165 [INFO] current LH = -6055.028470002392	
2022/02/09 10:18:23.278128 [INFO] current LH = -6055.074140623992	
2022/02/09 10:18:23.521533 [INFO] current LH = -6055.350364026041	
2022/02/09 10:18:23.764836 [INFO] current LH = -6054.736394636956	
2022/02/09 10:18:23.764864 [INFO] Wall time: 6.933652505s User: 0s System: 0.01s

2022/02/09 10:18:23.764872 [INFO] Wtotal time: 290.5540493s User: 0.5s System: 0.24s

2022/02/09 10:18:24.008396 [INFO] current LH = -6055.17290832969	
2022/02/09 10:18:24.252303 [INFO] current LH = -6054.929421663864	
2022/02/09 10:18:24.495274 [INFO] current LH = -6055.085132946278	
2022/02/09 10:18:24.741260 [INFO] current LH = -6055.018653221871	
2022/02/09 10:18:24.984125 [INFO] current LH = -6054.931019577734	
2022/02/09 10:18:25.226739 [INFO] current LH = -6055.170891033371	
2022/02/09 10:18:25.805672 [INFO] current LH = -6055.096287544467	
2022/02/09 10:18:26.386020 [INFO] current LH = -6055.005945254416	
2022/02/09 10:18:26.967090 [INFO] current LH = -6055.066273570431	
2022/02/09 10:18:27.548121 [INFO] current LH = -6055.037684456072	
2022/02/09 10:18:28.127135 [INFO] current LH = -6055.072766673241	
2022/02/09 10:18:28.708771 [INFO] current LH = -6055.029558340807	
2022/02/09 10:18:29.288826 [INFO] current LH = -6055.077890983522	
2022/02/09 10:18:29.871100 [INFO] current LH = -6055.02461818464	
2022/02/09 10:18:30.450749 [INFO] current LH = -6055.096539811125	
2022/02/09 10:18:31.031788 [INFO] current LH = -6055.005503286716	
2022/02/09 10:18:31.613175 [INFO] current LH = -6054.971911721253	
2022/02/09 10:18:32.193969 [INFO] current LH = -6055.129707670745	
2022/02/09 10:18:32.775102 [INFO] current LH = -6055.044723368814	
2022/02/09 10:18:33.356596 [INFO] current LH = -6055.059130322682	
2022/02/09 10:18:33.356625 [INFO] Wall time: 9.591741106s User: 0s System: 0.01s

2022/02/09 10:18:33.356636 [INFO] Wtotal time: 300.1458115s User: 0.5s System: 0.25s

2022/02/09 10:18:33.937126 [INFO] current LH = -6055.040724160825	
2022/02/09 10:18:34.518333 [INFO] current LH = -6055.061601932117	
2022/02/09 10:18:35.127462 [INFO] current LH = -6055.003339288241	
2022/02/09 10:18:35.729358 [INFO] current LH = -6055.098778161872	
2022/02/09 10:18:36.332126 [INFO] current LH = -6055.051392866747	
2022/02/09 10:18:36.933917 [INFO] current LH = -6055.049954981119	
2022/02/09 10:18:37.585234 [INFO] current LH = -6060.343747574919	
2022/02/09 10:18:38.236079 [INFO] current LH = -6059.498207248625	
2022/02/09 10:18:38.886021 [INFO] current LH = -6060.475350014752	
2022/02/09 10:18:39.039064 [INFO] current LH = -6060.440352710836	
2022/02/09 10:18:39.192669 [INFO] current LH = -6060.50759919883	
2022/02/09 10:18:39.390583 [INFO] current LH = -6060.469252745213	
2022/02/09 10:18:39.588738 [INFO] current LH = -6060.478382250972	
2022/02/09 10:18:39.787725 [INFO] current LH = -6060.486977567639	
2022/02/09 10:18:39.985643 [INFO] current LH = -6060.460195045437	
2022/02/09 10:18:40.292394 [INFO] current LH = -6060.511042025639	
2022/02/09 10:18:40.535832 [INFO] current LH = -6060.436848229498	
2022/02/09 10:18:40.778587 [INFO] current LH = -6060.486968257647	
2022/02/09 10:18:41.021589 [INFO] current LH = -6060.460660649478	
2022/02/09 10:18:41.264672 [INFO] current LH = -6060.39264359749	
2022/02/09 10:18:41.264698 [INFO] Wall time: 7.908050598s User: 0.01s System: 0s

2022/02/09 10:18:41.264706 [INFO] Wtotal time: 308.053883s User: 0.51s System: 0.25s

2022/02/09 10:18:41.508149 [INFO] current LH = -6060.554777222298	
2022/02/09 10:18:41.750426 [INFO] current LH = -6060.425052374868	
2022/02/09 10:18:41.993200 [INFO] current LH = -6060.51583641232	
2022/02/09 10:18:42.236301 [INFO] current LH = -6060.449258120609	
2022/02/09 10:18:42.479341 [INFO] current LH = -6060.498547914585	
2022/02/09 10:18:42.721800 [INFO] current LH = -6060.435885767459	
2022/02/09 10:18:42.964626 [INFO] current LH = -6060.512459178162	
2022/02/09 10:18:43.207162 [INFO] current LH = -6060.411978587979	
2022/02/09 10:18:43.449876 [INFO] current LH = -6060.535043608538	
2022/02/09 10:18:44.029536 [INFO] current LH = -6060.482536330273	
2022/02/09 10:18:44.609768 [INFO] current LH = -6060.465051071951	
2022/02/09 10:18:45.200330 [INFO] current LH = -6060.523258651587	
2022/02/09 10:18:45.781053 [INFO] current LH = -6060.425790324515	
2022/02/09 10:18:46.361889 [INFO] current LH = -6060.504739503865	
2022/02/09 10:18:46.943461 [INFO] current LH = -6060.442834722554	
2022/02/09 10:18:47.523665 [INFO] current LH = -6060.520119479003	
2022/02/09 10:18:48.106566 [INFO] current LH = -6060.427576166178	
2022/02/09 10:18:48.686753 [INFO] current LH = -6060.442587574557	
2022/02/09 10:18:49.266466 [INFO] current LH = -6060.50478461824	
2022/02/09 10:18:49.850660 [INFO] current LH = -6060.505785312851	
2022/02/09 10:18:49.850688 [INFO] Wall time: 8.585970617s User: 0s System: 0.01s

2022/02/09 10:18:49.850698 [INFO] Wtotal time: 316.6398744s User: 0.51s System: 0.26s

2022/02/09 10:18:50.431988 [INFO] current LH = -6060.443088198092	
2022/02/09 10:18:51.033660 [INFO] current LH = -6060.425394802422	
2022/02/09 10:18:51.634698 [INFO] current LH = -6060.522316347159	
2022/02/09 10:18:52.239275 [INFO] current LH = -6060.478791233065	
2022/02/09 10:18:52.841095 [INFO] current LH = -6060.468483313225	
2022/02/09 10:18:53.493501 [INFO] current LH = -6062.291971579376	
2022/02/09 10:18:54.144325 [INFO] current LH = -6062.811890925648	
2022/02/09 10:18:54.298127 [INFO] current LH = -6062.792273385254	
2022/02/09 10:18:54.451125 [INFO] current LH = -6062.828639006851	
2022/02/09 10:18:54.650648 [INFO] current LH = -6062.808131985262	
2022/02/09 10:18:54.848296 [INFO] current LH = -6062.812750553931	
2022/02/09 10:18:55.046729 [INFO] current LH = -6062.824930494331	
2022/02/09 10:18:55.244688 [INFO] current LH = -6062.795961921452	
2022/02/09 10:18:55.550515 [INFO] current LH = -6062.837349688945	
2022/02/09 10:18:55.793340 [INFO] current LH = -6062.783583025166	
2022/02/09 10:18:56.035352 [INFO] current LH = -6062.79565388214	
2022/02/09 10:18:56.279020 [INFO] current LH = -6062.825178093333	
2022/02/09 10:18:56.520984 [INFO] current LH = -6062.765994779591	
2022/02/09 10:18:56.763780 [INFO] current LH = -6062.854799985305	
2022/02/09 10:18:57.007350 [INFO] current LH = -6062.785939613837	
2022/02/09 10:18:57.007377 [INFO] Wall time: 7.156668836s User: 0s System: 0s

2022/02/09 10:18:57.007386 [INFO] Wtotal time: 323.7965628s User: 0.51s System: 0.26s

2022/02/09 10:18:57.266371 [INFO] current LH = -6062.834325026445	
2022/02/09 10:18:57.509434 [INFO] current LH = -6062.770333729045	
2022/02/09 10:18:57.752172 [INFO] current LH = -6062.847861223335	
2022/02/09 10:18:57.994259 [INFO] current LH = -6062.782511559547	
2022/02/09 10:18:58.237191 [INFO] current LH = -6062.83838344055	
2022/02/09 10:18:58.479283 [INFO] current LH = -6062.769837502727	
2022/02/09 10:18:58.721194 [INFO] current LH = -6062.850361575298	
2022/02/09 10:18:59.303918 [INFO] current LH = -6062.79042300903	
2022/02/09 10:18:59.890411 [INFO] current LH = -6062.830546252356	
2022/02/09 10:19:00.471344 [INFO] current LH = -6062.871508277297	
2022/02/09 10:19:01.050509 [INFO] current LH = -6062.751121526001	
2022/02/09 10:19:01.630371 [INFO] current LH = -6062.905672492255	
2022/02/09 10:19:02.211675 [INFO] current LH = -6062.715190481284	
2022/02/09 10:19:02.791479 [INFO] current LH = -6062.825513522093	
2022/02/09 10:19:03.372607 [INFO] current LH = -6062.795189203796	
2022/02/09 10:19:03.952385 [INFO] current LH = -6062.78967064162	
2022/02/09 10:19:04.532170 [INFO] current LH = -6062.831010109987	
2022/02/09 10:19:05.113645 [INFO] current LH = -6062.849042652111	
2022/02/09 10:19:05.695319 [INFO] current LH = -6062.772127003288	
2022/02/09 10:19:06.275928 [INFO] current LH = -6062.895776775852	
2022/02/09 10:19:06.275953 [INFO] Wall time: 9.268557628s User: 0.01s System: 0.01s

2022/02/09 10:19:06.275961 [INFO] Wtotal time: 333.065138s User: 0.52s System: 0.27s

2022/02/09 10:19:06.855300 [INFO] current LH = -6062.724723416997	
2022/02/09 10:19:07.458141 [INFO] current LH = -6062.808775473223	
2022/02/09 10:19:08.059899 [INFO] current LH = -6062.812137868423	
2022/02/09 10:19:08.661602 [INFO] current LH = -6062.807113919383	
2022/02/09 10:19:09.263331 [INFO] current LH = -6062.813683666927	
2022/02/09 10:19:09.918809 [INFO] current LH = -6063.848936289423	
2022/02/09 10:19:10.569940 [INFO] current LH = -6063.928579746934	
2022/02/09 10:19:10.723651 [INFO] current LH = -6063.937205448912	
2022/02/09 10:19:10.876301 [INFO] current LH = -6063.917090592569	
2022/02/09 10:19:11.074558 [INFO] Client timing information: 
2022/02/09 10:19:11.074585 [INFO] Client id 0 channel id 0  response time +0 s
2022/02/09 10:19:11.074595 [INFO] Client id 1 channel id 0  response time +0.002167 s
2022/02/09 10:19:11.104909 [INFO] current LH = -6063.924464194723	
2022/02/09 10:19:11.303355 [INFO] current LH = -6063.929801190606	
2022/02/09 10:19:11.501186 [INFO] current LH = -6063.956036870032	
2022/02/09 10:19:11.699162 [INFO] current LH = -6063.898258603434	
2022/02/09 10:19:12.003855 [INFO] current LH = -6063.962535891125	
2022/02/09 10:19:12.246588 [INFO] current LH = -6063.891788576493	
2022/02/09 10:19:12.488670 [INFO] current LH = -6063.907248138757	
2022/02/09 10:19:12.730964 [INFO] current LH = -6063.946896501465	
2022/02/09 10:19:12.973263 [INFO] current LH = -6063.901983583956	
2022/02/09 10:19:13.215323 [INFO] current LH = -6063.952302935318	
2022/02/09 10:19:13.457792 [INFO] current LH = -6063.909769493946	
2022/02/09 10:19:13.457820 [INFO] Wall time: 7.181840887s User: 0s System: 0s

2022/02/09 10:19:13.457829 [INFO] Wtotal time: 340.2470056s User: 0.52s System: 0.27s

2022/02/09 10:19:13.699777 [INFO] current LH = -6063.944067474975	
2022/02/09 10:19:13.941978 [INFO] current LH = -6063.889436317645	
2022/02/09 10:19:14.184800 [INFO] current LH = -6063.964046854047	
2022/02/09 10:19:14.427508 [INFO] current LH = -6063.904457267521	
2022/02/09 10:19:14.673261 [INFO] current LH = -6063.949257583533	
2022/02/09 10:19:15.255383 [INFO] current LH = -6063.947207661712	
2022/02/09 10:19:15.836314 [INFO] current LH = -6063.907168786058	
2022/02/09 10:19:16.416516 [INFO] current LH = -6063.980481931208	
2022/02/09 10:19:16.996195 [INFO] current LH = -6063.86969609695	
2022/02/09 10:19:17.576182 [INFO] current LH = -6063.962845847532	
2022/02/09 10:19:18.155336 [INFO] current LH = -6063.891421140986	
2022/02/09 10:19:18.737446 [INFO] current LH = -6063.930195705058	
2022/02/09 10:19:19.318656 [INFO] current LH = -6063.923712160311	
2022/02/09 10:19:19.902034 [INFO] current LH = -6063.905138858905	
2022/02/09 10:19:20.484822 [INFO] current LH = -6063.948725107526	
2022/02/09 10:19:21.065214 [INFO] current LH = -6063.933117005614	
2022/02/09 10:19:21.646416 [INFO] current LH = -6063.921120925953	
2022/02/09 10:19:22.226467 [INFO] current LH = -6063.985647929554	
2022/02/09 10:19:22.807211 [INFO] current LH = -6063.868777440146	
2022/02/09 10:19:23.410738 [INFO] current LH = -6063.935965700789	
2022/02/09 10:19:23.410765 [INFO] Wall time: 9.952926057s User: 0s System: 0.01s

2022/02/09 10:19:23.410774 [INFO] Wtotal time: 350.1999506s User: 0.52s System: 0.28s

2022/02/09 10:19:24.010396 [INFO] current LH = -6063.918238547211	
2022/02/09 10:19:24.611854 [INFO] current LH = -6063.940211534379	
2022/02/09 10:19:25.215782 [INFO] current LH = -6063.913864854305	
2022/02/09 10:19:25.865784 [INFO] current LH = -6064.44022347818	
2022/02/09 10:19:26.519592 [INFO] current LH = -6064.649253483039	
2022/02/09 10:19:26.672890 [INFO] current LH = -6064.619829462458	
2022/02/09 10:19:26.826264 [INFO] current LH = -6064.675714660588	
2022/02/09 10:19:27.024546 [INFO] current LH = -6064.648094671184	
2022/02/09 10:19:27.221873 [INFO] current LH = -6064.647552151575	
2022/02/09 10:19:27.420737 [INFO] current LH = -6064.631576853205	
2022/02/09 10:19:27.618240 [INFO] current LH = -6064.664124304432	
2022/02/09 10:19:27.923123 [INFO] current LH = -6064.648387924487	
2022/02/09 10:19:28.165835 [INFO] current LH = -6064.647254032852	
2022/02/09 10:19:28.408520 [INFO] current LH = -6064.634451413684	
2022/02/09 10:19:28.651060 [INFO] current LH = -6064.661188816466	
2022/02/09 10:19:28.893266 [INFO] current LH = -6064.630093664672	
2022/02/09 10:19:29.136008 [INFO] current LH = -6064.665478199426	
2022/02/09 10:19:29.378449 [INFO] current LH = -6064.652990488896	
2022/02/09 10:19:29.621505 [INFO] current LH = -6064.641717130259	
2022/02/09 10:19:29.868278 [INFO] current LH = -6064.652126625206	
2022/02/09 10:19:29.868303 [INFO] Wall time: 6.457518965s User: 0s System: 0.01s

2022/02/09 10:19:29.868311 [INFO] Wtotal time: 356.6574877s User: 0.52s System: 0.29s

2022/02/09 10:19:30.110306 [INFO] current LH = -6064.64259783032	
2022/02/09 10:19:30.352462 [INFO] current LH = -6064.626681851683	
2022/02/09 10:19:30.594564 [INFO] current LH = -6064.668670197954	
2022/02/09 10:19:31.174063 [INFO] current LH = -6064.661390155543	
2022/02/09 10:19:31.754116 [INFO] current LH = -6064.634176321007	
2022/02/09 10:19:32.335267 [INFO] current LH = -6064.651576358377	
2022/02/09 10:19:32.914176 [INFO] current LH = -6064.641974865342	
2022/02/09 10:19:33.495209 [INFO] current LH = -6064.651491283438	
2022/02/09 10:19:34.075273 [INFO] current LH = -6064.644126058968	
2022/02/09 10:19:34.657480 [INFO] current LH = -6064.612194204572	
2022/02/09 10:19:35.237197 [INFO] current LH = -6064.683146045653	
2022/02/09 10:19:35.816611 [INFO] current LH = -6064.653556932964	
2022/02/09 10:19:36.397438 [INFO] current LH = -6064.642038864531	
2022/02/09 10:19:36.979189 [INFO] current LH = -6064.648115789012	
2022/02/09 10:19:37.560073 [INFO] current LH = -6064.647238789546	
2022/02/09 10:19:38.141239 [INFO] current LH = -6064.706757174144	
2022/02/09 10:19:38.723313 [INFO] current LH = -6064.588688468859	
2022/02/09 10:19:39.325199 [INFO] current LH = -6064.64659185177	
2022/02/09 10:19:39.936054 [INFO] current LH = -6064.649043159952	
2022/02/09 10:19:40.537755 [INFO] current LH = -6064.631016007496	
2022/02/09 10:19:40.537781 [INFO] Wall time: 10.66945995s User: 0.01s System: 0s

2022/02/09 10:19:40.537789 [INFO] Wtotal time: 367.3269655s User: 0.53s System: 0.29s

2022/02/09 10:19:41.139468 [INFO] current LH = -6064.664652666265	
2022/02/09 10:19:41.790818 [INFO] current LH = -6065.022444329644	
2022/02/09 10:19:42.441066 [INFO] current LH = -6065.87150734504	
2022/02/09 10:19:43.091499 [INFO] current LH = -6065.890729169832	
2022/02/09 10:19:43.743346 [INFO] current LH = -6065.899903868438	
2022/02/09 10:19:43.896782 [INFO] current LH = -6065.890962060104	
2022/02/09 10:19:44.049551 [INFO] current LH = -6065.906004012463	
2022/02/09 10:19:44.247796 [INFO] current LH = -6065.886045061779	
2022/02/09 10:19:44.445761 [INFO] current LH = -6065.910846782375	
2022/02/09 10:19:44.646514 [INFO] current LH = -6065.910711655984	
2022/02/09 10:19:44.844871 [INFO] current LH = -6065.886111900918	
2022/02/09 10:19:45.150350 [INFO] current LH = -6065.904642060935	
2022/02/09 10:19:45.392126 [INFO] current LH = -6065.892502366984	
2022/02/09 10:19:45.634178 [INFO] current LH = -6065.894223845379	
2022/02/09 10:19:45.876469 [INFO] current LH = -6065.902454838717	
2022/02/09 10:19:46.119700 [INFO] current LH = -6065.914069158653	
2022/02/09 10:19:46.362379 [INFO] current LH = -6065.882839587007	
2022/02/09 10:19:46.604954 [INFO] current LH = -6065.869383810423	
2022/02/09 10:19:46.846633 [INFO] current LH = -6065.927247418141	
2022/02/09 10:19:47.089711 [INFO] current LH = -6065.890432898525	
2022/02/09 10:19:47.089737 [INFO] Wall time: 6.551938772s User: 0s System: 0.01s

2022/02/09 10:19:47.089746 [INFO] Wtotal time: 373.8789225s User: 0.53s System: 0.3s

2022/02/09 10:19:47.332729 [INFO] current LH = -6065.905978716339	
2022/02/09 10:19:47.575151 [INFO] current LH = -6065.912193356628	
2022/02/09 10:19:47.818388 [INFO] current LH = -6065.883916554537	
2022/02/09 10:19:48.398392 [INFO] current LH = -6065.907079284667	
2022/02/09 10:19:48.977628 [INFO] current LH = -6065.889649945377	
2022/02/09 10:19:49.558240 [INFO] current LH = -6065.88032173522	
2022/02/09 10:19:50.142937 [INFO] current LH = -6065.914448988562	
2022/02/09 10:19:50.724257 [INFO] current LH = -6065.885534592145	
2022/02/09 10:19:51.303901 [INFO] current LH = -6065.911381474882	
2022/02/09 10:19:51.884726 [INFO] current LH = -6065.890748452744	
2022/02/09 10:19:52.467722 [INFO] current LH = -6065.906225266632	
2022/02/09 10:19:53.048316 [INFO] current LH = -6065.919377209152	
2022/02/09 10:19:53.628836 [INFO] current LH = -6065.8778813686	
2022/02/09 10:19:54.208444 [INFO] current LH = -6065.9027560857	
2022/02/09 10:19:54.790693 [INFO] current LH = -6065.893699327493	
2022/02/09 10:19:55.372438 [INFO] current LH = -6065.95955611391	
2022/02/09 10:19:55.952466 [INFO] current LH = -6065.837499195633	
2022/02/09 10:19:56.553725 [INFO] current LH = -6065.879349089168	
2022/02/09 10:19:57.154936 [INFO] current LH = -6065.917503171494	
2022/02/09 10:19:57.757608 [INFO] current LH = -6065.894532711065	
2022/02/09 10:19:57.757633 [INFO] Wall time: 10.66787726s User: 0s System: 0.01s

2022/02/09 10:19:57.757641 [INFO] Wtotal time: 384.5468179s User: 0.53s System: 0.31s

2022/02/09 10:19:58.358892 [INFO] current LH = -6065.902095538739	
2022/02/09 10:19:59.009402 [INFO] current LH = -6066.056853352905	
2022/02/09 10:19:59.661718 [INFO] current LH = -6066.346516932589	
2022/02/09 10:19:59.818268 [INFO] current LH = -6066.344026399703	
2022/02/09 10:19:59.971079 [INFO] current LH = -6066.346099523396	
2022/02/09 10:20:00.170937 [INFO] current LH = -6066.331506395684	
2022/02/09 10:20:00.369495 [INFO] current LH = -6066.358657564821	
2022/02/09 10:20:00.567267 [INFO] current LH = -6066.356950864238	
2022/02/09 10:20:00.765245 [INFO] current LH = -6066.333266173065	
2022/02/09 10:20:01.071229 [INFO] current LH = -6066.354232071179	
2022/02/09 10:20:01.314628 [INFO] current LH = -6066.335974039391	
2022/02/09 10:20:01.556577 [INFO] current LH = -6066.330463000589	
2022/02/09 10:20:01.798429 [INFO] current LH = -6066.359623831825	
2022/02/09 10:20:02.040943 [INFO] current LH = -6066.3548178345	
2022/02/09 10:20:02.283221 [INFO] current LH = -6066.335444619118	
2022/02/09 10:20:02.526026 [INFO] current LH = -6066.355634972067	
2022/02/09 10:20:02.768720 [INFO] current LH = -6066.333901045045	
2022/02/09 10:20:03.011308 [INFO] current LH = -6066.341637007704	
2022/02/09 10:20:03.254889 [INFO] current LH = -6066.348451933927	
2022/02/09 10:20:03.496830 [INFO] current LH = -6066.354529697424	
2022/02/09 10:20:03.496854 [INFO] Wall time: 5.739203746s User: 0s System: 0s

2022/02/09 10:20:03.496862 [INFO] Wtotal time: 390.2860388s User: 0.53s System: 0.31s

2022/02/09 10:20:03.739158 [INFO] current LH = -6066.33525331997	
2022/02/09 10:20:04.319737 [INFO] current LH = -6066.352575518349	
2022/02/09 10:20:04.901370 [INFO] current LH = -6066.337516215051	
2022/02/09 10:20:05.482105 [INFO] current LH = -6066.327855722881	
2022/02/09 10:20:06.061731 [INFO] current LH = -6066.361748784744	
2022/02/09 10:20:06.642913 [INFO] current LH = -6066.354797159622	
2022/02/09 10:20:07.223729 [INFO] current LH = -6066.335440437133	
2022/02/09 10:20:07.803831 [INFO] current LH = -6066.355637755183	
2022/02/09 10:20:08.385343 [INFO] current LH = -6066.334752142881	
2022/02/09 10:20:08.966245 [INFO] current LH = -6066.349212076794	
2022/02/09 10:20:09.547234 [INFO] current LH = -6066.340891001062	
2022/02/09 10:20:10.130577 [INFO] current LH = -6066.416515217911	
2022/02/09 10:20:10.711644 [INFO] current LH = -6066.273403210987	
2022/02/09 10:20:11.313661 [INFO] current LH = -6066.329230381437	
2022/02/09 10:20:11.913897 [INFO] current LH = -6066.360913719346	
2022/02/09 10:20:12.516223 [INFO] current LH = -6066.343762796234	
2022/02/09 10:20:13.117654 [INFO] current LH = -6066.346386357643	
2022/02/09 10:20:13.767563 [INFO] current LH = -6066.608776943219	
2022/02/09 10:20:14.418764 [INFO] current LH = -6066.659422444446	
2022/02/09 10:20:14.571550 [INFO] current LH = -6066.650911028897	
2022/02/09 10:20:14.571578 [INFO] Wall time: 11.07470558s User: 0s System: 0.01s

2022/02/09 10:20:14.571586 [INFO] Wtotal time: 401.3607628s User: 0.53s System: 0.32s

2022/02/09 10:20:14.731328 [INFO] current LH = -6066.664995329887	
2022/02/09 10:20:14.932450 [INFO] current LH = -6066.660197128168	
2022/02/09 10:20:15.130190 [INFO] current LH = -6066.655773630882	
2022/02/09 10:20:15.328542 [INFO] current LH = -6066.65433209384	
2022/02/09 10:20:15.526418 [INFO] current LH = -6066.661699323435	
2022/02/09 10:20:15.830793 [INFO] current LH = -6066.653142418327	
2022/02/09 10:20:16.073623 [INFO] current LH = -6066.662818674501	
2022/02/09 10:20:16.315950 [INFO] current LH = -6066.652463145395	
2022/02/09 10:20:16.558338 [INFO] current LH = -6066.663384904642	
2022/02/09 10:20:16.800591 [INFO] current LH = -6066.677774127122	
2022/02/09 10:20:17.042738 [INFO] current LH = -6066.637995828758	
2022/02/09 10:20:17.285043 [INFO] current LH = -6066.655178161077	
2022/02/09 10:20:17.527546 [INFO] current LH = -6066.660919122151	
2022/02/09 10:20:17.770335 [INFO] current LH = -6066.66672543596	
2022/02/09 10:20:18.012934 [INFO] current LH = -6066.648815644423	
2022/02/09 10:20:18.255383 [INFO] current LH = -6066.665679659394	
2022/02/09 10:20:18.497807 [INFO] current LH = -6066.650106256826	
2022/02/09 10:20:19.079940 [INFO] current LH = -6066.647754995073	
2022/02/09 10:20:19.661796 [INFO] current LH = -6066.66815789072	
2022/02/09 10:20:20.243270 [INFO] current LH = -6066.65442039431	
2022/02/09 10:20:20.243301 [INFO] Wall time: 5.67170476s User: 0s System: 0.01s

2022/02/09 10:20:20.243310 [INFO] Wtotal time: 407.0324874s User: 0.53s System: 0.33s

  no                                                           Name                    Value  type                 Error +-            Low          High
   0                              _J1P-1C-1Tophoton_eta(2225)M1_Mag        2.158316271390631  free                      0.5
   1                              _J1P-1C-1Tophoton_eta(2225)M1_Phi                        0 fixed
   2                               L1S1_eta(2225)Toomega1_omega2Mag                        1 fixed
   3                               L1S1_eta(2225)Toomega1_omega2Phi                        0 fixed
   4                                                  eta(2225)Mass        2.234840897868339  free                     0.03           2.08           2.38
   5                                                 eta(2225)Width       0.2029518006723112  free                     0.03              0            0.3
   6                           L1S0_omega1Topion1+_pion1-_pion10Mag                        1 fixed
   7                           L1S0_omega1Topion1+_pion1-_pion10Phi                        0 fixed
   8                           L1S0_omega2Topion2+_pion2-_pion20Mag                        1 fixed
   9                           L1S0_omega2Topion2+_pion2-_pion20Phi                        0 fixed
  10                               _J1P-1C-1Tophoton_f2(1910)E1_Mag        1.467230338635108  free                      0.5
  11                               _J1P-1C-1Tophoton_f2(1910)E1_Phi       0.4510095774884745  free                      0.2
  12                               _J1P-1C-1Tophoton_f2(1910)M2_Mag      -0.2265011642756529  free                      0.5
  13                               _J1P-1C-1Tophoton_f2(1910)M2_Phi       -5.283226466706942  free                      0.2
  14                               _J1P-1C-1Tophoton_f2(1910)E3_Mag      -0.3714676744436659  free                      0.5
  15                               _J1P-1C-1Tophoton_f2(1910)E3_Phi       -1.062555791368206  free                      0.2
  16                                L2S0_f2(1910)Toomega1_omega2Mag       0.3495126162425115  free                     0.25
  17                                L2S0_f2(1910)Toomega1_omega2Phi        1.040629721570015  free                      0.2
  18                                L0S2_f2(1910)Toomega1_omega2Mag                      0.5 fixed
  19                                L0S2_f2(1910)Toomega1_omega2Phi                        0 fixed
  20                                L2S2_f2(1910)Toomega1_omega2Mag       0.3157785477851223  free                     0.25
  21                                L2S2_f2(1910)Toomega1_omega2Phi       -1.138727777917701  free                      0.2
  22                                L4S2_f2(1910)Toomega1_omega2Mag       0.1239008614065133  free                     0.25
  23                                L4S2_f2(1910)Toomega1_omega2Phi       0.5496074287077756  free                      0.2
  24                                                   f2(1910)Mass         1.94039550572025  free                     0.03          1.791          2.091
  25                                                  f2(1910)Width       0.2544195738342213  free                    0.034              0           0.34
  26  channelType2photonpion1+pion1-pion10pion2+pion2-pion20Scaling                        1 fixed
2022/02/09 10:20:20.838841 [INFO] current LH = -6066.661526638351	
2022/02/09 10:20:21.418338 [INFO] current LH = -6066.653605042976	
2022/02/09 10:20:21.997332 [INFO] current LH = -6066.662393172224	
2022/02/09 10:20:22.576391 [INFO] current LH = -6066.648768927244	
2022/02/09 10:20:23.154985 [INFO] current LH = -6066.667391748337	
2022/02/09 10:20:23.733557 [INFO] current LH = -6066.652137931398	
2022/02/09 10:20:24.314673 [INFO] current LH = -6066.663792353589	
2022/02/09 10:20:24.896922 [INFO] current LH = -6066.723167856302	
2022/02/09 10:20:25.477726 [INFO] current LH = -6066.593046205705	
2022/02/09 10:20:26.080964 [INFO] current LH = -6066.652201828958	
2022/02/09 10:20:26.683204 [INFO] current LH = -6066.663738769622	
2022/02/09 10:20:27.286108 [INFO] current LH = -6066.642987012012	
2022/02/09 10:20:27.887308 [INFO] current LH = -6066.672995335958	
2022/02/09 10:20:28.538354 [INFO] current LH = -6066.790318655926	
2022/02/09 10:20:29.188710 [INFO] current LH = -6066.911315221902	
2022/02/09 10:20:29.341886 [INFO] current LH = -6066.911289593722	
2022/02/09 10:20:29.494803 [INFO] current LH = -6066.908447229768	
2022/02/09 10:20:29.697608 [INFO] current LH = -6066.918109502364	
2022/02/09 10:20:29.897780 [INFO] current LH = -6066.90162956604	
2022/02/09 10:20:30.095514 [INFO] current LH = -6066.911452179577	
2022/02/09 10:20:30.095543 [INFO] Wall time: 9.852221461s User: 0s System: 0.01s

2022/02/09 10:20:30.095553 [INFO] Wtotal time: 416.8847294s User: 0.53s System: 0.34s

2022/02/09 10:20:30.293344 [INFO] current LH = -6066.908314407984	
2022/02/09 10:20:30.598775 [INFO] current LH = -6066.922263151723	
2022/02/09 10:20:30.841269 [INFO] current LH = -6066.897582470696	
2022/02/09 10:20:31.084004 [INFO] current LH = -6066.919172740631	
2022/02/09 10:20:31.327174 [INFO] current LH = -6066.900539319761	
2022/02/09 10:20:31.570146 [INFO] current LH = -6066.919928701577	
2022/02/09 10:20:31.813226 [INFO] current LH = -6066.899982050258	
2022/02/09 10:20:32.055085 [INFO] current LH = -6066.908021330954	
2022/02/09 10:20:32.297759 [INFO] current LH = -6066.911781422794	
2022/02/09 10:20:32.540561 [INFO] Client timing information: 
2022/02/09 10:20:32.540592 [INFO] Client id 0 channel id 0  response time +0 s
2022/02/09 10:20:32.540599 [INFO] Client id 1 channel id 0  response time +0.002188 s
2022/02/09 10:20:32.579699 [INFO] current LH = -6066.901700779559	
2022/02/09 10:20:32.821550 [INFO] current LH = -6066.918190141558	
2022/02/09 10:20:33.064742 [INFO] current LH = -6066.905627123059	
2022/02/09 10:20:33.307427 [INFO] current LH = -6066.913956413785	
2022/02/09 10:20:33.886626 [INFO] current LH = -6066.917674501046	
2022/02/09 10:20:34.465863 [INFO] current LH = -6066.902069579784	
2022/02/09 10:20:35.047829 [INFO] current LH = -6066.902995567613	
2022/02/09 10:20:35.628327 [INFO] current LH = -6066.916801528671	
2022/02/09 10:20:36.209604 [INFO] current LH = -6066.923582988327	
2022/02/09 10:20:36.791729 [INFO] current LH = -6066.896240836766	
2022/02/09 10:20:37.374330 [INFO] current LH = -6066.902957144391	
2022/02/09 10:20:37.374358 [INFO] Wall time: 7.278794278s User: 0.01s System: 0s

2022/02/09 10:20:37.374367 [INFO] Wtotal time: 424.1635438s User: 0.54s System: 0.34s

2022/02/09 10:20:37.954722 [INFO] current LH = -6066.916892866614	
2022/02/09 10:20:38.533587 [INFO] current LH = -6066.921129025166	
2022/02/09 10:20:39.112432 [INFO] current LH = -6066.898539323569	
2022/02/09 10:20:39.694681 [INFO] current LH = -6066.975395332013	
2022/02/09 10:20:40.276969 [INFO] current LH = -6066.844444490359	
2022/02/09 10:20:40.878072 [INFO] current LH = -6066.92343508426	
2022/02/09 10:20:41.478234 [INFO] current LH = -6066.896308477662	
2022/02/09 10:20:42.078744 [INFO] current LH = -6066.906975837673	
2022/02/09 10:20:42.679260 [INFO] current LH = -6066.912661505253	
2022/02/09 10:20:43.332646 [INFO] current LH = -6067.148564844482	
2022/02/09 10:20:43.983631 [INFO] current LH = -6067.460760978071	
2022/02/09 10:20:44.638681 [INFO] current LH = -6067.466710168196	
2022/02/09 10:20:44.793600 [INFO] current LH = -6067.473768800164	
2022/02/09 10:20:44.946617 [INFO] current LH = -6067.45673388227	
2022/02/09 10:20:45.144044 [INFO] current LH = -6067.457761164574	
2022/02/09 10:20:45.342337 [INFO] current LH = -6067.472770987627	
2022/02/09 10:20:45.540301 [INFO] current LH = -6067.471618283717	
2022/02/09 10:20:45.738309 [INFO] current LH = -6067.458923417555	
2022/02/09 10:20:46.044046 [INFO] current LH = -6067.468196830523	
2022/02/09 10:20:46.286852 [INFO] current LH = -6067.462415790206	
2022/02/09 10:20:46.286880 [INFO] Wall time: 8.912502214s User: 0s System: 0.01s

2022/02/09 10:20:46.286889 [INFO] Wtotal time: 433.0760661s User: 0.54s System: 0.35s

2022/02/09 10:20:46.529202 [INFO] current LH = -6067.485151774647	
2022/02/09 10:20:46.771303 [INFO] current LH = -6067.445297018356	
2022/02/09 10:20:47.014257 [INFO] current LH = -6067.479475236463	
2022/02/09 10:20:47.256332 [INFO] current LH = -6067.451068819358	
2022/02/09 10:20:47.498924 [INFO] current LH = -6067.468050883203	
2022/02/09 10:20:47.741397 [INFO] current LH = -6067.462657665896	
2022/02/09 10:20:47.983412 [INFO] current LH = -6067.468573592414	
2022/02/09 10:20:48.226154 [INFO] current LH = -6067.461550448328	
2022/02/09 10:20:48.469299 [INFO] current LH = -6067.459847835152	
2022/02/09 10:20:48.712343 [INFO] current LH = -6067.47032780805	
2022/02/09 10:20:49.291526 [INFO] current LH = -6067.467551366674	
2022/02/09 10:20:49.873166 [INFO] current LH = -6067.462899838398	
2022/02/09 10:20:50.455333 [INFO] current LH = -6067.475395331247	
2022/02/09 10:20:51.037072 [INFO] current LH = -6067.455879689732	
2022/02/09 10:20:51.619226 [INFO] current LH = -6067.465575152386	
2022/02/09 10:20:52.202326 [INFO] current LH = -6067.465053152721	
2022/02/09 10:20:52.782223 [INFO] current LH = -6067.469737229173	
2022/02/09 10:20:53.364436 [INFO] current LH = -6067.460802791205	
2022/02/09 10:20:53.945084 [INFO] current LH = -6067.454140771795	
2022/02/09 10:20:54.526530 [INFO] current LH = -6067.476254648143	
2022/02/09 10:20:54.526555 [INFO] Wall time: 8.239656481s User: 0s System: 0s

2022/02/09 10:20:54.526563 [INFO] Wtotal time: 441.3157402s User: 0.54s System: 0.35s

2022/02/09 10:20:55.117636 [INFO] current LH = -6067.5089870073	
2022/02/09 10:20:55.699142 [INFO] current LH = -6067.42250619834	
2022/02/09 10:20:56.301368 [INFO] current LH = -6067.46794068584	
2022/02/09 10:20:56.902014 [INFO] current LH = -6067.462487031667	
2022/02/09 10:20:57.504167 [INFO] current LH = -6067.471058718203	
2022/02/09 10:20:58.106159 [INFO] current LH = -6067.459043485642	
2022/02/09 10:20:58.757629 [INFO] current LH = -6067.643283965141	
2022/02/09 10:20:59.407062 [INFO] current LH = -6067.663385735363	
2022/02/09 10:21:00.060937 [INFO] current LH = -6067.664198473971	
2022/02/09 10:21:00.214377 [INFO] current LH = -6067.66149215629	
2022/02/09 10:21:00.368179 [INFO] current LH = -6067.664012697045	
2022/02/09 10:21:00.565868 [INFO] current LH = -6067.65997242264	
2022/02/09 10:21:00.763920 [INFO] current LH = -6067.665534488484	
2022/02/09 10:21:00.961832 [INFO] current LH = -6067.658214697922	
2022/02/09 10:21:01.159705 [INFO] current LH = -6067.667305444764	
2022/02/09 10:21:01.465839 [INFO] current LH = -6067.658174321217	
2022/02/09 10:21:01.708584 [INFO] current LH = -6067.667399188539	
2022/02/09 10:21:01.950575 [INFO] current LH = -6067.676372329304	
2022/02/09 10:21:02.193271 [INFO] current LH = -6067.649113232515	
2022/02/09 10:21:02.436048 [INFO] current LH = -6067.677921539837	
2022/02/09 10:21:02.436076 [INFO] Wall time: 7.909502306s User: 0s System: 0.01s

2022/02/09 10:21:02.436087 [INFO] Wtotal time: 449.2252628s User: 0.54s System: 0.36s

2022/02/09 10:21:02.678289 [INFO] current LH = -6067.647637590819	
2022/02/09 10:21:02.920555 [INFO] current LH = -6067.662621781683	
2022/02/09 10:21:03.163688 [INFO] current LH = -6067.663092496264	
2022/02/09 10:21:03.405492 [INFO] current LH = -6067.674842164748	
2022/02/09 10:21:03.647585 [INFO] current LH = -6067.650445677976	
2022/02/09 10:21:03.889948 [INFO] current LH = -6067.665644034743	
2022/02/09 10:21:04.133087 [INFO] current LH = -6067.659746795905	
2022/02/09 10:21:04.715033 [INFO] current LH = -6067.657951834982	
2022/02/09 10:21:05.295881 [INFO] current LH = -6067.667524700298	
2022/02/09 10:21:05.874714 [INFO] current LH = -6067.667812926466	
2022/02/09 10:21:06.457346 [INFO] current LH = -6067.657779883049	
2022/02/09 10:21:07.037665 [INFO] current LH = -6067.660499047074	
2022/02/09 10:21:07.618659 [INFO] current LH = -6067.664958886872	
2022/02/09 10:21:08.200076 [INFO] current LH = -6067.667611957026	
2022/02/09 10:21:08.781260 [INFO] current LH = -6067.657959494921	
2022/02/09 10:21:09.361508 [INFO] current LH = -6067.670224828891	
2022/02/09 10:21:09.944799 [INFO] current LH = -6067.655314793345	
2022/02/09 10:21:10.525920 [INFO] current LH = -6067.69278268746	
2022/02/09 10:21:11.106663 [INFO] current LH = -6067.63123446291	
2022/02/09 10:21:11.707394 [INFO] current LH = -6067.662034335607	
2022/02/09 10:21:11.707422 [INFO] Wall time: 9.271322621s User: 0s System: 0.01s

2022/02/09 10:21:11.707432 [INFO] Wtotal time: 458.4966082s User: 0.54s System: 0.37s

2022/02/09 10:21:12.308822 [INFO] current LH = -6067.663460679071	
2022/02/09 10:21:12.911098 [INFO] current LH = -6067.669370993377	
2022/02/09 10:21:13.513260 [INFO] current LH = -6067.655975740184	
2022/02/09 10:21:14.165239 [INFO] current LH = -6067.765582360052	
2022/02/09 10:21:14.818925 [INFO] current LH = -6067.842616685505	
2022/02/09 10:21:14.972005 [INFO] current LH = -6067.835738399754	
2022/02/09 10:21:15.125267 [INFO] current LH = -6067.846598687735	
2022/02/09 10:21:15.323408 [INFO] current LH = -6067.844915759143	
2022/02/09 10:21:15.521380 [INFO] current LH = -6067.837430595579	
2022/02/09 10:21:15.719399 [INFO] current LH = -6067.832503334621	
2022/02/09 10:21:15.917032 [INFO] current LH = -6067.849855619617	
2022/02/09 10:21:16.222944 [INFO] current LH = -6067.837495866259	
2022/02/09 10:21:16.465322 [INFO] current LH = -6067.844779173954	
2022/02/09 10:21:16.707301 [INFO] current LH = -6067.838682979363	
2022/02/09 10:21:16.950040 [INFO] current LH = -6067.843667651202	
2022/02/09 10:21:17.192673 [INFO] current LH = -6067.841483729036	
2022/02/09 10:21:17.436070 [INFO] current LH = -6067.840874069446	
2022/02/09 10:21:17.678177 [INFO] current LH = -6067.842556610214	
2022/02/09 10:21:17.920928 [INFO] current LH = -6067.840177077103	
2022/02/09 10:21:18.163843 [INFO] current LH = -6067.853308885831	
2022/02/09 10:21:18.163869 [INFO] Wall time: 6.456426211s User: 0.01s System: 0s

2022/02/09 10:21:18.163877 [INFO] Wtotal time: 464.9530542s User: 0.55s System: 0.37s

2022/02/09 10:21:18.406397 [INFO] current LH = -6067.829048055208	
2022/02/09 10:21:18.649053 [INFO] current LH = -6067.84435658369	
2022/02/09 10:21:18.891189 [INFO] current LH = -6067.838121264625	
2022/02/09 10:21:19.472338 [INFO] current LH = -6067.838370552767	
2022/02/09 10:21:20.057620 [INFO] current LH = -6067.84397646226	
2022/02/09 10:21:20.640255 [INFO] current LH = -6067.844527037375	
2022/02/09 10:21:21.219554 [INFO] current LH = -6067.838243892451	
2022/02/09 10:21:21.801578 [INFO] current LH = -6067.831884207159	
2022/02/09 10:21:22.382027 [INFO] current LH = -6067.850446694033	
2022/02/09 10:21:22.962117 [INFO] current LH = -6067.842495054497	
2022/02/09 10:21:23.541971 [INFO] current LH = -6067.839735234949	
2022/02/09 10:21:24.121886 [INFO] current LH = -6067.841547450027	
2022/02/09 10:21:24.707292 [INFO] current LH = -6067.84083367327	
2022/02/09 10:21:25.287346 [INFO] current LH = -6067.865395127859	
2022/02/09 10:21:25.868770 [INFO] current LH = -6067.817152060579	
2022/02/09 10:21:26.471130 [INFO] current LH = -6067.841388146004	
2022/02/09 10:21:27.072630 [INFO] current LH = -6067.840948694584	
2022/02/09 10:21:27.675395 [INFO] current LH = -6067.849643267254	
2022/02/09 10:21:28.275752 [INFO] current LH = -6067.832708769692	
2022/02/09 10:21:28.925648 [INFO] current LH = -6067.915739225117	
2022/02/09 10:21:28.925674 [INFO] Wall time: 10.76178617s User: 0s System: 0.01s

2022/02/09 10:21:28.925682 [INFO] Wtotal time: 475.7148591s User: 0.55s System: 0.38s

2022/02/09 10:21:29.579395 [INFO] current LH = -6067.94665148395	
2022/02/09 10:21:29.733262 [INFO] current LH = -6067.948789873041	
2022/02/09 10:21:29.885897 [INFO] current LH = -6067.941612491456	
2022/02/09 10:21:30.083691 [INFO] current LH = -6067.946390635499	
2022/02/09 10:21:30.282085 [INFO] current LH = -6067.944016877138	
2022/02/09 10:21:30.480034 [INFO] current LH = -6067.945918417764	
2022/02/09 10:21:30.678255 [INFO] current LH = -6067.944491905649	
2022/02/09 10:21:30.983723 [INFO] current LH = -6067.947368311328	
2022/02/09 10:21:31.226099 [INFO] current LH = -6067.943089808085	
2022/02/09 10:21:31.468953 [INFO] current LH = -6067.940317703646	
2022/02/09 10:21:31.711300 [INFO] current LH = -6067.950064587892	
2022/02/09 10:21:31.953712 [INFO] current LH = -6067.938051701522	
2022/02/09 10:21:32.196015 [INFO] current LH = -6067.952451315177	
2022/02/09 10:21:32.438626 [INFO] current LH = -6067.944322602776	
2022/02/09 10:21:32.681043 [INFO] current LH = -6067.946381102082	
2022/02/09 10:21:32.924176 [INFO] current LH = -6067.953654686406	
2022/02/09 10:21:33.167145 [INFO] current LH = -6067.936761582339	
2022/02/09 10:21:33.409889 [INFO] current LH = -6067.947845798654	
2022/02/09 10:21:33.652817 [INFO] current LH = -6067.942526472894	
2022/02/09 10:21:34.232477 [INFO] current LH = -6067.942685410871	
2022/02/09 10:21:34.232504 [INFO] Wall time: 5.30681155s User: 0s System: 0s

2022/02/09 10:21:34.232513 [INFO] Wtotal time: 481.0216893s User: 0.55s System: 0.38s

2022/02/09 10:21:34.818188 [INFO] current LH = -6067.947699397457	
2022/02/09 10:21:35.398269 [INFO] current LH = -6067.944788879142	
2022/02/09 10:21:35.977189 [INFO] current LH = -6067.945622067786	
2022/02/09 10:21:36.557150 [INFO] current LH = -6067.950468493861	
2022/02/09 10:21:37.137699 [INFO] current LH = -6067.940063630354	
2022/02/09 10:21:37.720917 [INFO] current LH = -6067.949862621615	
2022/02/09 10:21:38.301676 [INFO] current LH = -6067.940764102444	
2022/02/09 10:21:38.881989 [INFO] current LH = -6067.948217545731	
2022/02/09 10:21:39.461547 [INFO] current LH = -6067.94235323686	
2022/02/09 10:21:40.044235 [INFO] current LH = -6067.956694515961	
2022/02/09 10:21:40.625598 [INFO] current LH = -6067.932520416448	
2022/02/09 10:21:41.226881 [INFO] current LH = -6067.948903953534	
2022/02/09 10:21:41.829715 [INFO] current LH = -6067.94152964146	
2022/02/09 10:21:42.431447 [INFO] current LH = -6067.957421732494	
2022/02/09 10:21:43.031868 [INFO] current LH = -6067.933016547186	
2022/02/09 10:21:43.683533 [INFO] current LH = -6068.007888040157	
2022/02/09 10:21:44.334623 [INFO] current LH = -6068.068518429608	
2022/02/09 10:21:44.487450 [INFO] current LH = -6068.067789562456	
2022/02/09 10:21:44.643311 [INFO] current LH = -6068.066379852635	
2022/02/09 10:21:44.849205 [INFO] current LH = -6068.063990611571	
2022/02/09 10:21:44.849232 [INFO] Wall time: 10.61670858s User: 0.01s System: 0.01s

2022/02/09 10:21:44.849241 [INFO] Wtotal time: 491.6384176s User: 0.56s System: 0.39s

2022/02/09 10:21:45.084685 [INFO] current LH = -6068.070141418544	
2022/02/09 10:21:45.282242 [INFO] current LH = -6068.070998901218	
2022/02/09 10:21:45.480330 [INFO] current LH = -6068.063085099395	
2022/02/09 10:21:45.784808 [INFO] current LH = -6068.071947016777	
2022/02/09 10:21:46.027448 [INFO] current LH = -6068.062136267215	
2022/02/09 10:21:46.270422 [INFO] current LH = -6068.06224733404	
2022/02/09 10:21:46.513617 [INFO] current LH = -6068.071894963649	
2022/02/09 10:21:46.755908 [INFO] current LH = -6068.064124343371	
2022/02/09 10:21:46.998240 [INFO] current LH = -6068.070000089598	
2022/02/09 10:21:47.240564 [INFO] current LH = -6068.067469336344	
2022/02/09 10:21:47.483327 [INFO] current LH = -6068.066634086051	
2022/02/09 10:21:47.725974 [INFO] current LH = -6068.072986646034	
2022/02/09 10:21:47.967630 [INFO] current LH = -6068.061299933228	
2022/02/09 10:21:48.209771 [INFO] current LH = -6068.070606007575	
2022/02/09 10:21:48.452687 [INFO] current LH = -6068.063668195826	
2022/02/09 10:21:49.033914 [INFO] current LH = -6068.071653284329	
2022/02/09 10:21:49.615222 [INFO] current LH = -6068.062493346712	
2022/02/09 10:21:50.197204 [INFO] current LH = -6068.065420114168	
2022/02/09 10:21:50.777344 [INFO] current LH = -6068.068679171843	
2022/02/09 10:21:51.358605 [INFO] current LH = -6068.072050682066	
2022/02/09 10:21:51.358633 [INFO] Wall time: 6.509381434s User: 0s System: 0.01s

2022/02/09 10:21:51.358643 [INFO] Wtotal time: 498.1478191s User: 0.56s System: 0.4s

2022/02/09 10:21:51.938200 [INFO] current LH = -6068.062036058552	
2022/02/09 10:21:52.522429 [INFO] current LH = -6068.071441871582	
2022/02/09 10:21:53.102184 [INFO] current LH = -6068.062647216784	
2022/02/09 10:21:53.684318 [INFO] current LH = -6068.059258419647	
2022/02/09 10:21:54.264839 [INFO] current LH = -6068.074904835607	
2022/02/09 10:21:54.847445 [INFO] current LH = -6068.086191769819	
2022/02/09 10:21:55.428557 [INFO] current LH = -6068.048102968626	
2022/02/09 10:21:56.029423 [INFO] current LH = -6068.067858158815	
2022/02/09 10:21:56.629602 [INFO] current LH = -6068.066324301017	
2022/02/09 10:21:57.230520 [INFO] Client timing information: 
2022/02/09 10:21:57.230544 [INFO] Client id 0 channel id 0  response time +0 s
2022/02/09 10:21:57.230551 [INFO] Client id 1 channel id 0  response time +0.001482 s
2022/02/09 10:21:57.258561 [INFO] current LH = -6068.072166828931	
2022/02/09 10:21:57.859219 [INFO] current LH = -6068.06219407612	
2022/02/09 10:21:58.510950 [INFO] current LH = -6068.143452826947	
2022/02/09 10:21:59.161819 [INFO] current LH = -6068.151485555645	
2022/02/09 10:21:59.814267 [INFO] current LH = -6068.152104373654	
2022/02/09 10:21:59.967493 [INFO] current LH = -6068.147099000194	
2022/02/09 10:22:00.121573 [INFO] current LH = -6068.154211375643	
2022/02/09 10:22:00.318795 [INFO] current LH = -6068.150136333858	
2022/02/09 10:22:00.517164 [INFO] current LH = -6068.151169523077	
2022/02/09 10:22:00.715201 [INFO] current LH = -6068.150300485237	
2022/02/09 10:22:00.913107 [INFO] current LH = -6068.150996493545	
2022/02/09 10:22:00.913135 [INFO] Wall time: 9.554481041s User: 0s System: 0.01s

2022/02/09 10:22:00.913143 [INFO] Wtotal time: 507.7023198s User: 0.56s System: 0.41s

2022/02/09 10:22:01.217762 [INFO] current LH = -6068.152118816104	
2022/02/09 10:22:01.460787 [INFO] current LH = -6068.149180425338	
2022/02/09 10:22:01.702686 [INFO] current LH = -6068.148986979617	
2022/02/09 10:22:01.945335 [INFO] current LH = -6068.15231898781	
2022/02/09 10:22:02.188247 [INFO] current LH = -6068.147344206031	
2022/02/09 10:22:02.429984 [INFO] current LH = -6068.153967220389	
2022/02/09 10:22:02.672410 [INFO] current LH = -6068.153801805491	
2022/02/09 10:22:02.914880 [INFO] current LH = -6068.14763411952	
2022/02/09 10:22:03.157737 [INFO] current LH = -6068.161303498139	
2022/02/09 10:22:03.400243 [INFO] current LH = -6068.139988799168	
2022/02/09 10:22:03.643373 [INFO] current LH = -6068.150999196867	
2022/02/09 10:22:03.885202 [INFO] current LH = -6068.150346979779	
2022/02/09 10:22:04.465282 [INFO] current LH = -6068.152236035753	
2022/02/09 10:22:05.054283 [INFO] current LH = -6068.149057403014	
2022/02/09 10:22:05.636115 [INFO] current LH = -6068.148430526104	
2022/02/09 10:22:06.216351 [INFO] current LH = -6068.153231902163	
2022/02/09 10:22:06.796677 [INFO] current LH = -6068.15314116972	
2022/02/09 10:22:07.377039 [INFO] current LH = -6068.148106201972	
2022/02/09 10:22:07.957515 [INFO] current LH = -6068.150807873454	
2022/02/09 10:22:08.538116 [INFO] current LH = -6068.150506068198	
2022/02/09 10:22:08.538143 [INFO] Wall time: 7.624990243s User: 0s System: 0s

2022/02/09 10:22:08.538153 [INFO] Wtotal time: 515.3273293s User: 0.56s System: 0.41s

2022/02/09 10:22:09.119434 [INFO] current LH = -6068.152244377148	
2022/02/09 10:22:09.703751 [INFO] current LH = -6068.149240979053	
2022/02/09 10:22:10.284212 [INFO] current LH = -6068.151053367148	
2022/02/09 10:22:10.864867 [INFO] current LH = -6068.149154429848	
2022/02/09 10:22:11.468206 [INFO] current LH = -6068.150359987275	
2022/02/09 10:22:12.070683 [INFO] current LH = -6068.150972576862	
2022/02/09 10:22:12.672840 [INFO] current LH = -6068.15024071269	
2022/02/09 10:22:13.273258 [INFO] current LH = -6068.15114413058	
2022/02/09 10:22:13.923474 [INFO] current LH = -6068.16462838569	
2022/02/09 10:22:14.573945 [INFO] current LH = -6068.166291988877	
2022/02/09 10:22:14.729589 [INFO] current LH = -6068.163065337581	
2022/02/09 10:22:14.882643 [INFO] current LH = -6068.166636209688	
2022/02/09 10:22:15.080775 [INFO] current LH = -6068.165284588164	
2022/02/09 10:22:15.278256 [INFO] current LH = -6068.164402314089	
2022/02/09 10:22:15.476780 [INFO] current LH = -6068.165798945237	
2022/02/09 10:22:15.674722 [INFO] current LH = -6068.163885347172	
2022/02/09 10:22:15.979643 [INFO] current LH = -6068.16538048872	
2022/02/09 10:22:16.222385 [INFO] current LH = -6068.164278352164	
2022/02/09 10:22:16.465175 [INFO] current LH = -6068.166168963614	
2022/02/09 10:22:16.707848 [INFO] current LH = -6068.163542200194	
2022/02/09 10:22:16.707874 [INFO] Wall time: 8.169711494s User: 0.01s System: 0.01s

2022/02/09 10:22:16.707882 [INFO] Wtotal time: 523.4970593s User: 0.57s System: 0.42s

2022/02/09 10:22:16.950236 [INFO] current LH = -6068.161388789316	
2022/02/09 10:22:17.192417 [INFO] current LH = -6068.168267171955	
2022/02/09 10:22:17.435719 [INFO] current LH = -6068.166071290963	
2022/02/09 10:22:17.679218 [INFO] current LH = -6068.163599931254	
2022/02/09 10:22:17.920991 [INFO] current LH = -6068.175431952974	
2022/02/09 10:22:18.163289 [INFO] current LH = -6068.154308807221	
2022/02/09 10:22:18.409959 [INFO] current LH = -6068.163081653702	
2022/02/09 10:22:18.652112 [INFO] current LH = -6068.166680917193	
2022/02/09 10:22:19.233243 [INFO] current LH = -6068.163846709496	
2022/02/09 10:22:19.814251 [INFO] current LH = -6068.165858377856	
2022/02/09 10:22:20.394331 [INFO] current LH = -6068.165167327742	
2022/02/09 10:22:20.974657 [INFO] current LH = -6068.164742693466	
2022/02/09 10:22:21.554286 [INFO] current LH = -6068.162958781239	
2022/02/09 10:22:22.134715 [INFO] current LH = -6068.16673125443	
2022/02/09 10:22:22.713553 [INFO] current LH = -6068.163386663238	
2022/02/09 10:22:23.294368 [INFO] current LH = -6068.166260999104	
2022/02/09 10:22:23.875335 [INFO] current LH = -6068.165072562376	
2022/02/09 10:22:24.456617 [INFO] current LH = -6068.164630234612	
2022/02/09 10:22:25.043098 [INFO] current LH = -6068.168187133669	
2022/02/09 10:22:25.623524 [INFO] current LH = -6068.161665756913	
2022/02/09 10:22:25.623548 [INFO] Wall time: 8.915657082s User: 0s System: 0s

2022/02/09 10:22:25.623556 [INFO] Wtotal time: 532.4127332s User: 0.57s System: 0.42s

2022/02/09 10:22:26.226529 [INFO] current LH = -6068.164817235402	
2022/02/09 10:22:26.828043 [INFO] current LH = -6068.164880009504	
2022/02/09 10:22:27.429818 [INFO] current LH = -6068.162587278146	
2022/02/09 10:22:28.033773 [INFO] current LH = -6068.167135812675	
2022/02/09 10:22:28.683543 [INFO] current LH = -6068.173455440166	
2022/02/09 10:22:29.334929 [INFO] current LH = -6068.178134374227	
2022/02/09 10:22:29.488005 [INFO] current LH = -6068.175456138618	
2022/02/09 10:22:29.643621 [INFO] current LH = -6068.177909798359	
2022/02/09 10:22:29.841210 [INFO] current LH = -6068.176159189465	
2022/02/09 10:22:30.039111 [INFO] current LH = -6068.177215824184	
2022/02/09 10:22:30.236798 [INFO] current LH = -6068.178744563089	
2022/02/09 10:22:30.434647 [INFO] current LH = -6068.174629551426	
2022/02/09 10:22:30.739845 [INFO] current LH = -6068.179422795127	
2022/02/09 10:22:30.981704 [INFO] current LH = -6068.17393378024	
2022/02/09 10:22:31.224417 [INFO] current LH = -6068.179152707512	
2022/02/09 10:22:31.467085 [INFO] current LH = -6068.174234784551	
2022/02/09 10:22:31.709317 [INFO] current LH = -6068.173668641997	
2022/02/09 10:22:31.951438 [INFO] current LH = -6068.179699903892	
2022/02/09 10:22:32.194313 [INFO] current LH = -6068.174268690137	
2022/02/09 10:22:32.437305 [INFO] current LH = -6068.179173083906	
2022/02/09 10:22:32.437331 [INFO] Wall time: 6.813763541s User: 0s System: 0.01s

2022/02/09 10:22:32.437340 [INFO] Wtotal time: 539.226517s User: 0.57s System: 0.43s

2022/02/09 10:22:32.680193 [INFO] current LH = -6068.185008413107	
2022/02/09 10:22:32.922410 [INFO] current LH = -6068.168437631885	
2022/02/09 10:22:33.164431 [INFO] current LH = -6068.176140212541	
2022/02/09 10:22:33.406939 [INFO] current LH = -6068.177314074516	
2022/02/09 10:22:33.987150 [INFO] current LH = -6068.177213566898	
2022/02/09 10:22:34.569342 [INFO] current LH = -6068.176159975524	
2022/02/09 10:22:35.156567 [INFO] current LH = -6068.176488018462	
2022/02/09 10:22:35.737296 [INFO] current LH = -6068.177116912917	
2022/02/09 10:22:36.317487 [INFO] current LH = -6068.176367377196	
2022/02/09 10:22:36.898290 [INFO] current LH = -6068.177015516806	
2022/02/09 10:22:37.479859 [INFO] current LH = -6068.178252403157	
2022/02/09 10:22:38.061076 [INFO] current LH = -6068.175126399334	
2022/02/09 10:22:38.642720 [INFO] current LH = -6068.177484680196	
2022/02/09 10:22:39.223104 [INFO] current LH = -6068.175971492986	
2022/02/09 10:22:39.806479 [INFO] current LH = -6068.17505188345	
2022/02/09 10:22:40.386562 [INFO] current LH = -6068.177961011484	
2022/02/09 10:22:40.988497 [INFO] current LH = -6068.176291731369	
2022/02/09 10:22:41.590169 [INFO] current LH = -6068.177073986537	
2022/02/09 10:22:42.190621 [INFO] current LH = -6068.176313211605	
2022/02/09 10:22:42.791549 [INFO] current LH = -6068.17704053246	
2022/02/09 10:22:42.791576 [INFO] Wall time: 10.35422514s User: 0s System: 0.01s

2022/02/09 10:22:42.791584 [INFO] Wtotal time: 549.5807609s User: 0.57s System: 0.44s

2022/02/09 10:22:43.442034 [INFO] current LH = -6068.184691321183	
2022/02/09 10:22:44.091674 [INFO] current LH = -6068.189271257504	
2022/02/09 10:22:44.244663 [INFO] current LH = -6068.185023943258	
2022/02/09 10:22:44.397831 [INFO] current LH = -6068.190634517114	
2022/02/09 10:22:44.595766 [INFO] current LH = -6068.187274710921	
2022/02/09 10:22:44.798380 [INFO] current LH = -6068.188386365827	
2022/02/09 10:22:44.995888 [INFO] current LH = -6068.187282370033	
2022/02/09 10:22:45.194154 [INFO] current LH = -6068.188394137588	
2022/02/09 10:22:45.499270 [INFO] current LH = -6068.191403364571	
2022/02/09 10:22:45.741771 [INFO] current LH = -6068.184230938436	
2022/02/09 10:22:45.984454 [INFO] current LH = -6068.187433343895	
2022/02/09 10:22:46.227258 [INFO] current LH = -6068.188248862305	
2022/02/09 10:22:46.470201 [INFO] current LH = -6068.187658930196	
2022/02/09 10:22:46.712715 [INFO] current LH = -6068.187985007866	
2022/02/09 10:22:46.955483 [INFO] current LH = -6068.186183354632	
2022/02/09 10:22:47.198226 [INFO] current LH = -6068.189371710771	
2022/02/09 10:22:47.440765 [INFO] current LH = -6068.195570911855	
2022/02/09 10:22:47.683297 [INFO] current LH = -6068.180166813874	
2022/02/09 10:22:47.926091 [INFO] current LH = -6068.189913075842	
2022/02/09 10:22:48.168706 [INFO] current LH = -6068.185826175138	
2022/02/09 10:22:48.168733 [INFO] Wall time: 5.377139345s User: 0s System: 0s

2022/02/09 10:22:48.168743 [INFO] Wtotal time: 554.9579195s User: 0.57s System: 0.44s

2022/02/09 10:22:48.749799 [INFO] current LH = -6068.187899403923	
2022/02/09 10:22:49.331510 [INFO] current LH = -6068.187767189053	
2022/02/09 10:22:49.914523 [INFO] current LH = -6068.190402525415	
2022/02/09 10:22:50.496763 [INFO] current LH = -6068.185324993329	
2022/02/09 10:22:51.080232 [INFO] current LH = -6068.187080866342	
2022/02/09 10:22:51.660722 [INFO] current LH = -6068.188612206857	
2022/02/09 10:22:52.240902 [INFO] current LH = -6068.186691920155	
2022/02/09 10:22:52.822270 [INFO] current LH = -6068.188985083163	
2022/02/09 10:22:53.401990 [INFO] current LH = -6068.186560083256	
2022/02/09 10:22:53.982130 [INFO] current LH = -6068.189119689748	
2022/02/09 10:22:54.562452 [INFO] current LH = -6068.189271911639	
2022/02/09 10:22:55.148485 [INFO] current LH = -6068.186422307563	
2022/02/09 10:22:55.751550 [INFO] current LH = -6068.187788977058	
2022/02/09 10:22:56.352500 [INFO] current LH = -6068.187866746506	
2022/02/09 10:22:56.953878 [INFO] current LH = -6068.187775957482	
2022/02/09 10:22:57.555551 [INFO] current LH = -6068.18788265579	
2022/02/09 10:22:58.205878 [INFO] current LH = -6068.193231552417	
2022/02/09 10:22:58.855752 [INFO] current LH = -6068.195030454973	
2022/02/09 10:22:59.009079 [INFO] current LH = -6068.191962801511	
2022/02/09 10:22:59.162038 [INFO] current LH = -6068.195205084723	
2022/02/09 10:22:59.162062 [INFO] Wall time: 10.99330942s User: 0s System: 0.01s

2022/02/09 10:22:59.162070 [INFO] Wtotal time: 565.9512474s User: 0.57s System: 0.45s

2022/02/09 10:22:59.360464 [INFO] current LH = -6068.193190365339	
2022/02/09 10:22:59.558047 [INFO] current LH = -6068.193975432559	
2022/02/09 10:22:59.759065 [INFO] current LH = -6068.192959052869	
2022/02/09 10:22:59.957346 [INFO] current LH = -6068.194215607614	
2022/02/09 10:23:00.263393 [INFO] current LH = -6068.198164964165	
2022/02/09 10:23:00.506557 [INFO] current LH = -6068.188987575591	
2022/02/09 10:23:00.749051 [INFO] current LH = -6068.193406725147	
2022/02/09 10:23:00.990845 [INFO] current LH = -6068.193780125307	
2022/02/09 10:23:01.233376 [INFO] current LH = -6068.193685774829	
2022/02/09 10:23:01.475498 [INFO] current LH = -6068.193483991985	
2022/02/09 10:23:01.717878 [INFO] current LH = -6068.194416415843	
2022/02/09 10:23:01.961051 [INFO] current LH = -6068.192618341782	
2022/02/09 10:23:02.204123 [INFO] current LH = -6068.200952355923	
2022/02/09 10:23:02.446637 [INFO] current LH = -6068.186292777104	
2022/02/09 10:23:02.689326 [INFO] current LH = -6068.195104157076	
2022/02/09 10:23:02.930722 [INFO] current LH = -6068.19211831242	
2022/02/09 10:23:03.512968 [INFO] current LH = -6068.194562247264	
2022/02/09 10:23:04.094032 [INFO] current LH = -6068.192610341803	
2022/02/09 10:23:04.677722 [INFO] current LH = -6068.194579825697	
2022/02/09 10:23:05.258053 [INFO] current LH = -6068.192514691995	
2022/02/09 10:23:05.258079 [INFO] Wall time: 6.09599893s User: 0.01s System: 0.01s

2022/02/09 10:23:05.258086 [INFO] Wtotal time: 572.0472633s User: 0.58s System: 0.46s

2022/02/09 10:23:05.861816 [INFO] current LH = -6068.193801927698	
2022/02/09 10:23:06.441953 [INFO] current LH = -6068.193362214045	
2022/02/09 10:23:07.023860 [INFO] current LH = -6068.192849903979	
2022/02/09 10:23:07.605535 [INFO] current LH = -6068.194323957468	
2022/02/09 10:23:08.186959 [INFO] current LH = -6068.193800369546	
2022/02/09 10:23:08.765069 [INFO] current LH = -6068.193415330927	
2022/02/09 10:23:09.345062 [INFO] current LH = -6068.191874413378	
2022/02/09 10:23:09.929036 [INFO] current LH = -6068.195130809028	
2022/02/09 10:23:10.532174 [INFO] current LH = -6068.193051434881	
2022/02/09 10:23:11.134533 [INFO] current LH = -6068.194119291828	
2022/02/09 10:23:11.735933 [INFO] current LH = -6068.193328824018	
2022/02/09 10:23:12.337440 [INFO] current LH = -6068.193860681697	
2022/02/09 10:23:12.987457 [INFO] current LH = -6068.197700629052	
2022/02/09 10:23:13.637537 [INFO] current LH = -6068.200068782068	
2022/02/09 10:23:13.790817 [INFO] current LH = -6068.197246958065	
2022/02/09 10:23:13.943737 [INFO] current LH = -6068.199979317311	
2022/02/09 10:23:14.141892 [INFO] current LH = -6068.197861506939	
2022/02/09 10:23:14.340305 [INFO] current LH = -6068.199386136314	
2022/02/09 10:23:14.538452 [INFO] current LH = -6068.198971537607	
2022/02/09 10:23:14.743447 [INFO] current LH = -6068.198272434355	
2022/02/09 10:23:14.743475 [INFO] Wall time: 9.485378164s User: 0s System: 0s

2022/02/09 10:23:14.743484 [INFO] Wtotal time: 581.5326604s User: 0.58s System: 0.46s

2022/02/09 10:23:15.049821 [INFO] current LH = -6068.20369565318	
2022/02/09 10:23:15.292667 [INFO] current LH = -6068.193545677367	
2022/02/09 10:23:15.535082 [INFO] current LH = -6068.198817012768	
2022/02/09 10:23:15.777477 [INFO] current LH = -6068.198460515164	
2022/02/09 10:23:16.019971 [INFO] current LH = -6068.198528294812	
2022/02/09 10:23:16.262608 [INFO] current LH = -6068.198723373335	
2022/02/09 10:23:16.505139 [INFO] current LH = -6068.198603995118	
2022/02/09 10:23:16.747336 [INFO] current LH = -6068.198514923301	
2022/02/09 10:23:16.989951 [INFO] current LH = -6068.204757026487	
2022/02/09 10:23:17.231843 [INFO] Client timing information: 
2022/02/09 10:23:17.231866 [INFO] Client id 0 channel id 0  response time +0 s
2022/02/09 10:23:17.231883 [INFO] Client id 1 channel id 0  response time +0.001171 s
2022/02/09 10:23:17.254771 [INFO] current LH = -6068.192572917723	
2022/02/09 10:23:17.497443 [INFO] current LH = -6068.200031134092	
2022/02/09 10:23:17.739575 [INFO] current LH = -6068.197271560088	
2022/02/09 10:23:18.320085 [INFO] current LH = -6068.199890471539	
2022/02/09 10:23:18.900221 [INFO] current LH = -6068.197373862922	
2022/02/09 10:23:19.480371 [INFO] current LH = -6068.197422555266	
2022/02/09 10:23:20.064283 [INFO] current LH = -6068.199537970287	
2022/02/09 10:23:20.645109 [INFO] current LH = -6068.199166960671	
2022/02/09 10:23:21.225208 [INFO] current LH = -6068.198084903493	
2022/02/09 10:23:21.806218 [INFO] current LH = -6068.200203057699	
2022/02/09 10:23:22.387261 [INFO] current LH = -6068.197032795504	
2022/02/09 10:23:22.387289 [INFO] Wall time: 7.643794405s User: 0s System: 0.01s

2022/02/09 10:23:22.387298 [INFO] Wtotal time: 589.176475s User: 0.58s System: 0.47s

2022/02/09 10:23:22.967265 [INFO] current LH = -6068.198946990631	
2022/02/09 10:23:23.548145 [INFO] current LH = -6068.198266697161	
2022/02/09 10:23:24.127696 [INFO] current LH = -6068.198977395078	
2022/02/09 10:23:24.713796 [INFO] current LH = -6068.198493442537	
2022/02/09 10:23:25.315490 [INFO] current LH = -6068.197648291977	
2022/02/09 10:23:25.917016 [INFO] current LH = -6068.199607754866	
2022/02/09 10:23:26.519674 [INFO] current LH = -6068.198724666081	
2022/02/09 10:23:27.121720 [INFO] current LH = -6068.198528848512	
2022/02/09 10:23:27.772931 [INFO] current LH = -6068.202538977606	
2022/02/09 10:23:28.423773 [INFO] current LH = -6068.20503199109	
2022/02/09 10:23:28.576945 [INFO] current LH = -6068.200707833392	
2022/02/09 10:23:28.729827 [INFO] current LH = -6068.206480931985	
2022/02/09 10:23:28.927541 [INFO] current LH = -6068.203330513557	
2022/02/09 10:23:29.125379 [INFO] current LH = -6068.203834700484	
2022/02/09 10:23:29.322901 [INFO] current LH = -6068.202914815383	
2022/02/09 10:23:29.521276 [INFO] current LH = -6068.204248732512	
2022/02/09 10:23:29.833277 [INFO] current LH = -6068.208279070256	
2022/02/09 10:23:30.075139 [INFO] current LH = -6068.198878111482	
2022/02/09 10:23:30.318184 [INFO] current LH = -6068.202937222202	
2022/02/09 10:23:30.561190 [INFO] current LH = -6068.204243111019	
2022/02/09 10:23:30.561219 [INFO] Wall time: 8.173909738s User: 0s System: 0s

2022/02/09 10:23:30.561228 [INFO] Wtotal time: 597.3504049s User: 0.58s System: 0.47s

2022/02/09 10:23:30.803576 [INFO] current LH = -6068.203940876897	
2022/02/09 10:23:31.045964 [INFO] current LH = -6068.20321191718	
2022/02/09 10:23:31.288773 [INFO] current LH = -6068.202094231533	
2022/02/09 10:23:31.531904 [INFO] current LH = -6068.205024804016	
2022/02/09 10:23:31.774424 [INFO] current LH = -6068.209793081423	
2022/02/09 10:23:32.016704 [INFO] current LH = -6068.197440034135	
2022/02/09 10:23:32.259360 [INFO] current LH = -6068.205429406232	
2022/02/09 10:23:32.502083 [INFO] current LH = -6068.201808052075	
2022/02/09 10:23:33.082709 [INFO] current LH = -6068.20304546334	
2022/02/09 10:23:33.664298 [INFO] current LH = -6068.204115408053	
2022/02/09 10:23:34.244116 [INFO] current LH = -6068.201730507838	
2022/02/09 10:23:34.827339 [INFO] current LH = -6068.205358903332	
2022/02/09 10:23:35.408343 [INFO] current LH = -6068.204524857891	
2022/02/09 10:23:35.989993 [INFO] current LH = -6068.202634456803	
2022/02/09 10:23:36.570324 [INFO] current LH = -6068.203290870712	
2022/02/09 10:23:37.151429 [INFO] current LH = -6068.203881906011	
2022/02/09 10:23:37.733471 [INFO] current LH = -6068.206773278365	
2022/02/09 10:23:38.314819 [INFO] current LH = -6068.200420018593	
2022/02/09 10:23:38.896392 [INFO] current LH = -6068.200825807763	
2022/02/09 10:23:39.475703 [INFO] current LH = -6068.206243997241	
2022/02/09 10:23:39.475729 [INFO] Wall time: 8.91449099s User: 0.01s System: 0.01s

2022/02/09 10:23:39.475737 [INFO] Wtotal time: 606.2649138s User: 0.59s System: 0.48s

2022/02/09 10:23:40.081638 [INFO] current LH = -6068.203749752938	
2022/02/09 10:23:40.683956 [INFO] current LH = -6068.203409718894	
2022/02/09 10:23:41.286163 [INFO] current LH = -6068.203534681977	
2022/02/09 10:23:41.888294 [INFO] current LH = -6068.203616063577	
2022/02/09 10:23:42.538357 [INFO] current LH = -6068.209551016302	
2022/02/09 10:23:43.186935 [INFO] current LH = -6068.222170974078	
2022/02/09 10:23:43.837935 [INFO] current LH = -6068.226332559148	
2022/02/09 10:23:43.990772 [INFO] current LH = -6068.222633645404	
2022/02/09 10:23:44.144165 [INFO] current LH = -6068.22711833595	
2022/02/09 10:23:44.342259 [INFO] current LH = -6068.224258475571	
2022/02/09 10:23:44.540471 [INFO] current LH = -6068.225509268425	
2022/02/09 10:23:44.742531 [INFO] current LH = -6068.225551735684	
2022/02/09 10:23:44.940543 [INFO] current LH = -6068.224210708457	
2022/02/09 10:23:45.245889 [INFO] current LH = -6068.231888139238	
2022/02/09 10:23:45.488944 [INFO] current LH = -6068.217877763422	
2022/02/09 10:23:45.730990 [INFO] current LH = -6068.225777290397	
2022/02/09 10:23:45.973133 [INFO] current LH = -6068.224074101456	
2022/02/09 10:23:46.216168 [INFO] current LH = -6068.225409832739	
2022/02/09 10:23:46.459331 [INFO] current LH = -6068.224395678133	
2022/02/09 10:23:46.702920 [INFO] current LH = -6068.225060196077	
2022/02/09 10:23:46.702947 [INFO] Wall time: 7.227199793s User: 0s System: 0.01s

2022/02/09 10:23:46.702955 [INFO] Wtotal time: 613.4921318s User: 0.59s System: 0.49s

2022/02/09 10:23:46.945821 [INFO] current LH = -6068.224548362236	
2022/02/09 10:23:47.187747 [INFO] current LH = -6068.228251568452	
2022/02/09 10:23:47.430576 [INFO] current LH = -6068.221875858945	
2022/02/09 10:23:47.673738 [INFO] current LH = -6068.222671698613	
2022/02/09 10:23:47.917037 [INFO] current LH = -6068.227368744964	
2022/02/09 10:23:48.497449 [INFO] current LH = -6068.228563044846	
2022/02/09 10:23:49.077668 [INFO] current LH = -6068.221232903319	
2022/02/09 10:23:49.662399 [INFO] current LH = -6068.220290419064	
2022/02/09 10:23:50.244226 [INFO] current LH = -6068.229366153045	
2022/02/09 10:23:50.826187 [INFO] current LH = -6068.225666128915	
2022/02/09 10:23:51.407079 [INFO] current LH = -6068.224104035464	
2022/02/09 10:23:51.987154 [INFO] current LH = -6068.222282452934	
2022/02/09 10:23:52.569075 [INFO] current LH = -6068.22749575168	
2022/02/09 10:23:53.147621 [INFO] current LH = -6068.225800843651	
2022/02/09 10:23:53.727620 [INFO] current LH = -6068.2240311578	
2022/02/09 10:23:54.307827 [INFO] current LH = -6068.224934698057	
2022/02/09 10:23:54.892695 [INFO] current LH = -6068.224727021947	
2022/02/09 10:23:55.494795 [INFO] current LH = -6068.225207942764	
2022/02/09 10:23:56.097162 [INFO] current LH = -6068.224552611576	
2022/02/09 10:23:56.698491 [INFO] current LH = -6068.229808044305	
2022/02/09 10:23:56.698519 [INFO] Wall time: 9.995553217s User: 0s System: 0s

2022/02/09 10:23:56.698530 [INFO] Wtotal time: 623.4877057s User: 0.59s System: 0.49s

2022/02/09 10:23:57.300680 [INFO] current LH = -6068.219904754012	
2022/02/09 10:23:57.950945 [INFO] current LH = -6068.238121232873	
2022/02/09 10:23:58.603430 [INFO] current LH = -6068.245460363783	
2022/02/09 10:23:58.756242 [INFO] current LH = -6068.240768705779	
2022/02/09 10:23:58.909514 [INFO] current LH = -6068.247257438675	
2022/02/09 10:23:59.106922 [INFO] current LH = -6068.24284062094	
2022/02/09 10:23:59.304524 [INFO] current LH = -6068.245184623082	
2022/02/09 10:23:59.502447 [INFO] current LH = -6068.245951013333	
2022/02/09 10:23:59.702316 [INFO] current LH = -6068.24206045311	
2022/02/09 10:24:00.008597 [INFO] current LH = -6068.247216798098	
2022/02/09 10:24:00.252128 [INFO] current LH = -6068.24078416912	
2022/02/09 10:24:00.494486 [INFO] current LH = -6068.245762130647	
2022/02/09 10:24:00.736737 [INFO] current LH = -6068.242317587304	
2022/02/09 10:24:00.979931 [INFO] current LH = -6068.243235148009	
2022/02/09 10:24:01.221978 [INFO] current LH = -6068.244761304574	
2022/02/09 10:24:01.463753 [INFO] current LH = -6068.243181100373	
2022/02/09 10:24:01.706434 [INFO] current LH = -6068.244880029797	
2022/02/09 10:24:01.948916 [INFO] current LH = -6068.250491990954	
2022/02/09 10:24:02.191988 [INFO] current LH = -6068.237798056548	
2022/02/09 10:24:02.434731 [INFO] current LH = -6068.237794205767	
2022/02/09 10:24:02.434757 [INFO] Wall time: 5.736215301s User: 0s System: 0.01s

2022/02/09 10:24:02.434764 [INFO] Wtotal time: 629.2239412s User: 0.59s System: 0.5s

2022/02/09 10:24:02.676913 [INFO] current LH = -6068.250506101532	
2022/02/09 10:24:03.256985 [INFO] current LH = -6068.241833584107	
2022/02/09 10:24:03.836134 [INFO] current LH = -6068.246168272728	
2022/02/09 10:24:04.417544 [INFO] current LH = -6068.24076396657	
2022/02/09 10:24:05.002487 [INFO] current LH = -6068.247295871427	
2022/02/09 10:24:05.583186 [INFO] current LH = -6068.243895696789	
2022/02/09 10:24:06.163126 [INFO] current LH = -6068.244162083228	
2022/02/09 10:24:06.742659 [INFO] current LH = -6068.243291140205	
2022/02/09 10:24:07.322783 [INFO] current LH = -6068.244796883221	
2022/02/09 10:24:07.904295 [INFO] current LH = -6068.241806760782	
2022/02/09 10:24:08.486796 [INFO] current LH = -6068.246249746376	
2022/02/09 10:24:09.068560 [INFO] current LH = -6068.243375181986	
2022/02/09 10:24:09.649966 [INFO] current LH = -6068.244448937689	
2022/02/09 10:24:10.251193 [INFO] current LH = -6068.242395346852	
2022/02/09 10:24:10.854914 [INFO] current LH = -6068.245620661416	
2022/02/09 10:24:11.457221 [INFO] current LH = -6068.247445387588	
2022/02/09 10:24:12.059172 [INFO] current LH = -6068.240561424599	
2022/02/09 10:24:12.709634 [INFO] current LH = -6068.260132933031	
2022/02/09 10:24:13.359506 [INFO] current LH = -6068.303282817818	
2022/02/09 10:24:14.009795 [INFO] current LH = -6068.324508742585	
2022/02/09 10:24:14.009820 [INFO] Wall time: 11.575046s User: 0.01s System: 0s

2022/02/09 10:24:14.009829 [INFO] Wtotal time: 640.7990054s User: 0.6s System: 0.5s

2022/02/09 10:24:14.162961 [INFO] current LH = -6068.317281795996	
2022/02/09 10:24:14.316817 [INFO] current LH = -6068.328847661774	
2022/02/09 10:24:14.514766 [INFO] current LH = -6068.326782483373	
2022/02/09 10:24:14.718274 [INFO] current LH = -6068.319339264535	
2022/02/09 10:24:14.916844 [INFO] current LH = -6068.323651723791	
2022/02/09 10:24:15.115306 [INFO] current LH = -6068.322458239079	
2022/02/09 10:24:15.421784 [INFO] current LH = -6068.319886213591	
2022/02/09 10:24:15.664913 [INFO] current LH = -6068.326170991828	
2022/02/09 10:24:15.907392 [INFO] current LH = -6068.318717146357	
2022/02/09 10:24:16.149664 [INFO] current LH = -6068.327676503348	
2022/02/09 10:24:16.392471 [INFO] current LH = -6068.330571599572	
2022/02/09 10:24:16.635713 [INFO] current LH = -6068.315561298695	
2022/02/09 10:24:16.877228 [INFO] current LH = -6068.327770375047	
2022/02/09 10:24:17.118811 [INFO] current LH = -6068.318374690142	
2022/02/09 10:24:17.360941 [INFO] current LH = -6068.333174467756	
2022/02/09 10:24:17.603656 [INFO] current LH = -6068.314287609427	
2022/02/09 10:24:17.845758 [INFO] current LH = -6068.314612226538	
2022/02/09 10:24:18.088021 [INFO] current LH = -6068.332845749198	
2022/02/09 10:24:18.669524 [INFO] current LH = -6068.321096439397	
2022/02/09 10:24:19.248677 [INFO] current LH = -6068.324997162256	
2022/02/09 10:24:19.248705 [INFO] Wall time: 5.238865295s User: 0s System: 0.01s

2022/02/09 10:24:19.248717 [INFO] Wtotal time: 646.0378923s User: 0.6s System: 0.51s

2022/02/09 10:24:19.837125 [INFO] current LH = -6068.323796220775	
2022/02/09 10:24:20.416895 [INFO] current LH = -6068.322406237078	
2022/02/09 10:24:20.998117 [INFO] current LH = -6068.319867098698	
2022/02/09 10:24:21.577908 [INFO] current LH = -6068.32624697445	
2022/02/09 10:24:22.158432 [INFO] current LH = -6068.326109605963	
2022/02/09 10:24:22.737104 [INFO] current LH = -6068.320027086955	
2022/02/09 10:24:23.319134 [INFO] current LH = -6068.319629555252	
2022/02/09 10:24:23.900211 [INFO] current LH = -6068.326544214267	
2022/02/09 10:24:24.480527 [INFO] current LH = -6068.319488371068	
2022/02/09 10:24:25.064291 [INFO] current LH = -6068.326291146549	
2022/02/09 10:24:25.665864 [INFO] current LH = -6068.329291575605	
2022/02/09 10:24:26.267465 [INFO] current LH = -6068.316867485189	
2022/02/09 10:24:26.869167 [INFO] current LH = -6068.31871696081	
2022/02/09 10:24:27.470480 [INFO] current LH = -6068.327500133365	
2022/02/09 10:24:28.121213 [INFO] current LH = -6068.370475093609	
2022/02/09 10:24:28.771768 [INFO] current LH = -6068.405742469935	
2022/02/09 10:24:29.421766 [INFO] current LH = -6068.420807424111	
2022/02/09 10:24:30.074960 [INFO] current LH = -6068.42054479843	
2022/02/09 10:24:30.726154 [INFO] current LH = -6068.419083552147	
2022/02/09 10:24:30.879399 [INFO] current LH = -6068.419627981789	
2022/02/09 10:24:30.879424 [INFO] Wall time: 11.63069598s User: 0s System: 0.01s

2022/02/09 10:24:30.879432 [INFO] Wtotal time: 657.668609s User: 0.6s System: 0.52s

2022/02/09 10:24:31.102714 [INFO] current LH = -6068.423682103471	
2022/02/09 10:24:31.301182 [INFO] current LH = -6068.415061554492	
2022/02/09 10:24:31.498808 [INFO] current LH = -6068.416449074203	
2022/02/09 10:24:31.696436 [INFO] current LH = -6068.422347073857	
2022/02/09 10:24:32.001042 [INFO] current LH = -6068.404315120372	
2022/02/09 10:24:32.244447 [INFO] current LH = -6068.434360473786	
2022/02/09 10:24:32.486872 [INFO] current LH = -6068.413723082261	
2022/02/09 10:24:32.729293 [INFO] current LH = -6068.425219222123	
2022/02/09 10:24:32.971398 [INFO] current LH = -6068.437839855716	
2022/02/09 10:24:33.213804 [INFO] current LH = -6068.400817791752	
2022/02/09 10:24:33.456514 [INFO] current LH = -6068.415574325155	
2022/02/09 10:24:33.699219 [INFO] current LH = -6068.423248335901	
2022/02/09 10:24:33.940736 [INFO] current LH = -6068.437585176822	
2022/02/09 10:24:34.183119 [INFO] current LH = -6068.402796946644	
2022/02/09 10:24:34.425680 [INFO] current LH = -6068.446057037241	
2022/02/09 10:24:34.671491 [INFO] current LH = -6068.392660243111	
2022/02/09 10:24:34.917111 [INFO] current LH = -6068.413629486313	
2022/02/09 10:24:35.159993 [INFO] current LH = -6068.427138988352	
2022/02/09 10:24:35.402358 [INFO] current LH = -6068.406870888587	
2022/02/09 10:24:35.645545 [INFO] current LH = -6068.431847955306	
2022/02/09 10:24:35.645572 [INFO] Wall time: 4.766130284s User: 0s System: 0s

2022/02/09 10:24:35.645583 [INFO] Wtotal time: 662.4347587s User: 0.6s System: 0.52s

2022/02/09 10:24:36.225094 [INFO] current LH = -6068.410114653482	
2022/02/09 10:24:36.804629 [INFO] current LH = -6068.428533468425	
2022/02/09 10:24:37.384269 [INFO] current LH = -6068.425388518262	
2022/02/09 10:24:37.964522 [INFO] current LH = -6068.413240953844	
2022/02/09 10:24:38.546050 [INFO] current LH = -6068.407914991533	
2022/02/09 10:24:39.128723 [INFO] current LH = -6068.43078326733	
2022/02/09 10:24:39.714353 [INFO] current LH = -6068.425038531048	
2022/02/09 10:24:40.295364 [INFO] current LH = -6068.413737089624	
2022/02/09 10:24:40.876125 [INFO] current LH = -6068.413093693842	
2022/02/09 10:24:41.456218 [INFO] Client timing information: 
2022/02/09 10:24:41.456253 [INFO] Client id 0 channel id 0  response time +0 s
2022/02/09 10:24:41.456261 [INFO] Client id 1 channel id 0  response time +0.000307 s
2022/02/09 10:24:41.493151 [INFO] current LH = -6068.425622938352	
2022/02/09 10:24:42.074044 [INFO] current LH = -6068.412796356717	
2022/02/09 10:24:42.655531 [INFO] current LH = -6068.425591039328	
2022/02/09 10:24:43.260968 [INFO] current LH = -6068.418664677178	
2022/02/09 10:24:43.863340 [INFO] current LH = -6068.420044652913	
2022/02/09 10:24:44.464835 [INFO] current LH = -6068.408044321361	
2022/02/09 10:24:45.072021 [INFO] current LH = -6068.430668906621	
2022/02/09 10:24:45.721103 [INFO] current LH = -6068.453569891893	
2022/02/09 10:24:46.370928 [INFO] current LH = -6068.519063807723	
2022/02/09 10:24:47.023650 [INFO] current LH = -6068.521030272924	
2022/02/09 10:24:47.673646 [INFO] current LH = -6068.521346744576	
2022/02/09 10:24:47.673684 [INFO] Wall time: 12.028088s User: 0.01s System: 0.01s

2022/02/09 10:24:47.673692 [INFO] Wtotal time: 674.4628691s User: 0.61s System: 0.53s

2022/02/09 10:24:47.826730 [INFO] current LH = -6068.53009241847	
2022/02/09 10:24:47.979686 [INFO] current LH = -6068.509689099962	
2022/02/09 10:24:48.177783 [INFO] current LH = -6068.518186704763	
2022/02/09 10:24:48.376123 [INFO] current LH = -6068.521629251047	
2022/02/09 10:24:48.574326 [INFO] current LH = -6068.521480333751	
2022/02/09 10:24:48.771772 [INFO] current LH = -6068.518392904381	
2022/02/09 10:24:49.076954 [INFO] current LH = -6068.520697826612	
2022/02/09 10:24:49.318776 [INFO] current LH = -6068.519126036392	
2022/02/09 10:24:49.561876 [INFO] current LH = -6068.516998761123	
2022/02/09 10:24:49.808477 [INFO] current LH = -6068.522867407103	
2022/02/09 10:24:50.050451 [INFO] current LH = -6068.531171050441	
2022/02/09 10:24:50.293227 [INFO] current LH = -6068.508777132058	
2022/02/09 10:24:50.536462 [INFO] current LH = -6068.513017825992	
2022/02/09 10:24:50.779189 [INFO] current LH = -6068.526930508686	
2022/02/09 10:24:51.021660 [INFO] current LH = -6068.54100276396	
2022/02/09 10:24:51.264443 [INFO] current LH = -6068.501147160418	
2022/02/09 10:24:51.507819 [INFO] current LH = -6068.56630552586	
2022/02/09 10:24:51.750124 [INFO] current LH = -6068.4734256732	
2022/02/09 10:24:51.992337 [INFO] current LH = -6068.512765848724	
2022/02/09 10:24:52.236583 [INFO] current LH = -6068.528908059669	
2022/02/09 10:24:52.236612 [INFO] Wall time: 4.562908487s User: 0s System: 0.01s

2022/02/09 10:24:52.236622 [INFO] Wtotal time: 679.0257983s User: 0.61s System: 0.54s

2022/02/09 10:24:52.478901 [INFO] current LH = -6068.506312616941	
2022/02/09 10:24:52.721976 [INFO] current LH = -6068.533498823935	
2022/02/09 10:24:53.303162 [INFO] current LH = -6068.523459058743	
2022/02/09 10:24:53.883319 [INFO] current LH = -6068.516361636791	
2022/02/09 10:24:54.462237 [INFO] current LH = -6068.527048034269	
2022/02/09 10:24:55.045835 [INFO] current LH = -6068.512122310416	
2022/02/09 10:24:55.625762 [INFO] current LH = -6068.523362312701	
2022/02/09 10:24:56.205833 [INFO] current LH = -6068.516535817317	
2022/02/09 10:24:56.787843 [INFO] current LH = -6068.522103387096	
2022/02/09 10:24:57.368750 [INFO] current LH = -6068.517782701573	
2022/02/09 10:24:57.949305 [INFO] current LH = -6068.524029110876	
2022/02/09 10:24:58.528132 [INFO] current LH = -6068.51572239316	
2022/02/09 10:24:59.107902 [INFO] current LH = -6068.518776324415	
2022/02/09 10:24:59.692417 [INFO] current LH = -6068.52134791178	
2022/02/09 10:25:00.294901 [INFO] current LH = -6068.513963969177	
2022/02/09 10:25:00.896251 [INFO] current LH = -6068.525833279288	
2022/02/09 10:25:01.498634 [INFO] current LH = -6068.52218757942	
2022/02/09 10:25:02.101474 [INFO] current LH = -6068.517576400618	
2022/02/09 10:25:02.751694 [INFO] current LH = -6068.556058357668	
2022/02/09 10:25:03.401698 [INFO] current LH = -6068.504418611003	
2022/02/09 10:25:03.401725 [INFO] Wall time: 11.16509301s User: 0s System: 0s

2022/02/09 10:25:03.401733 [INFO] Wtotal time: 690.1909101s User: 0.61s System: 0.54s

2022/02/09 10:25:04.050495 [INFO] current LH = -6068.600852153635	
2022/02/09 10:25:04.706693 [INFO] current LH = -6068.172555515953	
2022/02/09 10:25:05.356996 [INFO] current LH = -6068.52312900041	
2022/02/09 10:25:06.008262 [INFO] current LH = -6068.611312767323	
2022/02/09 10:25:06.659105 [INFO] current LH = -6068.528242070911	
2022/02/09 10:25:07.310272 [INFO] current LH = -6068.621857039689	
2022/02/09 10:25:07.960858 [INFO] current LH = -6068.634853527878	
2022/02/09 10:25:08.611582 [INFO] current LH = -6068.628009729101	
2022/02/09 10:25:09.261688 [INFO] current LH = -6068.643026526988	
2022/02/09 10:25:09.413988 [INFO] current LH = -6068.623777137042	
2022/02/09 10:25:09.612275 [INFO] current LH = -6068.631313491159	
2022/02/09 10:25:09.813143 [INFO] current LH = -6068.635513483653	
2022/02/09 10:25:10.011544 [INFO] current LH = -6068.629078724292	
2022/02/09 10:25:10.210484 [INFO] current LH = -6068.637781707897	
2022/02/09 10:25:10.516809 [INFO] current LH = -6068.623050623478	
2022/02/09 10:25:10.760093 [INFO] current LH = -6068.643763444474	
2022/02/09 10:25:11.002310 [INFO] current LH = -6068.628523712294	
2022/02/09 10:25:11.244699 [INFO] current LH = -6068.638343610675	
2022/02/09 10:25:11.487583 [INFO] current LH = -6068.649813561811	
2022/02/09 10:25:11.731178 [INFO] current LH = -6068.616952515913	
2022/02/09 10:25:11.731207 [INFO] Wall time: 8.32946225s User: 0s System: 0.01s

2022/02/09 10:25:11.731217 [INFO] Wtotal time: 698.5203935s User: 0.61s System: 0.55s

2022/02/09 10:25:11.973741 [INFO] current LH = -6068.62564449961	
2022/02/09 10:25:12.216247 [INFO] current LH = -6068.641253645324	
2022/02/09 10:25:12.458609 [INFO] current LH = -6068.574356854779	
2022/02/09 10:25:12.700950 [INFO] current LH = -6068.572302189133	
2022/02/09 10:25:12.943384 [INFO] current LH = -6068.627517028637	
2022/02/09 10:25:13.186157 [INFO] current LH = -6068.625604589372	
2022/02/09 10:25:13.428291 [INFO] current LH = -6068.632901711785	
2022/02/09 10:25:13.670751 [INFO] current LH = -6068.631004441344	
2022/02/09 10:25:13.913882 [INFO] current LH = -6068.634815825787	
2022/02/09 10:25:14.155987 [INFO] current LH = -6068.634888871913	
2022/02/09 10:25:14.398606 [INFO] current LH = -6068.634558217109	
2022/02/09 10:25:14.643104 [INFO] current LH = -6068.635271015685	
2022/02/09 10:25:15.223307 [INFO] current LH = -6068.629627579626	
2022/02/09 10:25:15.803590 [INFO] current LH = -6068.637146217664	
2022/02/09 10:25:16.382316 [INFO] current LH = -6068.639131748361	
2022/02/09 10:25:16.963521 [INFO] current LH = -6068.627252739123	
2022/02/09 10:25:17.544637 [INFO] current LH = -6068.629462134611	
2022/02/09 10:25:18.125731 [INFO] current LH = -6068.637316538331	
2022/02/09 10:25:18.706672 [INFO] current LH = -6068.635772959809	
2022/02/09 10:25:19.286978 [INFO] current LH = -6068.631120888663	
2022/02/09 10:25:19.287014 [INFO] Wall time: 7.555787486s User: 0.01s System: 0s

2022/02/09 10:25:19.287023 [INFO] Wtotal time: 706.0761995s User: 0.62s System: 0.55s

2022/02/09 10:25:19.875793 [INFO] current LH = -6068.633593107299	
2022/02/09 10:25:20.455720 [INFO] current LH = -6068.633158484126	
2022/02/09 10:25:21.037643 [INFO] current LH = -6068.63290182813	
2022/02/09 10:25:21.617570 [INFO] current LH = -6068.633914988703	
2022/02/09 10:25:22.217547 [INFO] current LH = -6068.624029541144	
2022/02/09 10:25:22.821160 [INFO] current LH = -6068.642787334812	
2022/02/09 10:25:23.422892 [INFO] current LH = -6068.627656725271	
2022/02/09 10:25:24.024243 [INFO] current LH = -6068.639175303782	
2022/02/09 10:25:24.677612 [INFO] current LH = -6068.645222775262	
2022/02/09 10:25:25.327874 [INFO] current LH = -6068.642977416244	
2022/02/09 10:25:25.978963 [INFO] current LH = -6068.646620886211	
2022/02/09 10:25:26.132080 [INFO] current LH = -6068.653595451379	
2022/02/09 10:25:26.284834 [INFO] current LH = -6068.636761335902	
2022/02/09 10:25:26.483521 [INFO] current LH = -6068.642834038852	
2022/02/09 10:25:26.681777 [INFO] current LH = -6068.647505326808	
2022/02/09 10:25:26.879945 [INFO] current LH = -6068.642927300712	
2022/02/09 10:25:27.078248 [INFO] current LH = -6068.647393442453	
2022/02/09 10:25:27.400518 [INFO] current LH = -6068.640664392134	
2022/02/09 10:25:27.642897 [INFO] current LH = -6068.649676512146	
2022/02/09 10:25:27.885258 [INFO] current LH = -6068.640635376005	
2022/02/09 10:25:27.885287 [INFO] Wall time: 8.598252537s User: 0s System: 0.01s

2022/02/09 10:25:27.885298 [INFO] Wtotal time: 714.6744737s User: 0.62s System: 0.56s

2022/02/09 10:25:28.127616 [INFO] current LH = -6068.649713001651	
2022/02/09 10:25:28.369896 [INFO] current LH = -6068.657844788177	
2022/02/09 10:25:28.612694 [INFO] current LH = -6068.632536704145	
2022/02/09 10:25:28.855162 [INFO] current LH = -6068.637871074371	
2022/02/09 10:25:29.097659 [INFO] current LH = -6068.65243657363	
2022/02/09 10:25:29.340569 [INFO] current LH = -6068.649334261954	
2022/02/09 10:25:29.583701 [INFO] current LH = -6068.643897074294	
2022/02/09 10:25:29.827772 [INFO] current LH = -6068.67350357438	
2022/02/09 10:25:30.069559 [INFO] current LH = -6068.619117322357	
2022/02/09 10:25:30.312103 [INFO] current LH = -6068.575262574881	
2022/02/09 10:25:30.554260 [INFO] current LH = -6068.672849820598	
2022/02/09 10:25:30.796730 [INFO] current LH = -6068.600860822709	
2022/02/09 10:25:31.038565 [INFO] current LH = -6068.665682696159	
2022/02/09 10:25:31.280783 [INFO] current LH = -6068.633757737931	
2022/02/09 10:25:31.523472 [INFO] current LH = -6068.656331252452	
2022/02/09 10:25:32.103487 [INFO] current LH = -6068.645058172539	
2022/02/09 10:25:32.683417 [INFO] current LH = -6068.645313055865	
2022/02/09 10:25:33.265067 [INFO] current LH = -6068.649939731469	
2022/02/09 10:25:33.846772 [INFO] current LH = -6068.640504796826	
2022/02/09 10:25:34.426493 [INFO] current LH = -6068.644950415592	
2022/02/09 10:25:34.426521 [INFO] Wall time: 6.541211444s User: 0s System: 0.01s

2022/02/09 10:25:34.426532 [INFO] Wtotal time: 721.2157079s User: 0.62s System: 0.57s

2022/02/09 10:25:35.010072 [INFO] current LH = -6068.64541811227	
2022/02/09 10:25:35.589586 [INFO] current LH = -6068.646852506636	
2022/02/09 10:25:36.169903 [INFO] current LH = -6068.643474838623	
2022/02/09 10:25:36.748248 [INFO] current LH = -6068.647784224714	
2022/02/09 10:25:37.328825 [INFO] current LH = -6068.642611002886	
2022/02/09 10:25:37.911084 [INFO] current LH = -6068.644132379914	
2022/02/09 10:25:38.490897 [INFO] current LH = -6068.646189534376	
2022/02/09 10:25:39.093639 [INFO] current LH = -6068.637684038981	
2022/02/09 10:25:39.699536 [INFO] current LH = -6068.652661259761	
2022/02/09 10:25:40.301564 [INFO] current LH = -6068.643412829689	
2022/02/09 10:25:40.904198 [INFO] current LH = -6068.646926552346	
2022/02/09 10:25:41.555118 [INFO] current LH = -6068.677616933419	
2022/02/09 10:25:42.208049 [INFO] current LH = -6068.78122704572	
2022/02/09 10:25:42.859515 [INFO] current LH = -6068.698871431198	
2022/02/09 10:25:43.508210 [INFO] current LH = -6068.796422978377	
2022/02/09 10:25:44.160211 [INFO] current LH = -6068.798574755938	
2022/02/09 10:25:44.811894 [INFO] current LH = -6068.800223043782	
2022/02/09 10:25:45.461330 [INFO] current LH = -6068.8014818054	
2022/02/09 10:25:45.614203 [INFO] current LH = -6068.80493383078	
2022/02/09 10:25:45.767123 [INFO] current LH = -6068.795150259287	
2022/02/09 10:25:45.767151 [INFO] Wall time: 11.34060708s User: 0s System: 0s

2022/02/09 10:25:45.767162 [INFO] Wtotal time: 732.5563378s User: 0.62s System: 0.57s

2022/02/09 10:25:45.964638 [INFO] current LH = -6068.797490281007	
2022/02/09 10:25:46.162976 [INFO] current LH = -6068.802574337052	
2022/02/09 10:25:46.361808 [INFO] current LH = -6068.800509265822	
2022/02/09 10:25:46.560346 [INFO] current LH = -6068.799523192791	
2022/02/09 10:25:46.865609 [INFO] current LH = -6068.804635025927	
2022/02/09 10:25:47.108303 [INFO] current LH = -6068.795416484554	
2022/02/09 10:25:47.350905 [INFO] current LH = -6068.797145582631	
2022/02/09 10:25:47.593531 [INFO] current LH = -6068.802968636249	
2022/02/09 10:25:47.836332 [INFO] current LH = -6068.804996387191	
2022/02/09 10:25:48.078496 [INFO] current LH = -6068.795162641735	
2022/02/09 10:25:48.320140 [INFO] current LH = -6068.793671097121	
2022/02/09 10:25:48.562690 [INFO] current LH = -6068.80653768349	
2022/02/09 10:25:48.806193 [INFO] current LH = -6068.734960593711	
2022/02/09 10:25:49.048107 [INFO] current LH = -6068.743788402111	
2022/02/09 10:25:49.290623 [INFO] current LH = -6068.791373371722	
2022/02/09 10:25:49.533338 [INFO] current LH = -6068.800123922608	
2022/02/09 10:25:49.780282 [INFO] current LH = -6068.796406069107	
2022/02/09 10:25:50.022406 [INFO] current LH = -6068.805148832718	
2022/02/09 10:25:50.265459 [INFO] current LH = -6068.800688768179	
2022/02/09 10:25:50.508325 [INFO] current LH = -6068.802348354572	
2022/02/09 10:25:50.508352 [INFO] Wall time: 4.741179614s User: 0.01s System: 0.01s

2022/02/09 10:25:50.508361 [INFO] Wtotal time: 737.2975381s User: 0.63s System: 0.58s

2022/02/09 10:25:50.789212 [INFO] current LH = -6068.798414466392	
2022/02/09 10:25:51.031271 [INFO] current LH = -6068.807351987494	
2022/02/09 10:25:51.612142 [INFO] current LH = -6068.804800176456	
2022/02/09 10:25:52.193706 [INFO] current LH = -6068.795313405609	
2022/02/09 10:25:52.773879 [INFO] current LH = -6068.804603433759	
2022/02/09 10:25:53.355560 [INFO] current LH = -6068.795576739474	
2022/02/09 10:25:53.938299 [INFO] current LH = -6068.805436811878	
2022/02/09 10:25:54.519557 [INFO] current LH = -6068.794704289164	
2022/02/09 10:25:55.104762 [INFO] current LH = -6068.799277002347	
2022/02/09 10:25:55.686697 [INFO] current LH = -6068.800831377021	
2022/02/09 10:25:56.266150 [INFO] current LH = -6068.807206171958	
2022/02/09 10:25:56.847257 [INFO] current LH = -6068.792990137137	
2022/02/09 10:25:57.427790 [INFO] current LH = -6068.797080592452	
2022/02/09 10:25:58.009328 [INFO] current LH = -6068.802862021673	
2022/02/09 10:25:58.610882 [INFO] current LH = -6068.796571309745	
2022/02/09 10:25:59.211812 [INFO] current LH = -6068.803504453086	
2022/02/09 10:25:59.813334 [INFO] current LH = -6068.804052018305	
2022/02/09 10:26:00.415151 [INFO] current LH = -6068.796012919154	
2022/02/09 10:26:01.065550 [INFO] current LH = -6068.813141774972	
2022/02/09 10:26:01.717303 [INFO] current LH = -6068.82659844905	
2022/02/09 10:26:01.717328 [INFO] Wall time: 11.20895661s User: 0s System: 0.01s

2022/02/09 10:26:01.717336 [INFO] Wtotal time: 748.5065131s User: 0.63s System: 0.59s

2022/02/09 10:26:01.870466 [INFO] current LH = -6068.827297669336	
2022/02/09 10:26:02.023606 [INFO] current LH = -6068.823009996173	
2022/02/09 10:26:02.221531 [INFO] current LH = -6068.823315064747	
2022/02/09 10:26:02.419886 [INFO] current LH = -6068.826976867676	
2022/02/09 10:26:02.617138 [INFO] current LH = -6068.826878677958	
2022/02/09 10:26:02.815687 [INFO] current LH = -6068.823387038391	
2022/02/09 10:26:03.121910 [INFO] current LH = -6068.831304161826	
2022/02/09 10:26:03.363709 [INFO] current LH = -6068.81898395049	
2022/02/09 10:26:03.606123 [INFO] current LH = -6068.822414720905	
2022/02/09 10:26:03.849117 [INFO] Client timing information: 
2022/02/09 10:26:03.849144 [INFO] Client id 0 channel id 0  response time +0 s
2022/02/09 10:26:03.849152 [INFO] Client id 1 channel id 0  response time +0.002296 s
2022/02/09 10:26:03.889259 [INFO] current LH = -6068.827907509367	
2022/02/09 10:26:04.131695 [INFO] current LH = -6068.827301563287	
2022/02/09 10:26:04.373844 [INFO] current LH = -6068.823006258724	
2022/02/09 10:26:04.616522 [INFO] current LH = -6068.821492710083	
2022/02/09 10:26:04.864229 [INFO] current LH = -6068.828741499376	
2022/02/09 10:26:05.106517 [INFO] current LH = -6068.834474528301	
2022/02/09 10:26:05.349220 [INFO] current LH = -6068.818716587096	
2022/02/09 10:26:05.591140 [INFO] current LH = -6068.781378418504	
2022/02/09 10:26:05.833127 [INFO] current LH = -6068.747318366138	
2022/02/09 10:26:06.075554 [INFO] current LH = -6068.838601185623	
2022/02/09 10:26:06.317957 [INFO] current LH = -6068.814576222467	
2022/02/09 10:26:06.317987 [INFO] Wall time: 4.600637222s User: 0s System: 0s

2022/02/09 10:26:06.317995 [INFO] Wtotal time: 753.1071719s User: 0.63s System: 0.59s

2022/02/09 10:26:06.560741 [INFO] current LH = -6068.812393363613	
2022/02/09 10:26:06.802914 [INFO] current LH = -6068.845663225497	
2022/02/09 10:26:07.383346 [INFO] current LH = -6068.830155514329	
2022/02/09 10:26:07.963493 [INFO] current LH = -6068.820162121659	
2022/02/09 10:26:08.547519 [INFO] current LH = -6068.826634115349	
2022/02/09 10:26:09.128175 [INFO] current LH = -6068.823627186196	
2022/02/09 10:26:09.711488 [INFO] current LH = -6068.83067716838	
2022/02/09 10:26:10.291450 [INFO] current LH = -6068.81962780474	
2022/02/09 10:26:10.872272 [INFO] current LH = -6068.824751131107	
2022/02/09 10:26:11.452246 [INFO] current LH = -6068.825555367765	
2022/02/09 10:26:12.032145 [INFO] current LH = -6068.830731867493	
2022/02/09 10:26:12.611151 [INFO] current LH = -6068.819610034898	
2022/02/09 10:26:13.191479 [INFO] current LH = -6068.823553162024	
2022/02/09 10:26:13.772175 [INFO] current LH = -6068.826687295048	
2022/02/09 10:26:14.374584 [INFO] current LH = -6068.824123163179	
2022/02/09 10:26:15.102265 [INFO] current LH = -6068.826178560751	
2022/02/09 10:26:15.705586 [INFO] current LH = -6068.829776636466	
2022/02/09 10:26:16.307072 [INFO] current LH = -6068.820526276478	
2022/02/09 10:26:16.960918 [INFO] current LH = -6068.858823635775	
2022/02/09 10:26:17.611752 [INFO] current LH = -6068.848716245976	
2022/02/09 10:26:17.611778 [INFO] Wall time: 11.29376347s User: 0s System: 0.01s

2022/02/09 10:26:17.611786 [INFO] Wtotal time: 764.400963s User: 0.63s System: 0.6s

2022/02/09 10:26:18.263408 [INFO] current LH = -6068.858853267078	
2022/02/09 10:26:18.913351 [INFO] current LH = -6068.860346903447	
2022/02/09 10:26:19.067083 [INFO] current LH = -6068.858726406201	
2022/02/09 10:26:19.220053 [INFO] current LH = -6068.859064929219	
2022/02/09 10:26:19.417955 [INFO] current LH = -6068.858217851112	
2022/02/09 10:26:19.615889 [INFO] current LH = -6068.859575390352	
2022/02/09 10:26:19.817892 [INFO] current LH = -6068.860632513531	
2022/02/09 10:26:20.015675 [INFO] current LH = -6068.857142965382	
2022/02/09 10:26:20.321185 [INFO] current LH = -6068.862789044087	
2022/02/09 10:26:20.563630 [INFO] current LH = -6068.854992988699	
2022/02/09 10:26:20.806215 [INFO] current LH = -6068.856302520389	
2022/02/09 10:26:21.048645 [INFO] current LH = -6068.861509203561	
2022/02/09 10:26:21.290937 [INFO] current LH = -6068.859810963704	
2022/02/09 10:26:21.533061 [INFO] current LH = -6068.857962763022	
2022/02/09 10:26:21.775551 [INFO] current LH = -6068.858947151123	
2022/02/09 10:26:22.018215 [INFO] current LH = -6068.85881489912	
2022/02/09 10:26:22.260437 [INFO] current LH = -6068.722848402713	
2022/02/09 10:26:22.502371 [INFO] current LH = -6068.723005175283	
2022/02/09 10:26:22.744978 [INFO] current LH = -6068.846598888985	
2022/02/09 10:26:22.987122 [INFO] current LH = -6068.846747670316	
2022/02/09 10:26:22.987148 [INFO] Wall time: 5.375351404s User: 0.01s System: 0s

2022/02/09 10:26:22.987156 [INFO] Wtotal time: 769.7763327s User: 0.64s System: 0.6s

2022/02/09 10:26:23.229458 [INFO] current LH = -6068.86031643881	
2022/02/09 10:26:23.471674 [INFO] current LH = -6068.860415363863	
2022/02/09 10:26:23.713396 [INFO] current LH = -6068.860342830166	
2022/02/09 10:26:23.955935 [INFO] current LH = -6068.860351936451	
2022/02/09 10:26:24.198370 [INFO] current LH = -6068.860317877678	
2022/02/09 10:26:24.440270 [INFO] current LH = -6068.860403403328	
2022/02/09 10:26:25.022851 [INFO] current LH = -6068.861539427628	
2022/02/09 10:26:25.601737 [INFO] current LH = -6068.856263386212	
2022/02/09 10:26:26.183609 [INFO] current LH = -6068.857320973262	
2022/02/09 10:26:26.763572 [INFO] current LH = -6068.860385551556	
2022/02/09 10:26:27.342453 [INFO] current LH = -6068.861950804377	
2022/02/09 10:26:27.924279 [INFO] current LH = -6068.855840214616	
2022/02/09 10:26:28.502690 [INFO] current LH = -6068.859583463902	
2022/02/09 10:26:29.082663 [INFO] current LH = -6068.858236916965	
2022/02/09 10:26:29.667136 [INFO] current LH = -6068.860673661044	
2022/02/09 10:26:30.247780 [INFO] current LH = -6068.857143641259	
2022/02/09 10:26:30.829452 [INFO] current LH = -6068.859032515239	
2022/02/09 10:26:31.409433 [INFO] current LH = -6068.858695076683	
2022/02/09 10:26:32.010322 [INFO] current LH = -6068.859434017268	
2022/02/09 10:26:32.610080 [INFO] current LH = -6068.858361068646	
2022/02/09 10:26:32.610106 [INFO] Wall time: 9.622940188s User: 0s System: 0.01s

2022/02/09 10:26:32.610114 [INFO] Wtotal time: 779.3992908s User: 0.64s System: 0.61s

2022/02/09 10:26:33.211880 [INFO] current LH = -6068.861579748223	
2022/02/09 10:26:33.813530 [INFO] current LH = -6068.856219287039	
2022/02/09 10:26:34.463622 [INFO] current LH = -6068.865330644777	
2022/02/09 10:26:34.617222 [INFO] current LH = -6068.86341909754	
2022/02/09 10:26:34.770724 [INFO] current LH = -6068.864351940702	
2022/02/09 10:26:34.968884 [INFO] current LH = -6068.863979294425	
2022/02/09 10:26:35.166614 [INFO] current LH = -6068.863784601785	
2022/02/09 10:26:35.364867 [INFO] current LH = -6068.864714055068	
2022/02/09 10:26:35.563558 [INFO] current LH = -6068.863050244942	
2022/02/09 10:26:35.869618 [INFO] current LH = -6068.864888714322	
2022/02/09 10:26:36.112125 [INFO] current LH = -6068.86287906402	
2022/02/09 10:26:36.354710 [INFO] current LH = -6068.862653596008	
2022/02/09 10:26:36.597583 [INFO] current LH = -6068.865105521245	
2022/02/09 10:26:36.839967 [INFO] current LH = -6068.865410753914	
2022/02/09 10:26:37.082190 [INFO] current LH = -6068.862341396389	
2022/02/09 10:26:37.325491 [INFO] current LH = -6068.863412636139	
2022/02/09 10:26:37.568546 [INFO] current LH = -6068.864466471324	
2022/02/09 10:26:37.811419 [INFO] current LH = -6068.860883640988	
2022/02/09 10:26:38.053437 [INFO] current LH = -6068.863425295629	
2022/02/09 10:26:38.296582 [INFO] current LH = -6068.862330352797	
2022/02/09 10:26:38.296610 [INFO] Wall time: 5.686485197s User: 0s System: 0.01s

2022/02/09 10:26:38.296621 [INFO] Wtotal time: 785.0857975s User: 0.64s System: 0.62s

2022/02/09 10:26:38.539125 [INFO] current LH = -6068.864869360343	
2022/02/09 10:26:38.781739 [INFO] current LH = -6068.865050984506	
2022/02/09 10:26:39.023935 [INFO] current LH = -6068.867600384974	
2022/02/09 10:26:39.604545 [INFO] current LH = -6068.864198281542	
2022/02/09 10:26:40.195295 [INFO] current LH = -6068.863554116049	
2022/02/09 10:26:40.775934 [INFO] current LH = -6068.864641061742	
2022/02/09 10:26:41.355250 [INFO] current LH = -6068.863277236421	
2022/02/09 10:26:41.935459 [INFO] current LH = -6068.864897861574	
2022/02/09 10:26:42.517076 [INFO] current LH = -6068.862867586423	
2022/02/09 10:26:43.097200 [INFO] current LH = -6068.864137556616	
2022/02/09 10:26:43.677160 [INFO] current LH = -6068.863636712646	
2022/02/09 10:26:44.255874 [INFO] current LH = -6068.86432009586	
2022/02/09 10:26:44.838115 [INFO] current LH = -6068.863457823746	
2022/02/09 10:26:45.418638 [INFO] current LH = -6068.862940054537	
2022/02/09 10:26:45.999555 [INFO] current LH = -6068.864710658776	
2022/02/09 10:26:46.600929 [INFO] current LH = -6068.864221848272	
2022/02/09 10:26:47.204166 [INFO] current LH = -6068.863538215078	
2022/02/09 10:26:47.806087 [INFO] current LH = -6068.864491036881	
2022/02/09 10:26:48.409767 [INFO] current LH = -6068.863272446832	
2022/02/09 10:26:49.060864 [INFO] current LH = -6068.864969050163	
2022/02/09 10:26:49.060890 [INFO] Wall time: 10.76425742s User: 0s System: 0s

2022/02/09 10:26:49.060898 [INFO] Wtotal time: 795.850075s User: 0.64s System: 0.62s

2022/02/09 10:26:49.714047 [INFO] current LH = -6068.866815402812	
2022/02/09 10:26:49.867416 [INFO] current LH = -6068.86498250177	
2022/02/09 10:26:50.020921 [INFO] current LH = -6068.865752538739	
2022/02/09 10:26:50.218346 [INFO] current LH = -6068.865579832741	
2022/02/09 10:26:50.416819 [INFO] current LH = -6068.865162862016	
2022/02/09 10:26:50.614773 [INFO] current LH = -6068.865846641593	
2022/02/09 10:26:50.812958 [INFO] current LH = -6068.864897962177	
2022/02/09 10:26:51.118328 [INFO] current LH = -6068.865615631283	
2022/02/09 10:26:51.360700 [INFO] current LH = -6068.865121991413	
2022/02/09 10:26:51.603291 [INFO] current LH = -6068.864523261602	
2022/02/09 10:26:51.846059 [INFO] current LH = -6068.866212029178	
2022/02/09 10:26:52.088253 [INFO] current LH = -6068.866968382113	
2022/02/09 10:26:52.331908 [INFO] current LH = -6068.863767046054	
2022/02/09 10:26:52.574345 [INFO] current LH = -6068.864783965359	
2022/02/09 10:26:52.817413 [INFO] current LH = -6068.865979457992	
2022/02/09 10:26:53.059663 [INFO] current LH = -6068.865524161432	
2022/02/09 10:26:53.302352 [INFO] current LH = -6068.864069765606	
2022/02/09 10:26:53.544555 [INFO] current LH = -6068.867603173986	
2022/02/09 10:26:53.786855 [INFO] current LH = -6068.868571052196	
2022/02/09 10:26:54.366081 [INFO] current LH = -6068.865269457058	
2022/02/09 10:26:54.366106 [INFO] Wall time: 5.305197885s User: 0s System: 0.01s

2022/02/09 10:26:54.366114 [INFO] Wtotal time: 801.155291s User: 0.64s System: 0.63s

2022/02/09 10:26:54.951971 [INFO] current LH = -6068.865466141022	
2022/02/09 10:26:55.531678 [INFO] current LH = -6068.866195923055	
2022/02/09 10:26:56.112550 [INFO] current LH = -6068.864557111785	
2022/02/09 10:26:56.692502 [INFO] current LH = -6068.865782118272	
2022/02/09 10:26:57.271606 [INFO] current LH = -6068.864952818859	
2022/02/09 10:26:57.852339 [INFO] current LH = -6068.865588898935	
2022/02/09 10:26:58.432643 [INFO] current LH = -6068.865150655522	
2022/02/09 10:26:59.013043 [INFO] current LH = -6068.865376162729	
2022/02/09 10:26:59.594300 [INFO] current LH = -6068.865360131944	
2022/02/09 10:27:00.180255 [INFO] current LH = -6068.864517567307	
2022/02/09 10:27:00.761094 [INFO] current LH = -6068.866206700244	
2022/02/09 10:27:01.362340 [INFO] current LH = -6068.865528385933	
2022/02/09 10:27:01.964438 [INFO] current LH = -6068.865207890628	
2022/02/09 10:27:02.574835 [INFO] current LH = -6068.86545743453	
2022/02/09 10:27:03.182196 [INFO] current LH = -6068.865279984033	
2022/02/09 10:27:03.835025 [INFO] current LH = -6068.868746051916	
2022/02/09 10:27:04.488294 [INFO] current LH = -6068.856267524841	
2022/02/09 10:27:05.140915 [INFO] current LH = -6068.868559946948	
2022/02/09 10:27:05.792569 [INFO] current LH = -6068.868774804097	
2022/02/09 10:27:05.945783 [INFO] current LH = -6068.867260568419	
2022/02/09 10:27:05.945808 [INFO] Wall time: 11.57968368s User: 0.01s System: 0s

2022/02/09 10:27:05.945815 [INFO] Wtotal time: 812.7349923s User: 0.65s System: 0.63s

2022/02/09 10:27:06.099101 [INFO] current LH = -6068.86740279206	
2022/02/09 10:27:06.297432 [INFO] current LH = -6068.867530490517	
2022/02/09 10:27:06.495163 [INFO] current LH = -6068.867126482576	
2022/02/09 10:27:06.692456 [INFO] current LH = -6068.867203335506	
2022/02/09 10:27:06.889656 [INFO] current LH = -6068.867458544004	
2022/02/09 10:27:07.195420 [INFO] current LH = -6068.866755168052	
2022/02/09 10:27:07.438160 [INFO] current LH = -6068.8679005771	
2022/02/09 10:27:07.680925 [INFO] current LH = -6068.867111012747	
2022/02/09 10:27:07.922674 [INFO] current LH = -6068.867543566497	
2022/02/09 10:27:08.165588 [INFO] current LH = -6068.868426579466	
2022/02/09 10:27:08.408062 [INFO] current LH = -6068.866232952129	
2022/02/09 10:27:08.650774 [INFO] current LH = -6068.867116637688	
2022/02/09 10:27:08.893194 [INFO] current LH = -6068.867574711663	
2022/02/09 10:27:09.135693 [INFO] current LH = -6068.866414919547	
2022/02/09 10:27:09.378133 [INFO] current LH = -6068.866501822846	
2022/02/09 10:27:09.621319 [INFO] current LH = -6068.86878968007	
2022/02/09 10:27:09.866853 [INFO] current LH = -6068.868762780467	
2022/02/09 10:27:10.109628 [INFO] current LH = -6068.868767511095	
2022/02/09 10:27:10.351668 [INFO] current LH = -6068.868782132547	
2022/02/09 10:27:10.934339 [INFO] current LH = -6068.866963153318	
2022/02/09 10:27:10.934367 [INFO] Wall time: 4.988541676s User: 0s System: 0.01s

2022/02/09 10:27:10.934376 [INFO] Wtotal time: 817.7235528s User: 0.65s System: 0.64s

  no                                                           Name                    Value  type                 Error +-            Low          High
   0                              _J1P-1C-1Tophoton_eta(2225)M1_Mag        2.151394609002102  free                      0.5
   1                              _J1P-1C-1Tophoton_eta(2225)M1_Phi                        0 fixed
   2                               L1S1_eta(2225)Toomega1_omega2Mag                        1 fixed
   3                               L1S1_eta(2225)Toomega1_omega2Phi                        0 fixed
   4                                                  eta(2225)Mass        2.234760469108332  free                     0.03           2.08           2.38
   5                                                 eta(2225)Width       0.2051148492461223  free                     0.03              0            0.3
   6                           L1S0_omega1Topion1+_pion1-_pion10Mag                        1 fixed
   7                           L1S0_omega1Topion1+_pion1-_pion10Phi                        0 fixed
   8                           L1S0_omega2Topion2+_pion2-_pion20Mag                        1 fixed
   9                           L1S0_omega2Topion2+_pion2-_pion20Phi                        0 fixed
  10                               _J1P-1C-1Tophoton_f2(1910)E1_Mag        1.538288941393397  free                      0.5
  11                               _J1P-1C-1Tophoton_f2(1910)E1_Phi       0.3586097939660058  free                      0.2
  12                               _J1P-1C-1Tophoton_f2(1910)M2_Mag      -0.1688309147897842  free                      0.5
  13                               _J1P-1C-1Tophoton_f2(1910)M2_Phi       -5.752689623275245  free                      0.2
  14                               _J1P-1C-1Tophoton_f2(1910)E3_Mag     1.50051816972233e-05  free                      0.5
  15                               _J1P-1C-1Tophoton_f2(1910)E3_Phi       -1.048007270721238  free                      0.2
  16                                L2S0_f2(1910)Toomega1_omega2Mag       0.3483847181062157  free                     0.25
  17                                L2S0_f2(1910)Toomega1_omega2Phi        1.076882843550578  free                      0.2
  18                                L0S2_f2(1910)Toomega1_omega2Mag                      0.5 fixed
  19                                L0S2_f2(1910)Toomega1_omega2Phi                        0 fixed
  20                                L2S2_f2(1910)Toomega1_omega2Mag       0.2899294600761542  free                     0.25
  21                                L2S2_f2(1910)Toomega1_omega2Phi       -1.076726726925447  free                      0.2
  22                                L4S2_f2(1910)Toomega1_omega2Mag       0.1566655538392077  free                     0.25
  23                                L4S2_f2(1910)Toomega1_omega2Phi        1.333095078757266  free                      0.2
  24                                                   f2(1910)Mass        1.939245509866426  free                     0.03          1.791          2.091
  25                                                  f2(1910)Width       0.2477293378668354  free                    0.034              0           0.34
  26  channelType2photonpion1+pion1-pion10pion2+pion2-pion20Scaling                        1 fixed
2022/02/09 10:27:11.551338 [INFO] current LH = -6068.867686407032	
2022/02/09 10:27:12.131954 [INFO] current LH = -6068.867498801083	
2022/02/09 10:27:12.712677 [INFO] current LH = -6068.867126179448	
2022/02/09 10:27:13.292796 [INFO] current LH = -6068.866951598196	
2022/02/09 10:27:13.874619 [INFO] current LH = -6068.867691316772	
2022/02/09 10:27:14.455678 [INFO] current LH = -6068.867581603269	
2022/02/09 10:27:15.040077 [INFO] current LH = -6068.86707070841	
2022/02/09 10:27:15.620356 [INFO] current LH = -6068.866733582408	
2022/02/09 10:27:16.200532 [INFO] current LH = -6068.867908396526	
2022/02/09 10:27:16.779766 [INFO] current LH = -6068.867053300347	
2022/02/09 10:27:17.360205 [INFO] current LH = -6068.867605454142	
2022/02/09 10:27:17.961315 [INFO] current LH = -6068.86716050725	
2022/02/09 10:27:18.564470 [INFO] current LH = -6068.867497440723	
2022/02/09 10:27:19.166338 [INFO] current LH = -6068.866887527342	
2022/02/09 10:27:19.770790 [INFO] current LH = -6068.867771967557	
2022/02/09 10:27:20.421805 [INFO] current LH = -6068.869163657663	
2022/02/09 10:27:21.072553 [INFO] current LH = -6068.869148733322	
2022/02/09 10:27:21.722602 [INFO] current LH = -6068.869164145339	
2022/02/09 10:27:21.875897 [INFO] current LH = -6068.867729030468	
2022/02/09 10:27:22.028733 [INFO] current LH = -6068.867697240342	
2022/02/09 10:27:22.028760 [INFO] Wall time: 11.09437329s User: 0s System: 0.01s

2022/02/09 10:27:22.028768 [INFO] Wtotal time: 828.8179447s User: 0.65s System: 0.65s

2022/02/09 10:27:22.227123 [INFO] current LH = -6068.867760783001	
2022/02/09 10:27:22.425525 [INFO] current LH = -6068.867670205977	
2022/02/09 10:27:22.623672 [INFO] current LH = -6068.867678449242	
2022/02/09 10:27:22.822336 [INFO] current LH = -6068.867752745	
2022/02/09 10:27:23.128786 [INFO] current LH = -6068.867652472351	
2022/02/09 10:27:23.371517 [INFO] current LH = -6068.867789844204	
2022/02/09 10:27:23.614786 [INFO] current LH = -6068.867833048249	
2022/02/09 10:27:23.858292 [INFO] current LH = -6068.867613836107	
2022/02/09 10:27:24.101688 [INFO] current LH = -6068.867830897426	
2022/02/09 10:27:24.344720 [INFO] Client timing information: 
2022/02/09 10:27:24.344756 [INFO] Client id 0 channel id 0  response time +0 s
2022/02/09 10:27:24.344763 [INFO] Client id 1 channel id 0  response time +0.001529 s
2022/02/09 10:27:24.418207 [INFO] current LH = -6068.867626709208	
2022/02/09 10:27:24.663112 [INFO] current LH = -6068.867652242804	
2022/02/09 10:27:24.905861 [INFO] current LH = -6068.867827874962	
2022/02/09 10:27:25.148161 [INFO] current LH = -6068.867306750949	
2022/02/09 10:27:25.390515 [INFO] current LH = -6068.867281543031	
2022/02/09 10:27:25.632768 [INFO] current LH = -6068.869164856885	
2022/02/09 10:27:25.876276 [INFO] current LH = -6068.869176228556	
2022/02/09 10:27:26.457389 [INFO] current LH = -6068.867704744345	
2022/02/09 10:27:27.037478 [INFO] current LH = -6068.867740722735	
2022/02/09 10:27:27.618228 [INFO] current LH = -6068.867801978579	
2022/02/09 10:27:28.198601 [INFO] current LH = -6068.867635440798	
2022/02/09 10:27:28.198629 [INFO] Wall time: 6.169850977s User: 0.01s System: 0s

2022/02/09 10:27:28.198640 [INFO] Wtotal time: 834.9878162s User: 0.66s System: 0.65s

2022/02/09 10:27:28.779202 [INFO] current LH = -6068.86767100981	
2022/02/09 10:27:29.358768 [INFO] current LH = -6068.86777333236	
2022/02/09 10:27:29.945775 [INFO] current LH = -6068.867730651878	
2022/02/09 10:27:30.538748 [INFO] current LH = -6068.867711957802	
2022/02/09 10:27:31.119676 [INFO] current LH = -6068.867544863117	
2022/02/09 10:27:31.700804 [INFO] current LH = -6068.867896725952	
2022/02/09 10:27:32.282238 [INFO] current LH = -6068.8677740838	
2022/02/09 10:27:32.863763 [INFO] current LH = -6068.867691297318	
2022/02/09 10:27:33.466511 [INFO] current LH = -6068.867712617255	
2022/02/09 10:27:34.069309 [INFO] current LH = -6068.867729482632	
2022/02/09 10:27:34.675060 [INFO] current LH = -6068.867640493187	
2022/02/09 10:27:35.278701 [INFO] current LH = -6068.867800859724	
2022/02/09 10:27:35.930148 [INFO] current LH = -6068.869178462048	
2022/02/09 10:27:36.579137 [INFO] current LH = -6068.869177229863	
2022/02/09 10:27:37.229200 [INFO] current LH = -6068.869184362503	
2022/02/09 10:27:37.880683 [INFO] current LH = -6068.86916737167	
2022/02/09 10:27:38.531545 [INFO] current LH = -6068.869182300414	
2022/02/09 10:27:39.182022 [INFO] current LH = -6068.869185556925	
2022/02/09 10:27:39.334716 [INFO] current LH = -6068.867757344908	
2022/02/09 10:27:39.486986 [INFO] current LH = -6068.867721498706	
2022/02/09 10:27:39.487030 [INFO] Wall time: 11.28837839s User: 0s System: 0.01s

2022/02/09 10:27:39.487038 [INFO] Wtotal time: 846.2762153s User: 0.66s System: 0.66s

2022/02/09 10:27:39.686688 [INFO] current LH = -6068.867753842378	
2022/02/09 10:27:39.885081 [INFO] current LH = -6068.867722908657	
2022/02/09 10:27:40.083035 [INFO] current LH = -6068.867726771789	
2022/02/09 10:27:40.281560 [INFO] current LH = -6068.867749868154	
2022/02/09 10:27:40.587686 [INFO] current LH = -6068.867724570714	
2022/02/09 10:27:40.829788 [INFO] current LH = -6068.867741443951	
2022/02/09 10:27:41.071861 [INFO] current LH = -6068.867774356407	
2022/02/09 10:27:41.313800 [INFO] current LH = -6068.867682931845	
2022/02/09 10:27:41.556692 [INFO] current LH = -6068.867759978358	
2022/02/09 10:27:41.798822 [INFO] current LH = -6068.867697928236	
2022/02/09 10:27:42.041623 [INFO] current LH = -6068.867692131596	
2022/02/09 10:27:42.284538 [INFO] current LH = -6068.867763515903	
2022/02/09 10:27:42.526911 [INFO] current LH = -6068.867518682996	
2022/02/09 10:27:42.769712 [INFO] current LH = -6068.867524940738	
2022/02/09 10:27:43.011937 [INFO] current LH = -6068.869180949291	
2022/02/09 10:27:43.254454 [INFO] current LH = -6068.869180649534	
2022/02/09 10:27:43.834059 [INFO] current LH = -6068.867734305334	
2022/02/09 10:27:44.415490 [INFO] current LH = -6068.867725233899	
2022/02/09 10:27:45.001553 [INFO] current LH = -6068.867749614643	
2022/02/09 10:27:45.582349 [INFO] current LH = -6068.867705568088	
2022/02/09 10:27:45.582377 [INFO] Wall time: 6.095327774s User: 0s System: 0.01s

2022/02/09 10:27:45.582385 [INFO] Wtotal time: 852.371562s User: 0.66s System: 0.67s

2022/02/09 10:27:46.161591 [INFO] current LH = -6068.867720870494	
2022/02/09 10:27:46.742312 [INFO] current LH = -6068.867737983725	
2022/02/09 10:27:47.323239 [INFO] current LH = -6068.867731157914	
2022/02/09 10:27:47.903892 [INFO] current LH = -6068.867727353046	
2022/02/09 10:27:48.484629 [INFO] current LH = -6068.867650705072	
2022/02/09 10:27:49.066696 [INFO] current LH = -6068.86780810887	
2022/02/09 10:27:49.648621 [INFO] current LH = -6068.867748949297	
2022/02/09 10:27:50.229126 [INFO] current LH = -6068.867714419899	
2022/02/09 10:27:50.829453 [INFO] current LH = -6068.867723013764	
2022/02/09 10:27:51.429756 [INFO] current LH = -6068.867736186825	
2022/02/09 10:27:52.031247 [INFO] current LH = -6068.867706727984	
2022/02/09 10:27:52.633376 [INFO] current LH = -6068.867752055628	
2022/02/09 10:27:53.234713 [INFO] current LH = -6068.869181551155	
2022/02/09 10:27:53.387648 [INFO] current LH = -6068.867757344908	
2022/02/09 10:27:53.540849 [INFO] current LH = -6068.867721498706	
2022/02/09 10:27:53.738747 [INFO] current LH = -6068.867753842378	
2022/02/09 10:27:53.936677 [INFO] current LH = -6068.867722908657	
2022/02/09 10:27:54.134793 [INFO] current LH = -6068.867726771789	
2022/02/09 10:27:54.333215 [INFO] current LH = -6068.867749868154	
2022/02/09 10:27:54.640297 [INFO] current LH = -6068.867724570714	
2022/02/09 10:27:54.640323 [INFO] Wall time: 9.057918263s User: 0s System: 0s

2022/02/09 10:27:54.640331 [INFO] Wtotal time: 861.4295079s User: 0.66s System: 0.67s

2022/02/09 10:27:54.886362 [INFO] current LH = -6068.867741443951	
2022/02/09 10:27:55.129128 [INFO] current LH = -6068.867774356407	
2022/02/09 10:27:55.371628 [INFO] current LH = -6068.867682931845	
2022/02/09 10:27:55.613948 [INFO] current LH = -6068.867759978358	
2022/02/09 10:27:55.856244 [INFO] current LH = -6068.867697928236	
2022/02/09 10:27:56.098772 [INFO] current LH = -6068.867692131596	
2022/02/09 10:27:56.341351 [INFO] current LH = -6068.867763515903	
2022/02/09 10:27:56.584299 [INFO] current LH = -6068.867518682996	
2022/02/09 10:27:56.827515 [INFO] current LH = -6068.867524940738	
2022/02/09 10:27:57.070212 [INFO] current LH = -6068.869180949291	
2022/02/09 10:27:57.313129 [INFO] current LH = -6068.869180649534	
2022/02/09 10:27:57.555882 [INFO] current LH = -6068.869182557522	
2022/02/09 10:27:57.799243 [INFO] current LH = -6068.869179659309	
2022/02/09 10:27:58.042137 [INFO] current LH = -6068.869181296343	
2022/02/09 10:27:58.284766 [INFO] current LH = -6068.869187809821	
2022/02/09 10:27:58.526890 [INFO] current LH = -6068.869185481136	
2022/02/09 10:27:58.769968 [INFO] current LH = -6068.869179543713	
2022/02/09 10:27:59.012554 [INFO] current LH = -6068.869180481466	
2022/02/09 10:27:59.254345 [INFO] current LH = -6068.869187128108	
2022/02/09 10:27:59.836873 [INFO] current LH = -6068.867734305334	
2022/02/09 10:27:59.836898 [INFO] Wall time: 5.196557609s User: 0s System: 0.01s

2022/02/09 10:27:59.836906 [INFO] Wtotal time: 866.6260833s User: 0.66s System: 0.68s

2022/02/09 10:28:00.419630 [INFO] current LH = -6068.867725233899	
2022/02/09 10:28:01.002623 [INFO] current LH = -6068.867749614643	
2022/02/09 10:28:01.585716 [INFO] current LH = -6068.867705568088	
2022/02/09 10:28:02.167360 [INFO] current LH = -6068.867720870494	
2022/02/09 10:28:02.747528 [INFO] current LH = -6068.867737983725	
2022/02/09 10:28:03.329125 [INFO] current LH = -6068.867731157914	
2022/02/09 10:28:03.909533 [INFO] current LH = -6068.867727353046	
2022/02/09 10:28:04.489922 [INFO] current LH = -6068.867650705072	
2022/02/09 10:28:05.071696 [INFO] current LH = -6068.86780810887	
2022/02/09 10:28:05.653066 [INFO] current LH = -6068.867748949297	
2022/02/09 10:28:06.234083 [INFO] current LH = -6068.867714419899	
2022/02/09 10:28:06.835530 [INFO] current LH = -6068.867723013764	
2022/02/09 10:28:07.436504 [INFO] current LH = -6068.867736186825	
2022/02/09 10:28:08.037691 [INFO] current LH = -6068.867706727984	
2022/02/09 10:28:08.638922 [INFO] current LH = -6068.867752055628	
2022/02/09 10:28:09.254630 [INFO] current LH = -6068.869133008116	
2022/02/09 10:28:09.408003 [INFO] current LH = -6068.869125062908	
2022/02/09 10:28:09.560875 [INFO] current LH = -6068.869185032482	
2022/02/09 10:28:09.718692 [INFO] current LH = -6068.869183565627	
2022/02/09 10:28:09.916598 [INFO] current LH = -6068.869130155394	
2022/02/09 10:28:09.916624 [INFO] Wall time: 10.0797076s User: 0s System: 0.01s

2022/02/09 10:28:09.916632 [INFO] Wtotal time: 876.7058093s User: 0.66s System: 0.69s

2022/02/09 10:28:10.114208 [INFO] current LH = -6068.869123998517	
2022/02/09 10:28:10.311983 [INFO] current LH = -6068.869124447991	
2022/02/09 10:28:10.509568 [INFO] current LH = -6068.869129701563	
2022/02/09 10:28:10.707772 [INFO] current LH = -6068.869182097073	
2022/02/09 10:28:10.905632 [INFO] current LH = -6068.869183152847	
2022/02/09 10:28:11.210528 [INFO] current LH = -6068.869124748121	
2022/02/09 10:28:11.453262 [INFO] current LH = -6068.869124866608	
2022/02/09 10:28:11.695437 [INFO] current LH = -6068.869178064346	
2022/02/09 10:28:11.938064 [INFO] current LH = -6068.869178888737	
2022/02/09 10:28:12.181655 [INFO] current LH = -6068.869131941493	
2022/02/09 10:28:12.424389 [INFO] current LH = -6068.869113478229	
2022/02/09 10:28:12.666763 [INFO] current LH = -6068.86912821404	
2022/02/09 10:28:12.909649 [INFO] current LH = -6068.8691172321	
2022/02/09 10:28:13.152040 [INFO] current LH = -6068.869179565787	
2022/02/09 10:28:13.394507 [INFO] current LH = -6068.869177380816	
2022/02/09 10:28:13.636862 [INFO] current LH = -6068.86911549666	
2022/02/09 10:28:13.879642 [INFO] current LH = -6068.869129850606	
2022/02/09 10:28:14.122190 [INFO] current LH = -6068.86884855883	
2022/02/09 10:28:14.364591 [INFO] current LH = -6068.868854809626	
2022/02/09 10:28:14.607072 [INFO] current LH = -6068.869114356185	
2022/02/09 10:28:14.607099 [INFO] Wall time: 4.69045646s User: 0.01s System: 0s

2022/02/09 10:28:14.607107 [INFO] Wtotal time: 881.3962838s User: 0.67s System: 0.69s

2022/02/09 10:28:14.854439 [INFO] current LH = -6068.869120605559	
2022/02/09 10:28:15.096699 [INFO] current LH = -6068.86918616051	
2022/02/09 10:28:15.339324 [INFO] current LH = -6068.869179813219	
2022/02/09 10:28:15.581699 [INFO] current LH = -6068.869181729986	
2022/02/09 10:28:15.824200 [INFO] current LH = -6068.869180062113	
2022/02/09 10:28:16.407444 [INFO] current LH = -6068.869124053172	
2022/02/09 10:28:16.987851 [INFO] current LH = -6068.869121988949	
2022/02/09 10:28:17.568503 [INFO] current LH = -6068.869178958614	
2022/02/09 10:28:18.148576 [INFO] current LH = -6068.869178543759	
2022/02/09 10:28:18.728111 [INFO] current LH = -6068.869130334875	
2022/02/09 10:28:19.309460 [INFO] current LH = -6068.869115534073	
2022/02/09 10:28:19.890931 [INFO] current LH = -6068.869180251742	
2022/02/09 10:28:20.471346 [INFO] current LH = -6068.869177243667	
2022/02/09 10:28:21.051434 [INFO] current LH = -6068.869121766913	
2022/02/09 10:28:21.632442 [INFO] current LH = -6068.869124248235	
2022/02/09 10:28:22.212586 [INFO] current LH = -6068.869178506246	
2022/02/09 10:28:22.792434 [INFO] current LH = -6068.869178994985	
2022/02/09 10:28:23.371154 [INFO] current LH = -6068.86912310627	
2022/02/09 10:28:23.951333 [INFO] current LH = -6068.869122893789	
2022/02/09 10:28:24.551188 [INFO] current LH = -6068.869178769394	
2022/02/09 10:28:24.551214 [INFO] Wall time: 9.944097308s User: 0s System: 0.01s

2022/02/09 10:28:24.551224 [INFO] Wtotal time: 891.3404004s User: 0.67s System: 0.7s

2022/02/09 10:28:25.137617 [INFO] current LH = -6068.869178731264	
2022/02/09 10:28:25.718131 [INFO] current LH = -6068.869107575903	
2022/02/09 10:28:26.299499 [INFO] current LH = -6068.869138437464	
2022/02/09 10:28:26.879158 [INFO] current LH = -6068.869129193557	
2022/02/09 10:28:27.459563 [INFO] current LH = -6068.869117001301	
2022/02/09 10:28:28.039589 [INFO] current LH = -6068.869179994607	
2022/02/09 10:28:28.620585 [INFO] current LH = -6068.869177513879	
2022/02/09 10:28:29.223225 [INFO] current LH = -6068.869122203283	
2022/02/09 10:28:29.829509 [INFO] current LH = -6068.869124742672	
2022/02/09 10:28:30.431206 [INFO] current LH = -6068.869118026174	
2022/02/09 10:28:31.033253 [INFO] current LH = -6068.869128903792	
2022/02/09 10:28:31.636132 [INFO] current LH = -6068.869178132712	
2022/02/09 10:28:32.238295 [INFO] current LH = -6068.869180322745	
2022/02/09 10:28:32.887726 [INFO] current LH = -6068.866412443374	
2022/02/09 10:28:33.085596 [INFO] current LH = -6068.864024770626	
2022/02/09 10:28:33.391006 [INFO] current LH = -6068.865497043283	
2022/02/09 10:28:33.633340 [INFO] current LH = -6068.866352078451	
2022/02/09 10:28:33.876226 [INFO] current LH = -6068.866581871724	
2022/02/09 10:28:34.119051 [INFO] current LH = -6068.866317083749	
2022/02/09 10:28:34.361848 [INFO] current LH = -6068.866093165767	
2022/02/09 10:28:34.361874 [INFO] Wall time: 9.810640402s User: 0s System: 0s

2022/02/09 10:28:34.361882 [INFO] Wtotal time: 901.1510587s User: 0.67s System: 0.7s

2022/02/09 10:28:34.622062 [INFO] current LH = -6068.867753015893	
2022/02/09 10:28:35.207497 [INFO] current LH = -6068.865903465501	
2022/02/09 10:28:35.787778 [INFO] current LH = -6068.866283866155	
2022/02/09 10:28:36.368785 [INFO] current LH = -6068.865498811982	
2022/02/09 10:28:36.950546 [INFO] current LH = -6068.866087990081	
2022/02/09 10:28:37.530736 [INFO] current LH = -6068.865976876894	
2022/02/09 10:28:38.112948 [INFO] current LH = -6068.86630234309	
2022/02/09 10:28:38.716094 [INFO] current LH = -6068.865942707934	
2022/02/09 10:28:39.318183 [INFO] current LH = -6068.865420883682	
2022/02/09 10:28:39.971263 [INFO] current LH = -6068.866577571198	
2022/02/09 10:28:40.276666 [INFO] current LH = -6068.866726365337	
2022/02/09 10:28:40.519024 [INFO] current LH = -6068.866062833314	
2022/02/09 10:28:40.761862 [INFO] current LH = -6068.866192051055	
2022/02/09 10:28:41.004715 [INFO] current LH = -6068.866327221523	
2022/02/09 10:28:41.246941 [INFO] current LH = -6068.866093390176	
2022/02/09 10:28:41.488938 [INFO] current LH = -6068.867754008664	
2022/02/09 10:28:42.070251 [INFO] current LH = -6068.866498369978	
2022/02/09 10:28:42.649111 [INFO] current LH = -6068.866335298443	
2022/02/09 10:28:43.229225 [INFO] current LH = -6068.866759697542	
2022/02/09 10:28:43.809658 [INFO] current LH = -6068.866413358444	
2022/02/09 10:28:43.809686 [INFO] Wall time: 9.447792786s User: 0s System: 0.01s

2022/02/09 10:28:43.809697 [INFO] Wtotal time: 910.5988733s User: 0.68s System: 0.71s

2022/02/09 10:28:44.389707 [INFO] current LH = -6068.866288611238	
2022/02/09 10:28:44.977641 [INFO] current LH = -6068.866300380101	
2022/02/09 10:28:45.579756 [INFO] current LH = -6068.866591273098	
2022/02/09 10:28:46.181222 [INFO] current LH = -6068.866586583342	
2022/02/09 10:28:46.832549 [INFO] current LH = -6068.865081527495	
2022/02/09 10:28:47.075450 [INFO] current LH = -6068.866480865929	
2022/02/09 10:28:47.318720 [INFO] current LH = -6068.866699246285	
2022/02/09 10:28:47.562907 [INFO] current LH = -6068.866272208087	
2022/02/09 10:28:47.805527 [INFO] current LH = -6068.866062970464	
2022/02/09 10:28:48.047182 [INFO] Client timing information: 
2022/02/09 10:28:48.047213 [INFO] Client id 0 channel id 0  response time +0 s
2022/02/09 10:28:48.047220 [INFO] Client id 1 channel id 0  response time +0.000357 s
2022/02/09 10:28:48.071481 [INFO] current LH = -6068.867724679099	
2022/02/09 10:28:48.651666 [INFO] current LH = -6068.865712090423	
2022/02/09 10:28:49.232091 [INFO] current LH = -6068.866181480746	
2022/02/09 10:28:49.814070 [INFO] current LH = -6068.865020989268	
2022/02/09 10:28:50.394471 [INFO] current LH = -6068.865980664664	
2022/02/09 10:28:50.975693 [INFO] current LH = -6068.865864282327	
2022/02/09 10:28:51.556919 [INFO] current LH = -6068.866247194547	
2022/02/09 10:28:52.157860 [INFO] current LH = -6068.865922681052	
2022/02/09 10:28:52.760885 [INFO] current LH = -6068.86509924101	
2022/02/09 10:28:53.411462 [INFO] current LH = -6068.866296141411	
2022/02/09 10:28:53.654253 [INFO] current LH = -6068.867186113226	
2022/02/09 10:28:53.654281 [INFO] Wall time: 9.844570915s User: 0s System: 0.01s

2022/02/09 10:28:53.654292 [INFO] Wtotal time: 920.4434676s User: 0.68s System: 0.72s

2022/02/09 10:28:53.897503 [INFO] current LH = -6068.866226915004	
2022/02/09 10:28:54.139154 [INFO] current LH = -6068.86606323101	
2022/02/09 10:28:54.382572 [INFO] current LH = -6068.867720285785	
2022/02/09 10:28:54.972887 [INFO] current LH = -6068.864003582186	
2022/02/09 10:28:55.554619 [INFO] current LH = -6068.866337833523	
2022/02/09 10:28:56.135071 [INFO] current LH = -6068.864009036466	
2022/02/09 10:28:56.715449 [INFO] current LH = -6068.866664042181	
2022/02/09 10:28:57.296416 [INFO] current LH = -6068.864803243443	
2022/02/09 10:28:57.876725 [INFO] current LH = -6068.866246335338	
2022/02/09 10:28:58.477843 [INFO] current LH = -6068.866156626304	
2022/02/09 10:28:59.080839 [INFO] current LH = -6068.864039220932	
2022/02/09 10:28:59.686064 [INFO] current LH = -6068.866194163509	
2022/02/09 10:28:59.929181 [INFO] current LH = -6068.867593237296	
2022/02/09 10:29:00.172904 [INFO] current LH = -6068.866114999669	
2022/02/09 10:29:00.415612 [INFO] current LH = -6068.86777401123	
2022/02/09 10:29:00.996875 [INFO] current LH = -6068.866242094024	
2022/02/09 10:29:01.581766 [INFO] current LH = -6068.866124556911	
2022/02/09 10:29:02.164085 [INFO] current LH = -6068.866475265943	
2022/02/09 10:29:02.742979 [INFO] current LH = -6068.865972867875	
2022/02/09 10:29:03.324172 [INFO] current LH = -6068.866294508808	
2022/02/09 10:29:03.324197 [INFO] Wall time: 9.669885367s User: 0s System: 0s

2022/02/09 10:29:03.324205 [INFO] Wtotal time: 930.1133816s User: 0.68s System: 0.72s

2022/02/09 10:29:03.904653 [INFO] current LH = -6068.866095043721	
2022/02/09 10:29:04.505823 [INFO] current LH = -6068.866836568493	
2022/02/09 10:29:05.112723 [INFO] current LH = -6068.866544703366	
2022/02/09 10:29:05.715725 [INFO] current LH = -6068.866319849002	
2022/02/09 10:29:05.958422 [INFO] current LH = -6068.866059874207	
2022/02/09 10:29:06.201330 [INFO] current LH = -6068.867759387696	
2022/02/09 10:29:06.781284 [INFO] current LH = -6068.866691461012	
2022/02/09 10:29:07.361638 [INFO] current LH = -6068.865309390722	
2022/02/09 10:29:07.944272 [INFO] current LH = -6068.867030779008	
2022/02/09 10:29:08.522516 [INFO] current LH = -6068.866740311684	
2022/02/09 10:29:09.102818 [INFO] current LH = -6068.866733509057	
2022/02/09 10:29:09.686128 [INFO] current LH = -6068.866201253128	
2022/02/09 10:29:10.288808 [INFO] current LH = -6068.866298240525	
2022/02/09 10:29:10.893096 [INFO] current LH = -6068.867087504203	
2022/02/09 10:29:11.493443 [INFO] current LH = -6068.866084484367	
2022/02/09 10:29:11.735929 [INFO] current LH = -6068.867691669666	
2022/02/09 10:29:12.317284 [INFO] current LH = -6068.866178942383	
2022/02/09 10:29:12.897481 [INFO] current LH = -6068.866223936999	
2022/02/09 10:29:13.479881 [INFO] current LH = -6068.866129524998	
2022/02/09 10:29:14.061229 [INFO] current LH = -6068.866465134631	
2022/02/09 10:29:14.061257 [INFO] Wall time: 10.73704192s User: 0s System: 0.01s

2022/02/09 10:29:14.061265 [INFO] Wtotal time: 940.8504422s User: 0.68s System: 0.73s

2022/02/09 10:29:14.645459 [INFO] current LH = -6068.866082856021	
2022/02/09 10:29:15.229525 [INFO] current LH = -6068.866279720379	
2022/02/09 10:29:15.831452 [INFO] current LH = -6068.866054676602	
2022/02/09 10:29:16.434603 [INFO] current LH = -6068.866123703398	
2022/02/09 10:29:17.037328 [INFO] current LH = -6068.867301130465	
2022/02/09 10:29:17.618135 [INFO] current LH = -6068.866056936061	
2022/02/09 10:29:18.198801 [INFO] current LH = -6068.86607838376	
2022/02/09 10:29:18.779671 [INFO] current LH = -6068.866072965163	
2022/02/09 10:29:19.360024 [INFO] current LH = -6068.86607714294	
2022/02/09 10:29:19.945424 [INFO] current LH = -6068.865997823376	
2022/02/09 10:29:20.525687 [INFO] current LH = -6068.866084669991	
2022/02/09 10:29:21.127839 [INFO] current LH = -6068.866064796258	
2022/02/09 10:29:21.729966 [INFO] current LH = -6068.866049570035	
2022/02/09 10:29:22.331716 [INFO] current LH = -6068.867734543651	
2022/02/09 10:29:22.910588 [INFO] current LH = -6068.867749225772	
2022/02/09 10:29:23.493421 [INFO] current LH = -6068.867720543527	
2022/02/09 10:29:24.074215 [INFO] current LH = -6068.86773088106	
2022/02/09 10:29:24.657975 [INFO] current LH = -6068.867650445975	
2022/02/09 10:29:25.239186 [INFO] current LH = -6068.86774861573	
2022/02/09 10:29:25.842327 [INFO] current LH = -6068.867722726628	
2022/02/09 10:29:25.842355 [INFO] Wall time: 11.78107878s User: 0s System: 0.01s

2022/02/09 10:29:25.842364 [INFO] Wtotal time: 952.6315409s User: 0.68s System: 0.74s

2022/02/09 10:29:26.449300 [INFO] current LH = -6068.867706442074	
2022/02/09 10:29:27.051499 [INFO] current LH = -6068.866965595887	
2022/02/09 10:29:27.633829 [INFO] current LH = -6068.864622263471	
2022/02/09 10:29:28.215178 [INFO] current LH = -6068.866047988449	
2022/02/09 10:29:28.795472 [INFO] current LH = -6068.86563529755	
2022/02/09 10:29:29.376703 [INFO] current LH = -6068.865911594685	
2022/02/09 10:29:29.983273 [INFO] current LH = -6068.866141647003	
2022/02/09 10:29:30.585524 [INFO] current LH = -6068.864497130253	
2022/02/09 10:29:31.187514 [INFO] current LH = -6068.866222540486	
2022/02/09 10:29:31.769952 [INFO] current LH = -6068.867506015312	
2022/02/09 10:29:32.351182 [INFO] current LH = -6068.865930536971	
2022/02/09 10:29:32.932360 [INFO] current LH = -6068.866174895255	
2022/02/09 10:29:33.535634 [INFO] current LH = -6068.866335576737	
2022/02/09 10:29:34.137709 [INFO] current LH = -6068.86637605747	
2022/02/09 10:29:34.740831 [INFO] current LH = -6068.866207662559	
2022/02/09 10:29:35.320569 [INFO] current LH = -6068.864683652593	
2022/02/09 10:29:35.901538 [INFO] current LH = -6068.86687672693	
2022/02/09 10:29:36.503185 [INFO] current LH = -6068.865958778776	
2022/02/09 10:29:37.104255 [INFO] current LH = -6068.864593803764	
2022/02/09 10:29:37.707336 [INFO] current LH = -6068.867222043626	
2022/02/09 10:29:37.707364 [INFO] Wall time: 11.86498916s User: 0.01s System: 0s

2022/02/09 10:29:37.707374 [INFO] Wtotal time: 964.4965507s User: 0.69s System: 0.74s

2022/02/09 10:29:38.288253 [INFO] current LH = -6068.866442089426	
2022/02/09 10:29:38.890295 [INFO] current LH = -6068.866315299838	
2022/02/09 10:29:39.490361 [INFO] current LH = -6068.866709998902	
2022/02/09 10:29:40.099033 [INFO] current LH = -6068.867943811156	
2022/02/09 10:29:40.700172 [INFO] current LH = -6068.866128981891	
2022/02/09 10:29:41.302125 [INFO] current LH = -6068.865151114625	
2022/02/09 10:29:41.903224 [INFO] current LH = -6068.866227634812	
2022/02/09 10:29:42.505443 [INFO] current LH = -6068.866259378538	
2022/02/09 10:29:43.107431 [INFO] current LH = -6068.866711541902	
2022/02/09 10:29:43.107577 [INFO] start migrad 
2022/02/09 10:29:43.107594 [INFO] 

********************** Final fit parameters *************************
  no                                                           Name                    Value  type                 Error +-            Low          High
   0                              _J1P-1C-1Tophoton_eta(2225)M1_Mag        2.151403018762597  free      0.03170100385955121
   1                              _J1P-1C-1Tophoton_eta(2225)M1_Phi                        0 fixed
   2                               L1S1_eta(2225)Toomega1_omega2Mag                        1 fixed
   3                               L1S1_eta(2225)Toomega1_omega2Phi                        0 fixed
   4                                                  eta(2225)Mass        2.234769739764049  free     0.002417383629267134           2.08           2.38
   5                                                 eta(2225)Width       0.2051105661185124  free     0.006972392329106541              0            0.3
   6                           L1S0_omega1Topion1+_pion1-_pion10Mag                        1 fixed
   7                           L1S0_omega1Topion1+_pion1-_pion10Phi                        0 fixed
   8                           L1S0_omega2Topion2+_pion2-_pion20Mag                        1 fixed
   9                           L1S0_omega2Topion2+_pion2-_pion20Phi                        0 fixed
  10                               _J1P-1C-1Tophoton_f2(1910)E1_Mag         1.53856505808754  free      0.07795038989522959
  11                               _J1P-1C-1Tophoton_f2(1910)E1_Phi       0.3577276197595866  free       0.1118656757406537
  12                               _J1P-1C-1Tophoton_f2(1910)M2_Mag      -0.1671694073899435  free      0.09579021694011366
  13                               _J1P-1C-1Tophoton_f2(1910)M2_Phi       -5.755928664301342  free        0.504283183625959
  14                               _J1P-1C-1Tophoton_f2(1910)E3_Mag    1.066677414845394e-06  free     0.009844800613468688
  15                               _J1P-1C-1Tophoton_f2(1910)E3_Phi       -1.046901474824443  free        1.414212148161654
  16                                L2S0_f2(1910)Toomega1_omega2Mag       0.3474030755933559  free      0.03349938912784126
  17                                L2S0_f2(1910)Toomega1_omega2Phi        1.076709214761457  free       0.1605631161034905
  18                                L0S2_f2(1910)Toomega1_omega2Mag                      0.5 fixed
  19                                L0S2_f2(1910)Toomega1_omega2Phi                        0 fixed
  20                                L2S2_f2(1910)Toomega1_omega2Mag       0.2899760584602966  free      0.04430893829641587
  21                                L2S2_f2(1910)Toomega1_omega2Phi       -1.076372259100129  free       0.1418038006490575
  22                                L4S2_f2(1910)Toomega1_omega2Mag       0.1562491469125849  free      0.04659603904741128
  23                                L4S2_f2(1910)Toomega1_omega2Phi        1.330031898702718  free       0.3287271239675763
  24                                                   f2(1910)Mass        1.939228828375299  free      0.00547466296250243          1.791          2.091
  25                                                  f2(1910)Width        0.247727704076873  free      0.01580339826593082              0           0.34
  26  channelType2photonpion1+pion1-pion10pion2+pion2-pion20Scaling                        1 fixed
2022/02/09 10:29:43.108854 [INFO] 

**************** Minuit FunctionMinimum information ******************
2022/02/09 10:29:43.108858 [INFO] 
 Function minimum is valid.
2022/02/09 10:29:43.108862 [INFO] 
 Covariance matrix is valid.
2022/02/09 10:29:43.108867 [INFO] 
 Final LH: -6068.869186

2022/02/09 10:29:43.108871 [INFO]  # of function calls: 2329
2022/02/09 10:29:43.108876 [INFO]  minimum edm: 4.407866791e-06
2022/02/09 10:29:43.108886 [INFO] noOfFreeFitParams:	17
2022/02/09 10:29:43.108892 [INFO] evtWeightSumData:	5000
2022/02/09 10:29:43.108897 [INFO] BIC:	-11992.94609
2022/02/09 10:29:43.108902 [INFO] AIC:	-12103.73837
2022/02/09 10:29:43.108907 [INFO] AICc:	-12103.61553
2022/02/09 10:29:43.111517 [INFO] Diagonal sqrt(cov) element (0, 0) / param error: 0.03170100386 / 0.03170100386
2022/02/09 10:29:43.111554 [INFO] Diagonal sqrt(cov) element (4, 4) / param error: 0.002417488389 / 0.002417383629
2022/02/09 10:29:43.111567 [INFO] Diagonal sqrt(cov) element (5, 5) / param error: 0.006975298204 / 0.006972392329
2022/02/09 10:29:43.111578 [INFO] Diagonal sqrt(cov) element (10, 10) / param error: 0.0779503899 / 0.0779503899
2022/02/09 10:29:43.111589 [INFO] Diagonal sqrt(cov) element (11, 11) / param error: 0.1118656757 / 0.1118656757
2022/02/09 10:29:43.111600 [INFO] Diagonal sqrt(cov) element (12, 12) / param error: 0.09579021694 / 0.09579021694
2022/02/09 10:29:43.111610 [INFO] Diagonal sqrt(cov) element (13, 13) / param error: 0.5042831836 / 0.5042831836
2022/02/09 10:29:43.111621 [INFO] Diagonal sqrt(cov) element (14, 14) / param error: 0.009844800613 / 0.009844800613
2022/02/09 10:29:43.111631 [INFO] Diagonal sqrt(cov) element (15, 15) / param error: 1.414212148 / 1.414212148
2022/02/09 10:29:43.111642 [INFO] Diagonal sqrt(cov) element (16, 16) / param error: 0.03349938913 / 0.03349938913
2022/02/09 10:29:43.111653 [INFO] Diagonal sqrt(cov) element (17, 17) / param error: 0.1605631161 / 0.1605631161
2022/02/09 10:29:43.111663 [INFO] Diagonal sqrt(cov) element (20, 20) / param error: 0.0443089383 / 0.0443089383
2022/02/09 10:29:43.111674 [INFO] Diagonal sqrt(cov) element (21, 21) / param error: 0.1418038006 / 0.1418038006
2022/02/09 10:29:43.111689 [INFO] Diagonal sqrt(cov) element (22, 22) / param error: 0.04659603905 / 0.04659603905
2022/02/09 10:29:43.111700 [INFO] Diagonal sqrt(cov) element (23, 23) / param error: 0.328727124 / 0.328727124
2022/02/09 10:29:43.111711 [INFO] Diagonal sqrt(cov) element (24, 24) / param error: 0.005475879315 / 0.005474662963
2022/02/09 10:29:43.111722 [INFO] Diagonal sqrt(cov) element (25, 25) / param error: 0.01583231826 / 0.01580339827
2022/02/09 10:29:43.151541 [INFO] Closing server.
