INFO: 
                                       MMMMM
                                      M8NO  +M
                                    NO       M         ,MM
                                    MM     ?MN,   D8MMMO  :NMM
                               :MZ            ZM  MZ            NM,  M
                              M,          :M   MMN            DMMN M  ~
                             M        8MMM M  M,    7O: :M, M+     N:
                            M  =NMZ M     ,M8 M    ,O     MM   :    M
                            D  DM   M    $8        I= MM  $M   7    M
                           Z~ M M  O 8   8          M     N MM    DM
                           8, O    MM    M           :MM8,     ,, MMD
                           O:       M    87MMO ,  MM~                ,M,
                           I=O  M   M   M        M                     M
                           :M   M   N   M N,     M                    M~
                           :M  ?~  N    8I+  M    MMMMMMMMMMMMMMMOM? 7,
                            M  ++  M   8MZ7  M     M                MM
                            M   D  M  N   N   M,    ND          DM8,
                            M   M  M M~M               DMNM88= 8,
                            M    8  ?M?       M                 M~
                            M      N~8       ?$    :             M
                            NN      M     M  M     M             8:
                            D M    M   DDM   M     M               M,
                            D     ,D  D?M    N     M                 ND
                            M     M  ,O8$   ,7     M    M    M         M~
                            NN  8IO  M M    I=     =    M    M          ,M
                                 M  M                   M    M I          M
                                ~M ?8                 M M    M +M   MM     N
        N+I8MMM~                MM M ,      M         M D    M   M   MON   ~$
        M       NM              M8   M      O     D   M Z+  M:    M,  M M   M
         ,MMMD    88            8M   N     M      M         M      ~M  M M+  M
               7M, MI          +ZM  M      M      M        I$ $NI    M ,O M8 ?O
                 ?N M          I:   M      M       8       M     ,    M M     M
                  M +?         8,          N       M       N    :MMMMM7D M    M
                   D M         8,                  N,     ,$   M       M 8    8:
                   N,D,        ?:    =MMMMMZ               D  M         M  M  8ZMM
                    M ND       :Z=MO,                      N    MM8ZN8  M  M  M+ ,:~MMM 8~
                     M  DMMMMMNZ             D    ~MM        :MM        M   M MM    MNMM M
                     $7           DMMZZNOMMNMZ       M     =M       MZ  :7 MM   MM$ M8   N$ M
                       MO      MMZ        Z                +   ,MMD   +  D M~8  N  M       M
                          ?I=    D         8                        ,NMMMMO MM M 8  M     ID
                                  8        D                     MN,     M  ~,  MM       8N
     ,MNZ,  ,8MM         :~ZMMM,  :8       D                   8         ,M      N
   88           :M   M+         M  ,D       D                $            M      M
  M:       M      M ,7           D  8N$     8~             :D             M      M ?M,
  M    7   M      M M   +MM?     M ,8  D8    D=          ,D              Z?     ,O
  $I~ ~?  Z8     M  M      M     M 7+  M  :,   D$      8Z  M? M          M$D+M  7M?
   Z:  MMN       N, M     M?     M D   M          =$~   M :+  D,      NMMMMM OMM  MM          MMM
   O:           :M $Z    D8      M M   M          M     M O:  N      M     ,O     M M        M   N
   $~          M:  M  D  DM      O N   M   MM     M    :N M   M     +7      M     M  M       D   D
   ~=  MNMMMM8    D: $     M    ?Z M   D   M M    M    M  M   M     M M M   7,    M   M     D~   7=
   ~I     M       N  O     :$   N  M   D   8 Z=   M   M~  M   M     Z   N    M    M   D,    M    Z
    M     M      M   D     $~   M  M   N   M  M   M   M   Z   M    M         D    M    N    M    M
    M     M      O   M     M    M  M   M  M     ,M   Z7  N~   N    M  NM     M    N    M    M    M
 M  M     M     M    M     D    M  M   MMM   M M     M   M    M    N M  N    M   7$     D   M    M
  MMM7  MN     O$   M     M    N   M          +      M   M    $   N +I  ~+   M   M  ,   M   M    M
                MMM+      M    M   M       M,        N   M   O=   M M   ~?   M   M M~NN  M  8    M
                           N  $$   7M      M+       D    8   M    M M   D,   M   M M  M  ,N 8    D
                            D8:     M      OM      MN    D   M  , M M   M    M   O $  +~  $MZ    D
                                     :M88DM  N +MM+      MMM$M  N~+~N   D,   M  :8  D  M         N
                                                                 MMM     M   M  Z=  M  M         D

//************************************************************************//
//									  //
//  Copyright 2013 Bertram Kopf (bertram@ep1.rub.de)			  //
//  	      	   Julian Pychy (julian@ep1.rub.de)			  //
//          	   - Ruhr-Universität Bochum 				  //
//									  //
//  Pawian is free software: you can redistribute it and/or modify	  //
//  it under the terms of the GNU General Public License as published by  //
//  the Free Software Foundation, either version 3 of the License, or 	  //
//  (at your option) any later version.	 	      	  	   	  //
//									  //
//  Pawian is distributed in the hope that it will be useful,		  //
//  but WITHOUT ANY WARRANTY; without even the implied warranty of	  //
//  MERCHANTABILITY or FITNESS FOR A PARTICULAR PURPOSE.  See the	  //
//  GNU General Public License for more details.	      		  //
//									  //
//  You should have received a copy of the GNU General Public License     //
//  along with Pawian.  If not, see <http://www.gnu.org/licenses/>.	  //
//									  //
//************************************************************************//

   
INFO: Compiled Feb 25 2014 20:57:00

Running with the following options using pbarpReactionDefault.cfg:

Error log mode: 1

data file: ./toyDataModel.dat

mc file: ./toyDataMC.dat

chosen unit in input file: MEV

chosen order in file: E Px Py Pz

file with start parameters for fit or qa: defaultparams.dat

startHypo: base

mode: server

number of threads: 2

ratioMcToData: 3

cache amplitudes: 1

use event weight: 0

use phase space hyp: 0

pdg table: /Particle/pdtNew.table

minimumTolerance: 0.1


clone particles: pion0 pion0A
clone particles: pion0 pion0B
clone particles: a0(980)0 a0(980)0A
clone particles: a0(980)0 a0(980)0B
clone particles: a2(1320)0 a2(1320)0A
clone particles: a2(1320)0 a2(1320)0B

minuit parameter	f2(1270)Mass	 fixed
minuit parameter	f2(1270)Width	 fixed
minuit parameter	a2(1320)0ABMass	 fixed
minuit parameter	a2(1320)0ABWidth	 fixed
minuit parameter	J0P-1C1L0S0pbarpPhi	 fixed
minuit parameter	J1P1C1L1S1pbarpPhi	 fixed
minuit parameter	L2S2_J0P-1C1Toa2(1320)0AB_pion0ABMag	 fixed
minuit parameter	L2S2_J0P-1C1Toa2(1320)0AB_pion0ABPhi	 fixed
minuit parameter	L1S2_J1P1C1Toa2(1320)0AB_pion0ABMag	 fixed
minuit parameter	L1S2_J1P1C1Toa2(1320)0AB_pion0ABPhi	 fixed
minuit parameter	L1S2_J2P1C1Toa2(1320)0AB_pion0ABMag	 fixed
minuit parameter	L1S2_J2P1C1Toa2(1320)0AB_pion0ABPhi	 fixed
minuit parameter	L2S0_a2(1320)0ABTopion0AB_etaMag	 fixed
minuit parameter	L2S0_a2(1320)0ABTopion0AB_etaPhi	 fixed
minuit parameter	L2S0_f2(1270)Topion0A_pion0BMag	 fixed
minuit parameter	L2S0_f2(1270)Topion0A_pion0BPhi	 fixed
minuit parameter	Iso1J0P-1C1Range01Other	 fixed
minuit parameter	Iso1J1P1C1Range01Other	 fixed
minuit parameter	Iso1J2P1C1Range01Other	 fixed

the final state particles are:
pion0A
pion0B
eta

decay system:
Cano Iso f2(1270) To pion0A pion0B
Cano Iso a2(1320)0A To pion0A eta
Cano Iso a2(1320)0B To pion0B eta

decay dynamics:
f2(1270)	BreitWigner
a2(1320)0A BreitWigner
a2(1320)0B BreitWigner

replaced suffix for fit parameter name
a2(1320)0B_pion0A a2(1320)0AB_pion0AB
a2(1320)0A_pion0B a2(1320)0AB_pion0AB
a2(1320)0ATopion0A_eta a2(1320)0ABTopion0AB_eta
a2(1320)0BTopion0B_eta a2(1320)0ABTopion0AB_eta

replaced mass key
a2(1320)0A a2(1320)0AB
a2(1320)0B a2(1320)0AB

production system:
f2(1270) eta
a2(1320)0B pion0A
a2(1320)0A pion0B

production formalism:	Cano

histograms inv mass for systems
pion0A pion0B
pion0A eta
pion0B eta

histograms decay angles for systems
pion0A pion0B from pion0A pion0B eta
pion0A eta from pion0A pion0B eta
pion0B eta from pion0A pion0B eta
pion0A from pion0A pion0B
pion0A from pion0A eta

mass range


2Dhistogram decay angles for systems

random seed:	44123

generate with model:	1

number of generated events:	10000

number of data events:	1000000
Antiproton momentum in lab frame	 pbarmom = 0.9
Maximum orbital momentum for pbarp system	 Lmax = 1

spin density matrix calculation for particles

drop pbarp L 


JPCLS amplitudes for decay	f2(1270)Topion0A_pion0B:
suffix for fit parameter name:	f2(1270)Topion0A_pion0B
JPC=2++	L,S=2,0	preFactorLS=0


INFO: added decay f2(1270)Topion0A_pion0B to decay list

JPCLS amplitudes for decay	a2(1320)0ATopion0A_eta:
suffix for fit parameter name:	a2(1320)0ATopion0A_eta
JPC=2++	L,S=2,0	preFactorLS=0


INFO: added decay a2(1320)0ATopion0A_eta to decay list

JPCLS amplitudes for decay	a2(1320)0BTopion0B_eta:
suffix for fit parameter name:	a2(1320)0BTopion0B_eta
JPC=2++	L,S=2,0	preFactorLS=0


INFO: added decay a2(1320)0BTopion0B_eta to decay list
first particle:	f2(1270)
second particle:	eta
first particle:	a2(1320)0B
second particle:	pion0A
first particle:	a2(1320)0A
second particle:	pion0B
f2(1270)	mass=1.275+0-0	width=0.185+0-0	3*q=0	2*J=4	P=1	p=-2	C=1	c=-2	G=-2	theGParity=1	2*I=0	2*I3=0	charm=0	strange=0
eta	mass=0.547+0.01-0.01	width=0.0001+0-0	3*q=0	2*J=0	P=-1	p=-2	C=1	c=-2	G=-2	theGParity=1	2*I=0	2*I3=0	charm=0	strange=0

JPCLS amplitudes for decay	I0G1J0P-1C1Tof2(1270)_eta:
suffix for fit parameter name:	J0P-1C1Tof2(1270)_eta
JPC=0-+	L,S=2,2	preFactorLS=0
with further decay:
JPCLS amplitudes for decay	f2(1270)Topion0A_pion0B:
suffix for fit parameter name:	f2(1270)Topion0A_pion0B
JPC=2++	L,S=2,0	preFactorLS=0




a2(1320)0B	mass=1.318+0-0	width=0.107+0-0	3*q=0	2*J=4	P=1	p=-2	C=1	c=-2	G=-2	theGParity=-1	2*I=2	2*I3=0	charm=0	strange=0
pion0A	mass=0.13498+0-0	width=0.0001+0-0	3*q=0	2*J=0	P=-1	p=-2	C=1	c=-2	G=-2	theGParity=-1	2*I=2	2*I3=0	charm=0	strange=0

JPCLS amplitudes for decay	I0G1J0P-1C1Toa2(1320)0B_pion0A:
suffix for fit parameter name:	J0P-1C1Toa2(1320)0B_pion0A
JPC=0-+	L,S=2,2	preFactorLS=0
with further decay:
JPCLS amplitudes for decay	a2(1320)0BTopion0B_eta:
suffix for fit parameter name:	a2(1320)0BTopion0B_eta
JPC=2++	L,S=2,0	preFactorLS=0




a2(1320)0A	mass=1.318+0-0	width=0.107+0-0	3*q=0	2*J=4	P=1	p=-2	C=1	c=-2	G=-2	theGParity=-1	2*I=2	2*I3=0	charm=0	strange=0
pion0B	mass=0.13498+0-0	width=0.0001+0-0	3*q=0	2*J=0	P=-1	p=-2	C=1	c=-2	G=-2	theGParity=-1	2*I=2	2*I3=0	charm=0	strange=0

JPCLS amplitudes for decay	I0G1J0P-1C1Toa2(1320)0A_pion0B:
suffix for fit parameter name:	J0P-1C1Toa2(1320)0A_pion0B
JPC=0-+	L,S=2,2	preFactorLS=0
with further decay:
JPCLS amplitudes for decay	a2(1320)0ATopion0A_eta:
suffix for fit parameter name:	a2(1320)0ATopion0A_eta
JPC=2++	L,S=2,0	preFactorLS=0




f2(1270)	mass=1.275+0-0	width=0.185+0-0	3*q=0	2*J=4	P=1	p=-2	C=1	c=-2	G=-2	theGParity=1	2*I=0	2*I3=0	charm=0	strange=0
eta	mass=0.547+0.01-0.01	width=0.0001+0-0	3*q=0	2*J=0	P=-1	p=-2	C=1	c=-2	G=-2	theGParity=1	2*I=0	2*I3=0	charm=0	strange=0
WARN: /DataUtils.cc:111: G-Parity not valid for:-1 --> 1 * 1 
WARN: /DataUtils.cc:111: G-Parity not valid for:-1 --> 1 * 1 
INFO: _JPCLSDecAmps.size()==0 for I1G-1J0P-1C1Tof2(1270)_eta

JPCLS amplitudes for decay	I1G-1J0P-1C1Tof2(1270)_eta:
suffix for fit parameter name:	J0P-1C1Tof2(1270)_eta
with further decay:
JPCLS amplitudes for decay	f2(1270)Topion0A_pion0B:
suffix for fit parameter name:	f2(1270)Topion0A_pion0B
JPC=2++	L,S=2,0	preFactorLS=0




INFO: Skip amplitude I1G-1J0P-1C1Tof2(1270)_eta	JPCLSAmps().size(): 0	isospinCG(): 0
a2(1320)0B	mass=1.318+0-0	width=0.107+0-0	3*q=0	2*J=4	P=1	p=-2	C=1	c=-2	G=-2	theGParity=-1	2*I=2	2*I3=0	charm=0	strange=0
pion0A	mass=0.13498+0-0	width=0.0001+0-0	3*q=0	2*J=0	P=-1	p=-2	C=1	c=-2	G=-2	theGParity=-1	2*I=2	2*I3=0	charm=0	strange=0
WARN: /DataUtils.cc:111: G-Parity not valid for:-1 --> -1 * -1 
WARN: /DataUtils.cc:111: G-Parity not valid for:-1 --> -1 * -1 
INFO: _JPCLSDecAmps.size()==0 for I1G-1J0P-1C1Toa2(1320)0B_pion0A

JPCLS amplitudes for decay	I1G-1J0P-1C1Toa2(1320)0B_pion0A:
suffix for fit parameter name:	J0P-1C1Toa2(1320)0B_pion0A
with further decay:
JPCLS amplitudes for decay	a2(1320)0BTopion0B_eta:
suffix for fit parameter name:	a2(1320)0BTopion0B_eta
JPC=2++	L,S=2,0	preFactorLS=0




INFO: Skip amplitude I1G-1J0P-1C1Toa2(1320)0B_pion0A	JPCLSAmps().size(): 0	isospinCG(): 0
a2(1320)0A	mass=1.318+0-0	width=0.107+0-0	3*q=0	2*J=4	P=1	p=-2	C=1	c=-2	G=-2	theGParity=-1	2*I=2	2*I3=0	charm=0	strange=0
pion0B	mass=0.13498+0-0	width=0.0001+0-0	3*q=0	2*J=0	P=-1	p=-2	C=1	c=-2	G=-2	theGParity=-1	2*I=2	2*I3=0	charm=0	strange=0
WARN: /DataUtils.cc:111: G-Parity not valid for:-1 --> -1 * -1 
WARN: /DataUtils.cc:111: G-Parity not valid for:-1 --> -1 * -1 
INFO: _JPCLSDecAmps.size()==0 for I1G-1J0P-1C1Toa2(1320)0A_pion0B

JPCLS amplitudes for decay	I1G-1J0P-1C1Toa2(1320)0A_pion0B:
suffix for fit parameter name:	J0P-1C1Toa2(1320)0A_pion0B
with further decay:
JPCLS amplitudes for decay	a2(1320)0ATopion0A_eta:
suffix for fit parameter name:	a2(1320)0ATopion0A_eta
JPC=2++	L,S=2,0	preFactorLS=0




INFO: Skip amplitude I1G-1J0P-1C1Toa2(1320)0A_pion0B	JPCLSAmps().size(): 0	isospinCG(): 0
f2(1270)	mass=1.275+0-0	width=0.185+0-0	3*q=0	2*J=4	P=1	p=-2	C=1	c=-2	G=-2	theGParity=1	2*I=0	2*I3=0	charm=0	strange=0
eta	mass=0.547+0.01-0.01	width=0.0001+0-0	3*q=0	2*J=0	P=-1	p=-2	C=1	c=-2	G=-2	theGParity=1	2*I=0	2*I3=0	charm=0	strange=0
INFO: _JPCLSDecAmps.size()==0 for I0G1J0P1C1Tof2(1270)_eta

JPCLS amplitudes for decay	I0G1J0P1C1Tof2(1270)_eta:
suffix for fit parameter name:	J0P1C1Tof2(1270)_eta
with further decay:
JPCLS amplitudes for decay	f2(1270)Topion0A_pion0B:
suffix for fit parameter name:	f2(1270)Topion0A_pion0B
JPC=2++	L,S=2,0	preFactorLS=0




INFO: Skip amplitude I0G1J0P1C1Tof2(1270)_eta	JPCLSAmps().size(): 0	isospinCG(): 1
a2(1320)0B	mass=1.318+0-0	width=0.107+0-0	3*q=0	2*J=4	P=1	p=-2	C=1	c=-2	G=-2	theGParity=-1	2*I=2	2*I3=0	charm=0	strange=0
pion0A	mass=0.13498+0-0	width=0.0001+0-0	3*q=0	2*J=0	P=-1	p=-2	C=1	c=-2	G=-2	theGParity=-1	2*I=2	2*I3=0	charm=0	strange=0
INFO: _JPCLSDecAmps.size()==0 for I0G1J0P1C1Toa2(1320)0B_pion0A

JPCLS amplitudes for decay	I0G1J0P1C1Toa2(1320)0B_pion0A:
suffix for fit parameter name:	J0P1C1Toa2(1320)0B_pion0A
with further decay:
JPCLS amplitudes for decay	a2(1320)0BTopion0B_eta:
suffix for fit parameter name:	a2(1320)0BTopion0B_eta
JPC=2++	L,S=2,0	preFactorLS=0




INFO: Skip amplitude I0G1J0P1C1Toa2(1320)0B_pion0A	JPCLSAmps().size(): 0	isospinCG(): -0.57735
a2(1320)0A	mass=1.318+0-0	width=0.107+0-0	3*q=0	2*J=4	P=1	p=-2	C=1	c=-2	G=-2	theGParity=-1	2*I=2	2*I3=0	charm=0	strange=0
pion0B	mass=0.13498+0-0	width=0.0001+0-0	3*q=0	2*J=0	P=-1	p=-2	C=1	c=-2	G=-2	theGParity=-1	2*I=2	2*I3=0	charm=0	strange=0
INFO: _JPCLSDecAmps.size()==0 for I0G1J0P1C1Toa2(1320)0A_pion0B

JPCLS amplitudes for decay	I0G1J0P1C1Toa2(1320)0A_pion0B:
suffix for fit parameter name:	J0P1C1Toa2(1320)0A_pion0B
with further decay:
JPCLS amplitudes for decay	a2(1320)0ATopion0A_eta:
suffix for fit parameter name:	a2(1320)0ATopion0A_eta
JPC=2++	L,S=2,0	preFactorLS=0




INFO: Skip amplitude I0G1J0P1C1Toa2(1320)0A_pion0B	JPCLSAmps().size(): 0	isospinCG(): -0.57735
f2(1270)	mass=1.275+0-0	width=0.185+0-0	3*q=0	2*J=4	P=1	p=-2	C=1	c=-2	G=-2	theGParity=1	2*I=0	2*I3=0	charm=0	strange=0
eta	mass=0.547+0.01-0.01	width=0.0001+0-0	3*q=0	2*J=0	P=-1	p=-2	C=1	c=-2	G=-2	theGParity=1	2*I=0	2*I3=0	charm=0	strange=0
WARN: /DataUtils.cc:111: G-Parity not valid for:-1 --> 1 * 1 
WARN: /DataUtils.cc:111: G-Parity not valid for:-1 --> 1 * 1 
INFO: _JPCLSDecAmps.size()==0 for I1G-1J0P1C1Tof2(1270)_eta

JPCLS amplitudes for decay	I1G-1J0P1C1Tof2(1270)_eta:
suffix for fit parameter name:	J0P1C1Tof2(1270)_eta
with further decay:
JPCLS amplitudes for decay	f2(1270)Topion0A_pion0B:
suffix for fit parameter name:	f2(1270)Topion0A_pion0B
JPC=2++	L,S=2,0	preFactorLS=0




INFO: Skip amplitude I1G-1J0P1C1Tof2(1270)_eta	JPCLSAmps().size(): 0	isospinCG(): 0
a2(1320)0B	mass=1.318+0-0	width=0.107+0-0	3*q=0	2*J=4	P=1	p=-2	C=1	c=-2	G=-2	theGParity=-1	2*I=2	2*I3=0	charm=0	strange=0
pion0A	mass=0.13498+0-0	width=0.0001+0-0	3*q=0	2*J=0	P=-1	p=-2	C=1	c=-2	G=-2	theGParity=-1	2*I=2	2*I3=0	charm=0	strange=0
WARN: /DataUtils.cc:111: G-Parity not valid for:-1 --> -1 * -1 
WARN: /DataUtils.cc:111: G-Parity not valid for:-1 --> -1 * -1 
INFO: _JPCLSDecAmps.size()==0 for I1G-1J0P1C1Toa2(1320)0B_pion0A

JPCLS amplitudes for decay	I1G-1J0P1C1Toa2(1320)0B_pion0A:
suffix for fit parameter name:	J0P1C1Toa2(1320)0B_pion0A
with further decay:
JPCLS amplitudes for decay	a2(1320)0BTopion0B_eta:
suffix for fit parameter name:	a2(1320)0BTopion0B_eta
JPC=2++	L,S=2,0	preFactorLS=0




INFO: Skip amplitude I1G-1J0P1C1Toa2(1320)0B_pion0A	JPCLSAmps().size(): 0	isospinCG(): 0
a2(1320)0A	mass=1.318+0-0	width=0.107+0-0	3*q=0	2*J=4	P=1	p=-2	C=1	c=-2	G=-2	theGParity=-1	2*I=2	2*I3=0	charm=0	strange=0
pion0B	mass=0.13498+0-0	width=0.0001+0-0	3*q=0	2*J=0	P=-1	p=-2	C=1	c=-2	G=-2	theGParity=-1	2*I=2	2*I3=0	charm=0	strange=0
WARN: /DataUtils.cc:111: G-Parity not valid for:-1 --> -1 * -1 
WARN: /DataUtils.cc:111: G-Parity not valid for:-1 --> -1 * -1 
INFO: _JPCLSDecAmps.size()==0 for I1G-1J0P1C1Toa2(1320)0A_pion0B

JPCLS amplitudes for decay	I1G-1J0P1C1Toa2(1320)0A_pion0B:
suffix for fit parameter name:	J0P1C1Toa2(1320)0A_pion0B
with further decay:
JPCLS amplitudes for decay	a2(1320)0ATopion0A_eta:
suffix for fit parameter name:	a2(1320)0ATopion0A_eta
JPC=2++	L,S=2,0	preFactorLS=0




INFO: Skip amplitude I1G-1J0P1C1Toa2(1320)0A_pion0B	JPCLSAmps().size(): 0	isospinCG(): 0
f2(1270)	mass=1.275+0-0	width=0.185+0-0	3*q=0	2*J=4	P=1	p=-2	C=1	c=-2	G=-2	theGParity=1	2*I=0	2*I3=0	charm=0	strange=0
eta	mass=0.547+0.01-0.01	width=0.0001+0-0	3*q=0	2*J=0	P=-1	p=-2	C=1	c=-2	G=-2	theGParity=1	2*I=0	2*I3=0	charm=0	strange=0
WARN: /DataUtils.cc:97: C-Parity not valid for the reaction: JPC= 1 -1 -1 -->  JPC= 2 1 1 and  JPC= 0 -1 1
WARN: /DataUtils.cc:97: C-Parity not valid for the reaction: JPC= 1 -1 -1 -->  JPC= 2 1 1 and  JPC= 0 -1 1
INFO: _JPCLSDecAmps.size()==0 for I0G-1J1P-1C-1Tof2(1270)_eta

JPCLS amplitudes for decay	I0G-1J1P-1C-1Tof2(1270)_eta:
suffix for fit parameter name:	J1P-1C-1Tof2(1270)_eta
with further decay:
JPCLS amplitudes for decay	f2(1270)Topion0A_pion0B:
suffix for fit parameter name:	f2(1270)Topion0A_pion0B
JPC=2++	L,S=2,0	preFactorLS=0




INFO: Skip amplitude I0G-1J1P-1C-1Tof2(1270)_eta	JPCLSAmps().size(): 0	isospinCG(): 1
a2(1320)0B	mass=1.318+0-0	width=0.107+0-0	3*q=0	2*J=4	P=1	p=-2	C=1	c=-2	G=-2	theGParity=-1	2*I=2	2*I3=0	charm=0	strange=0
pion0A	mass=0.13498+0-0	width=0.0001+0-0	3*q=0	2*J=0	P=-1	p=-2	C=1	c=-2	G=-2	theGParity=-1	2*I=2	2*I3=0	charm=0	strange=0
WARN: /DataUtils.cc:97: C-Parity not valid for the reaction: JPC= 1 -1 -1 -->  JPC= 2 1 1 and  JPC= 0 -1 1
WARN: /DataUtils.cc:97: C-Parity not valid for the reaction: JPC= 1 -1 -1 -->  JPC= 2 1 1 and  JPC= 0 -1 1
INFO: _JPCLSDecAmps.size()==0 for I0G-1J1P-1C-1Toa2(1320)0B_pion0A

JPCLS amplitudes for decay	I0G-1J1P-1C-1Toa2(1320)0B_pion0A:
suffix for fit parameter name:	J1P-1C-1Toa2(1320)0B_pion0A
with further decay:
JPCLS amplitudes for decay	a2(1320)0BTopion0B_eta:
suffix for fit parameter name:	a2(1320)0BTopion0B_eta
JPC=2++	L,S=2,0	preFactorLS=0




INFO: Skip amplitude I0G-1J1P-1C-1Toa2(1320)0B_pion0A	JPCLSAmps().size(): 0	isospinCG(): -0.57735
a2(1320)0A	mass=1.318+0-0	width=0.107+0-0	3*q=0	2*J=4	P=1	p=-2	C=1	c=-2	G=-2	theGParity=-1	2*I=2	2*I3=0	charm=0	strange=0
pion0B	mass=0.13498+0-0	width=0.0001+0-0	3*q=0	2*J=0	P=-1	p=-2	C=1	c=-2	G=-2	theGParity=-1	2*I=2	2*I3=0	charm=0	strange=0
WARN: /DataUtils.cc:97: C-Parity not valid for the reaction: JPC= 1 -1 -1 -->  JPC= 2 1 1 and  JPC= 0 -1 1
WARN: /DataUtils.cc:97: C-Parity not valid for the reaction: JPC= 1 -1 -1 -->  JPC= 2 1 1 and  JPC= 0 -1 1
INFO: _JPCLSDecAmps.size()==0 for I0G-1J1P-1C-1Toa2(1320)0A_pion0B

JPCLS amplitudes for decay	I0G-1J1P-1C-1Toa2(1320)0A_pion0B:
suffix for fit parameter name:	J1P-1C-1Toa2(1320)0A_pion0B
with further decay:
JPCLS amplitudes for decay	a2(1320)0ATopion0A_eta:
suffix for fit parameter name:	a2(1320)0ATopion0A_eta
JPC=2++	L,S=2,0	preFactorLS=0




INFO: Skip amplitude I0G-1J1P-1C-1Toa2(1320)0A_pion0B	JPCLSAmps().size(): 0	isospinCG(): -0.57735
f2(1270)	mass=1.275+0-0	width=0.185+0-0	3*q=0	2*J=4	P=1	p=-2	C=1	c=-2	G=-2	theGParity=1	2*I=0	2*I3=0	charm=0	strange=0
eta	mass=0.547+0.01-0.01	width=0.0001+0-0	3*q=0	2*J=0	P=-1	p=-2	C=1	c=-2	G=-2	theGParity=1	2*I=0	2*I3=0	charm=0	strange=0
WARN: /DataUtils.cc:97: C-Parity not valid for the reaction: JPC= 1 -1 -1 -->  JPC= 2 1 1 and  JPC= 0 -1 1
WARN: /DataUtils.cc:97: C-Parity not valid for the reaction: JPC= 1 -1 -1 -->  JPC= 2 1 1 and  JPC= 0 -1 1
INFO: _JPCLSDecAmps.size()==0 for I1G1J1P-1C-1Tof2(1270)_eta

JPCLS amplitudes for decay	I1G1J1P-1C-1Tof2(1270)_eta:
suffix for fit parameter name:	J1P-1C-1Tof2(1270)_eta
with further decay:
JPCLS amplitudes for decay	f2(1270)Topion0A_pion0B:
suffix for fit parameter name:	f2(1270)Topion0A_pion0B
JPC=2++	L,S=2,0	preFactorLS=0




INFO: Skip amplitude I1G1J1P-1C-1Tof2(1270)_eta	JPCLSAmps().size(): 0	isospinCG(): 0
a2(1320)0B	mass=1.318+0-0	width=0.107+0-0	3*q=0	2*J=4	P=1	p=-2	C=1	c=-2	G=-2	theGParity=-1	2*I=2	2*I3=0	charm=0	strange=0
pion0A	mass=0.13498+0-0	width=0.0001+0-0	3*q=0	2*J=0	P=-1	p=-2	C=1	c=-2	G=-2	theGParity=-1	2*I=2	2*I3=0	charm=0	strange=0
WARN: /DataUtils.cc:97: C-Parity not valid for the reaction: JPC= 1 -1 -1 -->  JPC= 2 1 1 and  JPC= 0 -1 1
WARN: /DataUtils.cc:97: C-Parity not valid for the reaction: JPC= 1 -1 -1 -->  JPC= 2 1 1 and  JPC= 0 -1 1
INFO: _JPCLSDecAmps.size()==0 for I1G1J1P-1C-1Toa2(1320)0B_pion0A

JPCLS amplitudes for decay	I1G1J1P-1C-1Toa2(1320)0B_pion0A:
suffix for fit parameter name:	J1P-1C-1Toa2(1320)0B_pion0A
with further decay:
JPCLS amplitudes for decay	a2(1320)0BTopion0B_eta:
suffix for fit parameter name:	a2(1320)0BTopion0B_eta
JPC=2++	L,S=2,0	preFactorLS=0




INFO: Skip amplitude I1G1J1P-1C-1Toa2(1320)0B_pion0A	JPCLSAmps().size(): 0	isospinCG(): 0
a2(1320)0A	mass=1.318+0-0	width=0.107+0-0	3*q=0	2*J=4	P=1	p=-2	C=1	c=-2	G=-2	theGParity=-1	2*I=2	2*I3=0	charm=0	strange=0
pion0B	mass=0.13498+0-0	width=0.0001+0-0	3*q=0	2*J=0	P=-1	p=-2	C=1	c=-2	G=-2	theGParity=-1	2*I=2	2*I3=0	charm=0	strange=0
WARN: /DataUtils.cc:97: C-Parity not valid for the reaction: JPC= 1 -1 -1 -->  JPC= 2 1 1 and  JPC= 0 -1 1
WARN: /DataUtils.cc:97: C-Parity not valid for the reaction: JPC= 1 -1 -1 -->  JPC= 2 1 1 and  JPC= 0 -1 1
INFO: _JPCLSDecAmps.size()==0 for I1G1J1P-1C-1Toa2(1320)0A_pion0B

JPCLS amplitudes for decay	I1G1J1P-1C-1Toa2(1320)0A_pion0B:
suffix for fit parameter name:	J1P-1C-1Toa2(1320)0A_pion0B
with further decay:
JPCLS amplitudes for decay	a2(1320)0ATopion0A_eta:
suffix for fit parameter name:	a2(1320)0ATopion0A_eta
JPC=2++	L,S=2,0	preFactorLS=0




INFO: Skip amplitude I1G1J1P-1C-1Toa2(1320)0A_pion0B	JPCLSAmps().size(): 0	isospinCG(): 0
f2(1270)	mass=1.275+0-0	width=0.185+0-0	3*q=0	2*J=4	P=1	p=-2	C=1	c=-2	G=-2	theGParity=1	2*I=0	2*I3=0	charm=0	strange=0
eta	mass=0.547+0.01-0.01	width=0.0001+0-0	3*q=0	2*J=0	P=-1	p=-2	C=1	c=-2	G=-2	theGParity=1	2*I=0	2*I3=0	charm=0	strange=0
WARN: /DataUtils.cc:97: C-Parity not valid for the reaction: JPC= 1 1 -1 -->  JPC= 2 1 1 and  JPC= 0 -1 1
WARN: /DataUtils.cc:97: C-Parity not valid for the reaction: JPC= 1 1 -1 -->  JPC= 2 1 1 and  JPC= 0 -1 1
INFO: _JPCLSDecAmps.size()==0 for I0G-1J1P1C-1Tof2(1270)_eta

JPCLS amplitudes for decay	I0G-1J1P1C-1Tof2(1270)_eta:
suffix for fit parameter name:	J1P1C-1Tof2(1270)_eta
with further decay:
JPCLS amplitudes for decay	f2(1270)Topion0A_pion0B:
suffix for fit parameter name:	f2(1270)Topion0A_pion0B
JPC=2++	L,S=2,0	preFactorLS=0




INFO: Skip amplitude I0G-1J1P1C-1Tof2(1270)_eta	JPCLSAmps().size(): 0	isospinCG(): 1
a2(1320)0B	mass=1.318+0-0	width=0.107+0-0	3*q=0	2*J=4	P=1	p=-2	C=1	c=-2	G=-2	theGParity=-1	2*I=2	2*I3=0	charm=0	strange=0
pion0A	mass=0.13498+0-0	width=0.0001+0-0	3*q=0	2*J=0	P=-1	p=-2	C=1	c=-2	G=-2	theGParity=-1	2*I=2	2*I3=0	charm=0	strange=0
WARN: /DataUtils.cc:97: C-Parity not valid for the reaction: JPC= 1 1 -1 -->  JPC= 2 1 1 and  JPC= 0 -1 1
WARN: /DataUtils.cc:97: C-Parity not valid for the reaction: JPC= 1 1 -1 -->  JPC= 2 1 1 and  JPC= 0 -1 1
INFO: _JPCLSDecAmps.size()==0 for I0G-1J1P1C-1Toa2(1320)0B_pion0A

JPCLS amplitudes for decay	I0G-1J1P1C-1Toa2(1320)0B_pion0A:
suffix for fit parameter name:	J1P1C-1Toa2(1320)0B_pion0A
with further decay:
JPCLS amplitudes for decay	a2(1320)0BTopion0B_eta:
suffix for fit parameter name:	a2(1320)0BTopion0B_eta
JPC=2++	L,S=2,0	preFactorLS=0




INFO: Skip amplitude I0G-1J1P1C-1Toa2(1320)0B_pion0A	JPCLSAmps().size(): 0	isospinCG(): -0.57735
a2(1320)0A	mass=1.318+0-0	width=0.107+0-0	3*q=0	2*J=4	P=1	p=-2	C=1	c=-2	G=-2	theGParity=-1	2*I=2	2*I3=0	charm=0	strange=0
pion0B	mass=0.13498+0-0	width=0.0001+0-0	3*q=0	2*J=0	P=-1	p=-2	C=1	c=-2	G=-2	theGParity=-1	2*I=2	2*I3=0	charm=0	strange=0
WARN: /DataUtils.cc:97: C-Parity not valid for the reaction: JPC= 1 1 -1 -->  JPC= 2 1 1 and  JPC= 0 -1 1
WARN: /DataUtils.cc:97: C-Parity not valid for the reaction: JPC= 1 1 -1 -->  JPC= 2 1 1 and  JPC= 0 -1 1
INFO: _JPCLSDecAmps.size()==0 for I0G-1J1P1C-1Toa2(1320)0A_pion0B

JPCLS amplitudes for decay	I0G-1J1P1C-1Toa2(1320)0A_pion0B:
suffix for fit parameter name:	J1P1C-1Toa2(1320)0A_pion0B
with further decay:
JPCLS amplitudes for decay	a2(1320)0ATopion0A_eta:
suffix for fit parameter name:	a2(1320)0ATopion0A_eta
JPC=2++	L,S=2,0	preFactorLS=0




INFO: Skip amplitude I0G-1J1P1C-1Toa2(1320)0A_pion0B	JPCLSAmps().size(): 0	isospinCG(): -0.57735
f2(1270)	mass=1.275+0-0	width=0.185+0-0	3*q=0	2*J=4	P=1	p=-2	C=1	c=-2	G=-2	theGParity=1	2*I=0	2*I3=0	charm=0	strange=0
eta	mass=0.547+0.01-0.01	width=0.0001+0-0	3*q=0	2*J=0	P=-1	p=-2	C=1	c=-2	G=-2	theGParity=1	2*I=0	2*I3=0	charm=0	strange=0
WARN: /DataUtils.cc:97: C-Parity not valid for the reaction: JPC= 1 1 -1 -->  JPC= 2 1 1 and  JPC= 0 -1 1
WARN: /DataUtils.cc:97: C-Parity not valid for the reaction: JPC= 1 1 -1 -->  JPC= 2 1 1 and  JPC= 0 -1 1
INFO: _JPCLSDecAmps.size()==0 for I1G1J1P1C-1Tof2(1270)_eta

JPCLS amplitudes for decay	I1G1J1P1C-1Tof2(1270)_eta:
suffix for fit parameter name:	J1P1C-1Tof2(1270)_eta
with further decay:
JPCLS amplitudes for decay	f2(1270)Topion0A_pion0B:
suffix for fit parameter name:	f2(1270)Topion0A_pion0B
JPC=2++	L,S=2,0	preFactorLS=0




INFO: Skip amplitude I1G1J1P1C-1Tof2(1270)_eta	JPCLSAmps().size(): 0	isospinCG(): 0
a2(1320)0B	mass=1.318+0-0	width=0.107+0-0	3*q=0	2*J=4	P=1	p=-2	C=1	c=-2	G=-2	theGParity=-1	2*I=2	2*I3=0	charm=0	strange=0
pion0A	mass=0.13498+0-0	width=0.0001+0-0	3*q=0	2*J=0	P=-1	p=-2	C=1	c=-2	G=-2	theGParity=-1	2*I=2	2*I3=0	charm=0	strange=0
WARN: /DataUtils.cc:97: C-Parity not valid for the reaction: JPC= 1 1 -1 -->  JPC= 2 1 1 and  JPC= 0 -1 1
WARN: /DataUtils.cc:97: C-Parity not valid for the reaction: JPC= 1 1 -1 -->  JPC= 2 1 1 and  JPC= 0 -1 1
INFO: _JPCLSDecAmps.size()==0 for I1G1J1P1C-1Toa2(1320)0B_pion0A

JPCLS amplitudes for decay	I1G1J1P1C-1Toa2(1320)0B_pion0A:
suffix for fit parameter name:	J1P1C-1Toa2(1320)0B_pion0A
with further decay:
JPCLS amplitudes for decay	a2(1320)0BTopion0B_eta:
suffix for fit parameter name:	a2(1320)0BTopion0B_eta
JPC=2++	L,S=2,0	preFactorLS=0




INFO: Skip amplitude I1G1J1P1C-1Toa2(1320)0B_pion0A	JPCLSAmps().size(): 0	isospinCG(): 0
a2(1320)0A	mass=1.318+0-0	width=0.107+0-0	3*q=0	2*J=4	P=1	p=-2	C=1	c=-2	G=-2	theGParity=-1	2*I=2	2*I3=0	charm=0	strange=0
pion0B	mass=0.13498+0-0	width=0.0001+0-0	3*q=0	2*J=0	P=-1	p=-2	C=1	c=-2	G=-2	theGParity=-1	2*I=2	2*I3=0	charm=0	strange=0
WARN: /DataUtils.cc:97: C-Parity not valid for the reaction: JPC= 1 1 -1 -->  JPC= 2 1 1 and  JPC= 0 -1 1
WARN: /DataUtils.cc:97: C-Parity not valid for the reaction: JPC= 1 1 -1 -->  JPC= 2 1 1 and  JPC= 0 -1 1
INFO: _JPCLSDecAmps.size()==0 for I1G1J1P1C-1Toa2(1320)0A_pion0B

JPCLS amplitudes for decay	I1G1J1P1C-1Toa2(1320)0A_pion0B:
suffix for fit parameter name:	J1P1C-1Toa2(1320)0A_pion0B
with further decay:
JPCLS amplitudes for decay	a2(1320)0ATopion0A_eta:
suffix for fit parameter name:	a2(1320)0ATopion0A_eta
JPC=2++	L,S=2,0	preFactorLS=0




INFO: Skip amplitude I1G1J1P1C-1Toa2(1320)0A_pion0B	JPCLSAmps().size(): 0	isospinCG(): 0
f2(1270)	mass=1.275+0-0	width=0.185+0-0	3*q=0	2*J=4	P=1	p=-2	C=1	c=-2	G=-2	theGParity=1	2*I=0	2*I3=0	charm=0	strange=0
eta	mass=0.547+0.01-0.01	width=0.0001+0-0	3*q=0	2*J=0	P=-1	p=-2	C=1	c=-2	G=-2	theGParity=1	2*I=0	2*I3=0	charm=0	strange=0

JPCLS amplitudes for decay	I0G1J1P1C1Tof2(1270)_eta:
suffix for fit parameter name:	J1P1C1Tof2(1270)_eta
JPC=1++	L,S=1,2	preFactorLS=0
JPC=1++	L,S=3,2	preFactorLS=0
with further decay:
JPCLS amplitudes for decay	f2(1270)Topion0A_pion0B:
suffix for fit parameter name:	f2(1270)Topion0A_pion0B
JPC=2++	L,S=2,0	preFactorLS=0




a2(1320)0B	mass=1.318+0-0	width=0.107+0-0	3*q=0	2*J=4	P=1	p=-2	C=1	c=-2	G=-2	theGParity=-1	2*I=2	2*I3=0	charm=0	strange=0
pion0A	mass=0.13498+0-0	width=0.0001+0-0	3*q=0	2*J=0	P=-1	p=-2	C=1	c=-2	G=-2	theGParity=-1	2*I=2	2*I3=0	charm=0	strange=0

JPCLS amplitudes for decay	I0G1J1P1C1Toa2(1320)0B_pion0A:
suffix for fit parameter name:	J1P1C1Toa2(1320)0B_pion0A
JPC=1++	L,S=1,2	preFactorLS=0
JPC=1++	L,S=3,2	preFactorLS=0
with further decay:
JPCLS amplitudes for decay	a2(1320)0BTopion0B_eta:
suffix for fit parameter name:	a2(1320)0BTopion0B_eta
JPC=2++	L,S=2,0	preFactorLS=0




a2(1320)0A	mass=1.318+0-0	width=0.107+0-0	3*q=0	2*J=4	P=1	p=-2	C=1	c=-2	G=-2	theGParity=-1	2*I=2	2*I3=0	charm=0	strange=0
pion0B	mass=0.13498+0-0	width=0.0001+0-0	3*q=0	2*J=0	P=-1	p=-2	C=1	c=-2	G=-2	theGParity=-1	2*I=2	2*I3=0	charm=0	strange=0

JPCLS amplitudes for decay	I0G1J1P1C1Toa2(1320)0A_pion0B:
suffix for fit parameter name:	J1P1C1Toa2(1320)0A_pion0B
JPC=1++	L,S=1,2	preFactorLS=0
JPC=1++	L,S=3,2	preFactorLS=0
with further decay:
JPCLS amplitudes for decay	a2(1320)0ATopion0A_eta:
suffix for fit parameter name:	a2(1320)0ATopion0A_eta
JPC=2++	L,S=2,0	preFactorLS=0




f2(1270)	mass=1.275+0-0	width=0.185+0-0	3*q=0	2*J=4	P=1	p=-2	C=1	c=-2	G=-2	theGParity=1	2*I=0	2*I3=0	charm=0	strange=0
eta	mass=0.547+0.01-0.01	width=0.0001+0-0	3*q=0	2*J=0	P=-1	p=-2	C=1	c=-2	G=-2	theGParity=1	2*I=0	2*I3=0	charm=0	strange=0
WARN: /DataUtils.cc:111: G-Parity not valid for:-1 --> 1 * 1 
WARN: /DataUtils.cc:111: G-Parity not valid for:-1 --> 1 * 1 
INFO: _JPCLSDecAmps.size()==0 for I1G-1J1P1C1Tof2(1270)_eta

JPCLS amplitudes for decay	I1G-1J1P1C1Tof2(1270)_eta:
suffix for fit parameter name:	J1P1C1Tof2(1270)_eta
with further decay:
JPCLS amplitudes for decay	f2(1270)Topion0A_pion0B:
suffix for fit parameter name:	f2(1270)Topion0A_pion0B
JPC=2++	L,S=2,0	preFactorLS=0




INFO: Skip amplitude I1G-1J1P1C1Tof2(1270)_eta	JPCLSAmps().size(): 0	isospinCG(): 0
a2(1320)0B	mass=1.318+0-0	width=0.107+0-0	3*q=0	2*J=4	P=1	p=-2	C=1	c=-2	G=-2	theGParity=-1	2*I=2	2*I3=0	charm=0	strange=0
pion0A	mass=0.13498+0-0	width=0.0001+0-0	3*q=0	2*J=0	P=-1	p=-2	C=1	c=-2	G=-2	theGParity=-1	2*I=2	2*I3=0	charm=0	strange=0
WARN: /DataUtils.cc:111: G-Parity not valid for:-1 --> -1 * -1 
WARN: /DataUtils.cc:111: G-Parity not valid for:-1 --> -1 * -1 
INFO: _JPCLSDecAmps.size()==0 for I1G-1J1P1C1Toa2(1320)0B_pion0A

JPCLS amplitudes for decay	I1G-1J1P1C1Toa2(1320)0B_pion0A:
suffix for fit parameter name:	J1P1C1Toa2(1320)0B_pion0A
with further decay:
JPCLS amplitudes for decay	a2(1320)0BTopion0B_eta:
suffix for fit parameter name:	a2(1320)0BTopion0B_eta
JPC=2++	L,S=2,0	preFactorLS=0




INFO: Skip amplitude I1G-1J1P1C1Toa2(1320)0B_pion0A	JPCLSAmps().size(): 0	isospinCG(): 0
a2(1320)0A	mass=1.318+0-0	width=0.107+0-0	3*q=0	2*J=4	P=1	p=-2	C=1	c=-2	G=-2	theGParity=-1	2*I=2	2*I3=0	charm=0	strange=0
pion0B	mass=0.13498+0-0	width=0.0001+0-0	3*q=0	2*J=0	P=-1	p=-2	C=1	c=-2	G=-2	theGParity=-1	2*I=2	2*I3=0	charm=0	strange=0
WARN: /DataUtils.cc:111: G-Parity not valid for:-1 --> -1 * -1 
WARN: /DataUtils.cc:111: G-Parity not valid for:-1 --> -1 * -1 
INFO: _JPCLSDecAmps.size()==0 for I1G-1J1P1C1Toa2(1320)0A_pion0B

JPCLS amplitudes for decay	I1G-1J1P1C1Toa2(1320)0A_pion0B:
suffix for fit parameter name:	J1P1C1Toa2(1320)0A_pion0B
with further decay:
JPCLS amplitudes for decay	a2(1320)0ATopion0A_eta:
suffix for fit parameter name:	a2(1320)0ATopion0A_eta
JPC=2++	L,S=2,0	preFactorLS=0




INFO: Skip amplitude I1G-1J1P1C1Toa2(1320)0A_pion0B	JPCLSAmps().size(): 0	isospinCG(): 0
f2(1270)	mass=1.275+0-0	width=0.185+0-0	3*q=0	2*J=4	P=1	p=-2	C=1	c=-2	G=-2	theGParity=1	2*I=0	2*I3=0	charm=0	strange=0
eta	mass=0.547+0.01-0.01	width=0.0001+0-0	3*q=0	2*J=0	P=-1	p=-2	C=1	c=-2	G=-2	theGParity=1	2*I=0	2*I3=0	charm=0	strange=0

JPCLS amplitudes for decay	I0G1J2P1C1Tof2(1270)_eta:
suffix for fit parameter name:	J2P1C1Tof2(1270)_eta
JPC=2++	L,S=1,2	preFactorLS=0
JPC=2++	L,S=3,2	preFactorLS=0
with further decay:
JPCLS amplitudes for decay	f2(1270)Topion0A_pion0B:
suffix for fit parameter name:	f2(1270)Topion0A_pion0B
JPC=2++	L,S=2,0	preFactorLS=0




a2(1320)0B	mass=1.318+0-0	width=0.107+0-0	3*q=0	2*J=4	P=1	p=-2	C=1	c=-2	G=-2	theGParity=-1	2*I=2	2*I3=0	charm=0	strange=0
pion0A	mass=0.13498+0-0	width=0.0001+0-0	3*q=0	2*J=0	P=-1	p=-2	C=1	c=-2	G=-2	theGParity=-1	2*I=2	2*I3=0	charm=0	strange=0

JPCLS amplitudes for decay	I0G1J2P1C1Toa2(1320)0B_pion0A:
suffix for fit parameter name:	J2P1C1Toa2(1320)0B_pion0A
JPC=2++	L,S=1,2	preFactorLS=0
JPC=2++	L,S=3,2	preFactorLS=0
with further decay:
JPCLS amplitudes for decay	a2(1320)0BTopion0B_eta:
suffix for fit parameter name:	a2(1320)0BTopion0B_eta
JPC=2++	L,S=2,0	preFactorLS=0




a2(1320)0A	mass=1.318+0-0	width=0.107+0-0	3*q=0	2*J=4	P=1	p=-2	C=1	c=-2	G=-2	theGParity=-1	2*I=2	2*I3=0	charm=0	strange=0
pion0B	mass=0.13498+0-0	width=0.0001+0-0	3*q=0	2*J=0	P=-1	p=-2	C=1	c=-2	G=-2	theGParity=-1	2*I=2	2*I3=0	charm=0	strange=0

JPCLS amplitudes for decay	I0G1J2P1C1Toa2(1320)0A_pion0B:
suffix for fit parameter name:	J2P1C1Toa2(1320)0A_pion0B
JPC=2++	L,S=1,2	preFactorLS=0
JPC=2++	L,S=3,2	preFactorLS=0
with further decay:
JPCLS amplitudes for decay	a2(1320)0ATopion0A_eta:
suffix for fit parameter name:	a2(1320)0ATopion0A_eta
JPC=2++	L,S=2,0	preFactorLS=0




f2(1270)	mass=1.275+0-0	width=0.185+0-0	3*q=0	2*J=4	P=1	p=-2	C=1	c=-2	G=-2	theGParity=1	2*I=0	2*I3=0	charm=0	strange=0
eta	mass=0.547+0.01-0.01	width=0.0001+0-0	3*q=0	2*J=0	P=-1	p=-2	C=1	c=-2	G=-2	theGParity=1	2*I=0	2*I3=0	charm=0	strange=0
WARN: /DataUtils.cc:111: G-Parity not valid for:-1 --> 1 * 1 
WARN: /DataUtils.cc:111: G-Parity not valid for:-1 --> 1 * 1 
INFO: _JPCLSDecAmps.size()==0 for I1G-1J2P1C1Tof2(1270)_eta

JPCLS amplitudes for decay	I1G-1J2P1C1Tof2(1270)_eta:
suffix for fit parameter name:	J2P1C1Tof2(1270)_eta
with further decay:
JPCLS amplitudes for decay	f2(1270)Topion0A_pion0B:
suffix for fit parameter name:	f2(1270)Topion0A_pion0B
JPC=2++	L,S=2,0	preFactorLS=0




INFO: Skip amplitude I1G-1J2P1C1Tof2(1270)_eta	JPCLSAmps().size(): 0	isospinCG(): 0
a2(1320)0B	mass=1.318+0-0	width=0.107+0-0	3*q=0	2*J=4	P=1	p=-2	C=1	c=-2	G=-2	theGParity=-1	2*I=2	2*I3=0	charm=0	strange=0
pion0A	mass=0.13498+0-0	width=0.0001+0-0	3*q=0	2*J=0	P=-1	p=-2	C=1	c=-2	G=-2	theGParity=-1	2*I=2	2*I3=0	charm=0	strange=0
WARN: /DataUtils.cc:111: G-Parity not valid for:-1 --> -1 * -1 
WARN: /DataUtils.cc:111: G-Parity not valid for:-1 --> -1 * -1 
INFO: _JPCLSDecAmps.size()==0 for I1G-1J2P1C1Toa2(1320)0B_pion0A

JPCLS amplitudes for decay	I1G-1J2P1C1Toa2(1320)0B_pion0A:
suffix for fit parameter name:	J2P1C1Toa2(1320)0B_pion0A
with further decay:
JPCLS amplitudes for decay	a2(1320)0BTopion0B_eta:
suffix for fit parameter name:	a2(1320)0BTopion0B_eta
JPC=2++	L,S=2,0	preFactorLS=0




INFO: Skip amplitude I1G-1J2P1C1Toa2(1320)0B_pion0A	JPCLSAmps().size(): 0	isospinCG(): 0
a2(1320)0A	mass=1.318+0-0	width=0.107+0-0	3*q=0	2*J=4	P=1	p=-2	C=1	c=-2	G=-2	theGParity=-1	2*I=2	2*I3=0	charm=0	strange=0
pion0B	mass=0.13498+0-0	width=0.0001+0-0	3*q=0	2*J=0	P=-1	p=-2	C=1	c=-2	G=-2	theGParity=-1	2*I=2	2*I3=0	charm=0	strange=0
WARN: /DataUtils.cc:111: G-Parity not valid for:-1 --> -1 * -1 
WARN: /DataUtils.cc:111: G-Parity not valid for:-1 --> -1 * -1 
INFO: _JPCLSDecAmps.size()==0 for I1G-1J2P1C1Toa2(1320)0A_pion0B

JPCLS amplitudes for decay	I1G-1J2P1C1Toa2(1320)0A_pion0B:
suffix for fit parameter name:	J2P1C1Toa2(1320)0A_pion0B
with further decay:
JPCLS amplitudes for decay	a2(1320)0ATopion0A_eta:
suffix for fit parameter name:	a2(1320)0ATopion0A_eta
JPC=2++	L,S=2,0	preFactorLS=0




INFO: Skip amplitude I1G-1J2P1C1Toa2(1320)0A_pion0B	JPCLSAmps().size(): 0	isospinCG(): 0
theSuffix:	f2(1270)Topion0A_pion0B
theSuffix:	a2(1320)0ATopion0A_eta
theSuffix:	a2(1320)0BTopion0B_eta
theSuffix:	J0P-1C1Tof2(1270)_eta
theSuffix:	J0P-1C1Toa2(1320)0B_pion0A
theSuffix:	J0P-1C1Toa2(1320)0A_pion0B
theSuffix:	J1P1C1Tof2(1270)_eta
theSuffix:	J1P1C1Toa2(1320)0B_pion0A
theSuffix:	J1P1C1Toa2(1320)0A_pion0B
theSuffix:	J2P1C1Tof2(1270)_eta
theSuffix:	J2P1C1Toa2(1320)0B_pion0A
theSuffix:	J2P1C1Toa2(1320)0A_pion0B
theSuffix:	f2(1270)Topion0A_pion0B
theSuffix:	a2(1320)0ABTopion0AB_eta
theSuffix:	a2(1320)0BTopion0B_eta
theSuffix:	J0P-1C1Tof2(1270)_eta
theSuffix:	J0P-1C1Toa2(1320)0B_pion0A
theSuffix:	J0P-1C1Toa2(1320)0A_pion0B
theSuffix:	J1P1C1Tof2(1270)_eta
theSuffix:	J1P1C1Toa2(1320)0B_pion0A
theSuffix:	J1P1C1Toa2(1320)0A_pion0B
theSuffix:	J2P1C1Tof2(1270)_eta
theSuffix:	J2P1C1Toa2(1320)0B_pion0A
theSuffix:	J2P1C1Toa2(1320)0A_pion0B
theSuffix:	f2(1270)Topion0A_pion0B
theSuffix:	a2(1320)0ABTopion0AB_eta
theSuffix:	a2(1320)0BTopion0B_eta
theSuffix:	J0P-1C1Tof2(1270)_eta
theSuffix:	J0P-1C1Toa2(1320)0B_pion0A
theSuffix:	J0P-1C1Toa2(1320)0AB_pion0AB
theSuffix:	J1P1C1Tof2(1270)_eta
theSuffix:	J1P1C1Toa2(1320)0B_pion0A
theSuffix:	J1P1C1Toa2(1320)0AB_pion0AB
theSuffix:	J2P1C1Tof2(1270)_eta
theSuffix:	J2P1C1Toa2(1320)0B_pion0A
theSuffix:	J2P1C1Toa2(1320)0AB_pion0AB
theSuffix:	f2(1270)Topion0A_pion0B
theSuffix:	a2(1320)0ABTopion0AB_eta
theSuffix:	a2(1320)0ABTopion0AB_eta
theSuffix:	J0P-1C1Tof2(1270)_eta
theSuffix:	J0P-1C1Toa2(1320)0B_pion0A
theSuffix:	J0P-1C1Toa2(1320)0AB_pion0AB
theSuffix:	J1P1C1Tof2(1270)_eta
theSuffix:	J1P1C1Toa2(1320)0B_pion0A
theSuffix:	J1P1C1Toa2(1320)0AB_pion0AB
theSuffix:	J2P1C1Tof2(1270)_eta
theSuffix:	J2P1C1Toa2(1320)0B_pion0A
theSuffix:	J2P1C1Toa2(1320)0AB_pion0AB

 pbarp reaction

 **** JPC states for pbarp system ****** 
	I,G=0,1JPC=0-+	parityFactor=0	I,G=0,1JPC=1++	parityFactor=0	I,G=0,1JPC=2++	parityFactor=0
 ***** decay chains *******

JPCLS amplitudes for decay	I0G1J0P-1C1Tof2(1270)_eta:
suffix for fit parameter name:	J0P-1C1Tof2(1270)_eta
JPC=0-+	L,S=2,2	preFactorLS=0
with further decay:
JPCLS amplitudes for decay	f2(1270)Topion0A_pion0B:
suffix for fit parameter name:	f2(1270)Topion0A_pion0B
JPC=2++	L,S=2,0	preFactorLS=0





JPCLS amplitudes for decay	I0G1J0P-1C1Toa2(1320)0B_pion0A:
suffix for fit parameter name:	J0P-1C1Toa2(1320)0AB_pion0AB
JPC=0-+	L,S=2,2	preFactorLS=0
with further decay:
JPCLS amplitudes for decay	a2(1320)0BTopion0B_eta:
suffix for fit parameter name:	a2(1320)0ABTopion0AB_eta
JPC=2++	L,S=2,0	preFactorLS=0





JPCLS amplitudes for decay	I0G1J0P-1C1Toa2(1320)0A_pion0B:
suffix for fit parameter name:	J0P-1C1Toa2(1320)0AB_pion0AB
JPC=0-+	L,S=2,2	preFactorLS=0
with further decay:
JPCLS amplitudes for decay	a2(1320)0ATopion0A_eta:
suffix for fit parameter name:	a2(1320)0ABTopion0AB_eta
JPC=2++	L,S=2,0	preFactorLS=0





JPCLS amplitudes for decay	I0G1J1P1C1Tof2(1270)_eta:
suffix for fit parameter name:	J1P1C1Tof2(1270)_eta
JPC=1++	L,S=1,2	preFactorLS=0
JPC=1++	L,S=3,2	preFactorLS=0
with further decay:
JPCLS amplitudes for decay	f2(1270)Topion0A_pion0B:
suffix for fit parameter name:	f2(1270)Topion0A_pion0B
JPC=2++	L,S=2,0	preFactorLS=0





JPCLS amplitudes for decay	I0G1J1P1C1Toa2(1320)0B_pion0A:
suffix for fit parameter name:	J1P1C1Toa2(1320)0AB_pion0AB
JPC=1++	L,S=1,2	preFactorLS=0
JPC=1++	L,S=3,2	preFactorLS=0
with further decay:
JPCLS amplitudes for decay	a2(1320)0BTopion0B_eta:
suffix for fit parameter name:	a2(1320)0ABTopion0AB_eta
JPC=2++	L,S=2,0	preFactorLS=0





JPCLS amplitudes for decay	I0G1J1P1C1Toa2(1320)0A_pion0B:
suffix for fit parameter name:	J1P1C1Toa2(1320)0AB_pion0AB
JPC=1++	L,S=1,2	preFactorLS=0
JPC=1++	L,S=3,2	preFactorLS=0
with further decay:
JPCLS amplitudes for decay	a2(1320)0ATopion0A_eta:
suffix for fit parameter name:	a2(1320)0ABTopion0AB_eta
JPC=2++	L,S=2,0	preFactorLS=0





JPCLS amplitudes for decay	I0G1J2P1C1Tof2(1270)_eta:
suffix for fit parameter name:	J2P1C1Tof2(1270)_eta
JPC=2++	L,S=1,2	preFactorLS=0
JPC=2++	L,S=3,2	preFactorLS=0
with further decay:
JPCLS amplitudes for decay	f2(1270)Topion0A_pion0B:
suffix for fit parameter name:	f2(1270)Topion0A_pion0B
JPC=2++	L,S=2,0	preFactorLS=0





JPCLS amplitudes for decay	I0G1J2P1C1Toa2(1320)0B_pion0A:
suffix for fit parameter name:	J2P1C1Toa2(1320)0AB_pion0AB
JPC=2++	L,S=1,2	preFactorLS=0
JPC=2++	L,S=3,2	preFactorLS=0
with further decay:
JPCLS amplitudes for decay	a2(1320)0BTopion0B_eta:
suffix for fit parameter name:	a2(1320)0ABTopion0AB_eta
JPC=2++	L,S=2,0	preFactorLS=0





JPCLS amplitudes for decay	I0G1J2P1C1Toa2(1320)0A_pion0B:
suffix for fit parameter name:	J2P1C1Toa2(1320)0AB_pion0AB
JPC=2++	L,S=1,2	preFactorLS=0
JPC=2++	L,S=3,2	preFactorLS=0
with further decay:
JPCLS amplitudes for decay	a2(1320)0ATopion0A_eta:
suffix for fit parameter name:	a2(1320)0ABTopion0AB_eta
JPC=2++	L,S=2,0	preFactorLS=0




INFO: Dynamics	f2(1270)Topion0A_pion0B	found!!!
INFO: _parityFactor=	1
INFO: _parityFactor=	-1
INFO: Dynamics	J0P-1C1	found!!!
INFO: Dynamics	a2(1320)0BTopion0B_eta	found!!!
INFO: _parityFactor=	1
INFO: _parityFactor=	-1
INFO: Dynamics	J0P-1C1	found!!!
INFO: Dynamics	a2(1320)0ATopion0A_eta	found!!!
INFO: _parityFactor=	1
INFO: _parityFactor=	-1
INFO: _parityFactor=	1
INFO: Dynamics	J1P1C1	found!!!
INFO: _parityFactor=	1
INFO: Dynamics	J1P1C1	found!!!
INFO: _parityFactor=	1
INFO: _parityFactor=	-1
INFO: Dynamics	J2P1C1	found!!!
INFO: _parityFactor=	-1
INFO: Dynamics	J2P1C1	found!!!
INFO: _parityFactor=	-1
INFO: theKey=	L2S2_J0P-1C1Toa2(1320)0AB_pion0ABMag
INFO: fillLSAmps: key	L2S2_J0P-1C1Toa2(1320)0AB_pion0ABMag	found
INFO: replace val by 1
INFO: replace err by 1
INFO: theKey=	L2S2_J0P-1C1Tof2(1270)_etaMag
INFO: fillLSAmps: key	L2S2_J0P-1C1Tof2(1270)_etaMag	found
INFO: replace val by 1
INFO: replace err by 1
INFO: theKey=	L1S2_J1P1C1Toa2(1320)0AB_pion0ABMag
INFO: fillLSAmps: key	L1S2_J1P1C1Toa2(1320)0AB_pion0ABMag	found
INFO: replace val by 0.707107
INFO: replace err by 0.707107
INFO: theKey=	L3S2_J1P1C1Toa2(1320)0AB_pion0ABMag
INFO: fillLSAmps: key	L3S2_J1P1C1Toa2(1320)0AB_pion0ABMag	found
INFO: replace val by 0.707107
INFO: replace err by 0.707107
INFO: theKey=	L1S2_J1P1C1Tof2(1270)_etaMag
INFO: fillLSAmps: key	L1S2_J1P1C1Tof2(1270)_etaMag	found
INFO: replace val by 0.707107
INFO: replace err by 0.707107
INFO: theKey=	L3S2_J1P1C1Tof2(1270)_etaMag
INFO: fillLSAmps: key	L3S2_J1P1C1Tof2(1270)_etaMag	found
INFO: replace val by 0.707107
INFO: replace err by 0.707107
INFO: theKey=	L1S2_J2P1C1Toa2(1320)0AB_pion0ABMag
INFO: fillLSAmps: key	L1S2_J2P1C1Toa2(1320)0AB_pion0ABMag	found
INFO: replace val by 0.707107
INFO: replace err by 0.707107
INFO: theKey=	L3S2_J2P1C1Toa2(1320)0AB_pion0ABMag
INFO: fillLSAmps: key	L3S2_J2P1C1Toa2(1320)0AB_pion0ABMag	found
INFO: replace val by 0.707107
INFO: replace err by 0.707107
INFO: theKey=	L1S2_J2P1C1Tof2(1270)_etaMag
INFO: fillLSAmps: key	L1S2_J2P1C1Tof2(1270)_etaMag	found
INFO: replace val by 0.707107
INFO: replace err by 0.707107
INFO: theKey=	L3S2_J2P1C1Tof2(1270)_etaMag
INFO: fillLSAmps: key	L3S2_J2P1C1Tof2(1270)_etaMag	found
INFO: replace val by 0.707107
INFO: replace err by 0.707107
INFO: theKey=	L2S0_a2(1320)0ABTopion0AB_etaMag
INFO: fillLSAmps: key	L2S0_a2(1320)0ABTopion0AB_etaMag	found
INFO: replace val by 1
INFO: replace err by 1
INFO: theKey=	L2S0_f2(1270)Topion0A_pion0BMag
INFO: fillLSAmps: key	L2S0_f2(1270)Topion0A_pion0BMag	found
INFO: replace val by 1
INFO: replace err by 1
INFO: theKey=	L2S2_J0P-1C1Toa2(1320)0AB_pion0ABPhi
INFO: fillLSAmps: key	L2S2_J0P-1C1Toa2(1320)0AB_pion0ABPhi	found
INFO: replace val by 0
INFO: replace err by 0.3
INFO: theKey=	L2S2_J0P-1C1Tof2(1270)_etaPhi
INFO: fillLSAmps: key	L2S2_J0P-1C1Tof2(1270)_etaPhi	found
INFO: replace val by 0
INFO: replace err by 0.3
INFO: theKey=	L1S2_J1P1C1Toa2(1320)0AB_pion0ABPhi
INFO: fillLSAmps: key	L1S2_J1P1C1Toa2(1320)0AB_pion0ABPhi	found
INFO: replace val by 0
INFO: replace err by 0.3
INFO: theKey=	L3S2_J1P1C1Toa2(1320)0AB_pion0ABPhi
INFO: fillLSAmps: key	L3S2_J1P1C1Toa2(1320)0AB_pion0ABPhi	found
INFO: replace val by 0
INFO: replace err by 0.3
INFO: theKey=	L1S2_J1P1C1Tof2(1270)_etaPhi
INFO: fillLSAmps: key	L1S2_J1P1C1Tof2(1270)_etaPhi	found
INFO: replace val by 0
INFO: replace err by 0.3
INFO: theKey=	L3S2_J1P1C1Tof2(1270)_etaPhi
INFO: fillLSAmps: key	L3S2_J1P1C1Tof2(1270)_etaPhi	found
INFO: replace val by 0
INFO: replace err by 0.3
INFO: theKey=	L1S2_J2P1C1Toa2(1320)0AB_pion0ABPhi
INFO: fillLSAmps: key	L1S2_J2P1C1Toa2(1320)0AB_pion0ABPhi	found
INFO: replace val by 0
INFO: replace err by 0.3
INFO: theKey=	L3S2_J2P1C1Toa2(1320)0AB_pion0ABPhi
INFO: fillLSAmps: key	L3S2_J2P1C1Toa2(1320)0AB_pion0ABPhi	found
INFO: replace val by 0
INFO: replace err by 0.3
INFO: theKey=	L1S2_J2P1C1Tof2(1270)_etaPhi
INFO: fillLSAmps: key	L1S2_J2P1C1Tof2(1270)_etaPhi	found
INFO: replace val by 0
INFO: replace err by 0.3
INFO: theKey=	L3S2_J2P1C1Tof2(1270)_etaPhi
INFO: fillLSAmps: key	L3S2_J2P1C1Tof2(1270)_etaPhi	found
INFO: replace val by 0
INFO: replace err by 0.3
INFO: theKey=	L2S0_a2(1320)0ABTopion0AB_etaPhi
INFO: fillLSAmps: key	L2S0_a2(1320)0ABTopion0AB_etaPhi	found
INFO: replace val by 0
INFO: replace err by 0.3
INFO: theKey=	L2S0_f2(1270)Topion0A_pion0BPhi
INFO: fillLSAmps: key	L2S0_f2(1270)Topion0A_pion0BPhi	found
INFO: replace val by 0
INFO: replace err by 0.3
INFO: theKey=	J0P-1C1L0S0pbarpMag
INFO: fillJPCLSAmps: key	J0P-1C1L0S0pbarpMag	found
INFO: replace val by 0.57735
INFO: replace err by 0.57735
INFO: theKey=	J1P1C1L1S1pbarpMag
INFO: fillJPCLSAmps: key	J1P1C1L1S1pbarpMag	found
INFO: replace val by 0.57735
INFO: replace err by 0.57735
INFO: theKey=	J2P1C1L1S1pbarpMag
INFO: fillJPCLSAmps: key	J2P1C1L1S1pbarpMag	found
INFO: replace val by 0.57735
INFO: replace err by 0.57735
INFO: theKey=	J0P-1C1L0S0pbarpPhi
INFO: fillJPCLSAmps: key	J0P-1C1L0S0pbarpPhi	found
INFO: replace val by 0
INFO: replace err by 0.3
INFO: theKey=	J1P1C1L1S1pbarpPhi
INFO: fillJPCLSAmps: key	J1P1C1L1S1pbarpPhi	found
INFO: replace val by 0
INFO: replace err by 0.3
INFO: theKey=	J2P1C1L1S1pbarpPhi
INFO: fillJPCLSAmps: key	J2P1C1L1S1pbarpPhi	found
INFO: replace val by 0
INFO: replace err by 0.3
INFO: fillDoubles: theKey=	a2(1320)0ABMass
INFO: key	a2(1320)0ABMass	found
INFO: replace val by 1.318
INFO: replace err by 0.03
INFO: fillDoubles: theKey=	f2(1270)Mass
INFO: key	f2(1270)Mass	found
INFO: replace val by 1.275
INFO: replace err by 0.03
INFO: fillDoubles: theKey=	a2(1320)0ABWidth
INFO: key	a2(1320)0ABWidth	found
INFO: replace val by 0.107
INFO: replace err by 0.0214
INFO: fillDoubles: theKey=	f2(1270)Width
INFO: key	f2(1270)Width	found
INFO: replace val by 0.185
INFO: replace err by 0.037
INFO: fillDoubles: theKey=	Iso1J0P-1C1Range01Other
INFO: key	Iso1J0P-1C1Range01Other	found
INFO: replace val by 0
INFO: replace err by 0.5
INFO: fillDoubles: theKey=	Iso1J1P1C1Range01Other
INFO: key	Iso1J1P1C1Range01Other	found
INFO: replace val by 0
INFO: replace err by 0.5
INFO: fillDoubles: theKey=	Iso1J2P1C1Range01Other
INFO: key	Iso1J2P1C1Range01Other	found
INFO: replace val by 0
INFO: replace err by 0.5


**************** Minuit Fit parameter **************************
J0P-1C1L0S0pbarpMag	0.57735	0.57735
J1P1C1L1S1pbarpMag	0.57735	0.57735
J2P1C1L1S1pbarpMag	0.57735	0.57735
J0P-1C1L0S0pbarpPhi	0	0.3
J1P1C1L1S1pbarpPhi	0	0.3
J2P1C1L1S1pbarpPhi	0	0.3
L2S2_J0P-1C1Toa2(1320)0AB_pion0ABMag	1	1
L2S2_J0P-1C1Tof2(1270)_etaMag	1	1
L1S2_J1P1C1Toa2(1320)0AB_pion0ABMag	0.707107	0.707107
L3S2_J1P1C1Toa2(1320)0AB_pion0ABMag	0.707107	0.707107
L1S2_J1P1C1Tof2(1270)_etaMag	0.707107	0.707107
L3S2_J1P1C1Tof2(1270)_etaMag	0.707107	0.707107
L1S2_J2P1C1Toa2(1320)0AB_pion0ABMag	0.707107	0.707107
L3S2_J2P1C1Toa2(1320)0AB_pion0ABMag	0.707107	0.707107
L1S2_J2P1C1Tof2(1270)_etaMag	0.707107	0.707107
L3S2_J2P1C1Tof2(1270)_etaMag	0.707107	0.707107
L2S0_a2(1320)0ABTopion0AB_etaMag	1	1
L2S0_f2(1270)Topion0A_pion0BMag	1	1
L2S2_J0P-1C1Toa2(1320)0AB_pion0ABPhi	0	0.3
L2S2_J0P-1C1Tof2(1270)_etaPhi	0	0.3
L1S2_J1P1C1Toa2(1320)0AB_pion0ABPhi	0	0.3
L3S2_J1P1C1Toa2(1320)0AB_pion0ABPhi	0	0.3
L1S2_J1P1C1Tof2(1270)_etaPhi	0	0.3
L3S2_J1P1C1Tof2(1270)_etaPhi	0	0.3
L1S2_J2P1C1Toa2(1320)0AB_pion0ABPhi	0	0.3
L3S2_J2P1C1Toa2(1320)0AB_pion0ABPhi	0	0.3
L1S2_J2P1C1Tof2(1270)_etaPhi	0	0.3
L3S2_J2P1C1Tof2(1270)_etaPhi	0	0.3
L2S0_a2(1320)0ABTopion0AB_etaPhi	0	0.3
L2S0_f2(1270)Topion0A_pion0BPhi	0	0.3
a2(1320)0ABMass	1.318	0.03
f2(1270)Mass	1.275	0.03
a2(1320)0ABWidth	0.107	0.0214
f2(1270)Width	0.185	0.037
Iso1J0P-1C1Range01Other	0	0.5
Iso1J1P1C1Range01Other	0	0.5
Iso1J2P1C1Range01Other	0	0.5
INFO: data file: ./toyDataModel.dat
INFO: mc file: ./toyDataMC.dat
INFO: 
File has 15000 events. Each event has 3 final state particles.

INFO: 

INFO: {Rank = 1 ( 1.07472,0.520656,-0.181124,0.912645) } 	m = 0.13498

INFO: {Rank = 1 ( 0.486818,-0.257016,0.244415,-0.304919) } 	m = 0.13498

INFO: {Rank = 1 ( 0.676864,-0.26364,-0.0632918,0.292274) } 	m = 0.547

INFO: 

INFO: 

INFO: {Rank = 1 ( 0.646922,0.379992,-0.453342,-0.224445) } 	m = 0.13498

INFO: {Rank = 1 ( 0.349695,0.015627,0.308723,0.0922632) } 	m = 0.13498

INFO: {Rank = 1 ( 1.24179,-0.395619,0.144619,1.03218) } 	m = 0.547

INFO: 

INFO: 

INFO: {Rank = 1 ( 0.443284,0.274837,0.140988,-0.287868) } 	m = 0.13498

INFO: {Rank = 1 ( 0.991438,-0.40453,0.314475,0.837968) } 	m = 0.13498

INFO: {Rank = 1 ( 0.803683,0.129693,-0.455463,0.3499) } 	m = 0.547

INFO: 

INFO: 

INFO: {Rank = 1 ( 0.651934,0.378947,0.512973,-0.00755056) } 	m = 0.13498

INFO: {Rank = 1 ( 0.810949,-0.551648,-0.117638,0.566802) } 	m = 0.13498

INFO: {Rank = 1 ( 0.775522,0.172701,-0.395335,0.340749) } 	m = 0.547

INFO: 

INFO: 

INFO: {Rank = 1 ( 0.673295,-0.50503,0.380048,0.188717) } 	m = 0.13498

INFO: {Rank = 1 ( 0.906129,0.667215,-0.0719566,0.593714) } 	m = 0.13498

INFO: {Rank = 1 ( 0.658981,-0.162185,-0.308091,0.117568) } 	m = 0.547

INFO: 

INFO: 

INFO: {Rank = 1 ( 0.767145,-0.4483,0.127442,0.594204) } 	m = 0.13498

INFO: {Rank = 1 ( 0.814211,0.435064,-0.0951129,0.668126) } 	m = 0.13498

INFO: {Rank = 1 ( 0.657048,0.0132358,-0.0323287,-0.36233) } 	m = 0.547

INFO: 

INFO: 

INFO: {Rank = 1 ( 0.664325,0.169378,0.619345,0.10407) } 	m = 0.13498

INFO: {Rank = 1 ( 0.645869,-0.496416,-0.347433,0.178292) } 	m = 0.13498

INFO: {Rank = 1 ( 0.928211,0.327038,-0.271912,0.617638) } 	m = 0.547

INFO: 

INFO: 

INFO: {Rank = 1 ( 0.336469,-0.19497,0.155088,0.181456) } 	m = 0.13498

INFO: {Rank = 1 ( 0.635628,-0.517873,0.342218,-0.0223111) } 	m = 0.13498

INFO: {Rank = 1 ( 1.26631,0.712843,-0.497307,0.740855) } 	m = 0.547

INFO: 

INFO: 

INFO: {Rank = 1 ( 0.695258,0.0595493,-0.542449,0.409104) } 	m = 0.13498

INFO: {Rank = 1 ( 0.411637,0.0779314,-0.363379,0.114492) } 	m = 0.13498

INFO: {Rank = 1 ( 1.13151,-0.137481,0.905828,0.376404) } 	m = 0.547

INFO: 

INFO: 

INFO: {Rank = 1 ( 0.884711,0.0346701,-0.788223,0.376824) } 	m = 0.13498

INFO: {Rank = 1 ( 0.657346,-0.263367,0.516092,0.279591) } 	m = 0.13498

INFO: {Rank = 1 ( 0.696348,0.228696,0.272131,0.243585) } 	m = 0.547

INFO: 

INFO: 
File has 45000 events. Each event has 3 final state particles.

INFO: 

INFO: {Rank = 1 ( 1.11855,0.359022,0.630611,0.840454) } 	m = 0.134979

INFO: {Rank = 1 ( 0.255622,-0.187835,-0.00603172,-0.108649) } 	m = 0.13498

INFO: {Rank = 1 ( 0.864235,-0.171188,-0.624579,0.168195) } 	m = 0.547

INFO: 

INFO: 

INFO: {Rank = 1 ( 0.801062,0.214112,0.290655,0.702251) } 	m = 0.13498

INFO: {Rank = 1 ( 0.74195,-0.226143,-0.692113,0.0459297) } 	m = 0.13498

INFO: {Rank = 1 ( 0.695393,0.0120315,0.401458,0.151819) } 	m = 0.547

INFO: 

INFO: 

INFO: {Rank = 1 ( 0.496833,0.225355,-0.198797,-0.371912) } 	m = 0.13498

INFO: {Rank = 1 ( 0.255013,-0.0377543,-0.210133,-0.0350812) } 	m = 0.13498

INFO: {Rank = 1 ( 1.48656,-0.187601,0.40893,1.30699) } 	m = 0.547

INFO: 

INFO: 

INFO: {Rank = 1 ( 1.00101,0.477393,0.580764,0.646999) } 	m = 0.13498

INFO: {Rank = 1 ( 0.464263,-0.410962,-0.150165,-0.0766908) } 	m = 0.13498

INFO: {Rank = 1 ( 0.773133,-0.0664313,-0.4306,0.329692) } 	m = 0.547

INFO: 

INFO: 

INFO: {Rank = 1 ( 0.524977,0.11189,0.460829,-0.180271) } 	m = 0.13498

INFO: {Rank = 1 ( 0.372914,-0.260326,-0.20399,-0.107066) } 	m = 0.13498

INFO: {Rank = 1 ( 1.34051,0.148437,-0.256839,1.18734) } 	m = 0.547

INFO: 

INFO: 

INFO: {Rank = 1 ( 0.445075,-0.334981,-0.0974529,0.24117) } 	m = 0.13498

INFO: {Rank = 1 ( 0.659975,0.57336,-0.0527404,-0.292958) } 	m = 0.13498

INFO: {Rank = 1 ( 1.13335,-0.238379,0.150193,0.951788) } 	m = 0.547

INFO: 

INFO: 

INFO: {Rank = 1 ( 0.908149,0.830147,0.022449,0.341857) } 	m = 0.13498

INFO: {Rank = 1 ( 0.408432,-0.383789,-0.0107301,-0.0344602) } 	m = 0.13498

INFO: {Rank = 1 ( 0.921824,-0.446358,-0.0117189,0.592603) } 	m = 0.547

INFO: 

INFO: 

INFO: {Rank = 1 ( 0.454618,0.223414,-0.116074,0.353654) } 	m = 0.13498

INFO: {Rank = 1 ( 0.707416,-0.448299,0.443076,-0.291426) } 	m = 0.13498

INFO: {Rank = 1 ( 1.07637,0.224885,-0.327001,0.837772) } 	m = 0.547

INFO: 

INFO: 

INFO: {Rank = 1 ( 0.756354,0.488329,0.142725,0.543153) } 	m = 0.13498

INFO: {Rank = 1 ( 0.429698,0.232218,0.323399,0.0889319) } 	m = 0.13498

INFO: {Rank = 1 ( 1.05235,-0.720547,-0.466125,0.267915) } 	m = 0.547

INFO: 

INFO: 

INFO: {Rank = 1 ( 0.351295,-0.155668,-0.20349,-0.198866) } 	m = 0.13498

INFO: {Rank = 1 ( 1.14357,0.471915,0.532122,0.885257) } 	m = 0.134981

INFO: {Rank = 1 ( 0.743538,-0.316248,-0.328631,0.213609) } 	m = 0.547

INFO: 

INFO: 4vec calculation for event 0
INFO: 4vec all in lab system
 px: 0	 py: 0	 pz: 0.9	 e : 2.2384	 m : 2.0495
INFO: 4vec calculation for event 500
INFO: 4vec calculation for event 1000
INFO: 4vec calculation for event 1500
INFO: 4vec calculation for event 2000
INFO: 4vec calculation for event 2500
INFO: 4vec calculation for event 3000
INFO: 4vec calculation for event 3500
INFO: 4vec calculation for event 4000
INFO: 4vec calculation for event 4500
INFO: 4vec calculation for event 5000
INFO: 4vec calculation for event 5500
INFO: 4vec calculation for event 6000
INFO: 4vec calculation for event 6500
INFO: 4vec calculation for event 7000
INFO: 4vec calculation for event 7500
INFO: 4vec calculation for event 8000
INFO: 4vec calculation for event 8500
INFO: 4vec calculation for event 9000
INFO: 4vec calculation for event 9500
INFO: 4vec calculation for event 10000
INFO: 4vec all in lab system
 px: 0	 py: 0	 pz: 0.9	 e : 2.2384	 m : 2.0495
INFO: 4vec calculation for event 10500
INFO: 4vec calculation for event 11000
INFO: 4vec calculation for event 11500
INFO: 4vec calculation for event 12000
INFO: 4vec calculation for event 12500
INFO: 4vec calculation for event 13000
INFO: 4vec calculation for event 13500
INFO: 4vec calculation for event 14000
INFO: 4vec calculation for event 14500
INFO: 4vec calculation for event 0
INFO: 4vec all in lab system
 px: -1.49012e-08	 py: 3.63216e-08	 pz: 0.9	 e : 2.2384	 m : 2.0495
INFO: 4vec calculation for event 500
INFO: 4vec calculation for event 1000
INFO: 4vec calculation for event 1500
INFO: 4vec calculation for event 2000
INFO: 4vec calculation for event 2500
INFO: 4vec calculation for event 3000
INFO: 4vec calculation for event 3500
INFO: 4vec calculation for event 4000
INFO: 4vec calculation for event 4500
INFO: 4vec calculation for event 5000
INFO: 4vec calculation for event 5500
INFO: 4vec calculation for event 6000
INFO: 4vec calculation for event 6500
INFO: 4vec calculation for event 7000
INFO: 4vec calculation for event 7500
INFO: 4vec calculation for event 8000
INFO: 4vec calculation for event 8500
INFO: 4vec calculation for event 9000
INFO: 4vec calculation for event 9500
INFO: 4vec calculation for event 10000
INFO: 4vec all in lab system
 px: 1.49012e-08	 py: 1.49012e-08	 pz: 0.9	 e : 2.2384	 m : 2.0495
INFO: 4vec calculation for event 10500
INFO: 4vec calculation for event 11000
INFO: 4vec calculation for event 11500
INFO: 4vec calculation for event 12000
INFO: 4vec calculation for event 12500
INFO: 4vec calculation for event 13000
INFO: 4vec calculation for event 13500
INFO: 4vec calculation for event 14000
INFO: 4vec calculation for event 14500
INFO: 4vec calculation for event 15000
INFO: 4vec calculation for event 15500
INFO: 4vec calculation for event 16000
INFO: 4vec calculation for event 16500
INFO: 4vec calculation for event 17000
INFO: 4vec calculation for event 17500
INFO: 4vec calculation for event 18000
INFO: 4vec calculation for event 18500
INFO: 4vec calculation for event 19000
INFO: 4vec calculation for event 19500
INFO: 4vec calculation for event 20000
INFO: 4vec all in lab system
 px: 0	 py: 0	 pz: 0.9	 e : 2.2384	 m : 2.0495
INFO: 4vec calculation for event 20500
INFO: 4vec calculation for event 21000
INFO: 4vec calculation for event 21500
INFO: 4vec calculation for event 22000
INFO: 4vec calculation for event 22500
INFO: 4vec calculation for event 23000
INFO: 4vec calculation for event 23500
INFO: 4vec calculation for event 24000
INFO: 4vec calculation for event 24500
INFO: 4vec calculation for event 25000
INFO: 4vec calculation for event 25500
INFO: 4vec calculation for event 26000
INFO: 4vec calculation for event 26500
INFO: 4vec calculation for event 27000
INFO: 4vec calculation for event 27500
INFO: 4vec calculation for event 28000
INFO: 4vec calculation for event 28500
INFO: 4vec calculation for event 29000
INFO: 4vec calculation for event 29500
INFO: 4vec calculation for event 30000
INFO: 4vec all in lab system
 px: -1.49012e-08	 py: -7.45058e-09	 pz: 0.9	 e : 2.2384	 m : 2.0495
INFO: 4vec calculation for event 30500
INFO: 4vec calculation for event 31000
INFO: 4vec calculation for event 31500
INFO: 4vec calculation for event 32000
INFO: 4vec calculation for event 32500
INFO: 4vec calculation for event 33000
INFO: 4vec calculation for event 33500
INFO: 4vec calculation for event 34000
INFO: 4vec calculation for event 34500
INFO: 4vec calculation for event 35000
INFO: 4vec calculation for event 35500
INFO: 4vec calculation for event 36000
INFO: 4vec calculation for event 36500
INFO: 4vec calculation for event 37000
INFO: 4vec calculation for event 37500
INFO: 4vec calculation for event 38000
INFO: 4vec calculation for event 38500
INFO: 4vec calculation for event 39000
INFO: 4vec calculation for event 39500
INFO: 4vec calculation for event 40000
INFO: 4vec all in lab system
 px: -1.49012e-08	 py: 2.468e-08	 pz: 0.9	 e : 2.2384	 m : 2.0495
INFO: 4vec calculation for event 40500
INFO: 4vec calculation for event 41000
INFO: 4vec calculation for event 41500
INFO: 4vec calculation for event 42000
INFO: 4vec calculation for event 42500
INFO: 4vec calculation for event 43000
INFO: 4vec calculation for event 43500
INFO: 4vec calculation for event 44000
INFO: 4vec calculation for event 44500
INFO: ************* Server mode ****************
INFO: Listening on port 22225
INFO: Waiting for 2 clients ...
INFO: Client farm200 logged in (ID 0).
INFO: Client farm200 logged in (ID 1).
INFO: All clients ready.
INFO: start migrad 
MINUIT: Minimize()
MINUIT: starting Numerical2PGradientCalculator
MINUIT: starting SeedGenerator()
MnSeedGenerator: operator() - var par = 18 mnfcn pointer 0x7fff1ea8c570
INFO: current LH = -2210.678789216907	
Initial gradient calculator - params LAVector parameters:
     -1.209625898414
     -1.209625898414
     -1.209625898414
                   0
     -1.209625898414
     -1.209625898414
     -1.209625898414
     -1.209625898414
     -1.209625898414
     -1.209625898414
     -1.209625898414
                   0
                   0
                   0
                   0
                   0
                   0
                   0

Calculating Gradient at x =   LAVector parameters:
     -1.209625898414
     -1.209625898414
     -1.209625898414
                   0
     -1.209625898414
     -1.209625898414
     -1.209625898414
     -1.209625898414
     -1.209625898414
     -1.209625898414
     -1.209625898414
                   0
                   0
                   0
                   0
                   0
                   0
                   0

INFO: current LH = -2341.024163096846	
INFO: current LH = -2078.673834559315	
INFO: current LH = -2223.793470625718	
INFO: current LH = -2197.547513168294	
INFO: current LH = -2233.104315785937	
INFO: current LH = -2190.141477301367	
INFO: current LH = -2212.834365499139	
INFO: current LH = -2208.541727449197	
INFO: current LH = -2394.214081319384	
INFO: current LH = -2024.043559836783	
INFO: current LH = -2229.211801775971	
INFO: current LH = -2192.11436269029	
INFO: current LH = -2216.978446878839	
INFO: current LH = -2204.866931456664	
INFO: current LH = -2211.286896343819	
INFO: current LH = -2210.075570417884	
INFO: current LH = -2243.993843565191	
INFO: current LH = -2177.30765488158	
INFO: current LH = -2215.252034562924	
INFO: Wall time: 14.9624s User: 0.4s System: 0.05s

INFO: current LH = -2206.104500637221	
INFO: current LH = -2221.847114024506	
INFO: current LH = -2201.4503571372	
INFO: current LH = -2211.7073270477	
INFO: current LH = -2209.66965314419	
INFO: current LH = -2216.088947193236	
INFO: current LH = -2204.876226557955	
INFO: current LH = -2211.238423121449	
INFO: current LH = -2210.115243581197	
INFO: current LH = -2198.58333947887	
INFO: current LH = -2221.990474344379	
INFO: current LH = -2209.505529109671	
INFO: current LH = -2211.844218104097	
INFO: current LH = -2228.16222338642	
INFO: current LH = -2196.454929532246	
INFO: current LH = -2212.280646319989	
INFO: current LH = -2209.109189197411	
INFO: current LH = -2298.759919191307	
INFO: current LH = -2122.014597337726	
INFO: current LH = -2219.516927606653	
INFO: Wall time: 6.54988s User: 0s System: 0s

INFO: current LH = -2201.834832926961	
INFO: current LH = -2263.552536172485	
INFO: current LH = -2159.113920345632	
INFO: current LH = -2215.906982446836	
INFO: current LH = -2205.463713696517	
INFO: current LH = -2210.311357234289	
INFO: current LH = -2211.010473636798	
INFO: current LH = -2210.618234894217	
INFO: current LH = -2210.738299556859	
INFO: current LH = -2208.705215552154	
INFO: current LH = -2212.819026398509	
INFO: current LH = -2210.473925099327	
INFO: current LH = -2210.885329710403	
INFO: current LH = -2210.767551957877	
INFO: current LH = -2210.645561697655	
INFO: current LH = -2210.68772690703	
INFO: current LH = -2210.670914093911	
INFO: current LH = -2209.536340220666	
INFO: current LH = -2211.916841633142	
INFO: current LH = -2210.554320212388	
INFO: Wall time: 5.69712s User: 0.01s System: 0.01s

INFO: current LH = -2210.80432083389	
INFO: current LH = -2213.392054284003	
INFO: current LH = -2208.343534724187	
INFO: current LH = -2210.933175674693	
INFO: current LH = -2210.428186267651	
INFO: current LH = -2209.018736257833	
INFO: current LH = -2212.294879030464	
INFO: current LH = -2210.424591378562	
INFO: current LH = -2210.931948839334	
INFO: current LH = -2212.529921990357	
INFO: current LH = -2208.927569757511	
INFO: current LH = -2210.864371855801	
INFO: current LH = -2210.494277386633	
Gradient =   LAVector parameters:
     -15796.88648443
     -2583.648019078
     -22328.16368197
     -621.7457020059
     -4015.319266305
     -1226.432809633
     -676.0180011635
      1407.607424011
     -1908.832940725
     -10642.47867181
      -6285.58250324
      35.88337034494
      211.1645125771
     -6.262957212145
      122.1891395355
     -259.1994331706
      168.1563353709
     -184.9179546116

MINUIT Seed generator at NegativeG2LineSearch
MnSeedGenerator: Negative G2 Found: 
LAVector parameters:
     -1.209625898414
     -1.209625898414
     -1.209625898414
                   0
     -1.209625898414
     -1.209625898414
     -1.209625898414
     -1.209625898414
     -1.209625898414
     -1.209625898414
     -1.209625898414
                   0
                   0
                   0
                   0
                   0
                   0
                   0

LAVector parameters:
     -15796.88648443
     -2583.648019078
     -22328.16368197
     -621.7457020059
     -4015.319266305
     -1226.432809633
     -676.0180011635
      1407.607424011
     -1908.832940725
     -10642.47867181
      -6285.58250324
      35.88337034494
      211.1645125771
     -6.262957212145
      122.1891395355
     -259.1994331706
      168.1563353709
     -184.9179546116

LAVector parameters:
      24046.17343131
     -26828.13441676
      45519.86189381
     -5151.383454496
      804.0326662123
     -28113.77921945
      5668.225836135
      11347.69284884
     -46741.56448094
      8430.326833813
     -19007.98826488
      373.0004486398
     -1766.586726124
      -589.786035466
     -1015.355051238
     -3987.110457278
      456.1902938261
     -1069.312939875

negative G2 - iter 0 param 0   -1.20963  grad2 24046.2 grad -15796.9 grad step 0.000830732 step size 0
negative G2 - iter 0 param 1   -1.20963  grad2 -26828.1 grad -2583.65 grad step 0.000830732 step size 0
step(i) 0.000830732 gdel -2.14632
gdel= -2.14632
step= LAVector parameters:
                   0
  0.0008307319763074
                   0
                   0
                   0
                   0
                   0
                   0
                   0
                   0
                   0
                   0
                   0
                   0
                   0
                   0
                   0
                   0

INFO: current LH = -2212.834368947078	
flast, f0= -2212.83, -2210.68
flast-f0= -2.15558
slam= 1
denom= -0.0185214
new slam= -115.883
slam is negative- set to   5
INFO: current LH = -2221.644683868607	
after initial 2-point iter: 
x0, x1, x2= 0, 1, 5
f0, f1, f2= -2210.68, -2212.83, -2221.64

LS Iteration 3
x0, x1, x2= 0, 1, 5
f0, f1, f2= -2210.68, -2212.83, -2221.64
slamax = 10
p2-p0,p1: -10.9659, -8.81031
a, b, c= -0.0093998 -2.14618 -2210.68
xvmin = 5 slopem -2.24018 slam 15
 slam= 15 undral -100 overal 1000
 iterate on f3- slam  3 slam = 15 xvmin 5
INFO: current LH = -2245.127019154703	
f3= -2245.13
f3-p(2-0).Y()= -23.4823 -32.2927 -34.4482
 f3 -2245.13 fvmin -2221.64 xvmin 5

LS Iteration 4
x0, x1, x2= 15, 1, 5
f0, f1, f2= -2245.13, -2212.83, -2221.64
slamax = 30
p2-p0,p1: 23.4823, -8.81031
a, b, c= -0.0104039 -2.14016 -2210.68
xvmin = 15 slopem -2.45227 slam 45
 slam= 45 undral -100 overal 1000
 iterate on f3- slam  4 slam = 45 xvmin 15
INFO: current LH = -2331.947717325026	
f3= -2331.95
f3-p(2-0).Y()= -110.303 -119.113 -86.8207
 f3 -2331.95 fvmin -2245.13 xvmin 15

LS Iteration 5
x0, x1, x2= 15, 45, 5
f0, f1, f2= -2245.13, -2331.95, -2221.64
slamax = 90
p2-p0,p1: 23.4823, 110.303
a, b, c= -0.0136447 -2.07534 -2210.93
xvmin = 45 slopem -3.30337 slam 135
 slam= 135 undral -100 overal 1000
 iterate on f3- slam  5 slam = 135 xvmin 45
INFO: current LH = -2523.427011769241	
f3= -2523.43
f3-p(2-0).Y()= -301.782 -191.479 -278.3
 f3 -2523.43 fvmin -2331.95 xvmin 45

LS Iteration 6
x0, x1, x2= 15, 45, 135
f0, f1, f2= -2245.13, -2331.95, -2523.43
slamax = 270
p2-p0,p1: -278.3, -191.479
a, b, c= 0.0063873 -3.27726 -2197.41
 slam= 256.545 undral -100 overal 1000
 iterate on f3- slam  6 slam = 256.545 xvmin 135
INFO: current LH = -798.9060246658346	
f3= -798.906
f3-p(2-0).Y()= 1724.52 1533.04 1446.22
f3 worse than all three previous
new slam= 195.773
 iterate on f3- slam  7 slam = 195.773 xvmin 135
INFO: current LH = -2170.431783607552	
INFO: Wall time: 5.73233s User: 0s System: 0s

f3= -2170.43
f3-p(2-0).Y()= 352.995 161.516 74.6952
f3 worse than all three previous
new slam= 165.386
 iterate on f3- slam  8 slam = 165.386 xvmin 135
INFO: current LH = -2431.629711354641	
f3= -2431.63
f3-p(2-0).Y()= 91.7973 -99.682 -186.503
 f3 -2431.63 fvmin -2523.43 xvmin 135

LS Iteration 9
x0, x1, x2= 165.386, 45, 135
f0, f1, f2= -2431.63, -2331.95, -2523.43
slamax = 270
p2-p0,p1: -91.7973, -191.479
a, b, c= 0.042767 -9.8256 -1976.4
 slam= 114.874 undral -100 overal 165.336
 iterate on f3- slam  9 slam = 114.874 xvmin 135
INFO: current LH = -2520.66206880689	
f3= -2520.66
f3-p(2-0).Y()= 2.76494 -188.714 -89.0324
 f3 -2520.66 fvmin -2523.43 xvmin 135

LS Iteration 10
x0, x1, x2= 165.386, 114.874, 135
f0, f1, f2= -2431.63, -2520.66, -2523.43
slamax = 270
p2-p0,p1: -91.7973, -2.76494
a, b, c= 0.0625268 -15.7612 -1535.22
 slam= 126.035 undral 114.924 overal 165.336
 iterate on f3- slam  10 slam = 126.035 xvmin 135
INFO: current LH = -2527.236352722047	
f3= -2527.24
f3-p(2-0).Y()= -3.80934 -6.57428 -95.6066
 f3 -2527.24 fvmin -2523.43 xvmin 135

LS Iteration 11
x0, x1, x2= 126.035, 114.874, 135
f0, f1, f2= -2527.24, -2520.66, -2523.43
slamax = 270
p2-p0,p1: 3.80934, -2.76494
a, b, c= 0.0503788 -12.7257 -1723.61
 slam= 126.3 undral 114.924 overal 165.336
 iterate on f3- slam  11 slam = 126.3 xvmin 126.035

Line search result 126.035 f(0)  -2210.68 f(1) -2527.24
Calculating Gradient at x =   LAVector parameters:
     -1.209625898414
     -1.104924232203
     -1.209625898414
                   0
     -1.209625898414
     -1.209625898414
     -1.209625898414
     -1.209625898414
     -1.209625898414
     -1.209625898414
     -1.209625898414
                   0
                   0
                   0
                   0
                   0
                   0
                   0

INFO: current LH = -2530.285451825565	
INFO: current LH = -2524.186677884728	
INFO: current LH = -2531.647921430395	
INFO: current LH = -2522.823578694111	
INFO: current LH = -2527.247217298728	
INFO: current LH = -2527.218849812531	
INFO: current LH = -2527.241795567869	
INFO: current LH = -2527.229704557942	
INFO: current LH = -2529.159184874206	
INFO: current LH = -2525.309493673438	
INFO: current LH = -2528.288831571037	
INFO: current LH = -2526.182668554859	
INFO: current LH = -2527.479752227987	
INFO: current LH = -2526.994043505442	
INFO: current LH = -2531.795702325499	
INFO: current LH = -2522.679101037088	
INFO: current LH = -2530.692061553924	
INFO: Wall time: 2.61645s User: 0.01s System: 0.01s

INFO: current LH = -2523.781849812982	
INFO: current LH = -2527.982592952065	
INFO: current LH = -2526.491067857317	
INFO: current LH = -2525.676264046812	
INFO: current LH = -2528.785763192199	
INFO: current LH = -2526.713400805657	
INFO: current LH = -2527.758098128023	
INFO: current LH = -2526.211974001817	
INFO: current LH = -2528.257422223959	
INFO: current LH = -2526.61852101166	
INFO: current LH = -2527.852978261931	
INFO: current LH = -2526.887901060104	
INFO: current LH = -2527.584371448256	
INFO: current LH = -2526.654706108167	
INFO: current LH = -2527.816800494535	
INFO: current LH = -2529.999207533289	
INFO: current LH = -2524.473575139452	
INFO: current LH = -2538.151455527067	
INFO: current LH = -2516.32241398918	
INFO: current LH = -2527.716854931929	
INFO: Wall time: 6.35306s User: 0s System: 0s

INFO: current LH = -2526.755509405564	
INFO: current LH = -2528.139300912494	
INFO: current LH = -2526.33218880277	
INFO: current LH = -2527.225472815571	
INFO: current LH = -2527.246048215176	
INFO: current LH = -2527.004107336467	
INFO: current LH = -2527.470711738129	
INFO: current LH = -2527.06077551115	
INFO: current LH = -2527.413134891714	
INFO: current LH = -2527.65512958171	
INFO: current LH = -2526.819481068616	
INFO: current LH = -2527.175433152483	
INFO: current LH = -2527.299081271112	
INFO: current LH = -2527.171982614952	
INFO: current LH = -2527.301526895782	
INFO: current LH = -2527.142328778185	
INFO: current LH = -2527.329396124824	
INFO: current LH = -2527.553863065995	
INFO: current LH = -2526.919266104728	
INFO: current LH = -2527.772102150099	
INFO: Wall time: 6.20553s User: 0s System: 0.01s

INFO: current LH = -2526.701801025616	
Gradient =   LAVector parameters:
     -13620.22819866
      -66.9353389225
     -11828.93998736
     -502.0614954645
     -3722.980387651
     -3601.714231575
      3371.563345475
      3138.056016883
      2168.567189014
     -7306.585966522
     -1908.826229166
      5.722977370252
       282.446368044
      -292.273849258
      56.74342588824
      117.8057396935
      57.54267975746
     -298.8611200062

Line search - iter0 param 1   -1.10492 step 0.104702 new grad2 147757 new grad -66.9353 grad step 9.03186e-05
negative G2 - iter 1 param 0   -1.20963  grad2 11485.9 grad -13620.2 grad step 0.000323943 step size 0
negative G2 - iter 1 param 1   -1.10492  grad2 147757 grad -66.9353 grad step 9.03186e-05 step size 0
negative G2 - iter 1 param 2   -1.20963  grad2 152079 grad -11828.9 grad step 8.90259e-05 step size 0
negative G2 - iter 1 param 3   0  grad2 -4659.76 grad -502.061 grad step 0.000483714 step size 0
step(i) 0.000483714 gdel -0.242854
gdel= -0.242854
step= LAVector parameters:
                   0
                   0
                   0
  0.0004837143725747
                   0
                   0
                   0
                   0
                   0
                   0
                   0
                   0
                   0
                   0
                   0
                   0
                   0
                   0

INFO: current LH = -2527.479754283314	
flast, f0= -2527.48, -2527.24
flast-f0= -0.243402
slam= 1
denom= -0.0010944
new slam= -221.906
slam is negative- set to   5
INFO: current LH = -2528.464256337881	
after initial 2-point iter: 
x0, x1, x2= 0, 1, 5
f0, f1, f2= -2527.24, -2527.48, -2528.46

LS Iteration 3
x0, x1, x2= 0, 1, 5
f0, f1, f2= -2527.24, -2527.48, -2528.46
slamax = 10
p2-p0,p1: -1.2279, -0.984502
a, b, c= -0.00054479 -0.242857 -2527.24
xvmin = 5 slopem -0.248305 slam 15
 slam= 15 undral -100 overal 1000
 iterate on f3- slam  3 slam = 15 xvmin 5
INFO: current LH = -2531.001909168744	
f3= -2531
f3-p(2-0).Y()= -2.53765 -3.52215 -3.76556
 f3 -2531 fvmin -2528.46 xvmin 5

LS Iteration 4
x0, x1, x2= 15, 1, 5
f0, f1, f2= -2531, -2527.48, -2528.46
slamax = 30
p2-p0,p1: 2.53765, -0.984502
a, b, c= -0.000545698 -0.242851 -2527.24
xvmin = 15 slopem -0.259222 slam 45
 slam= 45 undral -100 overal 1000
 iterate on f3- slam  4 slam = 45 xvmin 15
INFO: current LH = -2539.27048355797	
f3= -2539.27
f3-p(2-0).Y()= -10.8062 -11.7907 -8.26857
 f3 -2539.27 fvmin -2531 xvmin 15

LS Iteration 5
x0, x1, x2= 15, 45, 5
f0, f1, f2= -2531, -2539.27, -2528.46
slamax = 90
p2-p0,p1: 2.53765, 10.8062
a, b, c= -0.000546347 -0.242838 -2527.24
xvmin = 45 slopem -0.29201 slam 135
 slam= 135 undral -100 overal 1000
 iterate on f3- slam  5 slam = 135 xvmin 45
INFO: current LH = -2569.961556665688	
f3= -2569.96
f3-p(2-0).Y()= -41.4973 -30.6911 -38.9596
 f3 -2569.96 fvmin -2539.27 xvmin 45

LS Iteration 6
x0, x1, x2= 15, 45, 135
f0, f1, f2= -2531, -2539.27, -2569.96
slamax = 270
p2-p0,p1: -38.9596, -30.6911
a, b, c= -0.00054494 -0.242923 -2527.24
xvmin = 135 slopem -0.390057 slam 405
 slam= 405 undral -100 overal 1000
 iterate on f3- slam  6 slam = 405 xvmin 135
INFO: current LH = -2711.591424529282	
f3= -2711.59
f3-p(2-0).Y()= -141.63 -172.321 -180.59
 f3 -2711.59 fvmin -2569.96 xvmin 135

LS Iteration 7
x0, x1, x2= 405, 45, 135
f0, f1, f2= -2711.59, -2539.27, -2569.96
slamax = 810
p2-p0,p1: 141.63, -30.6911
a, b, c= -0.000509842 -0.24924 -2527.02
xvmin = 405 slopem -0.662212 slam 1215
 slam= 1000 undral -100 overal 1000
 iterate on f3- slam  7 slam = 1000 xvmin 405
INFO: current LH = -3193.179878835202	
f3= -3193.18
f3-p(2-0).Y()= -623.218 -653.909 -481.588
 f3 -3193.18 fvmin -2711.59 xvmin 405

LS Iteration 8
x0, x1, x2= 405, 1000, 135
f0, f1, f2= -2711.59, -3193.18, -2569.96
slamax = 2000
p2-p0,p1: 141.63, 623.218
a, b, c= -0.000329292 -0.346738 -2517.15
xvmin = 1000 slopem -1.00532 slam 3000
 slam= 1000 undral -100 overal 1000
 iterate on f3- slam  8 slam = 1000 xvmin 1000

Line search result 1000 f(0)  -2527.24 f(1) -3193.18
Calculating Gradient at x =   LAVector parameters:
     -1.209625898414
     -1.104924232203
     -1.209625898414
     0.4837143725747
     -1.209625898414
     -1.209625898414
     -1.209625898414
     -1.209625898414
     -1.209625898414
     -1.209625898414
     -1.209625898414
                   0
                   0
                   0
                   0
                   0
                   0
                   0

INFO: current LH = -3197.550466882707	
INFO: current LH = -3188.807726405636	
INFO: current LH = -3193.003807918335	
INFO: current LH = -3193.354281249289	
INFO: current LH = -3194.595906317904	
INFO: current LH = -3191.761975173559	
INFO: current LH = -3194.238460952523	
INFO: current LH = -3192.121363335969	
INFO: current LH = -3198.241717692765	
INFO: current LH = -3188.119562988557	
INFO: current LH = -3196.236576282259	
INFO: current LH = -3190.122430708884	
INFO: Wall time: 3.43249s User: 0.01s System: 0s

INFO: current LH = -3194.050416979289	
INFO: current LH = -3192.31039714688	
INFO: current LH = -3192.343923309979	
INFO: current LH = -3194.014157906914	
INFO: current LH = -3192.635717253212	
INFO: current LH = -3193.72233650823	
INFO: current LH = -3193.259610591534	
INFO: current LH = -3193.099842661398	
INFO: current LH = -3193.357794544477	
INFO: current LH = -3193.000453230538	
INFO: current LH = -3204.541742219379	
INFO: current LH = -3181.795452356371	
INFO: current LH = -3196.133894327512	
INFO: current LH = -3190.224344253763	
INFO: current LH = -3194.780501038008	
INFO: current LH = -3191.579350200721	
INFO: current LH = -3199.637617402147	
INFO: current LH = -3186.723603003482	
INFO: current LH = -3193.149970097927	
INFO: current LH = -3193.208400544043	
INFO: Wall time: 6.94406s User: 0s System: 0.01s

INFO: current LH = -3192.551962076282	
INFO: current LH = -3193.808635076223	
INFO: current LH = -3193.45501204559	
INFO: current LH = -3192.905963244903	
INFO: current LH = -3192.772228853643	
INFO: current LH = -3193.588115550825	
INFO: current LH = -3192.523424164483	
INFO: current LH = -3193.837860380349	
INFO: current LH = -3193.760873187006	
INFO: current LH = -3192.599129842075	
INFO: current LH = -3194.627785584149	
INFO: current LH = -3191.733511467111	
INFO: current LH = -3193.232763582683	
INFO: current LH = -3193.124318193837	
INFO: current LH = -3193.220023942531	
INFO: current LH = -3193.138212991511	
INFO: current LH = -3194.383554846087	
INFO: current LH = -3191.974274134215	
Gradient =   LAVector parameters:
     -12005.21629547
       1726.10814028
     -14160.00026199
     -1851.652612444
     -2931.326682363
     -3328.027297694
      4797.921290522
      2458.304352477
     -264.5263248161
     -6656.750064833
     -3021.092038238
      14.33289311974
       896.040828409
     -214.7917151919
      408.0783548725
     -767.6674582656
     -26.76759847465
     -596.6228374528

Line search - iter1 param 3   0.483714 step 0.483714 new grad2 -203.862 new grad -1851.65 grad step 0.00273328
negative G2 - iter 2 param 0   -1.20963  grad2 11799.1 grad -12005.2 grad step 0.000364123 step size 0
negative G2 - iter 2 param 1   -1.10492  grad2 161887 grad 1726.11 grad step 0.000101521 step size 0
negative G2 - iter 2 param 2   -1.20963  grad2 187362 grad -14160 grad step 0.000100068 step size 0
negative G2 - iter 2 param 3   0.483714  grad2 -203.862 grad -1851.65 grad step 0.00273328 step size 0
step(i) 0.00273328 gdel -5.06108
gdel= -5.06108
step= LAVector parameters:
                   0
                   0
                   0
   0.002733275841317
                   0
                   0
                   0
                   0
                   0
                   0
                   0
                   0
                   0
                   0
                   0
                   0
                   0
                   0

INFO: current LH = -3198.241719607135	
flast, f0= -3198.24, -3193.18
flast-f0= -5.06184
slam= 1
denom= -0.00152684
new slam= -3314.74
slam is negative- set to   5
INFO: current LH = -3218.500648262469	
INFO: Wall time: 6.99714s User: 0.01s System: 0s

after initial 2-point iter: 
x0, x1, x2= 0, 1, 5
f0, f1, f2= -3193.18, -3198.24, -3218.5

LS Iteration 3
x0, x1, x2= 0, 1, 5
f0, f1, f2= -3193.18, -3198.24, -3218.5
slamax = 10
p2-p0,p1: -25.3208, -20.2589
a, b, c= -0.000578278 -5.06126 -3193.18
xvmin = 5 slopem -5.06705 slam 15
 slam= 15 undral -100 overal 1000
 iterate on f3- slam  3 slam = 15 xvmin 5
INFO: current LH = -3269.167589516323	
f3= -3269.17
f3-p(2-0).Y()= -50.6669 -70.9259 -75.9877
 f3 -3269.17 fvmin -3218.5 xvmin 5

LS Iteration 4
x0, x1, x2= 15, 1, 5
f0, f1, f2= -3269.17, -3198.24, -3218.5
slamax = 30
p2-p0,p1: 50.6669, -20.2589
a, b, c= -0.00014014 -5.06389 -3193.18
xvmin = 15 slopem -5.0681 slam 45
 slam= 45 undral -100 overal 1000
 iterate on f3- slam  4 slam = 45 xvmin 15
INFO: current LH = -3419.96732220828	
f3= -3419.97
f3-p(2-0).Y()= -201.467 -221.726 -150.8
 f3 -3419.97 fvmin -3269.17 xvmin 15

LS Iteration 5
x0, x1, x2= 15, 45, 5
f0, f1, f2= -3269.17, -3419.97, -3218.5
slamax = 90
p2-p0,p1: 50.6669, 201.467
a, b, c= 0.00100091 -5.08671 -3193.09
 slam= 135 undral -100 overal 1000
 iterate on f3- slam  5 slam = 135 xvmin 45
INFO: current LH = -3835.375389863814	
f3= -3835.38
f3-p(2-0).Y()= -616.875 -415.408 -566.208
 f3 -3835.38 fvmin -3419.97 xvmin 45

LS Iteration 6
x0, x1, x2= 15, 45, 135
f0, f1, f2= -3269.17, -3419.97, -3835.38
slamax = 270
p2-p0,p1: -566.208, -415.408
a, b, c= 0.0034251 -5.23216 -3191.46
 slam= 405 undral -100 overal 1000
 iterate on f3- slam  6 slam = 405 xvmin 135
INFO: current LH = -4446.962943994416	
f3= -4446.96
f3-p(2-0).Y()= -611.588 -1027 -1177.8
 f3 -4446.96 fvmin -3835.38 xvmin 135

LS Iteration 7
x0, x1, x2= 405, 45, 135
f0, f1, f2= -4446.96, -3419.97, -3835.38
slamax = 810
p2-p0,p1: 611.588, -415.408
a, b, c= 0.00652918 -5.7909 -3172.6
 slam= 443.463 undral -100 overal 1000
 iterate on f3- slam  7 slam = 443.463 xvmin 405
INFO: current LH = -4448.948445015715	
f3= -4448.95
f3-p(2-0).Y()= -613.573 -1028.98 -1.9855
 f3 -4448.95 fvmin -4446.96 xvmin 405

LS Iteration 8
x0, x1, x2= 405, 443.463, 135
f0, f1, f2= -4446.96, -4448.95, -3835.38
slamax = 886.925
p2-p0,p1: 611.588, 613.573
a, b, c= 0.00717597 -6.14016 -3137.24
 slam= 427.828 undral -100 overal 1000
 iterate on f3- slam  8 slam = 427.828 xvmin 443.463

Line search result 443.463 f(0)  -3193.18 f(1) -4448.95
Calculating Gradient at x =   LAVector parameters:
     -1.209625898414
     -1.104924232203
     -1.209625898414
      1.695820141231
     -1.209625898414
     -1.209625898414
     -1.209625898414
     -1.209625898414
     -1.209625898414
     -1.209625898414
     -1.209625898414
                   0
                   0
                   0
                   0
                   0
                   0
                   0

INFO: current LH = -4453.046094950639	
INFO: current LH = -4444.847943890886	
INFO: current LH = -4448.542604968531	
INFO: current LH = -4449.351525145928	
INFO: current LH = -4450.658275816002	
INFO: current LH = -4447.235472840038	
INFO: current LH = -4448.697965540293	
INFO: current LH = -4449.180714198923	
INFO: current LH = -4448.864993247433	
INFO: current LH = -4449.029775120503	
INFO: current LH = -4452.509405070321	
INFO: current LH = -4445.374524094492	
INFO: current LH = -4450.390794535128	
INFO: current LH = -4447.503974201412	
INFO: current LH = -4450.402170766591	
INFO: Wall time: 3.08568s User: 0s System: 0.01s

INFO: current LH = -4447.497088823156	
INFO: current LH = -4447.946725650205	
INFO: current LH = -4449.948252670066	
INFO: current LH = -4448.477229540609	
INFO: current LH = -4449.417469500123	
INFO: current LH = -4450.723185883363	
INFO: current LH = -4447.169829722109	
INFO: current LH = -4450.26214424209	
INFO: current LH = -4447.632624890193	
INFO: current LH = -4452.012186181039	
INFO: current LH = -4445.880973592037	
INFO: current LH = -4451.259372975279	
INFO: current LH = -4446.635396015134	
INFO: current LH = -4455.855008523631	
INFO: current LH = -4442.01294750835	
INFO: current LH = -4450.82167067334	
INFO: current LH = -4447.073098970974	
INFO: current LH = -4448.873255372857	
INFO: current LH = -4449.021808851669	
INFO: current LH = -4448.875010697093	
INFO: Wall time: 7.31768s User: 0.01s System: 0s

INFO: current LH = -4449.022298402802	
INFO: current LH = -4448.783780443734	
INFO: current LH = -4449.115194005035	
INFO: current LH = -4449.255678591782	
INFO: current LH = -4448.641823237305	
INFO: current LH = -4449.521070484919	
INFO: current LH = -4448.377937289795	
INFO: current LH = -4449.322610686146	
INFO: current LH = -4448.572969418288	
INFO: current LH = -4449.207550604749	
INFO: current LH = -4448.685403775903	
INFO: current LH = -4449.13907199074	
INFO: current LH = -4448.755697061392	
INFO: current LH = -4448.427951283478	
INFO: current LH = -4449.466358567774	
INFO: current LH = -4448.577842403573	
INFO: current LH = -4449.31476120484	
INFO: current LH = -4448.688156998851	
INFO: current LH = -4449.206611669043	
Gradient =   LAVector parameters:
     -9666.552418347
      3533.003153783
     -16082.54823141
      74.82208459231
     -2034.774213277
     -3920.835260765
      5110.868705805
      1906.259483575
     -2219.028515761
     -5843.974694856
     -2688.929823507
      29.46334384903
      66.06139990052
      -181.922731873
     -197.4336000267
     -117.9674693346
      287.6434734525
       173.990587557

Line search - iter2 param 3   1.69582 step 1.21211 new grad2 1749.75 new grad 74.8221 grad step 0.00110116
negative G2 - iter 3 param 0   -1.20963  grad2 15856.1 grad -9666.55 grad step 0.000424047 step size 0
negative G2 - iter 3 param 1   -1.10492  grad2 210588 grad 3533 grad step 0.000114481 step size 0
negative G2 - iter 3 param 2   -1.20963  grad2 277412 grad -16082.5 grad step 0.000106414 step size 0
negative G2 - iter 3 param 3   1.69582  grad2 1749.75 grad 74.8221 grad step 0.00110116 step size 0
negative G2 - iter 3 param 4   -1.20963  grad2 4215.55 grad -2034.77 grad step 0.000709371 step size 0
negative G2 - iter 3 param 5   -1.20963  grad2 -17265 grad -3920.84 grad step 0.000370467 step size 0
step(i) 0.000370467 gdel -1.45254
gdel= -1.45254
step= LAVector parameters:
                   0
                   0
                   0
                   0
                   0
  0.0003704672283105
                   0
                   0
                   0
                   0
                   0
                   0
                   0
                   0
                   0
                   0
                   0
                   0

INFO: current LH = -4450.402170889383	
INFO: Wall time: 7.09615s User: 0s System: 0s

flast, f0= -4450.4, -4448.95
flast-f0= -1.45373
slam= 1
denom= -0.0023698
new slam= -612.937
slam is negative- set to   5
INFO: current LH = -4456.239450268645	
after initial 2-point iter: 
x0, x1, x2= 0, 1, 5
f0, f1, f2= -4448.95, -4450.4, -4456.24

LS Iteration 3
x0, x1, x2= 0, 1, 5
f0, f1, f2= -4448.95, -4450.4, -4456.24
slamax = 10
p2-p0,p1: -7.29101, -5.83728
a, b, c= -0.00111879 -1.45261 -4448.95
xvmin = 5 slopem -1.4638 slam 15
 slam= 15 undral -100 overal 1000
 iterate on f3- slam  3 slam = 15 xvmin 5
INFO: current LH = -4470.967556832743	
f3= -4470.97
f3-p(2-0).Y()= -14.7281 -20.5654 -22.0191
 f3 -4470.97 fvmin -4456.24 xvmin 5

LS Iteration 4
x0, x1, x2= 15, 1, 5
f0, f1, f2= -4470.97, -4450.4, -4456.24
slamax = 30
p2-p0,p1: 14.7281, -5.83728
a, b, c= -0.000963629 -1.45354 -4448.95
xvmin = 15 slopem -1.48245 slam 45
 slam= 45 undral -100 overal 1000
 iterate on f3- slam  4 slam = 45 xvmin 15
INFO: current LH = -4515.709989562125	
f3= -4515.71
f3-p(2-0).Y()= -59.4705 -65.3078 -44.7424
 f3 -4515.71 fvmin -4470.97 xvmin 15

LS Iteration 5
x0, x1, x2= 15, 45, 5
f0, f1, f2= -4470.97, -4515.71, -4456.24
slamax = 90
p2-p0,p1: 14.7281, 59.4705
a, b, c= -0.000465094 -1.46351 -4448.91
xvmin = 45 slopem -1.50537 slam 135
 slam= 135 undral -100 overal 1000
 iterate on f3- slam  5 slam = 135 xvmin 45
INFO: current LH = -4635.458454335933	
f3= -4635.46
f3-p(2-0).Y()= -179.219 -119.748 -164.491
 f3 -4635.46 fvmin -4515.71 xvmin 45

LS Iteration 6
x0, x1, x2= 15, 45, 135
f0, f1, f2= -4470.97, -4515.71, -4635.46
slamax = 270
p2-p0,p1: -164.491, -119.748
a, b, c= 0.00134063 -1.57185 -4447.69
 slam= 405 undral -100 overal 1000
 iterate on f3- slam  6 slam = 405 xvmin 135
INFO: current LH = -4078.704925727302	
f3= -4078.7
f3-p(2-0).Y()= 556.754 437.005 392.263
f3 worse than all three previous
new slam= 270
 iterate on f3- slam  7 slam = 270 xvmin 135
INFO: current LH = -4632.064748893788	
f3= -4632.06
f3-p(2-0).Y()= 3.39371 -116.355 -161.097
 f3 -4632.06 fvmin -4635.46 xvmin 135

LS Iteration 8
x0, x1, x2= 270, 45, 135
f0, f1, f2= -4632.06, -4515.71, -4635.46
slamax = 270
p2-p0,p1: -3.39371, -119.748
a, b, c= 0.00602523 -2.41508 -4419.23
 slam= 200.414 undral -100 overal 269.95
 iterate on f3- slam  8 slam = 200.414 xvmin 135
INFO: current LH = -4676.351675736103	
f3= -4676.35
f3-p(2-0).Y()= -40.8932 -160.642 -44.2869
 f3 -4676.35 fvmin -4635.46 xvmin 135

LS Iteration 9
x0, x1, x2= 270, 200.414, 135
f0, f1, f2= -4632.06, -4676.35, -4635.46
slamax = 400.828
p2-p0,p1: -3.39371, 40.8932
a, b, c= 0.00934503 -3.7596 -4298.23
 slam= 201.155 undral -100 overal 269.95
 iterate on f3- slam  9 slam = 201.155 xvmin 200.414

Line search result 200.414 f(0)  -4448.95 f(1) -4676.35
Calculating Gradient at x =   LAVector parameters:
     -1.209625898414
     -1.104924232203
     -1.209625898414
      1.695820141231
     -1.209625898414
     -1.135379119088
     -1.209625898414
     -1.209625898414
     -1.209625898414
     -1.209625898414
     -1.209625898414
                   0
                   0
                   0
                   0
                   0
                   0
                   0

INFO: current LH = -4678.44952249931	
INFO: current LH = -4674.251477835568	
INFO: current LH = -4675.220629834693	
INFO: current LH = -4677.478533457735	
INFO: current LH = -4675.526756757741	
INFO: current LH = -4677.174366667743	
INFO: current LH = -4677.175104768196	
INFO: current LH = -4675.525661710568	
INFO: current LH = -4676.24270454555	
INFO: current LH = -4676.458231770563	
INFO: current LH = -4677.275514210674	
INFO: current LH = -4675.424464335532	
INFO: current LH = -4676.462034157052	
INFO: Wall time: 3.83605s User: 0.01s System: 0.01s

INFO: current LH = -4676.224064154411	
INFO: current LH = -4676.393345366313	
INFO: current LH = -4676.307775986944	
INFO: current LH = -4675.026249607937	
INFO: current LH = -4677.674214937482	
INFO: current LH = -4675.756512498798	
INFO: current LH = -4676.94366249885	
INFO: current LH = -4676.562689503799	
INFO: current LH = -4676.131915168318	
INFO: current LH = -4676.45932575729	
INFO: current LH = -4676.241798575956	
INFO: current LH = -4677.908401932904	
INFO: current LH = -4674.791124808206	
INFO: current LH = -4677.540727682517	
INFO: current LH = -4675.160396178399	
INFO: current LH = -4677.420275442239	
INFO: current LH = -4675.276513433209	
INFO: current LH = -4676.975410267926	
INFO: current LH = -4675.725714551269	
INFO: current LH = -4676.342474207534	
INFO: Wall time: 6.76309s User: 0s System: 0s

INFO: current LH = -4676.359382370009	
INFO: current LH = -4675.989380551347	
INFO: current LH = -4676.708889097154	
INFO: current LH = -4676.112242941485	
INFO: current LH = -4676.588878350944	
INFO: current LH = -4676.942162406976	
INFO: current LH = -4675.762154680582	
INFO: current LH = -4676.893838890601	
INFO: current LH = -4675.80584141375	
INFO: current LH = -4676.29890390758	
INFO: current LH = -4676.401949653145	
INFO: current LH = -4676.014018368511	
INFO: current LH = -4676.687572854182	
INFO: current LH = -4676.091028175902	
INFO: current LH = -4676.610288279902	
Gradient =   LAVector parameters:
     -5596.982965462
      10970.58359641
     -9198.316829791
      95.45505110473
     -1272.486769452
     -331.1181148896
      6260.295838536
      2385.653323839
     -354.5365151867
     -3842.212830269
     -1499.476583704
      3.034318746119
       138.657144534
     -182.9994597122
     -219.6125606441
      30.92252808269
      200.6886027092
      169.9595716987

Line search - iter3 param 5   -1.13538 step 0.0742468 new grad2 133573 new grad -331.118 grad step 0.000129213
negative G2 - iter 4 param 0   -1.20963  grad2 16716.8 grad -5596.98 grad step 0.000375027 step size 0
negative G2 - iter 4 param 1   -1.10492  grad2 395125 grad 10970.6 grad step 7.50922e-05 step size 0
negative G2 - iter 4 param 2   -1.20963  grad2 321560 grad -9198.32 grad step 8.966e-05 step size 0
negative G2 - iter 4 param 3   1.69582  grad2 1894.95 grad 95.4551 grad step 0.00112895 step size 0
negative G2 - iter 4 param 4   -1.20963  grad2 6375.84 grad -1272.49 grad step 0.000727336 step size 0
negative G2 - iter 4 param 5   -1.13538  grad2 133573 grad -331.118 grad step 0.000129213 step size 0
negative G2 - iter 4 param 6   -1.20963  grad2 64544.7 grad 6260.3 grad step 0.000211489 step size 0
negative G2 - iter 4 param 7   -1.20963  grad2 51310.8 grad 2385.65 grad step 0.00024881 step size 0
negative G2 - iter 4 param 8   -1.20963  grad2 23664.8 grad -354.537 grad step 0.000306777 step size 0
negative G2 - iter 4 param 9   -1.20963  grad2 23216 grad -3842.21 grad step 0.00030976 step size 0
negative G2 - iter 4 param 10   -1.20963  grad2 12822.8 grad -1499.48 grad step 0.000416711 step size 0
negative G2 - iter 4 param 11   0  grad2 192.575 grad 3.03432 grad step 0.00278615 step size 0
negative G2 - iter 4 param 12   0  grad2 754.939 grad 138.657 grad step 0.00171876 step size 0
negative G2 - iter 4 param 13   0  grad2 -92.8954 grad -182.999 grad step 0.00322407 step size 0
step(i) 0.00322407 gdel -0.590004
gdel= -0.590004
step= LAVector parameters:
                   0
                   0
                   0
                   0
                   0
                   0
                   0
                   0
                   0
                   0
                   0
                   0
                   0
   0.003224074344944
                   0
                   0
                   0
                   0

INFO: current LH = -4676.942165001842	
flast, f0= -4676.94, -4676.35
flast-f0= -0.590489
slam= 1
denom= -0.000970805
new slam= -607.747
slam is negative- set to   5
INFO: current LH = -4679.313853290731	
after initial 2-point iter: 
x0, x1, x2= 0, 1, 5
f0, f1, f2= -4676.35, -4676.94, -4679.31

LS Iteration 3
x0, x1, x2= 0, 1, 5
f0, f1, f2= -4676.35, -4676.94, -4679.31
slamax = 10
p2-p0,p1: -2.96218, -2.37169
a, b, c= -0.000486561 -0.590003 -4676.35
xvmin = 5 slopem -0.594868 slam 15
 slam= 15 undral -100 overal 1000
 iterate on f3- slam  3 slam = 15 xvmin 5
INFO: current LH = -4685.311947330967	
f3= -4685.31
f3-p(2-0).Y()= -5.99809 -8.36978 -8.96027
 f3 -4685.31 fvmin -4679.31 xvmin 5

LS Iteration 4
x0, x1, x2= 15, 1, 5
f0, f1, f2= -4685.31, -4676.94, -4679.31
slamax = 30
p2-p0,p1: 5.99809, -2.37169
a, b, c= -0.000491952 -0.58997 -4676.35
xvmin = 15 slopem -0.604729 slam 45
 slam= 45 undral -100 overal 1000
 iterate on f3- slam  4 slam = 45 xvmin 15
INFO: current LH = -4703.888655345036	
f3= -4703.89
f3-p(2-0).Y()= -24.5748 -26.9465 -18.5767
 f3 -4703.89 fvmin -4685.31 xvmin 15

LS Iteration 5
x0, x1, x2= 15, 45, 5
f0, f1, f2= -4685.31, -4703.89, -4679.31
slamax = 90
p2-p0,p1: 5.99809, 24.5748
a, b, c= -0.000485355 -0.590102 -4676.35
xvmin = 45 slopem -0.633784 slam 135
 slam= 135 undral -100 overal 1000
 iterate on f3- slam  5 slam = 135 xvmin 45
INFO: current LH = -4762.550591324592	
INFO: Wall time: 7.13424s User: 0s System: 0.01s

f3= -4762.55
f3-p(2-0).Y()= -83.2367 -58.6619 -77.2386
 f3 -4762.55 fvmin -4703.89 xvmin 45

LS Iteration 6
x0, x1, x2= 15, 45, 135
f0, f1, f2= -4685.31, -4703.89, -4762.55
slamax = 270
p2-p0,p1: -77.2386, -58.6619
a, b, c= -0.000271464 -0.602936 -4676.21
xvmin = 135 slopem -0.676231 slam 405
 slam= 405 undral -100 overal 1000
 iterate on f3- slam  6 slam = 405 xvmin 135
INFO: current LH = -4827.453651009351	
f3= -4827.45
f3-p(2-0).Y()= -64.9031 -123.565 -142.142
 f3 -4827.45 fvmin -4762.55 xvmin 135

LS Iteration 7
x0, x1, x2= 405, 45, 135
f0, f1, f2= -4827.45, -4703.89, -4762.55
slamax = 810
p2-p0,p1: 64.9031, -58.6619
a, b, c= 0.00114283 -0.857508 -4667.62
 slam= 375.17 undral -100 overal 1000
 iterate on f3- slam  7 slam = 375.17 xvmin 405
INFO: current LH = -4837.324948242383	
f3= -4837.32
f3-p(2-0).Y()= -74.7744 -133.436 -9.8713
 f3 -4837.32 fvmin -4827.45 xvmin 405

LS Iteration 8
x0, x1, x2= 405, 375.17, 135
f0, f1, f2= -4827.45, -4837.32, -4762.55
slamax = 810
p2-p0,p1: 64.9031, 74.7744
a, b, c= 0.00237873 -1.52489 -4600.04
 slam= 320.527 undral -100 overal 1000
 iterate on f3- slam  8 slam = 320.527 xvmin 375.17
INFO: current LH = -4841.685445710277	
f3= -4841.69
f3-p(2-0).Y()= -79.1349 -4.3605 -14.2318
 f3 -4841.69 fvmin -4837.32 xvmin 375.17

LS Iteration 9
x0, x1, x2= 405, 375.17, 320.527
f0, f1, f2= -4827.45, -4837.32, -4841.69
slamax = 810
p2-p0,p1: -14.2318, -4.3605
a, b, c= 0.00297275 -1.98833 -4509.78
 slam= 334.427 undral -100 overal 1000
 iterate on f3- slam  9 slam = 334.427 xvmin 320.527

Line search result 320.527 f(0)  -4676.35 f(1) -4841.69
Calculating Gradient at x =   LAVector parameters:
     -1.209625898414
     -1.104924232203
     -1.209625898414
      1.695820141231
     -1.209625898414
     -1.135379119088
     -1.209625898414
     -1.209625898414
     -1.209625898414
     -1.209625898414
     -1.209625898414
                   0
                   0
      1.033404237265
                   0
                   0
                   0
                   0

INFO: current LH = -4843.409698602489	
INFO: current LH = -4839.95926731599	
INFO: current LH = -4841.104794018213	
INFO: current LH = -4842.264062853189	
INFO: current LH = -4842.520708157773	
INFO: current LH = -4840.84810030682	
INFO: current LH = -4841.306707732388	
INFO: current LH = -4842.061947601524	
INFO: current LH = -4842.251206538585	
INFO: current LH = -4841.117703108422	
INFO: current LH = -4841.638592947086	
INFO: current LH = -4841.730051151689	
INFO: current LH = -4840.988680970947	
INFO: current LH = -4842.380561203659	
INFO: current LH = -4841.495428351514	
INFO: current LH = -4841.872999653217	
INFO: current LH = -4841.917738766926	
INFO: Wall time: 4.36473s User: 0.01s System: 0s

INFO: current LH = -4841.45074870899	
INFO: current LH = -4842.81836113909	
INFO: current LH = -4840.55087303815	
INFO: current LH = -4842.482892291583	
INFO: current LH = -4840.887480307504	
INFO: current LH = -4843.367096227799	
INFO: current LH = -4840.001477897898	
INFO: current LH = -4841.796069691261	
INFO: current LH = -4841.573006175539	
INFO: current LH = -4841.847570222658	
INFO: current LH = -4841.518944243281	
INFO: current LH = -4841.803632067102	
INFO: current LH = -4841.564948375717	
INFO: current LH = -4841.789982238953	
INFO: current LH = -4841.568438641714	
INFO: current LH = -4841.731960579897	
INFO: current LH = -4841.636622399561	
INFO: current LH = -4842.605936357993	
INFO: current LH = -4840.761750824614	
INFO: current LH = -4841.526009669112	
INFO: Wall time: 5.96874s User: 0s System: 0s

INFO: current LH = -4841.842180895063	
INFO: current LH = -4841.10520432089	
INFO: current LH = -4842.26344490573	
INFO: current LH = -4841.25420184605	
INFO: current LH = -4842.11470997586	
Gradient =   LAVector parameters:
     -4642.090057935
      7582.560585684
     -9869.363317752
      342.0964237224
     -941.7934119752
      347.8127433221
      3679.565696306
      889.9541867581
     -747.5202762279
     -3595.033509364
     -1879.853525273
     -32.21015925001
     -93.95570335266
     -22.22107398414
     -469.3861487152
      98.68474837404
      301.3215003123
      264.4197283147

Line search - iter4 param 13   1.0334 step 1.0334 new grad2 501.62 new grad -22.2211 grad step 0.00214522
negative G2 - iter 5 param 0   -1.20963  grad2 13940.7 grad -4642.09 grad step 0.000371646 step size 0
negative G2 - iter 5 param 1   -1.10492  grad2 348170 grad 7582.56 grad step 7.64431e-05 step size 0
negative G2 - iter 5 param 2   -1.20963  grad2 290088 grad -9869.36 grad step 8.47374e-05 step size 0
negative G2 - iter 5 param 3   1.69582  grad2 1835.17 grad 342.096 grad step 0.00110384 step size 0
negative G2 - iter 5 param 4   -1.20963  grad2 5472.42 grad -941.793 grad step 0.000601779 step size 0
negative G2 - iter 5 param 5   -1.13538  grad2 130008 grad 347.813 grad step 0.000131476 step size 0
negative G2 - iter 5 param 6   -1.20963  grad2 46103.6 grad 3679.57 grad step 0.000189136 step size 0
negative G2 - iter 5 param 7   -1.20963  grad2 54743.8 grad 889.954 grad step 0.00021213 step size 0
negative G2 - iter 5 param 8   -1.20963  grad2 24638.5 grad -747.52 grad step 0.000312359 step size 0
negative G2 - iter 5 param 9   -1.20963  grad2 16663.3 grad -3595.03 grad step 0.000315364 step size 0
negative G2 - iter 5 param 10   -1.20963  grad2 2891.74 grad -1879.85 grad step 0.000895181 step size 0
negative G2 - iter 5 param 11   0  grad2 151.425 grad -32.2102 grad step 0.00346263 step size 0
negative G2 - iter 5 param 12   0  grad2 1432.37 grad -93.9557 grad step 0.00127019 step size 0
negative G2 - iter 5 param 13   1.0334  grad2 501.62 grad -22.2211 grad step 0.00214522 step size 0
negative G2 - iter 5 param 14   0  grad2 830.302 grad -469.386 grad step 0.00196447 step size 0
negative G2 - iter 5 param 15   0  grad2 1052.49 grad 98.6847 grad step 0.00160193 step size 0
negative G2 - iter 5 param 16   0  grad2 607.01 grad 301.322 grad step 0.00192193 step size 0
negative G2 - iter 5 param 17   0  grad2 747.679 grad 264.42 grad step 0.00162716 step size 0
MINUIT exiting seed generator
ModularFunctionMinimizer
VariableMetricBuilder convergence when edm < 1e-05
start iterating... 


DEBUG Variable Metric Builder  
Initial State:  Parameter LAVector parameters:
     -1.209625898414
     -1.104924232203
     -1.209625898414
      1.695820141231
     -1.209625898414
     -1.135379119088
     -1.209625898414
     -1.209625898414
     -1.209625898414
     -1.209625898414
     -1.209625898414
                   0
                   0
      1.033404237265
                   0
                   0
                   0
                   0
 Gradient LAVector parameters:
     -4642.090057935
      7582.560585684
     -9869.363317752
      342.0964237224
     -941.7934119752
      347.8127433221
      3679.565696306
      889.9541867581
     -747.5202762279
     -3595.033509364
     -1879.853525273
     -32.21015925001
     -93.95570335266
     -22.22107398414
     -469.3861487152
      98.68474837404
      301.3215003123
      264.4197283147
 Inv Hessian skipped
 edm = 2566.81


---> Iteration - 1
Fval = -4841.69 numOfCall = 365
Internal Parameter values LAVector parameters:
     -1.209625898414
     -1.104924232203
     -1.209625898414
      1.695820141231
     -1.209625898414
     -1.135379119088
     -1.209625898414
     -1.209625898414
     -1.209625898414
     -1.209625898414
     -1.209625898414
                   0
                   0
      1.033404237265
                   0
                   0
                   0
                   0
 Newton step LAVector parameters:
     0.3329884899427
   -0.02177831397892
    0.03402193775618
     -0.186411484037
     0.1720980743682
  -0.002675313008559
   -0.07981081679518
   -0.01625670727763
    0.03033945946261
      0.215745041797
     0.6500764425249
     0.2127135278611
    0.06559437387181
    0.04429858795487
     0.5653198060326
   -0.09376336094607
    -0.4964028558708
    -0.3536543153258

 gdel = -5133.63
INFO: current LH = 441322.7597522842	
INFO: current LH = -5073.013255782294	
Result after line search : 
x = 0.05
Old Fval = -4841.69
New Fval = -5073.01
NFcalls = 367
MINUIT migrad at gradient
Calculating Gradient at x =   LAVector parameters:
     -1.192976473916
     -1.106013147902
     -1.207924801526
      1.686499567029
     -1.201020994695
     -1.135512884738
     -1.213616439253
     -1.210438733777
      -1.20810892544
     -1.198838646324
     -1.177122076287
    0.01063567639306
    0.00327971869359
      1.035619166662
    0.02826599030163
  -0.004688168047303
   -0.02482014279354
   -0.01768271576629

INFO: current LH = -5074.539189362969	
INFO: current LH = -5071.481826001934	
INFO: current LH = -5074.026254115687	
INFO: current LH = -5071.997839657313	
INFO: current LH = -5072.136452510166	
INFO: current LH = -5073.88752966353	
INFO: current LH = -5073.5564738659	
INFO: current LH = -5072.46697992429	
INFO: current LH = -5072.701972365243	
INFO: current LH = -5073.322107826853	
INFO: current LH = -5073.293623733099	
INFO: current LH = -5072.727508796745	
INFO: current LH = -5073.201878785802	
INFO: Wall time: 5.31544s User: 0.01s System: 0.01s

INFO: current LH = -5072.822214772685	
INFO: current LH = -5072.670026632339	
INFO: current LH = -5073.353860607564	
INFO: current LH = -5072.185439690587	
INFO: current LH = -5073.838521891527	
INFO: current LH = -5072.630371829568	
INFO: current LH = -5073.393555856428	
INFO: current LH = -5072.903418118528	
INFO: current LH = -5073.119899750467	
INFO: current LH = -5074.013441603866	
INFO: current LH = -5072.00908038328	
INFO: current LH = -5074.171807034319	
INFO: current LH = -5071.842025862867	
INFO: current LH = -5073.5209093649	
INFO: current LH = -5072.503181372852	
INFO: current LH = -5073.098413592681	
INFO: current LH = -5072.925616351823	
INFO: current LH = -5073.131274143306	
INFO: current LH = -5072.892898038403	
INFO: current LH = -5072.952761827762	
INFO: Wall time: 7.16103s User: 0s System: 0s

INFO: current LH = -5073.071179828193	
INFO: current LH = -5073.791275075477	
INFO: current LH = -5072.232963134462	
INFO: current LH = -5072.941215250493	
INFO: current LH = -5073.082970661924	
INFO: current LH = -5072.437270109457	
INFO: current LH = -5073.586911789612	
INFO: current LH = -5072.509171780269	
INFO: current LH = -5073.514296277639	
Gradient =   LAVector parameters:
     -3669.621223087
      10503.44240328
     -5965.137030586
      270.0567664013
     -425.7283233365
      2506.494047957
      3608.215043634
      1815.212041546
      345.4293073852
     -2630.192972782
     -1273.618736987
     -21.61554780234
     -91.71102716954
      26.96099179868
     -456.4602872618
        46.749680064
      287.9327009494
      279.3880767554

Updated new point: 
  Parameter LAVector parameters:
     -1.192976473916
     -1.106013147902
     -1.207924801526
      1.686499567029
     -1.201020994695
     -1.135512884738
     -1.213616439253
     -1.210438733777
      -1.20810892544
     -1.198838646324
     -1.177122076287
    0.01063567639306
    0.00327971869359
      1.035619166662
    0.02826599030163
  -0.004688168047303
   -0.02482014279354
   -0.01768271576629
 Gradient LAVector parameters:
     -3669.621223087
      10503.44240328
     -5965.137030586
      270.0567664013
     -425.7283233365
      2506.494047957
      3608.215043634
      1815.212041546
      345.4293073852
     -2630.192972782
     -1273.618736987
     -21.61554780234
     -91.71102716954
      26.96099179868
     -456.4602872618
        46.749680064
      287.9327009494
      279.3880767554
 InvHessian skipped
 Hessian skipped
 edm = 1677.3

edm corrected = 4319.64


---> Iteration - 2
Fval = -5073.01 numOfCall = 409
Internal Parameter values LAVector parameters:
     -1.192976473916
     -1.106013147902
     -1.207924801526
      1.686499567029
     -1.201020994695
     -1.135512884738
     -1.213616439253
     -1.210438733777
      -1.20810892544
     -1.198838646324
     -1.177122076287
    0.01063567639306
    0.00327971869359
      1.035619166662
    0.02826599030163
  -0.004688168047303
   -0.02482014279354
   -0.01768271576629
 Newton step LAVector parameters:
     0.2297894447573
   -0.04509594246628
   0.008779283513783
    -0.1281660534183
   -0.01646613352357
   -0.04169397813257
   -0.09029768609289
   -0.05836174126065
   -0.06728867341107
     0.1193855384423
     0.2780701059297
    0.08781246107174
    0.07352804121549
     -0.175501744994
     0.6289091709819
   0.004250404710332
    -0.5327694238495
    -0.4625195259754

 gdel = -3207.41
INFO: current LH = 2712.243450153963	
INFO: current LH = -5490.998166978059	
Result after line search : 
x = 0.145889
Old Fval = -5073.01
New Fval = -5491
NFcalls = 411
MINUIT migrad at gradient
Calculating Gradient at x =   LAVector parameters:
     -1.159452815272
     -1.112592131471
     -1.206644004212
      1.667801601903
     -1.203423215737
     -1.141595560519
     -1.226789841574
      -1.21895304606
     -1.217925575289
     -1.181421658167
     -1.136554819945
    0.02344651273402
    0.01400662112847
      1.010015464121
     0.1200166640038
  -0.004068082486982
    -0.1025451241129
    -0.0851590383685

INFO: current LH = -5491.711901876686	
INFO: current LH = -5490.279414967551	
INFO: current LH = -5491.514304549121	
INFO: current LH = -5490.479411855795	
INFO: current LH = -5490.087871185451	
INFO: current LH = -5491.906157828674	
INFO: current LH = -5491.154511158024	
INFO: current LH = -5490.838508907346	
INFO: current LH = -5490.942494983641	
INFO: Wall time: 4.67712s User: 0.01s System: 0.01s

INFO: current LH = -5491.051293596709	
INFO: current LH = -5490.825128422707	
INFO: current LH = -5491.165923804347	
INFO: current LH = -5490.876880915566	
INFO: current LH = -5491.116835885189	
INFO: current LH = -5490.474765319809	
INFO: current LH = -5491.519192406909	
INFO: current LH = -5490.377672470957	
INFO: current LH = -5491.616286978324	
INFO: current LH = -5490.575097804961	
INFO: current LH = -5491.418940085368	
INFO: current LH = -5490.712233274876	
INFO: current LH = -5491.281296888646	
INFO: current LH = -5491.466690949194	
INFO: current LH = -5490.525691591394	
INFO: current LH = -5491.189015129701	
INFO: current LH = -5490.801172999531	
INFO: current LH = -5491.123443011404	
INFO: current LH = -5490.870277413226	
INFO: current LH = -5491.015585844452	
INFO: Wall time: 5.8651s User: 0s System: 0s

INFO: current LH = -5490.977936195517	
INFO: current LH = -5491.004406108374	
INFO: current LH = -5490.989710320895	
INFO: current LH = -5490.893117876919	
INFO: current LH = -5491.10085910827	
INFO: current LH = -5491.575849994711	
INFO: current LH = -5490.418205566614	
INFO: current LH = -5491.106230573638	
INFO: current LH = -5490.887757612008	
INFO: current LH = -5490.451546608566	
INFO: current LH = -5491.542320162744	
INFO: current LH = -5490.619475689535	
INFO: current LH = -5491.37363810278	
Gradient =   LAVector parameters:
     -2490.205879542
      10719.29525777
     -1869.640185403
      45.65487310713
      367.2135360901
       3832.41424757
      2667.916647599
      1993.723640998
      1002.802108866
      -1524.17183636
     -466.6846343578
      -4.58487559587
      -5.34406693024
      46.85643227611
     -315.9562298583
     -67.90138087192
      257.6792308973
      226.0005834291

Updated new point: 
  Parameter LAVector parameters:
     -1.159452815272
     -1.112592131471
     -1.206644004212
      1.667801601903
     -1.203423215737
     -1.141595560519
     -1.226789841574
      -1.21895304606
     -1.217925575289
     -1.181421658167
     -1.136554819945
    0.02344651273402
    0.01400662112847
      1.010015464121
     0.1200166640038
  -0.004068082486982
    -0.1025451241129
    -0.0851590383685
 Gradient LAVector parameters:
     -2490.205879542
      10719.29525777
     -1869.640185403
      45.65487310713
      367.2135360901
       3832.41424757
      2667.916647599
      1993.723640998
      1002.802108866
      -1524.17183636
     -466.6846343578
      -4.58487559587
      -5.34406693024
      46.85643227611
     -315.9562298583
     -67.90138087192
      257.6792308973
      226.0005834291
 InvHessian skipped
 Hessian skipped
 edm = 959.529

edm corrected = 1834.82


---> Iteration - 3
Fval = -5491 numOfCall = 453
Internal Parameter values LAVector parameters:
     -1.159452815272
     -1.112592131471
     -1.206644004212
      1.667801601903
     -1.203423215737
     -1.141595560519
     -1.226789841574
      -1.21895304606
     -1.217925575289
     -1.181421658167
     -1.136554819945
    0.02344651273402
    0.01400662112847
      1.010015464121
     0.1200166640038
  -0.004068082486982
    -0.1025451241129
    -0.0851590383685
 Newton step LAVector parameters:
     0.2329567780762
   -0.03654419345502
    0.00618887037741
    0.08824283934329
    -0.1898992775514
   -0.03805879491544
   -0.05942006193663
   -0.03819843645216
   -0.04397520545074
     0.1139121712528
     0.1034663359678
   -0.02824556808071
   -0.07826950719315
   -0.07488499235181
     0.3474606733188
     0.1904423879383
    -0.5910785334981
    -0.3256141908554

 gdel = -2047.23
INFO: current LH = -4654.6903703245	
INFO: current LH = -6028.867058308054	
Result after line search : 
x = 0.354986
Old Fval = -5491
New Fval = -6028.87
NFcalls = 455
MINUIT migrad at gradient
Calculating Gradient at x =   LAVector parameters:
     -1.076756408231
     -1.125564810446
     -1.204447041547
      1.699126579098
     -1.270834810638
     -1.155105901888
     -1.247883134798
     -1.232512958226
     -1.233536159877
     -1.140984426168
     -1.099825713778
    0.01341973002182
   -0.01377796225729
     0.9834323362987
     0.2433603568071
    0.06353630902653
    -0.3123697594078
    -0.2007475346022

INFO: current LH = -6028.563448877578	
INFO: current LH = -6029.165593606444	
INFO: current LH = -6028.638992619791	
INFO: current LH = -6029.092244673605	
INFO: current LH = -6027.755217693556	
INFO: Wall time: 7.47354s User: 0.01s System: 0.01s

INFO: current LH = -6029.976514134626	
INFO: current LH = -6028.252379151092	
INFO: current LH = -6029.47747307345	
INFO: current LH = -6028.916625429846	
INFO: current LH = -6028.815218604275	
INFO: current LH = -6028.300570333075	
INFO: current LH = -6029.42850758077	
INFO: current LH = -6028.43961312476	
INFO: current LH = -6029.291624198511	
INFO: current LH = -6027.905987104219	
INFO: current LH = -6029.825590644947	
INFO: current LH = -6028.456049479593	
INFO: current LH = -6029.275720517699	
INFO: current LH = -6028.385728319708	
INFO: current LH = -6029.345944474328	
INFO: current LH = -6028.345109967682	
INFO: current LH = -6029.385613474333	
INFO: current LH = -6028.481710462258	
INFO: current LH = -6029.247088717232	
INFO: current LH = -6028.584224157323	
INFO: Wall time: 6.05038s User: 0s System: 0.01s

INFO: current LH = -6029.147011770833	
INFO: current LH = -6028.357259065671	
INFO: current LH = -6029.371217733828	
INFO: current LH = -6028.503644045042	
INFO: current LH = -6029.227591423321	
INFO: current LH = -6028.783620843687	
INFO: current LH = -6028.948961779311	
INFO: current LH = -6028.868667256797	
INFO: current LH = -6028.863255883777	
INFO: current LH = -6028.69261906327	
INFO: current LH = -6029.039333917888	
INFO: current LH = -6029.185734287201	
INFO: current LH = -6028.546231659525	
INFO: current LH = -6028.973038048076	
INFO: current LH = -6028.75875470021	
INFO: current LH = -6028.370120253124	
INFO: current LH = -6029.361555141007	
INFO: current LH = -6028.53069288272	
INFO: current LH = -6029.200526170846	
Gradient =   LAVector parameters:
      1382.503938469
      11725.17947332
      7781.896127411
     -40.03925741457
      1646.897074344
      6403.672857319
      1604.506535341
      2027.421006247
      1810.714604439
      1453.365456673
      1782.092965299
      19.91256892353
     -1.728224008152
      70.80683332626
     -155.3773316351
     -60.15769457728
      216.9646362968
      212.4366675072

Updated new point: 
  Parameter LAVector parameters:
     -1.076756408231
     -1.125564810446
     -1.204447041547
      1.699126579098
     -1.270834810638
     -1.155105901888
     -1.247883134798
     -1.232512958226
     -1.233536159877
     -1.140984426168
     -1.099825713778
    0.01341973002182
   -0.01377796225729
     0.9834323362987
     0.2433603568071
    0.06353630902653
    -0.3123697594078
    -0.2007475346022
 Gradient LAVector parameters:
      1382.503938469
      11725.17947332
      7781.896127411
     -40.03925741457
      1646.897074344
      6403.672857319
      1604.506535341
      2027.421006247
      1810.714604439
      1453.365456673
      1782.092965299
      19.91256892353
     -1.728224008152
      70.80683332626
     -155.3773316351
     -60.15769457728
      216.9646362968
      212.4366675072
 InvHessian skipped
 Hessian skipped
 edm = 373.444

edm corrected = 581.945


---> Iteration - 4
Fval = -6028.87 numOfCall = 499
Internal Parameter values LAVector parameters:
     -1.076756408231
     -1.125564810446
     -1.204447041547
      1.699126579098
     -1.270834810638
     -1.155105901888
     -1.247883134798
     -1.232512958226
     -1.233536159877
     -1.140984426168
     -1.099825713778
    0.01341973002182
   -0.01377796225729
     0.9834323362987
     0.2433603568071
    0.06353630902653
    -0.3123697594078
    -0.2007475346022
 Newton step LAVector parameters:
     0.1074881776304
   -0.02509836631219
   0.004183566557569
   -0.06481438667014
    -0.1272420577993
   -0.02263817633892
   -0.05585796258193
   -0.01082226840445
    0.01165719138105
    0.06666478773044
    -0.1266140666251
    0.02526088459404
  0.0003413594156282
    0.04853523150243
     0.3333284919147
   -0.02485685596081
    -0.5497826273677
    -0.3357410971688

 gdel = -921.223
INFO: current LH = -5915.240435245621	
INFO: Wall time: 7.09553s User: 0s System: 0s

INFO: current LH = -6217.246553643748	
Result after line search : 
x = 0.4451
Old Fval = -6028.87
New Fval = -6217.25
NFcalls = 501
MINUIT migrad at gradient
Calculating Gradient at x =   LAVector parameters:
     -1.028913427678
     -1.136736091585
     -1.202584936357
      1.670277699999
     -1.327470241912
     -1.165182152637
     -1.272745510144
     -1.237329949157
     -1.228347544786
     -1.111311933683
     -1.156181626222
    0.02466334803681
   -0.01362602320461
       1.00503536454
      0.391724845891
    0.05247252412872
    -0.5570779694623
    -0.3501858741206

INFO: current LH = -6216.816771655245	
INFO: current LH = -6217.673076435154	
INFO: current LH = -6216.476468469185	
INFO: current LH = -6218.014335857214	
INFO: current LH = -6216.975979185584	
INFO: current LH = -6217.514455079527	
INFO: current LH = -6217.679801435077	
INFO: current LH = -6216.81091915314	
INFO: current LH = -6217.095720138785	
INFO: current LH = -6217.395184405841	
INFO: current LH = -6216.367676939271	
INFO: current LH = -6218.123070255317	
INFO: current LH = -6217.247528602018	
INFO: current LH = -6217.243794631991	
INFO: current LH = -6217.011101652073	
INFO: current LH = -6217.479670796071	
INFO: current LH = -6217.024487328148	
INFO: current LH = -6217.465846170924	
INFO: current LH = -6217.006944445107	
INFO: Wall time: 6.33511s User: 0.01s System: 0s

INFO: current LH = -6217.482606152804	
INFO: current LH = -6217.414025851422	
INFO: current LH = -6217.07758303435	
INFO: current LH = -6217.387717836018	
INFO: current LH = -6217.103251144372	
INFO: current LH = -6217.076027051176	
INFO: current LH = -6217.414521290359	
INFO: current LH = -6217.090885332002	
INFO: current LH = -6217.400405869367	
INFO: current LH = -6217.108567828871	
INFO: current LH = -6217.382923563307	
INFO: current LH = -6217.53297342147	
INFO: current LH = -6216.956400828451	
INFO: current LH = -6217.031954208903	
INFO: current LH = -6217.458532851636	
INFO: current LH = -6216.972380673848	
INFO: current LH = -6217.519268877965	
Gradient =   LAVector parameters:
      2573.940972774
      7280.399229692
      4102.128823669
     -300.3571637782
      570.4368760205
      5418.891470378
     -6.502680996872
      898.2182170454
      821.6744958993
       1210.80735137
     -816.4241233935
     -24.64271063847
      92.98409913547
      53.99861703276
      56.77336612173
     -143.3048586226
      84.70829721152
      171.4652701486

Updated new point: 
  Parameter LAVector parameters:
     -1.028913427678
     -1.136736091585
     -1.202584936357
      1.670277699999
     -1.327470241912
     -1.165182152637
     -1.272745510144
     -1.237329949157
     -1.228347544786
     -1.111311933683
     -1.156181626222
    0.02466334803681
   -0.01362602320461
       1.00503536454
      0.391724845891
    0.05247252412872
    -0.5570779694623
    -0.3501858741206
 Gradient LAVector parameters:
      2573.940972774
      7280.399229692
      4102.128823669
     -300.3571637782
      570.4368760205
      5418.891470378
     -6.502680996872
      898.2182170454
      821.6744958993
       1210.80735137
     -816.4241233935
     -24.64271063847
      92.98409913547
      53.99861703276
      56.77336612173
     -143.3048586226
      84.70829721152
      171.4652701486
 InvHessian skipped
 Hessian skipped
 edm = 555.648

edm corrected = 780.613


---> Iteration - 5
Fval = -6217.25 numOfCall = 537
Internal Parameter values LAVector parameters:
     -1.028913427678
     -1.136736091585
     -1.202584936357
      1.670277699999
     -1.327470241912
     -1.165182152637
     -1.272745510144
     -1.237329949157
     -1.228347544786
     -1.111311933683
     -1.156181626222
    0.02466334803681
   -0.01362602320461
       1.00503536454
      0.391724845891
    0.05247252412872
    -0.5570779694623
    -0.3501858741206
 Newton step LAVector parameters:
   -0.01231568676946
   -0.01833912879947
  0.0003427801130593
    0.02336748153156
   -0.08120824095162
   -0.02343952183577
   -0.02805304121026
  -0.004202392727107
      0.011863672929
    0.01867583707001
     0.1148058851257
     0.1120407967869
   -0.02859240452018
    0.02444603750701
     0.1358787123416
     0.0221904716754
    -0.3556887451796
     -0.266929104575

 gdel = -484.595
INFO: current LH = -6299.206898193068	
INFO: current LH = -6387.359808173778	
Result after line search : 
x = 0.60178
Old Fval = -6217.25
New Fval = -6387.36
NFcalls = 539
MINUIT migrad at gradient
Calculating Gradient at x =   LAVector parameters:
     -1.036324763244
      -1.14777221487
     -1.202378658096
      1.684339786037
     -1.376339747585
     -1.179287591098
     -1.289627272888
     -1.239858865592
     -1.221208222167
     -1.100073186051
     -1.087093725922
    0.09208727312119
   -0.03083236407005
      1.019746504131
     0.4734939548604
    0.06582630902436
     -0.771124388232
    -0.5108185049643

INFO: current LH = -6387.14758073823	
INFO: Wall time: 7.54948s User: 0s System: 0.01s

INFO: current LH = -6387.569383653028	
INFO: current LH = -6386.527008212162	
INFO: current LH = -6388.190207037826	
INFO: current LH = -6386.582819800535	
INFO: current LH = -6388.132411374154	
INFO: current LH = -6387.916040072985	
INFO: current LH = -6386.800694232938	
INFO: current LH = -6387.367755196363	
INFO: current LH = -6387.350514712673	
INFO: current LH = -6387.371253322997	
INFO: current LH = -6387.345328295523	
INFO: current LH = -6386.529394537707	
INFO: current LH = -6388.18784879518	
INFO: current LH = -6387.339093622564	
INFO: current LH = -6387.377958877402	
INFO: current LH = -6386.953563118303	
INFO: current LH = -6387.763111766902	
INFO: current LH = -6386.93680342554	
INFO: current LH = -6387.779097299726	
INFO: current LH = -6386.76737399895	
INFO: Wall time: 4.39471s User: 0.01s System: 0s

INFO: current LH = -6387.948711225012	
INFO: current LH = -6386.843300065446	
INFO: current LH = -6387.86898529363	
INFO: current LH = -6387.027716206107	
INFO: current LH = -6387.688856064743	
INFO: current LH = -6387.413043613505	
INFO: current LH = -6387.304545469266	
INFO: current LH = -6387.107296095435	
INFO: current LH = -6387.610113294698	
INFO: current LH = -6387.318099903818	
INFO: current LH = -6387.399319399432	
INFO: current LH = -6387.014540696175	
INFO: current LH = -6387.70413493622	
INFO: current LH = -6386.737872027176	
INFO: current LH = -6387.97871223242	
INFO: current LH = -6387.571450333478	
INFO: current LH = -6387.145077057544	
INFO: current LH = -6386.753779629298	
INFO: current LH = -6387.963342559533	
INFO: current LH = -6387.526348561883	
INFO: Wall time: 5.50879s User: 0s System: 0.01s

INFO: current LH = -6387.190767576772	
Gradient =   LAVector parameters:
       1311.51230727
      6846.380697958
      11058.56663968
     -341.2893418271
     -27.92103474639
      4506.520252911
      51.79935392973
      1358.679095507
      1496.392590778
      3249.458508845
      1745.692885677
     -7.875020202269
      126.6004810249
      10.94104853054
      103.9337714289
     -117.3181877494
       222.772734731
     -72.78663113061

Updated new point: 
  Parameter LAVector parameters:
     -1.036324763244
      -1.14777221487
     -1.202378658096
      1.684339786037
     -1.376339747585
     -1.179287591098
     -1.289627272888
     -1.239858865592
     -1.221208222167
     -1.100073186051
     -1.087093725922
    0.09208727312119
   -0.03083236407005
      1.019746504131
     0.4734939548604
    0.06582630902436
     -0.771124388232
    -0.5108185049643
 Gradient LAVector parameters:
       1311.51230727
      6846.380697958
      11058.56663968
     -341.2893418271
     -27.92103474639
      4506.520252911
      51.79935392973
      1358.679095507
      1496.392590778
      3249.458508845
      1745.692885677
     -7.875020202269
      126.6004810249
      10.94104853054
      103.9337714289
     -117.3181877494
       222.772734731
     -72.78663113061
 InvHessian skipped
 Hessian skipped
 edm = 353.121

edm corrected = 477.879


---> Iteration - 6
Fval = -6387.36 numOfCall = 581
Internal Parameter values LAVector parameters:
     -1.036324763244
      -1.14777221487
     -1.202378658096
      1.684339786037
     -1.376339747585
     -1.179287591098
     -1.289627272888
     -1.239858865592
     -1.221208222167
     -1.100073186051
     -1.087093725922
    0.09208727312119
   -0.03083236407005
      1.019746504131
     0.4734939548604
    0.06582630902436
     -0.771124388232
    -0.5108185049643
 Newton step LAVector parameters:
   0.008800718614179
   -0.01439080594575
   -0.00485142568686
    0.06572093809226
    0.03434966838768
   -0.01811868786627
   -0.01969231501882
   -0.00370342720487
   0.009037346414155
   -0.02187857748952
    0.04887577026758
     0.1567252698932
   -0.05056740145696
    0.05767404169831
     0.0537982181319
    0.03249027155136
    -0.3702990095579
    -0.1181752335365

 gdel = -303.09
INFO: current LH = -6531.03674813462	
Result after line search : 
x = 1
Old Fval = -6387.36
New Fval = -6531.04
NFcalls = 582
MINUIT migrad at gradient
Calculating Gradient at x =   LAVector parameters:
      -1.02752404463
     -1.162163020815
     -1.207230083783
      1.750060724129
     -1.341990079197
     -1.197406278964
     -1.309319587907
     -1.243562292797
     -1.212170875753
     -1.121951763541
     -1.038217955655
     0.2488125430144
   -0.08139976552701
       1.07742054583
     0.5272921729923
    0.09831658057572
      -1.14142339779
    -0.6289937385008

INFO: current LH = -6530.582506508956	
INFO: current LH = -6531.487324260324	
INFO: current LH = -6530.293150087455	
INFO: current LH = -6531.778023549922	
INFO: current LH = -6530.304330054147	
INFO: current LH = -6531.765661278115	
INFO: current LH = -6531.514455326767	
INFO: current LH = -6530.556280437595	
INFO: current LH = -6530.475263031474	
INFO: current LH = -6531.590875546883	
INFO: current LH = -6530.672282656484	
INFO: current LH = -6531.398106594846	
INFO: current LH = -6530.418779575499	
INFO: current LH = -6531.652548091295	
INFO: current LH = -6530.971946969647	
INFO: current LH = -6531.098630910358	
INFO: current LH = -6530.353004092598	
INFO: current LH = -6531.717486485037	
INFO: Wall time: 4.89997s User: 0.01s System: 0s

INFO: current LH = -6530.565431594578	
INFO: current LH = -6531.504748487922	
INFO: current LH = -6530.814889654036	
INFO: current LH = -6531.256159198115	
INFO: current LH = -6530.223143401101	
INFO: current LH = -6531.845322556593	
INFO: current LH = -6530.745312853129	
INFO: current LH = -6531.325992160523	
INFO: current LH = -6530.842198827499	
INFO: current LH = -6531.228759012503	
INFO: current LH = -6530.977064941353	
INFO: current LH = -6531.093792717839	
INFO: current LH = -6530.649740610063	
INFO: current LH = -6531.422883669749	
INFO: current LH = -6530.304685204291	
INFO: current LH = -6531.765661255231	
INFO: current LH = -6531.010794317823	
INFO: current LH = -6531.059959259646	
INFO: current LH = -6531.021386961922	
INFO: current LH = -6531.044839595328	
INFO: Wall time: 7.55813s User: 0s System: 0.01s

INFO: current LH = -6531.027515733322	
INFO: current LH = -6531.042871017851	
INFO: current LH = -6531.182869633408	
INFO: current LH = -6530.884751879656	
INFO: current LH = -6531.143727783068	
INFO: current LH = -6530.926657667789	
Gradient =   LAVector parameters:
      2596.057784209
      5366.838076892
      12374.59185218
     -282.0430195507
      1186.011321169
      2926.368359559
       153.192589404
      2225.516364145
      1822.707948165
      1292.423325024
      4234.560883227
      34.00386041885
      81.93068747911
      13.20685911079
      63.88884571972
      13.47237201031
      3.866576697351
      -57.9364553084

Updated new point: 
  Parameter LAVector parameters:
      -1.02752404463
     -1.162163020815
     -1.207230083783
      1.750060724129
     -1.341990079197
     -1.197406278964
     -1.309319587907
     -1.243562292797
     -1.212170875753
     -1.121951763541
     -1.038217955655
     0.2488125430144
   -0.08139976552701
       1.07742054583
     0.5272921729923
    0.09831658057572
      -1.14142339779
    -0.6289937385008
 Gradient LAVector parameters:
      2596.057784209
      5366.838076892
      12374.59185218
     -282.0430195507
      1186.011321169
      2926.368359559
       153.192589404
      2225.516364145
      1822.707948165
      1292.423325024
      4234.560883227
      34.00386041885
      81.93068747911
      13.20685911079
      63.88884571972
      13.47237201031
      3.866576697351
      -57.9364553084
 InvHessian skipped
 Hessian skipped
 edm = 344.854

edm corrected = 446.403


---> Iteration - 7
Fval = -6531.04 numOfCall = 626
Internal Parameter values LAVector parameters:
      -1.02752404463
     -1.162163020815
     -1.207230083783
      1.750060724129
     -1.341990079197
     -1.197406278964
     -1.309319587907
     -1.243562292797
     -1.212170875753
     -1.121951763541
     -1.038217955655
     0.2488125430144
   -0.08139976552701
       1.07742054583
     0.5272921729923
    0.09831658057572
      -1.14142339779
    -0.6289937385008
 Newton step LAVector parameters:
   -0.01855989424692
  -0.006556444936063
  -0.002284984517532
    0.06700437741819
    0.03897100983969
  -0.006620209688989
   -0.00902963303794
  -0.006406002778295
   0.006082212448811
    0.02402392925623
   -0.02907989215618
     0.1045209795994
   -0.03844475511937
    0.04337579434945
     0.0102554702864
  4.640961331563e-05
     -0.111334142393
   -0.05244066670986

 gdel = -196.101
INFO: current LH = -6637.325039342526	
INFO: current LH = -6639.184385762339	
INFO: current LH = -6639.872848544496	
Result after line search : 
x = 1.17451
Old Fval = -6531.04
New Fval = -6639.87
NFcalls = 629
MINUIT migrad at gradient
Calculating Gradient at x =   LAVector parameters:
      -1.04932278275
     -1.169863615671
     -1.209913815622
      1.828757879232
      -1.29621832929
     -1.205181766011
     -1.319924961154
     -1.251086192185
      -1.20502727059
     -1.093735474401
     -1.072372511992
     0.3715732350765
    -0.1265534252296
      1.128365748922
     0.5393373014881
    0.09837108902246
       -1.2721862018
    -0.6905857036945

INFO: current LH = -6639.758779234367	
INFO: current LH = -6639.983835246183	
INFO: current LH = -6639.383583318501	
INFO: current LH = -6640.359598195857	
INFO: current LH = -6639.571778403869	
INFO: current LH = -6640.171189069519	
INFO: current LH = -6640.313808343393	
INFO: current LH = -6639.429134957762	
INFO: current LH = -6639.380648500534	
INFO: current LH = -6640.360781001906	
INFO: current LH = -6639.399555703127	
INFO: Wall time: 5.42296s User: 0s System: 0s

INFO: current LH = -6640.343893822462	
INFO: current LH = -6640.011820704842	
INFO: current LH = -6639.731974632718	
INFO: current LH = -6639.355117816913	
INFO: current LH = -6640.38815111748	
INFO: current LH = -6639.64135134041	
INFO: current LH = -6640.101488275644	
INFO: current LH = -6639.66700560154	
INFO: current LH = -6640.075381302201	
INFO: current LH = -6639.743576012409	
INFO: current LH = -6640.000091318574	
INFO: current LH = -6639.323796889021	
INFO: current LH = -6640.41515392458	
INFO: current LH = -6639.49742275944	
INFO: current LH = -6640.245108552499	
INFO: current LH = -6639.73498354341	
INFO: current LH = -6640.008900079663	
INFO: current LH = -6639.748731629042	
INFO: current LH = -6639.993714426278	
INFO: current LH = -6639.500934019429	
INFO: Wall time: 6.14714s User: 0.01s System: 0.01s

INFO: current LH = -6640.245978551984	
INFO: current LH = -6639.273382754533	
INFO: current LH = -6640.475480372873	
INFO: current LH = -6639.757981433773	
INFO: current LH = -6639.984502352465	
INFO: current LH = -6639.903397510954	
INFO: current LH = -6639.839004917251	
INFO: current LH = -6639.994527403435	
INFO: current LH = -6639.748333349784	
Gradient =   LAVector parameters:
      694.7510198039
      3021.303797925
      5340.298278766
     -243.1456576321
      1586.473925125
      1853.666171347
     -324.8820655489
      1641.602896526
      913.7560414511
      1051.558509648
      843.9933276296
      53.16514718024
      51.98152122178
       25.3027223714
      32.48446745888
      57.77022713128
     -16.06830045814
     -65.13066221619

Updated new point: 
  Parameter LAVector parameters:
      -1.04932278275
     -1.169863615671
     -1.209913815622
      1.828757879232
      -1.29621832929
     -1.205181766011
     -1.319924961154
     -1.251086192185
      -1.20502727059
     -1.093735474401
     -1.072372511992
     0.3715732350765
    -0.1265534252296
      1.128365748922
     0.5393373014881
    0.09837108902246
       -1.2721862018
    -0.6905857036945
 Gradient LAVector parameters:
      694.7510198039
      3021.303797925
      5340.298278766
     -243.1456576321
      1586.473925125
      1853.666171347
     -324.8820655489
      1641.602896526
      913.7560414511
      1051.558509648
      843.9933276296
      53.16514718024
      51.98152122178
       25.3027223714
      32.48446745888
      57.77022713128
     -16.06830045814
     -65.13066221619
 InvHessian skipped
 Hessian skipped
 edm = 102.81

edm corrected = 131.496


---> Iteration - 8
Fval = -6639.87 numOfCall = 669
Internal Parameter values LAVector parameters:
      -1.04932278275
     -1.169863615671
     -1.209913815622
      1.828757879232
      -1.29621832929
     -1.205181766011
     -1.319924961154
     -1.251086192185
      -1.20502727059
     -1.093735474401
     -1.072372511992
     0.3715732350765
    -0.1265534252296
      1.128365748922
     0.5393373014881
    0.09837108902246
       -1.2721862018
    -0.6905857036945
 Newton step LAVector parameters:
    0.00537823222098
  -0.005127999561329
   -0.00321209513792
    0.07156744919722
   -0.03003986425397
  -0.003330146795022
  -0.006097439651024
   -0.01156123027293
   0.007193305737185
   0.009429622668909
   0.004500586260294
   -0.03598542760888
   -0.03013257827117
    0.04749287885458
    0.01827984647283
   -0.06511616371069
    -0.0841610877475
    0.01303896113844

 gdel = -101.796
INFO: current LH = -6720.002781566734	
INFO: current LH = -6773.388002510956	
INFO: current LH = -6780.985516285033	
INFO: current LH = -6783.828285095225	
Result after line search : 
x = 3.21096
Old Fval = -6639.87
New Fval = -6783.83
NFcalls = 673
MINUIT migrad at gradient
Calculating Gradient at x =   LAVector parameters:
      -1.03205347713
     -1.186329433435
     -1.220227734831
      2.058558323293
     -1.392675227258
     -1.215874744745
     -1.339503615349
     -1.288208876874
     -1.181929830746
     -1.063457303236
     -1.057921295235
     0.2560253521076
    -0.2233080244933
      1.280863634105
     0.5980332153978
     -0.110714514895
     -1.542424355513
    -0.6487180796097

INFO: current LH = -6783.880351120564	
INFO: current LH = -6783.773607044838	
INFO: current LH = -6783.55765402906	
INFO: current LH = -6784.096576956668	
INFO: current LH = -6783.786421696178	
INFO: current LH = -6783.866629712456	
INFO: current LH = -6783.96399909744	
INFO: Wall time: 7.12554s User: 0s System: 0.01s

INFO: current LH = -6783.689682818784	
INFO: current LH = -6783.936849340373	
INFO: current LH = -6783.719115530748	
INFO: current LH = -6784.078335657844	
INFO: current LH = -6783.575000906492	
INFO: current LH = -6783.451030007262	
INFO: current LH = -6784.203120598697	
INFO: current LH = -6783.984061880273	
INFO: current LH = -6783.670604355147	
INFO: current LH = -6783.623950573187	
INFO: current LH = -6784.031031262682	
INFO: current LH = -6783.650734050849	
INFO: current LH = -6784.0026369726	
INFO: current LH = -6783.903758437892	
INFO: current LH = -6783.74963962512	
INFO: current LH = -6783.898874809741	
INFO: current LH = -6783.754550522747	
INFO: current LH = -6783.872524334244	
INFO: current LH = -6783.781439976687	
INFO: current LH = -6783.792200513449	
INFO: Wall time: 5.5644s User: 0.01s System: 0s

INFO: current LH = -6783.861895799591	
INFO: current LH = -6783.925803139662	
INFO: current LH = -6783.7287448944	
INFO: current LH = -6783.594476661249	
INFO: current LH = -6784.058194444825	
INFO: current LH = -6783.786675959691	
INFO: current LH = -6783.866452718563	
INFO: current LH = -6784.073795606503	
INFO: current LH = -6783.576728155468	
INFO: current LH = -6784.0084588379	
INFO: current LH = -6783.644876659715	
INFO: current LH = -6783.53959009652	
INFO: current LH = -6784.111265795666	
INFO: current LH = -6783.611599828595	
INFO: current LH = -6784.041735399231	
Gradient =   LAVector parameters:
      -321.664448979
       1471.10865424
      656.4038164202
     -69.56037357326
     -404.7730235174
      1230.528461406
     -279.0124778843
       560.446272517
      656.7780485901
     -401.4365220712
     -376.1393837585
     -6.406980363172
       9.90262579483
     -20.40321170533
      12.39679530096
      20.27727074385
     -125.1741009055
      141.6108804575

Updated new point: 
  Parameter LAVector parameters:
      -1.03205347713
     -1.186329433435
     -1.220227734831
      2.058558323293
     -1.392675227258
     -1.215874744745
     -1.339503615349
     -1.288208876874
     -1.181929830746
     -1.063457303236
     -1.057921295235
     0.2560253521076
    -0.2233080244933
      1.280863634105
     0.5980332153978
     -0.110714514895
     -1.542424355513
    -0.6487180796097
 Gradient LAVector parameters:
      -321.664448979
       1471.10865424
      656.4038164202
     -69.56037357326
     -404.7730235174
      1230.528461406
     -279.0124778843
       560.446272517
      656.7780485901
     -401.4365220712
     -376.1393837585
     -6.406980363172
       9.90262579483
     -20.40321170533
      12.39679530096
      20.27727074385
     -125.1741009055
      141.6108804575
 InvHessian skipped
 Hessian skipped
 edm = 61.9803

edm corrected = 91.1584


---> Iteration - 9
Fval = -6783.83 numOfCall = 715
Internal Parameter values LAVector parameters:
      -1.03205347713
     -1.186329433435
     -1.220227734831
      2.058558323293
     -1.392675227258
     -1.215874744745
     -1.339503615349
     -1.288208876874
     -1.181929830746
     -1.063457303236
     -1.057921295235
     0.2560253521076
    -0.2233080244933
      1.280863634105
     0.5980332153978
     -0.110714514895
     -1.542424355513
    -0.6487180796097
 Newton step LAVector parameters:
    0.02625167781358
   -0.01364833418178
  -0.009763235572467
     0.1569308807451
   -0.00273057099766
   -0.01627918388971
  -0.006056443027361
   -0.02569688507038
  -0.007627872144727
    0.03093560240453
    0.01599446468619
   -0.02742163407327
   -0.06532633106801
     0.1534904393709
    0.01355141751841
     -0.134315556117
   -0.00245009471314
     -0.188296650186

 gdel = -133.447
INFO: current LH = -6837.979867919759	
INFO: current LH = -6839.818001412653	
Result after line search : 
x = 0.841454
Old Fval = -6783.83
New Fval = -6839.82
NFcalls = 717
MINUIT migrad at gradient
Calculating Gradient at x =   LAVector parameters:
     -1.009963894682
     -1.197813880461
     -1.228443049626
      2.190608459416
     -1.394972877474
     -1.229572931096
     -1.344599834285
     -1.309831626682
     -1.188348335187
     -1.037426413145
     -1.044462687031
     0.2329513051456
    -0.2782771349005
       1.41001879666
     0.6094361114975
      -0.22373489294
     -1.544485997803
    -0.8071610716492

INFO: current LH = -6839.600932256066	
INFO: current LH = -6840.031262440431	
INFO: current LH = -6839.681930781984	
INFO: Wall time: 6.32557s User: 0s System: 0.01s

INFO: current LH = -6839.951452573863	
INFO: current LH = -6839.702594466595	
INFO: current LH = -6839.929863639229	
INFO: current LH = -6839.987055108658	
INFO: current LH = -6839.646286557605	
INFO: current LH = -6839.980058790303	
INFO: current LH = -6839.651346613071	
INFO: current LH = -6839.490409841719	
INFO: current LH = -6840.142849124839	
INFO: current LH = -6840.034050158935	
INFO: current LH = -6839.599497979348	
INFO: current LH = -6839.691745860139	
INFO: current LH = -6839.942312879767	
INFO: current LH = -6839.776929442922	
INFO: current LH = -6839.856353003396	
INFO: current LH = -6839.683945352949	
INFO: current LH = -6839.948548118677	
INFO: current LH = -6839.860829138388	
INFO: current LH = -6839.772067397489	
INFO: current LH = -6840.0286685956	
INFO: Wall time: 5.18138s User: 0.01s System: 0s

INFO: current LH = -6839.604648589212	
INFO: current LH = -6839.768673150634	
INFO: current LH = -6839.864486656861	
INFO: current LH = -6839.831423669995	
INFO: current LH = -6839.80212574171	
INFO: current LH = -6839.522419461307	
INFO: current LH = -6840.109734026285	
INFO: current LH = -6839.865552273377	
INFO: current LH = -6839.767460743576	
INFO: current LH = -6839.661632450796	
INFO: current LH = -6839.971694092113	
INFO: current LH = -6839.885343348427	
INFO: current LH = -6839.748229002296	
Gradient =   LAVector parameters:
      1160.450365816
       623.049999231
       1931.82076875
     -81.31409909184
     -263.2037958443
      919.4091345734
     -295.5234923715
       240.728732813
      146.8048395339
      679.6850655271
     -227.1498872562
     -26.65937220112
      11.85603826253
     -2.388498746334
      17.16661196362
     -25.61038366957
      106.3048961927
     -44.95578697578

Updated new point: 
  Parameter LAVector parameters:
     -1.009963894682
     -1.197813880461
     -1.228443049626
      2.190608459416
     -1.394972877474
     -1.229572931096
     -1.344599834285
     -1.309831626682
     -1.188348335187
     -1.037426413145
     -1.044462687031
     0.2329513051456
    -0.2782771349005
       1.41001879666
     0.6094361114975
      -0.22373489294
     -1.544485997803
    -0.8071610716492
 Gradient LAVector parameters:
      1160.450365816
       623.049999231
       1931.82076875
     -81.31409909184
     -263.2037958443
      919.4091345734
     -295.5234923715
       240.728732813
      146.8048395339
      679.6850655271
     -227.1498872562
     -26.65937220112
      11.85603826253
     -2.388498746334
      17.16661196362
     -25.61038366957
      106.3048961927
     -44.95578697578
 InvHessian skipped
 Hessian skipped
 edm = 46.4518

edm corrected = 67.9916


---> Iteration - 10
Fval = -6839.82 numOfCall = 753
Internal Parameter values LAVector parameters:
     -1.009963894682
     -1.197813880461
     -1.228443049626
      2.190608459416
     -1.394972877474
     -1.229572931096
     -1.344599834285
     -1.309831626682
     -1.188348335187
     -1.037426413145
     -1.044462687031
     0.2329513051456
    -0.2782771349005
       1.41001879666
     0.6094361114975
      -0.22373489294
     -1.544485997803
    -0.8071610716492
 Newton step LAVector parameters:
  -0.006839630109029
  -0.008737009670364
  -0.006446262441418
    0.09689160260511
    0.01350541322344
  -0.009938011711439
  -0.005960452821257
   -0.01715012676584
 -0.0005484228538779
     0.0167332062606
    0.01989629397491
    0.06786027717472
   -0.03770474206896
    0.09782291953586
    0.03871031584067
   -0.07587955194687
    -0.1493203090811
   -0.06017980558395

 gdel = -55.0478
INFO: current LH = -6875.669636974627	
INFO: current LH = -6878.679823228045	
Result after line search : 
x = 1.43382
Old Fval = -6839.82
New Fval = -6878.68
NFcalls = 755
MINUIT migrad at gradient
Calculating Gradient at x =   LAVector parameters:
      -1.01977070483
     -1.210341194618
     -1.237685840671
      2.329533742873
     -1.375608522774
     -1.243822268055
     -1.353146060949
     -1.334421850791
     -1.189134675782
     -1.013433978709
     -1.015934948755
     0.3302508438925
    -0.3323390126974
      1.550279422552
     0.6649398028006
    -0.3325326419641
     -1.758584698899
    -0.8934481834764

INFO: current LH = -6878.648658843505	
INFO: current LH = -6878.707772481168	
INFO: current LH = -6878.73387121413	
INFO: current LH = -6878.623226846832	
INFO: current LH = -6878.532932513848	
INFO: Wall time: 7.14511s User: 0s System: 0.01s

INFO: current LH = -6878.823139394237	
INFO: current LH = -6878.840997300658	
INFO: current LH = -6878.515767938621	
INFO: current LH = -6878.701765835692	
INFO: current LH = -6878.652915707949	
INFO: current LH = -6878.553534798665	
INFO: current LH = -6878.803896610436	
INFO: current LH = -6878.853176680139	
INFO: current LH = -6878.503393936598	
INFO: current LH = -6878.492579637633	
INFO: current LH = -6878.864397965321	
INFO: current LH = -6878.797158843926	
INFO: current LH = -6878.559771586255	
INFO: current LH = -6878.554514686164	
INFO: current LH = -6878.80189708962	
INFO: current LH = -6878.498973090787	
INFO: current LH = -6878.85713953386	
INFO: current LH = -6878.816103854637	
INFO: current LH = -6878.539483624649	
INFO: current LH = -6878.619869600319	
INFO: Wall time: 5.79483s User: 0.01s System: 0s

INFO: current LH = -6878.737259226219	
INFO: current LH = -6878.707359467441	
INFO: current LH = -6878.649492916896	
INFO: current LH = -6878.675223581207	
INFO: current LH = -6878.682565846574	
INFO: current LH = -6878.660668939994	
INFO: current LH = -6878.695978194098	
INFO: current LH = -6878.771109644384	
INFO: current LH = -6878.584098449699	
INFO: current LH = -6878.589770248894	
INFO: current LH = -6878.765519656442	
Gradient =   LAVector parameters:
      171.7571732437
     -228.5659943547
      2564.316129849
     -69.90015434328
       -46.306916646
      322.6742410537
     -205.7752534457
      275.0040620601
     -399.5855303812
       657.267784337
       891.947291032
     -15.73685987955
      13.52318509342
      -4.07988300132
     0.2324789013999
      8.801190466711
     -57.91424832223
       49.6008070747

Updated new point: 
  Parameter LAVector parameters:
      -1.01977070483
     -1.210341194618
     -1.237685840671
      2.329533742873
     -1.375608522774
     -1.243822268055
     -1.353146060949
     -1.334421850791
     -1.189134675782
     -1.013433978709
     -1.015934948755
     0.3302508438925
    -0.3323390126974
      1.550279422552
     0.6649398028006
    -0.3325326419641
     -1.758584698899
    -0.8934481834764
 Gradient LAVector parameters:
      171.7571732437
     -228.5659943547
      2564.316129849
     -69.90015434328
       -46.306916646
      322.6742410537
     -205.7752534457
      275.0040620601
     -399.5855303812
       657.267784337
       891.947291032
     -15.73685987955
      13.52318509342
      -4.07988300132
     0.2324789013999
      8.801190466711
     -57.91424832223
       49.6008070747
 InvHessian skipped
 Hessian skipped
 edm = 28.1256

edm corrected = 43.1426


---> Iteration - 11
Fval = -6878.68 numOfCall = 791
Internal Parameter values LAVector parameters:
      -1.01977070483
     -1.210341194618
     -1.237685840671
      2.329533742873
     -1.375608522774
     -1.243822268055
     -1.353146060949
     -1.334421850791
     -1.189134675782
     -1.013433978709
     -1.015934948755
     0.3302508438925
    -0.3323390126974
      1.550279422552
     0.6649398028006
    -0.3325326419641
     -1.758584698899
    -0.8934481834764
 Newton step LAVector parameters:
  -0.001160835222911
  -0.003138537100823
  -0.003992364403471
    0.06428449883058
   0.009398583771249
  -0.004771344399504
 -5.365063147876e-05
   -0.01046280574512
    0.01224348612221
 -5.120622533392e-05
   0.002062120956705
    0.08748910446848
   -0.01958427665883
     0.0446384945189
    0.02787376648788
   -0.04569938968278
   -0.01171485337914
   -0.06382001508699

 gdel = -26.8475
INFO: current LH = -6898.229360425583	
INFO: current LH = -6904.013434782298	
Result after line search : 
x = 1.83938
Old Fval = -6878.68
New Fval = -6904.01
NFcalls = 793
MINUIT migrad at gradient
Calculating Gradient at x =   LAVector parameters:
      -1.02190592181
     -1.216114156688
     -1.245029315523
      2.447777358131
     -1.358320956663
     -1.252598583056
     -1.353244744843
     -1.353666925413
     -1.166614253459
     -1.013528166411
     -1.012141924909
     0.4911765444315
    -0.3683619376092
      1.632386572295
     0.7162102487146
    -0.4165911809511
     -1.780132764778
     -1.010837436672

INFO: current LH = -6904.088098605053	
INFO: current LH = -6903.935472754832	
INFO: current LH = -6904.24006396568	
INFO: current LH = -6903.784207896304	
INFO: current LH = -6904.121863170956	
INFO: current LH = -6903.901934531993	
INFO: current LH = -6904.14320388961	
INFO: Wall time: 6.52497s User: 0s System: 0s

INFO: current LH = -6903.880500462792	
INFO: current LH = -6904.05252818831	
INFO: current LH = -6903.970026383603	
INFO: current LH = -6903.965917594798	
INFO: current LH = -6904.058436025369	
INFO: current LH = -6904.255343196859	
INFO: current LH = -6903.769027225982	
INFO: current LH = -6903.907461790427	
INFO: current LH = -6904.117238888854	
INFO: current LH = -6904.159855620565	
INFO: current LH = -6903.863750726993	
INFO: current LH = -6904.122847969788	
INFO: current LH = -6903.901266653547	
INFO: current LH = -6904.052655840236	
INFO: current LH = -6903.971449418485	
INFO: current LH = -6904.109221442764	
INFO: current LH = -6903.912590603317	
INFO: current LH = -6903.943092667091	
INFO: current LH = -6904.0811167254	
INFO: current LH = -6903.998776438171	
INFO: Wall time: 6.9517s User: 0.01s System: 0.01s

INFO: current LH = -6904.024927747632	
INFO: current LH = -6904.196242535496	
INFO: current LH = -6903.82818991189	
INFO: current LH = -6904.015438451328	
INFO: current LH = -6904.008055618208	
INFO: current LH = -6903.980567811402	
INFO: current LH = -6904.043554995335	
INFO: current LH = -6904.042190911677	
INFO: current LH = -6903.982233280867	
Gradient =   LAVector parameters:
     -438.2309784962
      -828.498730393
     -2024.904884352
     -52.81904104913
      -96.0390425454
      97.80574276362
     -276.5308177816
      139.6938037846
      -452.702928667
     -583.5401954655
     -209.5154246869
     -12.42059717556
         13.90427654
      1.698559434631
     -8.752277219394
     -1.756450397204
      22.64799642332
     -19.46521215465

Updated new point: 
  Parameter LAVector parameters:
      -1.02190592181
     -1.216114156688
     -1.245029315523
      2.447777358131
     -1.358320956663
     -1.252598583056
     -1.353244744843
     -1.353666925413
     -1.166614253459
     -1.013528166411
     -1.012141924909
     0.4911765444315
    -0.3683619376092
      1.632386572295
     0.7162102487146
    -0.4165911809511
     -1.780132764778
     -1.010837436672
 Gradient LAVector parameters:
     -438.2309784962
      -828.498730393
     -2024.904884352
     -52.81904104913
      -96.0390425454
      97.80574276362
     -276.5308177816
      139.6938037846
      -452.702928667
     -583.5401954655
     -209.5154246869
     -12.42059717556
         13.90427654
      1.698559434631
     -8.752277219394
     -1.756450397204
      22.64799642332
     -19.46521215465
 InvHessian skipped
 Hessian skipped
 edm = 12.3233

edm corrected = 19.309


---> Iteration - 12
Fval = -6904.01 numOfCall = 829
Internal Parameter values LAVector parameters:
      -1.02190592181
     -1.216114156688
     -1.245029315523
      2.447777358131
     -1.358320956663
     -1.252598583056
     -1.353244744843
     -1.353666925413
     -1.166614253459
     -1.013528166411
     -1.012141924909
     0.4911765444315
    -0.3683619376092
      1.632386572295
     0.7162102487146
    -0.4165911809511
     -1.780132764778
     -1.010837436672
 Newton step LAVector parameters:
   0.003032288195596
   -0.00309851232443
  -0.001789324610645
    0.06879568902725
   0.002965042526532
  -0.007040317556277
   0.001871517447067
   -0.01101908084297
    0.01246751854908
   0.007824507834756
  -0.001910626840602
    0.09396489862821
    -0.0221511226759
    0.02666756294256
    0.02342586584802
   -0.03075497485436
   -0.05466767619867
    -0.0368468394198

 gdel = -13.7138
INFO: current LH = -6914.199765509064	
INFO: current LH = -6916.963919631229	
Result after line search : 
x = 1.94386
Old Fval = -6904.01
New Fval = -6916.96
NFcalls = 831
MINUIT migrad at gradient
Calculating Gradient at x =   LAVector parameters:
     -1.016011576518
     -1.222137232449
     -1.248507512981
      2.581506581608
     -1.352557327572
     -1.266283978364
     -1.349606775975
     -1.375086481571
     -1.142379136436
    -0.9983184145847
     -1.015855916983
     0.6738312006353
    -0.4114206303334
       1.68422459492
     0.7617468643574
    -0.4763745621987
     -1.886399101967
     -1.082462552909

INFO: current LH = -6916.8918379797	
INFO: current LH = -6917.032464101458	
INFO: current LH = -6917.140995014175	
INFO: current LH = -6916.783983120635	
INFO: current LH = -6916.950849956381	
INFO: current LH = -6916.97341292364	
INFO: current LH = -6916.94455291929	
INFO: current LH = -6916.98037993277	
INFO: current LH = -6916.860723166303	
INFO: Wall time: 5.79886s User: 0s System: 0.01s

INFO: current LH = -6917.062805702671	
INFO: current LH = -6916.876320769977	
INFO: current LH = -6917.048538339692	
INFO: current LH = -6917.164770681738	
INFO: current LH = -6916.75963430017	
INFO: current LH = -6916.86871827884	
INFO: current LH = -6917.056537884572	
INFO: current LH = -6916.897319349773	
INFO: current LH = -6917.026506015409	
INFO: current LH = -6916.998073649277	
INFO: current LH = -6916.926290152874	
INFO: current LH = -6916.931535854489	
INFO: current LH = -6916.993306887472	
INFO: current LH = -6916.960255430865	
INFO: current LH = -6916.964383498259	
INFO: current LH = -6916.98247313454	
INFO: current LH = -6916.942964486049	
INFO: current LH = -6917.003254993701	
INFO: current LH = -6916.92161160031	
INFO: current LH = -6917.330078818123	
INFO: Wall time: 7.04595s User: 0s System: 0s

INFO: current LH = -6916.594840234896	
INFO: current LH = -6916.813555615857	
INFO: current LH = -6917.111042067319	
INFO: current LH = -6916.987633914696	
INFO: current LH = -6916.93674623538	
INFO: current LH = -6916.977489918891	
INFO: current LH = -6916.947175407556	
Gradient =   LAVector parameters:
      403.7581344553
     -575.8150465102
      200.4755360945
      7.056320540634
      269.0572457362
      159.0030958468
     -200.5225413903
      101.4191090993
      196.4490312609
     -172.7666537537
      145.8965568447
     0.3228849990424
     -3.574227156278
     -5.194726692758
     -15.02862233686
      71.59624913581
     -16.69713400375
     -8.473819822581

Updated new point: 
  Parameter LAVector parameters:
     -1.016011576518
     -1.222137232449
     -1.248507512981
      2.581506581608
     -1.352557327572
     -1.266283978364
     -1.349606775975
     -1.375086481571
     -1.142379136436
    -0.9983184145847
     -1.015855916983
     0.6738312006353
    -0.4114206303334
       1.68422459492
     0.7617468643574
    -0.4763745621987
     -1.886399101967
     -1.082462552909
 Gradient LAVector parameters:
      403.7581344553
     -575.8150465102
      200.4755360945
      7.056320540634
      269.0572457362
      159.0030958468
     -200.5225413903
      101.4191090993
      196.4490312609
     -172.7666537537
      145.8965568447
     0.3228849990424
     -3.574227156278
     -5.194726692758
     -15.02862233686
      71.59624913581
     -16.69713400375
     -8.473819822581
 InvHessian skipped
 Hessian skipped
 edm = 7.63233

edm corrected = 12.3356


---> Iteration - 13
Fval = -6916.96 numOfCall = 867
Internal Parameter values LAVector parameters:
     -1.016011576518
     -1.222137232449
     -1.248507512981
      2.581506581608
     -1.352557327572
     -1.266283978364
     -1.349606775975
     -1.375086481571
     -1.142379136436
    -0.9983184145847
     -1.015855916983
     0.6738312006353
    -0.4114206303334
       1.68422459492
     0.7617468643574
    -0.4763745621987
     -1.886399101967
     -1.082462552909
 Newton step LAVector parameters:
  -0.001018717774248
  1.584599832554e-05
  -0.000781519369719
    0.02616412270697
  -0.003450256999178
  -0.002572576496567
   0.003312960759107
    -0.0048254141388
    0.00170187323746
   0.005152308828522
 -0.0008059119928061
    0.04305103406716
  -0.008426840399493
    0.02136910189333
    0.01441920472184
   -0.04532512613339
   -0.01049008221202
  0.0006491459655181

 gdel = -6.91611
INFO: current LH = -6922.959970519728	
INFO: current LH = -6930.091104540536	
Result after line search : 
x = 3.75852
Old Fval = -6916.96
New Fval = -6930.09
NFcalls = 869
MINUIT migrad at gradient
Calculating Gradient at x =   LAVector parameters:
     -1.019840447539
     -1.222077674949
      -1.25144486908
      2.679844957317
     -1.365525187143
     -1.275953058306
     -1.337154947053
     -1.393222896609
     -1.135982612016
    -0.9789533593516
      -1.01888495324
     0.8356393686435
    -0.4430930776203
      1.764540789507
     0.8159417321633
    -0.6467299504791
     -1.925826284653
     -1.080022724883

INFO: current LH = -6930.140883578423	
INFO: current LH = -6930.038232366155	
INFO: current LH = -6930.272144249773	
INFO: current LH = -6929.906890156763	
INFO: current LH = -6930.083596501349	
INFO: current LH = -6930.095211941214	
INFO: current LH = -6930.063751794429	
INFO: current LH = -6930.115033025018	
INFO: current LH = -6930.130348470297	
INFO: current LH = -6930.049278286873	
INFO: current LH = -6930.015187642466	
INFO: Wall time: 6.75263s User: 0.01s System: 0.01s

INFO: current LH = -6930.164043171388	
INFO: current LH = -6930.238248489814	
INFO: current LH = -6929.940328809883	
INFO: current LH = -6930.021807435767	
INFO: current LH = -6930.157954541713	
INFO: current LH = -6930.080941639116	
INFO: current LH = -6930.098024914558	
INFO: current LH = -6930.080981712064	
INFO: current LH = -6930.097736757185	
INFO: current LH = -6930.064548065122	
INFO: current LH = -6930.114769846176	
INFO: current LH = -6930.032752424779	
INFO: current LH = -6930.145882491166	
INFO: current LH = -6930.136368594032	
INFO: current LH = -6930.043006492808	
INFO: current LH = -6930.196160096134	
INFO: current LH = -6929.982681168298	
INFO: current LH = -6930.417009030666	
INFO: current LH = -6929.76290735498	
INFO: current LH = -6930.115634789495	
INFO: Wall time: 6.52677s User: 0s System: 0.01s

INFO: current LH = -6930.062787076175	
INFO: current LH = -6930.008385962959	
INFO: current LH = -6930.170188219155	
INFO: current LH = -6930.113768245006	
INFO: current LH = -6930.0650194213	
Gradient =   LAVector parameters:
     -304.9143362734
     -548.1429709585
      107.3625020126
      9.471841404719
     -123.2722544371
      130.5095149779
     -150.3172596984
      64.99614916382
       28.6296664842
      41.35394044169
      112.9511693886
      8.707762101352
     -7.200199567227
     -12.88248731227
     -12.56819765138
     -12.59671840995
      54.31577895884
     -13.35431739663

Updated new point: 
  Parameter LAVector parameters:
     -1.019840447539
     -1.222077674949
      -1.25144486908
      2.679844957317
     -1.365525187143
     -1.275953058306
     -1.337154947053
     -1.393222896609
     -1.135982612016
    -0.9789533593516
      -1.01888495324
     0.8356393686435
    -0.4430930776203
      1.764540789507
     0.8159417321633
    -0.6467299504791
     -1.925826284653
     -1.080022724883
 Gradient LAVector parameters:
     -304.9143362734
     -548.1429709585
      107.3625020126
      9.471841404719
     -123.2722544371
      130.5095149779
     -150.3172596984
      64.99614916382
       28.6296664842
      41.35394044169
      112.9511693886
      8.707762101352
     -7.200199567227
     -12.88248731227
     -12.56819765138
     -12.59671840995
      54.31577895884
     -13.35431739663
 InvHessian skipped
 Hessian skipped
 edm = 3.70903

edm corrected = 6.18041


---> Iteration - 14
Fval = -6930.09 numOfCall = 905
Internal Parameter values LAVector parameters:
     -1.019840447539
     -1.222077674949
      -1.25144486908
      2.679844957317
     -1.365525187143
     -1.275953058306
     -1.337154947053
     -1.393222896609
     -1.135982612016
    -0.9789533593516
      -1.01888495324
     0.8356393686435
    -0.4430930776203
      1.764540789507
     0.8159417321633
    -0.6467299504791
     -1.925826284653
     -1.080022724883
 Newton step LAVector parameters:
   0.002603345169866
    0.00148135642628
  -0.001279309316819
    0.03256978897095
  -0.000297874358679
  -0.005525692077266
   0.008830784779947
  -0.007751219735364
   0.001719160713236
   0.007132150774836
  -0.004400767290734
   0.003850518704319
  -0.004898708488631
    0.04682165239629
    0.03387821433401
   -0.05114971834481
   -0.06332410266235
   -0.01383704081046

 gdel = -7.67377
INFO: current LH = -6935.633501407925	
INFO: current LH = -6936.873729926049	
Result after line search : 
x = 1.80019
Old Fval = -6930.09
New Fval = -6936.87
NFcalls = 907
MINUIT migrad at gradient
Calculating Gradient at x =   LAVector parameters:
     -1.015153925569
     -1.219410948494
     -1.253747871881
      2.738476841143
     -1.366061418275
     -1.285900366722
     -1.321257836151
     -1.407176582814
     -1.132887792111
     -0.966114116333
       -1.0268071807
     0.8425710428261
    -0.4519116949979
      1.848828768355
     0.8769290332736
    -0.7388092803884
     -2.039821847658
      -1.10493205942

INFO: current LH = -6936.837337053501	
INFO: current LH = -6936.906727508367	
INFO: current LH = -6937.010176955991	
INFO: current LH = -6936.733912421226	
INFO: current LH = -6936.876110225748	
INFO: current LH = -6936.868017457938	
INFO: current LH = -6936.879616823	
INFO: current LH = -6936.864397980096	
INFO: current LH = -6936.880950479887	
INFO: current LH = -6936.863045991754	
INFO: current LH = -6936.805016353734	
INFO: current LH = -6936.939177716719	
INFO: current LH = -6936.904800973765	
INFO: Wall time: 5.96762s User: 0s System: 0s

INFO: current LH = -6936.838472069593	
INFO: current LH = -6936.802540408555	
INFO: current LH = -6936.941766727461	
INFO: current LH = -6936.888088563627	
INFO: current LH = -6936.856100329256	
INFO: current LH = -6936.856398886974	
INFO: current LH = -6936.88760756121	
INFO: current LH = -6936.856097848225	
INFO: current LH = -6936.888428743043	
INFO: current LH = -6936.837342017735	
INFO: current LH = -6936.906891416916	
INFO: current LH = -6936.943412513637	
INFO: current LH = -6936.800580527753	
INFO: current LH = -6937.05020276449	
INFO: current LH = -6936.69353126724	
INFO: current LH = -6937.228092210455	
INFO: current LH = -6936.516459281113	
INFO: current LH = -6936.899536481413	
INFO: current LH = -6936.844451675067	
INFO: current LH = -6936.933605825463	
INFO: Wall time: 8.20559s User: 0.01s System: 0s

INFO: current LH = -6936.810227060422	
INFO: current LH = -6936.79693088213	
INFO: current LH = -6936.946835371073	
Gradient =   LAVector parameters:
      199.3106233218
     -406.1541616487
     -75.84233341753
     -2.859950338431
       -24.054085979
       111.610205257
     -35.06628332087
      57.16683385126
     -53.07556803721
      79.12519670073
       67.9783395448
      5.564505973322
     -10.19568201958
     -21.71724581311
     -11.38346349743
     -14.04883979433
     -43.41556315165
      41.76307450821

Updated new point: 
  Parameter LAVector parameters:
     -1.015153925569
     -1.219410948494
     -1.253747871881
      2.738476841143
     -1.366061418275
     -1.285900366722
     -1.321257836151
     -1.407176582814
     -1.132887792111
     -0.966114116333
       -1.0268071807
     0.8425710428261
    -0.4519116949979
      1.848828768355
     0.8769290332736
    -0.7388092803884
     -2.039821847658
      -1.10493205942
 Gradient LAVector parameters:
      199.3106233218
     -406.1541616487
     -75.84233341753
     -2.859950338431
       -24.054085979
       111.610205257
     -35.06628332087
      57.16683385126
     -53.07556803721
      79.12519670073
       67.9783395448
      5.564505973322
     -10.19568201958
     -21.71724581311
     -11.38346349743
     -14.04883979433
     -43.41556315165
      41.76307450821
 InvHessian skipped
 Hessian skipped
 edm = 3.79653

edm corrected = 5.75476


---> Iteration - 15
Fval = -6936.87 numOfCall = 943
Internal Parameter values LAVector parameters:
     -1.015153925569
     -1.219410948494
     -1.253747871881
      2.738476841143
     -1.366061418275
     -1.285900366722
     -1.321257836151
     -1.407176582814
     -1.132887792111
     -0.966114116333
       -1.0268071807
     0.8425710428261
    -0.4519116949979
      1.848828768355
     0.8769290332736
    -0.7388092803884
     -2.039821847658
      -1.10493205942
 Newton step LAVector parameters:
  -0.001646114924635
   0.002486549181712
  0.0009010645792796
  -0.001863327736471
   0.003283074091357
  -0.001035312492317
   0.004863385655693
  -0.001384608715275
  0.0002449788399962
  -0.001514723157656
  -0.003528857600401
   -0.03013743875871
   0.008114582552762
    0.02626773596605
    0.01627023302889
   0.001479707536371
   0.004250862910654
  -0.006240289751195

 gdel = -3.69004
INFO: current LH = -6940.194027076668	
INFO: current LH = -6946.235863304894	
Result after line search : 
x = 4.98998
Old Fval = -6936.87
New Fval = -6946.24
NFcalls = 945
MINUIT migrad at gradient
Calculating Gradient at x =   LAVector parameters:
     -1.023368007279
     -1.207003116059
     -1.249251577018
      2.729178871694
     -1.349678941911
      -1.29106655608
     -1.296989635577
     -1.414085753585
     -1.131665352426
    -0.9736725556606
     -1.044416112031
     0.6921858049719
     -0.411420084644
      1.979904263946
     0.9581171821266
    -0.7314255683353
     -2.018610123761
     -1.136070984862

INFO: current LH = -6946.212893583627	
INFO: current LH = -6946.255522012641	
INFO: current LH = -6946.267585353905	
INFO: current LH = -6946.200176849544	
INFO: current LH = -6946.18989506748	
INFO: current LH = -6946.278627780333	
INFO: current LH = -6946.268466553088	
INFO: current LH = -6946.199631577545	
INFO: current LH = -6946.167630070311	
INFO: current LH = -6946.300266536211	
INFO: current LH = -6946.062909581105	
INFO: current LH = -6946.404846335434	
INFO: current LH = -6946.183035091014	
INFO: current LH = -6946.284247744828	
INFO: current LH = -6946.221642073351	
INFO: Wall time: 5.48735s User: 0.01s System: 0.01s

INFO: current LH = -6946.246974447586	
INFO: current LH = -6946.181998078993	
INFO: current LH = -6946.286044397814	
INFO: current LH = -6946.160349530564	
INFO: current LH = -6946.307950060515	
INFO: current LH = -6946.231884788269	
INFO: current LH = -6946.236876232319	
INFO: current LH = -6946.24250731497	
INFO: current LH = -6946.225859410946	
INFO: current LH = -6946.28907794048	
INFO: current LH = -6946.180017800702	
INFO: current LH = -6946.362499000111	
INFO: current LH = -6946.104492484712	
INFO: current LH = -6946.582601924772	
INFO: current LH = -6945.882000305713	
INFO: current LH = -6946.473083071922	
INFO: current LH = -6945.995329036251	
INFO: current LH = -6946.25376898274	
INFO: current LH = -6946.214321366705	
INFO: current LH = -6946.211815985301	
INFO: Wall time: 7.78546s User: 0s System: 0s

INFO: current LH = -6946.25698970872	
INFO: current LH = -6946.269863466047	
INFO: current LH = -6946.199184128695	
Gradient =   LAVector parameters:
      123.9632786808
     -99.96559875609
      834.0390766112
     -13.19192834583
      182.2067884924
      282.4492096124
      60.15723270593
      10.14765484979
      171.5509893027
      382.0987786666
      9.875951258876
     -1.314551591064
     -7.964279375904
     -16.66105655495
     -10.50194132039
     -10.29970480709
      16.63363721771
     -20.79312296338

Updated new point: 
  Parameter LAVector parameters:
     -1.023368007279
     -1.207003116059
     -1.249251577018
      2.729178871694
     -1.349678941911
      -1.29106655608
     -1.296989635577
     -1.414085753585
     -1.131665352426
    -0.9736725556606
     -1.044416112031
     0.6921858049719
     -0.411420084644
      1.979904263946
     0.9581171821266
    -0.7314255683353
     -2.018610123761
     -1.136070984862
 Gradient LAVector parameters:
      123.9632786808
     -99.96559875609
      834.0390766112
     -13.19192834583
      182.2067884924
      282.4492096124
      60.15723270593
      10.14765484979
      171.5509893027
      382.0987786666
      9.875951258876
     -1.314551591064
     -7.964279375904
     -16.66105655495
     -10.50194132039
     -10.29970480709
      16.63363721771
     -20.79312296338
 InvHessian skipped
 Hessian skipped
 edm = 2.80553

edm corrected = 4.42367


---> Iteration - 16
Fval = -6946.24 numOfCall = 983
Internal Parameter values LAVector parameters:
     -1.023368007279
     -1.207003116059
     -1.249251577018
      2.729178871694
     -1.349678941911
      -1.29106655608
     -1.296989635577
     -1.414085753585
     -1.131665352426
    -0.9736725556606
     -1.044416112031
     0.6921858049719
     -0.411420084644
      1.979904263946
     0.9581171821266
    -0.7314255683353
     -2.018610123761
     -1.136070984862
 Newton step LAVector parameters:
 -0.0005627153649605
   0.004573629368828
  0.0001321160468571
    0.01819405435071
   -0.00259417445502
  -0.004481394672668
   0.006855033694975
  -0.005408253972961
 -0.0007652753716644
  -0.003453245874314
  -0.001967252260866
   -0.01683844492963
    0.01517107402161
     0.1136774662407
    0.05952778330357
   -0.01050039106816
   -0.01619863132342
   -0.01466098201016

 gdel = -5.9822
INFO: current LH = -6950.967034375679	
INFO: current LH = -6953.322669808505	
Result after line search : 
x = 2.39091
Old Fval = -6946.24
New Fval = -6953.32
NFcalls = 985
MINUIT migrad at gradient
Calculating Gradient at x =   LAVector parameters:
     -1.024713407854
     -1.196067989765
     -1.248935699727
      2.772679178798
     -1.355881373942
     -1.301781157716
     -1.280599881804
     -1.427016390384
     -1.133495055309
    -0.9819289482789
     -1.049119630875
     0.6519266350546
     -0.375147444895
      2.251696608684
      1.100442625648
    -0.7565310356144
     -2.057339558314
     -1.171124041624

INFO: current LH = -6953.355211569116	
INFO: current LH = -6953.286958097347	
INFO: current LH = -6953.341928628152	
INFO: current LH = -6953.299686010934	
INFO: current LH = -6953.40231013563	
INFO: current LH = -6953.23995598701	
INFO: current LH = -6953.412904592704	
INFO: current LH = -6953.228923105967	
INFO: current LH = -6953.340886092104	
INFO: current LH = -6953.301742959786	
INFO: current LH = -6953.147364236722	
INFO: current LH = -6953.494475810718	
INFO: current LH = -6953.278164936509	
INFO: current LH = -6953.363447666067	
INFO: current LH = -6953.312420592903	
INFO: Wall time: 5.69887s User: 0s System: 0.01s

INFO: J0P-1C1L0S0pbarpMag	1.30148
INFO: J1P1C1L1S1pbarpMag	0.620992
INFO: J2P1C1L1S1pbarpMag	0.459541
INFO: J0P-1C1L0S0pbarpPhi	0
INFO: J1P1C1L1S1pbarpPhi	0
INFO: J2P1C1L1S1pbarpPhi	2.77268
INFO: L2S2_J0P-1C1Toa2(1320)0AB_pion0ABMag	1
INFO: L2S2_J0P-1C1Tof2(1270)_etaMag	0.356585
INFO: L1S2_J1P1C1Toa2(1320)0AB_pion0ABMag	0.707107
INFO: L3S2_J1P1C1Toa2(1320)0AB_pion0ABMag	0.394203
INFO: L1S2_J1P1C1Tof2(1270)_etaMag	0.458269
INFO: L3S2_J1P1C1Tof2(1270)_etaMag	0.115126
INFO: L1S2_J2P1C1Toa2(1320)0AB_pion0ABMag	0.707107
INFO: L3S2_J2P1C1Toa2(1320)0AB_pion0ABMag	1.03137
INFO: L1S2_J2P1C1Tof2(1270)_etaMag	1.84602
INFO: L3S2_J2P1C1Tof2(1270)_etaMag	1.45787
INFO: L2S0_a2(1320)0ABTopion0AB_etaMag	1
INFO: L2S0_f2(1270)Topion0A_pion0BMag	1
INFO: L2S2_J0P-1C1Toa2(1320)0AB_pion0ABPhi	0
INFO: L2S2_J0P-1C1Tof2(1270)_etaPhi	0.651927
INFO: L1S2_J1P1C1Toa2(1320)0AB_pion0ABPhi	0
INFO: L3S2_J1P1C1Toa2(1320)0AB_pion0ABPhi	-0.375147
INFO: L1S2_J1P1C1Tof2(1270)_etaPhi	2.2517
INFO: L3S2_J1P1C1Tof2(1270)_etaPhi	1.10044
INFO: L1S2_J2P1C1Toa2(1320)0AB_pion0ABPhi	0
INFO: L3S2_J2P1C1Toa2(1320)0AB_pion0ABPhi	-0.756531
INFO: L1S2_J2P1C1Tof2(1270)_etaPhi	-2.05734
INFO: L3S2_J2P1C1Tof2(1270)_etaPhi	-1.17112
INFO: L2S0_a2(1320)0ABTopion0AB_etaPhi	0
INFO: L2S0_f2(1270)Topion0A_pion0BPhi	0
INFO: a2(1320)0ABMass	1.318
INFO: f2(1270)Mass	1.275
INFO: a2(1320)0ABWidth	0.107
INFO: f2(1270)Width	0.185
INFO: Iso1J0P-1C1Range01Other	0
INFO: Iso1J1P1C1Range01Other	0
INFO: Iso1J2P1C1Range01Other	0
INFO: current LH = -6953.329946783027	
INFO: current LH = -6953.31746100805	
INFO: current LH = -6953.3246754975	
INFO: current LH = -6953.391070666198	
INFO: current LH = -6953.251167973355	
INFO: current LH = -6953.40707726752	
INFO: current LH = -6953.235178169975	
INFO: current LH = -6953.352022339921	
INFO: current LH = -6953.289879857909	
INFO: current LH = -6953.323177716407	
INFO: current LH = -6953.319344346144	
INFO: current LH = -6953.327483971193	
INFO: current LH = -6953.312545520367	
INFO: current LH = -6953.484977255975	
INFO: current LH = -6953.157649562476	
INFO: current LH = -6953.384175680235	
INFO: current LH = -6953.257701859709	
INFO: current LH = -6953.342085137948	
INFO: current LH = -6953.300071866965	
INFO: current LH = -6953.332556109232	
INFO: Wall time: 7.98238s User: 0.01s System: 0.01s

INFO: current LH = -6953.309753844798	
Gradient =   LAVector parameters:
     -198.3362507574
     -68.49816352413
     -1500.027772033
     -36.88405921528
     -57.79095999293
      313.7617448415
      58.68042596774
      6.799341552155
      12.53842272963
     -368.1927163563
     -321.6510486644
     -4.939374435259
    -0.2493526200729
     -1.152779649883
     -7.193831525771
     -34.58081999233
     -14.51946109523
     -6.029703484036

Updated new point: 
  Parameter LAVector parameters:
     -1.024713407854
     -1.196067989765
     -1.248935699727
      2.772679178798
     -1.355881373942
     -1.301781157716
     -1.280599881804
     -1.427016390384
     -1.133495055309
    -0.9819289482789
     -1.049119630875
     0.6519266350546
     -0.375147444895
      2.251696608684
      1.100442625648
    -0.7565310356144
     -2.057339558314
     -1.171124041624
 Gradient LAVector parameters:
     -198.3362507574
     -68.49816352413
     -1500.027772033
     -36.88405921528
     -57.79095999293
      313.7617448415
      58.68042596774
      6.799341552155
      12.53842272963
     -368.1927163563
     -321.6510486644
     -4.939374435259
    -0.2493526200729
     -1.152779649883
     -7.193831525771
     -34.58081999233
     -14.51946109523
     -6.029703484036
 InvHessian skipped
 Hessian skipped
 edm = 3.16028

edm corrected = 5.46049


---> Iteration - 17
Fval = -6953.32 numOfCall = 1021
Internal Parameter values LAVector parameters:
     -1.024713407854
     -1.196067989765
     -1.248935699727
      2.772679178798
     -1.355881373942
     -1.301781157716
     -1.280599881804
     -1.427016390384
     -1.133495055309
    -0.9819289482789
     -1.049119630875
     0.6519266350546
     -0.375147444895
      2.251696608684
      1.100442625648
    -0.7565310356144
     -2.057339558314
     -1.171124041624
 Newton step LAVector parameters:
  0.0007963144514404
   0.001774477265586
 -0.0002455625901591
     0.0626526890825
  -0.002970538265242
  -0.009203990210633
   0.002718072166048
  -0.009848267840538
  -0.000102394882217
   0.003595679347733
 -9.284291229041e-05
    0.04157024605501
   0.002792229912768
     0.1302231445227
     0.0725513474985
   -0.01519888720999
   -0.02378481594295
   -0.01799510888426

 gdel = -6.03963
INFO: current LH = -6957.910209804967	
INFO: current LH = -6959.417065867018	
Result after line search : 
x = 2.07963
Old Fval = -6953.32
New Fval = -6959.42
NFcalls = 1023
MINUIT migrad at gradient
Calculating Gradient at x =   LAVector parameters:
     -1.023057364852
     -1.192377725634
      -1.24944638016
      2.902973872186
     -1.362059007786
     -1.320922093245
     -1.274947285169
     -1.447497187896
     -1.133707999238
    -0.9744512494763
     -1.049312710198
     0.7383775526948
    -0.3693406272519
      2.522513152013
      1.251322910527
    -0.7881391657341
     -2.106803281994
     -1.208547290792

INFO: current LH = -6959.412089717031	
INFO: current LH = -6959.418714352242	
INFO: current LH = -6959.376466738228	
INFO: current LH = -6959.454165831478	
INFO: current LH = -6959.39379149346	
INFO: current LH = -6959.436890823576	
INFO: current LH = -6959.415417253395	
INFO: current LH = -6959.415534842414	
INFO: current LH = -6959.414021653644	
INFO: current LH = -6959.416939993896	
INFO: current LH = -6959.253207553063	
INFO: current LH = -6959.577809189395	
INFO: current LH = -6959.325243804053	
INFO: current LH = -6959.504991959152	
INFO: current LH = -6959.407496939922	
INFO: current LH = -6959.423933796219	
INFO: current LH = -6959.358458150985	
INFO: Wall time: 6.30114s User: 0s System: 0s

INFO: current LH = -6959.472259440136	
INFO: current LH = -6959.392197459899	
INFO: current LH = -6959.438414334444	
INFO: current LH = -6959.377382456729	
INFO: current LH = -6959.453366118062	
INFO: current LH = -6959.40291239509	
INFO: current LH = -6959.428213324252	
INFO: current LH = -6959.456771849381	
INFO: current LH = -6959.3750966221	
INFO: current LH = -6959.342621579847	
INFO: current LH = -6959.487419693445	
INFO: current LH = -6959.545777011281	
INFO: current LH = -6959.286185076723	
INFO: current LH = -6959.422964387173	
INFO: current LH = -6959.407918800625	
INFO: current LH = -6959.453484728719	
INFO: current LH = -6959.377282574933	
INFO: current LH = -6959.423578709329	
INFO: current LH = -6959.407162992192	
Gradient =   LAVector parameters:
      18.81388506606
      133.4808102971
      383.2088783466
    0.02425026445158
      3.893884837799
      301.3018786881
      131.0660065088
      6.034663184059
      194.3047576853
      117.5741691383
      137.0611394127
      2.046675524707
     -4.895224344302
       14.1341259293
     -5.158107900745
     -4.201700192936
      -25.7890904507
     -4.147514571276

Updated new point: 
  Parameter LAVector parameters:
     -1.023057364852
     -1.192377725634
      -1.24944638016
      2.902973872186
     -1.362059007786
     -1.320922093245
     -1.274947285169
     -1.447497187896
     -1.133707999238
    -0.9744512494763
     -1.049312710198
     0.7383775526948
    -0.3693406272519
      2.522513152013
      1.251322910527
    -0.7881391657341
     -2.106803281994
     -1.208547290792
 Gradient LAVector parameters:
      18.81388506606
      133.4808102971
      383.2088783466
    0.02425026445158
      3.893884837799
      301.3018786881
      131.0660065088
      6.034663184059
      194.3047576853
      117.5741691383
      137.0611394127
      2.046675524707
     -4.895224344302
       14.1341259293
     -5.158107900745
     -4.201700192936
      -25.7890904507
     -4.147514571276
 InvHessian skipped
 Hessian skipped
 edm = 2.575

edm corrected = 4.29038


---> Iteration - 18
Fval = -6959.42 numOfCall = 1059
Internal Parameter values LAVector parameters:
     -1.023057364852
     -1.192377725634
      -1.24944638016
      2.902973872186
     -1.362059007786
     -1.320922093245
     -1.274947285169
     -1.447497187896
     -1.133707999238
    -0.9744512494763
     -1.049312710198
     0.7383775526948
    -0.3693406272519
      2.522513152013
      1.251322910527
    -0.7881391657341
     -2.106803281994
     -1.208547290792
 Newton step LAVector parameters:
   0.001880254717564
 -0.0007690825498564
   0.001412496855278
   -0.02068372277602
 -0.0004525753664284
   0.001502702455624
   -0.01066882516021
   0.007735147516467
  -0.008251137108306
  -0.005006693819889
    0.00361141237596
  -0.006388401810556
   0.009240903133429
   -0.04696544558215
    -0.0120769417203
    0.05324055020641
     0.0565649061443
     0.0374153218282

 gdel = -4.62152
INFO: current LH = -6962.234988485807	
INFO: Wall time: 7.73466s User: 0.01s System: 0.01s

INFO: current LH = -6962.404021655298	
Result after line search : 
x = 1.2812
Old Fval = -6959.42
New Fval = -6962.4
NFcalls = 1061
MINUIT migrad at gradient
Calculating Gradient at x =   LAVector parameters:
      -1.02064839179
       -1.1933630704
     -1.247636696161
      2.876473988669
     -1.362638845111
     -1.318996838277
     -1.288616131298
     -1.437586955082
      -1.14427931537
    -0.9808658008831
      -1.04468578649
      0.730192763831
    -0.3575012277745
      2.462341254975
      1.235849992412
    -0.7199276356283
     -2.034332603471
     -1.160610965164

INFO: current LH = -6962.380880662681	
INFO: current LH = -6962.423794098428	
INFO: current LH = -6962.422506912457	
INFO: current LH = -6962.382400265477	
INFO: current LH = -6962.386267711244	
INFO: current LH = -6962.418491016168	
INFO: current LH = -6962.378657112562	
INFO: current LH = -6962.426324887522	
INFO: current LH = -6962.404032761533	
INFO: current LH = -6962.400591635922	
INFO: current LH = -6962.281996780811	
INFO: current LH = -6962.522800772062	
INFO: current LH = -6962.370384363136	
INFO: current LH = -6962.434764908598	
INFO: current LH = -6962.400252855823	
INFO: current LH = -6962.404095745758	
INFO: current LH = -6962.389385132599	
INFO: current LH = -6962.415508342044	
INFO: current LH = -6962.374979398961	
INFO: Wall time: 6.17649s User: 0s System: 0s

INFO: current LH = -6962.429760360407	
INFO: current LH = -6962.360875469337	
INFO: current LH = -6962.443494780387	
INFO: current LH = -6962.411194710667	
INFO: current LH = -6962.393515126851	
INFO: current LH = -6962.450981796579	
INFO: current LH = -6962.352789558337	
INFO: current LH = -6962.358078715468	
INFO: current LH = -6962.447201972461	
INFO: current LH = -6962.568293262409	
INFO: current LH = -6962.235268729058	
INFO: current LH = -6962.39408217962	
INFO: current LH = -6962.410912593446	
INFO: current LH = -6962.378297826686	
INFO: current LH = -6962.426469269394	
INFO: current LH = -6962.435188063411	
INFO: current LH = -6962.36953123685	
Gradient =   LAVector parameters:
      122.0110988742
     -70.73285020882
      292.0301713157
      9.620180027834
     -4.486451835261
      216.5025444083
      50.85198098659
      1.272547776379
       45.2296663203
      143.4922209137
      150.4376916493
     -1.360817428816
     -4.858996985824
      9.656126966028
     -5.349210309417
      4.649165521446
      16.41095882829
     -16.76214643305

Updated new point: 
  Parameter LAVector parameters:
      -1.02064839179
       -1.1933630704
     -1.247636696161
      2.876473988669
     -1.362638845111
     -1.318996838277
     -1.288616131298
     -1.437586955082
      -1.14427931537
    -0.9808658008831
      -1.04468578649
      0.730192763831
    -0.3575012277745
      2.462341254975
      1.235849992412
    -0.7199276356283
     -2.034332603471
     -1.160610965164
 Gradient LAVector parameters:
      122.0110988742
     -70.73285020882
      292.0301713157
      9.620180027834
     -4.486451835261
      216.5025444083
      50.85198098659
      1.272547776379
       45.2296663203
      143.4922209137
      150.4376916493
     -1.360817428816
     -4.858996985824
      9.656126966028
     -5.349210309417
      4.649165521446
      16.41095882829
     -16.76214643305
 InvHessian skipped
 Hessian skipped
 edm = 1.17659

edm corrected = 1.80809


---> Iteration - 19
Fval = -6962.4 numOfCall = 1097
Internal Parameter values LAVector parameters:
      -1.02064839179
       -1.1933630704
     -1.247636696161
      2.876473988669
     -1.362638845111
     -1.318996838277
     -1.288616131298
     -1.437586955082
      -1.14427931537
    -0.9808658008831
      -1.04468578649
      0.730192763831
    -0.3575012277745
      2.462341254975
      1.235849992412
    -0.7199276356283
     -2.034332603471
     -1.160610965164
 Newton step LAVector parameters:
 -0.0006944344952922
   0.002942793115714
    0.00163951142279
  -0.004593898884713
    0.00157771009314
  -0.002542546713705
  0.0004789952354153
  0.0009691602303094
  -0.003556755897515
  -0.003745204799319
  -0.003196025972239
  -0.008940912944314
    0.01430409629073
    0.01526074028748
    0.02739693456811
    0.01356427102829
    0.01523260007048
    0.01852748921375

 gdel = -1.62337
INFO: current LH = -6963.82494091135	
INFO: current LH = -6965.503026493546	
INFO: current LH = -6965.519938775226	
INFO: Wall time: 8.52651s User: 0.01s System: 0.01s

Result after line search : 
x = 3.79954
Old Fval = -6962.4
New Fval = -6965.52
NFcalls = 1100
MINUIT migrad at gradient
Calculating Gradient at x =   LAVector parameters:
     -1.023286922393
      -1.18218181465
     -1.241407309384
      2.859019292976
     -1.356644274865
     -1.328657342412
     -1.286796170458
     -1.433904593471
     -1.157793346349
     -0.995095850721
     -1.056829210229
     0.6962214208441
    -0.3031522631624
      2.520325025287
      1.339945700177
    -0.6683896655865
     -1.976455752997
     -1.090215056526

INFO: current LH = -6965.486015328855	
INFO: current LH = -6965.550551024269	
INFO: current LH = -6965.496012299608	
INFO: current LH = -6965.540161947065	
INFO: current LH = -6965.506839927308	
INFO: current LH = -6965.529906795395	
INFO: current LH = -6965.519743916841	
INFO: current LH = -6965.51679735227	
INFO: current LH = -6965.483188315437	
INFO: current LH = -6965.553137548593	
INFO: current LH = -6965.399405591561	
INFO: current LH = -6965.636911465634	
INFO: current LH = -6965.434920603696	
INFO: current LH = -6965.600956542378	
INFO: current LH = -6965.511017127607	
INFO: current LH = -6965.524774125804	
INFO: current LH = -6965.534983495836	
INFO: current LH = -6965.501538904191	
INFO: current LH = -6965.508550743496	
INFO: current LH = -6965.527919413958	
INFO: Wall time: 5.45962s User: 0s System: 0s

INFO: current LH = -6965.470466135506	
INFO: current LH = -6965.566022413477	
INFO: current LH = -6965.522592075257	
INFO: current LH = -6965.513975321849	
INFO: current LH = -6965.535277150513	
INFO: current LH = -6965.501342127808	
INFO: current LH = -6965.42613914907	
INFO: current LH = -6965.61005090678	
INFO: current LH = -6965.665334862943	
INFO: current LH = -6965.370223786647	
INFO: current LH = -6965.522790556154	
INFO: current LH = -6965.513794876901	
INFO: current LH = -6965.507821614321	
INFO: current LH = -6965.528774211535	
INFO: current LH = -6965.485205627616	
INFO: current LH = -6965.551412125117	
Gradient =   LAVector parameters:
      184.7779353416
      75.65747686298
      207.8782272721
    -0.5708875487832
      92.52350428001
      211.0835194646
      122.4137220184
      4.804548135032
     -56.38834064407
       50.5954704081
      182.9662460438
    -0.6644197973822
     -1.904379873237
      18.17208659694
     -5.505851661071
     -2.380578717326
      7.089097180931
      16.90846319391

Updated new point: 
  Parameter LAVector parameters:
     -1.023286922393
      -1.18218181465
     -1.241407309384
      2.859019292976
     -1.356644274865
     -1.328657342412
     -1.286796170458
     -1.433904593471
     -1.157793346349
     -0.995095850721
     -1.056829210229
     0.6962214208441
    -0.3031522631624
      2.520325025287
      1.339945700177
    -0.6683896655865
     -1.976455752997
     -1.090215056526
 Gradient LAVector parameters:
      184.7779353416
      75.65747686298
      207.8782272721
    -0.5708875487832
      92.52350428001
      211.0835194646
      122.4137220184
      4.804548135032
     -56.38834064407
       50.5954704081
      182.9662460438
    -0.6644197973822
     -1.904379873237
      18.17208659694
     -5.505851661071
     -2.380578717326
      7.089097180931
      16.90846319391
 InvHessian skipped
 Hessian skipped
 edm = 2.08424

edm corrected = 3.26394


---> Iteration - 20
Fval = -6965.52 numOfCall = 1136
Internal Parameter values LAVector parameters:
     -1.023286922393
      -1.18218181465
     -1.241407309384
      2.859019292976
     -1.356644274865
     -1.328657342412
     -1.286796170458
     -1.433904593471
     -1.157793346349
     -0.995095850721
     -1.056829210229
     0.6962214208441
    -0.3031522631624
      2.520325025287
      1.339945700177
    -0.6683896655865
     -1.976455752997
     -1.090215056526
 Newton step LAVector parameters:
  -0.001871477921099
    0.00271024339917
   0.002380273842507
      0.015047244468
  0.0009754034683732
  -0.007720555369851
  -0.004789767720785
  -0.000221251877342
  -0.000148950551894
  -0.003105395465372
  -0.007705303037953
    0.03713229815947
     0.0123859559961
    -0.0195424222567
    0.05632790676248
   0.005154098200545
  -0.006920964644772
   0.005820533868411

 gdel = -4.01634
INFO: current LH = -6968.697635673169	
INFO: current LH = -6970.264660132287	
Result after line search : 
x = 2.39455
Old Fval = -6965.52
New Fval = -6970.26
NFcalls = 1138
MINUIT migrad at gradient
Calculating Gradient at x =   LAVector parameters:
     -1.027768275505
     -1.175691993127
      -1.23570761746
      2.895050717694
     -1.354308619542
     -1.347144621607
      -1.29826552323
     -1.434434392823
     -1.158150016343
     -1.002531884818
     -1.075279966906
     0.7851366776262
     -0.273493434798
       2.47352965901
      1.474825859554
    -0.6560479041632
     -1.993028369804
      -1.07627747956

INFO: current LH = -6970.274524706918	
INFO: current LH = -6970.251563063495	
INFO: Wall time: 8.61943s User: 0s System: 0.01s

INFO: current LH = -6970.268358022055	
INFO: current LH = -6970.257841323247	
INFO: current LH = -6970.265082605041	
INFO: current LH = -6970.261006942809	
INFO: current LH = -6970.216786877215	
INFO: current LH = -6970.309240382807	
INFO: current LH = -6970.259365235098	
INFO: current LH = -6970.266603697143	
INFO: current LH = -6970.205673117373	
INFO: current LH = -6970.320720630662	
INFO: current LH = -6970.247690138245	
INFO: current LH = -6970.278625564059	
INFO: current LH = -6970.298406833869	
INFO: current LH = -6970.227979604055	
INFO: current LH = -6970.228677329659	
INFO: current LH = -6970.296963701524	
INFO: current LH = -6970.28779470709	
INFO: current LH = -6970.23803456911	
INFO: current LH = -6970.262485292267	
INFO: current LH = -6970.263780267785	
INFO: Wall time: 6.19674s User: 0.01s System: 0.01s

INFO: current LH = -6970.208821649579	
INFO: current LH = -6970.316922047711	
INFO: current LH = -6970.246790310106	
INFO: current LH = -6970.279507150849	
INFO: current LH = -6970.245107916257	
INFO: current LH = -6970.28117752701	
INFO: current LH = -6970.424374175061	
INFO: current LH = -6970.100367561297	
INFO: current LH = -6970.182065474923	
INFO: current LH = -6970.343912120424	
INFO: current LH = -6970.300684547732	
INFO: current LH = -6970.225171235434	
INFO: current LH = -6970.219947312802	
INFO: current LH = -6970.306038879875	
Gradient =   LAVector parameters:
     -65.61760274796
     -19.02275712829
     -35.64699202019
      17.94585146552
       9.89708883725
      105.8246974938
      25.02135304311
     -27.27151000838
      115.6719875583
     -131.6070823898
      2.503709477455
      8.318116417828
      1.817796323136
       3.75385247282
     -6.890555695754
      42.62502906287
     -25.38647468203
       21.7737988554

Updated new point: 
  Parameter LAVector parameters:
     -1.027768275505
     -1.175691993127
      -1.23570761746
      2.895050717694
     -1.354308619542
     -1.347144621607
      -1.29826552323
     -1.434434392823
     -1.158150016343
     -1.002531884818
     -1.075279966906
     0.7851366776262
     -0.273493434798
       2.47352965901
      1.474825859554
    -0.6560479041632
     -1.993028369804
      -1.07627747956
 Gradient LAVector parameters:
     -65.61760274796
     -19.02275712829
     -35.64699202019
      17.94585146552
       9.89708883725
      105.8246974938
      25.02135304311
     -27.27151000838
      115.6719875583
     -131.6070823898
      2.503709477455
      8.318116417828
      1.817796323136
       3.75385247282
     -6.890555695754
      42.62502906287
     -25.38647468203
       21.7737988554
 InvHessian skipped
 Hessian skipped
 edm = 1.87868

edm corrected = 2.87416


---> Iteration - 21
Fval = -6970.26 numOfCall = 1174
Internal Parameter values LAVector parameters:
     -1.027768275505
     -1.175691993127
      -1.23570761746
      2.895050717694
     -1.354308619542
     -1.347144621607
      -1.29826552323
     -1.434434392823
     -1.158150016343
     -1.002531884818
     -1.075279966906
     0.7851366776262
     -0.273493434798
       2.47352965901
      1.474825859554
    -0.6560479041632
     -1.993028369804
      -1.07627747956
 Newton step LAVector parameters:
   -0.00037291550188
   0.002179676274864
  0.0004937742407783
     0.0382761785369
   0.001211017987384
   -0.01034464417152
  0.0003226008350582
  -0.005349560509343
  -0.000386994985165
   0.003908355439538
  -0.006365805093209
  -0.002970419630033
   -0.00273306696787
    0.01055760423699
    0.06376088491748
   -0.06099217500611
   -0.02771250148718
   -0.01856313781306

 gdel = -3.58139
INFO: current LH = -6972.749133135528	
INFO: current LH = -6973.151872086171	
Result after line search : 
x = 1.63248
Old Fval = -6970.26
New Fval = -6973.15
NFcalls = 1176
MINUIT migrad at gradient
Calculating Gradient at x =   LAVector parameters:
     -1.028377052403
     -1.172133716375
     -1.234901541153
      2.957535793041
     -1.352331657549
     -1.364032040759
     -1.297738883992
     -1.443167440485
     -1.158781777709
    -0.9961515748326
      -1.08567201298
     0.7802875285866
    -0.2779551104914
      2.490764731095
      1.578914194663
    -0.7556163772051
     -2.038268459324
     -1.106581420791

INFO: current LH = -6973.137514864921	
INFO: current LH = -6973.16291926875	
INFO: current LH = -6973.140853919564	
INFO: current LH = -6973.159628775054	
INFO: Wall time: 7.3497s User: 0s System: 0s

INFO: current LH = -6973.131131880254	
INFO: current LH = -6973.169289732917	
INFO: current LH = -6973.127163482591	
INFO: current LH = -6973.173041053384	
INFO: current LH = -6973.139413312417	
INFO: current LH = -6973.160907884861	
INFO: current LH = -6973.129534447839	
INFO: current LH = -6973.171328051064	
INFO: current LH = -6973.120427699676	
INFO: current LH = -6973.179956068969	
INFO: current LH = -6973.222975072415	
INFO: current LH = -6973.078295971176	
INFO: current LH = -6973.153558023818	
INFO: current LH = -6973.146859296978	
INFO: current LH = -6973.127621068076	
INFO: current LH = -6973.172590252391	
INFO: current LH = -6973.138567720774	
INFO: current LH = -6973.162222549176	
INFO: current LH = -6973.115364375023	
INFO: current LH = -6973.18500704699	
INFO: Wall time: 6.01382s User: 0s System: 0.01s

INFO: current LH = -6973.122853578004	
INFO: current LH = -6973.177708785713	
INFO: current LH = -6973.162161345733	
INFO: current LH = -6973.138192447905	
INFO: current LH = -6973.268177710868	
INFO: current LH = -6973.03201350917	
INFO: current LH = -6973.146606148965	
INFO: current LH = -6973.153556264208	
INFO: current LH = -6973.163377321308	
INFO: current LH = -6973.136977973533	
INFO: current LH = -6973.11638062476	
INFO: current LH = -6973.184107824764	
Gradient =   LAVector parameters:
       71.5780885302
      32.90006228385
       328.959848835
      8.861802944851
      29.50417999618
      36.06450114593
      45.76717493319
     -52.62310004312
      -11.9357556577
      121.8629590588
      43.83405050964
      5.557649450332
       2.90590568803
     -2.383061194366
     -5.893349830225
       1.83520471574
     -9.058911431829
       17.1517729229

Updated new point: 
  Parameter LAVector parameters:
     -1.028377052403
     -1.172133716375
     -1.234901541153
      2.957535793041
     -1.352331657549
     -1.364032040759
     -1.297738883992
     -1.443167440485
     -1.158781777709
    -0.9961515748326
      -1.08567201298
     0.7802875285866
    -0.2779551104914
      2.490764731095
      1.578914194663
    -0.7556163772051
     -2.038268459324
     -1.106581420791
 Gradient LAVector parameters:
       71.5780885302
      32.90006228385
       328.959848835
      8.861802944851
      29.50417999618
      36.06450114593
      45.76717493319
     -52.62310004312
      -11.9357556577
      121.8629590588
      43.83405050964
      5.557649450332
       2.90590568803
     -2.383061194366
     -5.893349830225
       1.83520471574
     -9.058911431829
       17.1517729229
 InvHessian skipped
 Hessian skipped
 edm = 0.653927

edm corrected = 0.979301


---> Iteration - 22
Fval = -6973.15 numOfCall = 1212
Internal Parameter values LAVector parameters:
     -1.028377052403
     -1.172133716375
     -1.234901541153
      2.957535793041
     -1.352331657549
     -1.364032040759
     -1.297738883992
     -1.443167440485
     -1.158781777709
    -0.9961515748326
      -1.08567201298
     0.7802875285866
    -0.2779551104914
      2.490764731095
      1.578914194663
    -0.7556163772051
     -2.038268459324
     -1.106581420791
 Newton step LAVector parameters:
   -0.00105582985199
   0.002197815667826
    0.00111738219934
  -0.002651637793985
    0.00118495302387
  -0.003604118451312
  -0.001886351036934
   0.001425079624641
  -0.001376950172985
  -0.003786640889985
  -0.002298321601587
   -0.05258361367395
   0.005643961776123
    0.01194835569554
    0.03689913554841
    0.00261258498556
   0.002376445208738
   -0.01387524573994

 gdel = -1.23779
INFO: current LH = -6973.93773390042	
INFO: current LH = -6973.996427334328	
Result after line search : 
x = 1.36946
Old Fval = -6973.15
New Fval = -6974
NFcalls = 1214
MINUIT migrad at gradient
Calculating Gradient at x =   LAVector parameters:
     -1.029822966566
     -1.169123901113
     -1.233371333663
      2.953904487642
     -1.350708914684
     -1.368967727986
     -1.300322161663
     -1.441215854433
      -1.16066745252
     -1.001337218792
     -1.088819466852
     0.7082765017918
    -0.2702259444206
      2.507127497022
      1.629445994458
    -0.7520385529695
     -2.035014018488
     -1.125582980839

INFO: current LH = -6973.996980641245	
INFO: current LH = -6973.992576567836	
INFO: current LH = -6974.010845239977	
INFO: current LH = -6973.97870677477	
INFO: current LH = -6974.016286277226	
INFO: current LH = -6973.973328341597	
INFO: Wall time: 7.38516s User: 0.01s System: 0.01s

INFO: current LH = -6973.989311124886	
INFO: current LH = -6974.000175652033	
INFO: current LH = -6974.012844033306	
INFO: current LH = -6973.976744794065	
INFO: current LH = -6973.986988980173	
INFO: current LH = -6974.002634221362	
INFO: current LH = -6974.01179115462	
INFO: current LH = -6973.977985155355	
INFO: current LH = -6974.079315458599	
INFO: current LH = -6973.910209077943	
INFO: current LH = -6974.013083655105	
INFO: current LH = -6973.976441003379	
INFO: current LH = -6974.012465786461	
INFO: current LH = -6973.977113450556	
INFO: current LH = -6974.034381605547	
INFO: current LH = -6973.955208844422	
INFO: current LH = -6974.00123039455	
INFO: current LH = -6973.988177296321	
INFO: current LH = -6973.933421832946	
INFO: current LH = -6974.056154284988	
INFO: Wall time: 6.58547s User: 0s System: 0s

INFO: current LH = -6973.988738935535	
INFO: current LH = -6974.000699797194	
INFO: current LH = -6974.109999781536	
INFO: current LH = -6973.879412222089	
INFO: current LH = -6973.998173473156	
INFO: current LH = -6973.991334455173	
INFO: current LH = -6973.985072819459	
INFO: current LH = -6974.004555456304	
INFO: current LH = -6973.993963611243	
INFO: current LH = -6973.995736864698	
Gradient =   LAVector parameters:
     -12.37943142504
     -55.77132789381
     -370.1666239338
      2.165062086525
     -50.27049732721
      12.56704832204
     -26.12631453381
     -53.04109868889
     -65.30099266918
     -98.74066895951
     -138.2687986885
     -1.049010789575
      6.359436240352
      1.200693695553
     -5.947538372263
     -1.874100918876
      6.748651682273
     0.4443231590755

Updated new point: 
  Parameter LAVector parameters:
     -1.029822966566
     -1.169123901113
     -1.233371333663
      2.953904487642
     -1.350708914684
     -1.368967727986
     -1.300322161663
     -1.441215854433
      -1.16066745252
     -1.001337218792
     -1.088819466852
     0.7082765017918
    -0.2702259444206
      2.507127497022
      1.629445994458
    -0.7520385529695
     -2.035014018488
     -1.125582980839
 Gradient LAVector parameters:
     -12.37943142504
     -55.77132789381
     -370.1666239338
      2.165062086525
     -50.27049732721
      12.56704832204
     -26.12631453381
     -53.04109868889
     -65.30099266918
     -98.74066895951
     -138.2687986885
     -1.049010789575
      6.359436240352
      1.200693695553
     -5.947538372263
     -1.874100918876
      6.748651682273
     0.4443231590755
 InvHessian skipped
 Hessian skipped
 edm = 0.225628

edm corrected = 0.312181


---> Iteration - 23
Fval = -6974 numOfCall = 1250
Internal Parameter values LAVector parameters:
     -1.029822966566
     -1.169123901113
     -1.233371333663
      2.953904487642
     -1.350708914684
     -1.368967727986
     -1.300322161663
     -1.441215854433
      -1.16066745252
     -1.001337218792
     -1.088819466852
     0.7082765017918
    -0.2702259444206
      2.507127497022
      1.629445994458
    -0.7520385529695
     -2.035014018488
     -1.125582980839
 Newton step LAVector parameters:
  -0.000707173276493
 -0.0002940395871521
 -0.0002395926423234
 -0.0009342640759494
   0.001530676496449
 -0.0005980303011214
 -0.0003111547726885
  0.0004502298068672
  0.0009889879267105
  0.0004389476010991
  0.0008625938304163
   -0.01306499159462
  -0.005780645803433
  -0.005085237444036
   0.007108829366963
   -0.00376187223799
  -0.006210811145781
  -0.009142118201726

 gdel = -0.325957
INFO: current LH = -6974.279890709545	
INFO: current LH = -6974.62178518857	
Result after line search : 
x = 3.83534
Old Fval = -6974
New Fval = -6974.62
NFcalls = 1252
MINUIT migrad at gradient
Calculating Gradient at x =   LAVector parameters:
      -1.03253521918
     -1.170251644009
     -1.234290253809
      2.950321263746
     -1.344838244132
     -1.371261379771
      -1.30151554718
     -1.439489068352
     -1.156874343845
    -0.9996537038482
     -1.085511122985
     0.6581677677856
    -0.2923967082401
      2.487623863315
      1.656710798822
    -0.7664666261889
      -2.05883461427
      -1.16064614685

INFO: current LH = -6974.637803954049	
INFO: current LH = -6974.602441913662	
INFO: current LH = -6974.650957009025	
INFO: current LH = -6974.589406124154	
INFO: current LH = -6974.628015482394	
INFO: current LH = -6974.612182437751	
INFO: current LH = -6974.610523091499	
INFO: current LH = -6974.62968583705	
INFO: Wall time: 6.79583s User: 0.01s System: 0s

INFO: current LH = -6974.614990112078	
INFO: current LH = -6974.625052809071	
INFO: current LH = -6974.606911980973	
INFO: current LH = -6974.633478603204	
INFO: current LH = -6974.639030689349	
INFO: current LH = -6974.601321455421	
INFO: current LH = -6974.716656203537	
INFO: current LH = -6974.523685754966	
INFO: current LH = -6974.62729793411	
INFO: current LH = -6974.612896207309	
INFO: current LH = -6974.619709827331	
INFO: current LH = -6974.620567811972	
INFO: current LH = -6974.650241156964	
INFO: current LH = -6974.589939819118	
INFO: current LH = -6974.634149724824	
INFO: current LH = -6974.606056171125	
INFO: current LH = -6974.55599830636	
INFO: current LH = -6974.684582117883	
INFO: current LH = -6974.617921428004	
INFO: current LH = -6974.622354257293	
INFO: Wall time: 6.95082s User: 0.01s System: 0.01s

INFO: current LH = -6974.737730684487	
INFO: current LH = -6974.502196814648	
INFO: current LH = -6974.610716814064	
INFO: current LH = -6974.629461528196	
INFO: current LH = -6974.617733715061	
INFO: current LH = -6974.622546136105	
INFO: current LH = -6974.637625410252	
INFO: current LH = -6974.602662085022	
Gradient =   LAVector parameters:
     -98.97198078165
     -106.4365386838
     -134.6583205233
      3.842690236364
      13.88564705422
      21.03421412039
     -28.03694893805
     -60.56379944024
     -25.68084406571
      2.378103713202
     -104.3287554153
     -2.298430242337
      6.614933992628
     0.4509669190138
     -6.180750299579
      5.152620000468
      1.641839042475
     -8.531473278798

Updated new point: 
  Parameter LAVector parameters:
      -1.03253521918
     -1.170251644009
     -1.234290253809
      2.950321263746
     -1.344838244132
     -1.371261379771
      -1.30151554718
     -1.439489068352
     -1.156874343845
    -0.9996537038482
     -1.085511122985
     0.6581677677856
    -0.2923967082401
      2.487623863315
      1.656710798822
    -0.7664666261889
      -2.05883461427
      -1.16064614685
 Gradient LAVector parameters:
     -98.97198078165
     -106.4365386838
     -134.6583205233
      3.842690236364
      13.88564705422
      21.03421412039
     -28.03694893805
     -60.56379944024
     -25.68084406571
      2.378103713202
     -104.3287554153
     -2.298430242337
      6.614933992628
     0.4509669190138
     -6.180750299579
      5.152620000468
      1.641839042475
     -8.531473278798
 InvHessian skipped
 Hessian skipped
 edm = 0.393826

edm corrected = 0.59969


---> Iteration - 24
Fval = -6974.62 numOfCall = 1288
Internal Parameter values LAVector parameters:
      -1.03253521918
     -1.170251644009
     -1.234290253809
      2.950321263746
     -1.344838244132
     -1.371261379771
      -1.30151554718
     -1.439489068352
     -1.156874343845
    -0.9996537038482
     -1.085511122985
     0.6581677677856
    -0.2923967082401
      2.487623863315
      1.656710798822
    -0.7664666261889
      -2.05883461427
      -1.16064614685
 Newton step LAVector parameters:
  -0.000576035336594
   0.001088225685938
  0.0004652949274162
   -0.01079387037175
   0.001195680331678
  -0.002923689963798
  -0.001579505816377
   0.003752336598362
 -0.0002160766230579
  -0.002023847919874
   0.001678391544809
   -0.01679124520827
  -0.008988422858192
   -0.01230409509235
    0.03757604957076
   0.003564685451468
   0.002509211454958
  -0.001446631022053

 gdel = -0.789015
INFO: current LH = -6975.362210202618	
INFO: current LH = -6977.107574195062	
INFO: current LH = -6977.096232661119	
INFO: current LH = -6977.161459696238	
Result after line search : 
x = 5.74866
Old Fval = -6974.62
New Fval = -6977.16
NFcalls = 1292
MINUIT migrad at gradient
Calculating Gradient at x =   LAVector parameters:
     -1.035846650939
     -1.163995803667
       -1.2316154311
      2.888270964264
      -1.33796468348
     -1.388068681656
     -1.310595590349
     -1.417918158042
     -1.158116495058
     -1.011288119049
     -1.075862619305
     0.5616405946804
    -0.3440681023752
      2.416891794183
      1.872722761993
    -0.7459744586712
     -2.044410008741
     -1.168962337898

INFO: current LH = -6977.144059709088	
INFO: current LH = -6977.175511570963	
INFO: current LH = -6977.179609962019	
INFO: current LH = -6977.139983285525	
INFO: current LH = -6977.116521134957	
INFO: current LH = -6977.203011565473	
INFO: current LH = -6977.15729436111	
INFO: current LH = -6977.162283152012	
INFO: Wall time: 8.07421s User: 0s System: 0.01s

INFO: current LH = -6977.128034766818	
INFO: current LH = -6977.191290658853	
INFO: current LH = -6977.184769394141	
INFO: current LH = -6977.135213719407	
INFO: current LH = -6977.16301945396	
INFO: current LH = -6977.156445304038	
INFO: current LH = -6977.266930292195	
INFO: current LH = -6977.050922274609	
INFO: current LH = -6977.142161873275	
INFO: current LH = -6977.177252461128	
INFO: current LH = -6977.139307934878	
INFO: current LH = -6977.180369690456	
INFO: current LH = -6977.118611995706	
INFO: current LH = -6977.200177531717	
INFO: current LH = -6977.200845330921	
INFO: current LH = -6977.118818593156	
INFO: current LH = -6977.070282615992	
INFO: current LH = -6977.249460061302	
INFO: current LH = -6977.146198547185	
INFO: current LH = -6977.173538723553	
INFO: Wall time: 6.92042s User: 0s System: 0s

INFO: current LH = -6977.232996061283	
INFO: current LH = -6977.083991063535	
INFO: current LH = -6977.215592856427	
INFO: current LH = -6977.103993645407	
INFO: current LH = -6977.150719814388	
INFO: current LH = -6977.168760954411	
INFO: current LH = -6977.176488938071	
INFO: current LH = -6977.143166242365	
INFO: current LH = -6977.12755841594	
INFO: current LH = -6977.192077019358	
Gradient =   LAVector parameters:
      87.99238674624
     -67.27753899267
      740.5766817231
       1.00553267938
      89.87595549886
      -38.3568357856
     -4.807190707029
     -66.78010662294
       63.0320971518
      113.2211013113
      142.4312419318
     -6.748374076626
      8.738054387197
      2.767785296228
     -4.091680049902
      5.007297932549
     -11.30575988876
      15.63809681875

Updated new point: 
  Parameter LAVector parameters:
     -1.035846650939
     -1.163995803667
       -1.2316154311
      2.888270964264
      -1.33796468348
     -1.388068681656
     -1.310595590349
     -1.417918158042
     -1.158116495058
     -1.011288119049
     -1.075862619305
     0.5616405946804
    -0.3440681023752
      2.416891794183
      1.872722761993
    -0.7459744586712
     -2.044410008741
     -1.168962337898
 Gradient LAVector parameters:
      87.99238674624
     -67.27753899267
      740.5766817231
       1.00553267938
      89.87595549886
      -38.3568357856
     -4.807190707029
     -66.78010662294
       63.0320971518
      113.2211013113
      142.4312419318
     -6.748374076626
      8.738054387197
      2.767785296228
     -4.091680049902
      5.007297932549
     -11.30575988876
      15.63809681875
 InvHessian skipped
 Hessian skipped
 edm = 0.905283

edm corrected = 1.7


---> Iteration - 25
Fval = -6977.16 numOfCall = 1330
Internal Parameter values LAVector parameters:
     -1.035846650939
     -1.163995803667
       -1.2316154311
      2.888270964264
      -1.33796468348
     -1.388068681656
     -1.310595590349
     -1.417918158042
     -1.158116495058
     -1.011288119049
     -1.075862619305
     0.5616405946804
    -0.3440681023752
      2.416891794183
      1.872722761993
    -0.7459744586712
     -2.044410008741
     -1.168962337898
 Newton step LAVector parameters:
 -2.773479916549e-05
  0.0007591761155912
   -0.00108943651598
   -0.02855546764171
  -0.001192489535315
  -0.002011944070374
  -0.001165249099077
   0.009346569085873
   0.001788041288911
  -0.001559322022243
   0.006573936125401
    0.02024818313913
   -0.03632178635205
   -0.04413453321417
    0.05629722246013
  -0.003162978989273
  -0.001915428564886
    -0.0230621556668

 gdel = -1.82648
INFO: current LH = -6978.720724583136	
INFO: current LH = -6980.049823782378	
INFO: current LH = -6980.088303005263	
Result after line search : 
x = 3.13939
Old Fval = -6977.16
New Fval = -6980.09
NFcalls = 1333
MINUIT migrad at gradient
Calculating Gradient at x =   LAVector parameters:
     -1.035933721306
     -1.161612453315
     -1.235035597845
      2.798624197893
     -1.341708373905
     -1.394384959935
     -1.314253762404
     -1.388575627017
     -1.152503135063
     -1.016183439931
     -1.055224466102
     0.6252075502663
    -0.4580963766147
      2.278336255973
      2.049461732356
    -0.7559042851425
     -2.050423287151
     -1.241363452355

INFO: current LH = -6980.091243068465	
INFO: current LH = -6980.082122567595	
INFO: current LH = -6980.144608118715	
INFO: current LH = -6980.028767671526	
INFO: current LH = -6980.055597988426	
INFO: current LH = -6980.117639442356	
INFO: current LH = -6980.152069753614	
INFO: Wall time: 6.72912s User: 0s System: 0.01s

INFO: current LH = -6980.021073722787	
INFO: current LH = -6980.108384966525	
INFO: current LH = -6980.065046405839	
INFO: current LH = -6980.143222981673	
INFO: current LH = -6980.030410364	
INFO: current LH = -6980.085632781717	
INFO: current LH = -6980.08783496354	
INFO: current LH = -6980.167798830071	
INFO: current LH = -6980.004560839837	
INFO: current LH = -6980.08877141536	
INFO: current LH = -6980.08460089965	
INFO: current LH = -6980.092766376401	
INFO: current LH = -6980.080820466579	
INFO: current LH = -6980.019271880306	
INFO: current LH = -6980.153447372026	
INFO: current LH = -6980.129094495024	
INFO: current LH = -6980.044020219333	
INFO: current LH = -6979.969067459587	
INFO: current LH = -6980.204047250424	
INFO: current LH = -6980.078169140541	
INFO: Wall time: 6.31109s User: 0.01s System: 0.01s

INFO: current LH = -6980.095203948461	
INFO: current LH = -6980.108283351406	
INFO: current LH = -6980.06235517476	
INFO: current LH = -6980.103795637886	
INFO: current LH = -6980.069486434214	
INFO: current LH = -6980.127541860102	
INFO: current LH = -6980.045599097582	
INFO: current LH = -6980.135701791451	
INFO: current LH = -6980.037935950745	
INFO: current LH = -6980.013971384185	
INFO: current LH = -6980.159776647346	
Gradient =   LAVector parameters:
     -25.59094865122
      -196.599405008
      535.8469180832
     -26.45594935226
     -63.98423657676
      -82.0114805513
      1.640495013541
     -62.26376804768
     -7.687363645288
     -32.50640510031
      260.9808459911
     -6.921777803259
      11.19489440876
      1.686147893797
     -1.685369950737
     -23.11592746295
     -32.84769449265
      35.10264366928

Updated new point: 
  Parameter LAVector parameters:
     -1.035933721306
     -1.161612453315
     -1.235035597845
      2.798624197893
     -1.341708373905
     -1.394384959935
     -1.314253762404
     -1.388575627017
     -1.152503135063
     -1.016183439931
     -1.055224466102
     0.6252075502663
    -0.4580963766147
      2.278336255973
      2.049461732356
    -0.7559042851425
     -2.050423287151
     -1.241363452355
 Gradient LAVector parameters:
     -25.59094865122
      -196.599405008
      535.8469180832
     -26.45594935226
     -63.98423657676
      -82.0114805513
      1.640495013541
     -62.26376804768
     -7.687363645288
     -32.50640510031
      260.9808459911
     -6.921777803259
      11.19489440876
      1.686147893797
     -1.685369950737
     -23.11592746295
     -32.84769449265
      35.10264366928
 InvHessian skipped
 Hessian skipped
 edm = 2.97837

edm corrected = 5.56854


---> Iteration - 26
Fval = -6980.09 numOfCall = 1371
Internal Parameter values LAVector parameters:
     -1.035933721306
     -1.161612453315
     -1.235035597845
      2.798624197893
     -1.341708373905
     -1.394384959935
     -1.314253762404
     -1.388575627017
     -1.152503135063
     -1.016183439931
     -1.055224466102
     0.6252075502663
    -0.4580963766147
      2.278336255973
      2.049461732356
    -0.7559042851425
     -2.050423287151
     -1.241363452355
 Newton step LAVector parameters:
  0.0001540413825452
   0.001402395472855
 -0.0004182804792541
 -0.0006274513589382
 -0.0001676808716655
    -0.0019602775172
    0.00101687979268
   0.002514350491458
  0.0006151638597151
 -0.0003318086545481
 -1.466189307129e-05
    0.03376322091594
   -0.01211780273717
  -0.007428283221375
    0.03361690041944
   -0.00249862151376
  -0.000121843583672
   -0.01538892526405

 gdel = -1.38532
INFO: current LH = -6981.433720182347	
INFO: current LH = -6986.211223841501	
INFO: current LH = -6992.294721515369	
INFO: current LH = -6990.117041476244	
INFO: current LH = -6992.355624036687	
INFO: current LH = -6992.585279714248	
Result after line search : 
x = 13.6284
Old Fval = -6980.09
New Fval = -6992.59
NFcalls = 1377
MINUIT migrad at gradient
Calculating Gradient at x =   LAVector parameters:
     -1.033834382507
     -1.142500035731
     -1.240736094846
      2.790073034817
     -1.343993597226
     -1.421100421597
     -1.300395309773
     -1.354309032839
     -1.144119431039
      -1.02070546363
     -1.055424284362
      1.085346497955
    -0.6232427355377
      2.177100582009
       2.50760656463
    -0.7899565183958
     -2.052083821213
     -1.451090003464

INFO: current LH = -6992.562027344375	
INFO: current LH = -6992.60535846991	
INFO: current LH = -6992.664419920119	
INFO: Wall time: 9.34381s User: 0.01s System: 0s

INFO: current LH = -6992.501909648197	
INFO: current LH = -6992.682273272905	
INFO: current LH = -6992.485221153356	
INFO: current LH = -6992.691359163794	
INFO: current LH = -6992.47517809752	
INFO: current LH = -6992.640723726403	
INFO: current LH = -6992.526440368277	
INFO: current LH = -6992.716866275844	
INFO: current LH = -6992.451146360695	
INFO: current LH = -6992.733486186148	
INFO: current LH = -6992.433661411136	
INFO: current LH = -6993.091605842407	
INFO: current LH = -6992.079259048583	
INFO: current LH = -6994.258972182824	
INFO: current LH = -6990.91478833896	
INFO: current LH = -6992.610999349438	
INFO: current LH = -6992.556420930659	
INFO: current LH = -6992.697750039445	
INFO: current LH = -6992.469890769458	
INFO: current LH = -6992.650749271128	
INFO: Wall time: 5.45697s User: 0s System: 0s

INFO: current LH = -6992.517062081132	
INFO: current LH = -6992.505817357667	
INFO: current LH = -6992.660921408325	
INFO: current LH = -6992.513144899681	
INFO: current LH = -6992.654176491465	
INFO: current LH = -6992.763240628712	
INFO: current LH = -6992.401337615895	
INFO: current LH = -6992.718728094887	
INFO: current LH = -6992.448502362625	
INFO: current LH = -6992.265699497876	
INFO: current LH = -6992.891086322619	
INFO: current LH = -6992.429762635566	
INFO: current LH = -6992.737471136927	
INFO: current LH = -6992.630624175971	
INFO: current LH = -6992.536439624638	
INFO: current LH = -6992.772965151676	
INFO: current LH = -6992.395679513884	
INFO: current LH = -6992.390338501308	
INFO: current LH = -6992.778039123155	
Gradient =   LAVector parameters:
      119.8521445147
     -271.4559736193
       -1710.5817707
     -44.48979886544
     -164.6300690953
     -182.3873013313
     -216.6779034944
      -435.664079519
     -99.06921408151
     -589.9844461037
     -280.7369243155
      12.91268101436
      6.875116470535
     -35.27259156554
      30.67153657194
     -27.08419104978
     -119.5969621959
      86.41182574986

Updated new point: 
  Parameter LAVector parameters:
     -1.033834382507
     -1.142500035731
     -1.240736094846
      2.790073034817
     -1.343993597226
     -1.421100421597
     -1.300395309773
     -1.354309032839
     -1.144119431039
      -1.02070546363
     -1.055424284362
      1.085346497955
    -0.6232427355377
      2.177100582009
       2.50760656463
    -0.7899565183958
     -2.052083821213
     -1.451090003464
 Gradient LAVector parameters:
      119.8521445147
     -271.4559736193
       -1710.5817707
     -44.48979886544
     -164.6300690953
     -182.3873013313
     -216.6779034944
      -435.664079519
     -99.06921408151
     -589.9844461037
     -280.7369243155
      12.91268101436
      6.875116470535
     -35.27259156554
      30.67153657194
     -27.08419104978
     -119.5969621959
      86.41182574986
 InvHessian skipped
 Hessian skipped
 edm = 26.1257

edm corrected = 54.0876


---> Iteration - 27
Fval = -6992.59 numOfCall = 1419
Internal Parameter values LAVector parameters:
     -1.033834382507
     -1.142500035731
     -1.240736094846
      2.790073034817
     -1.343993597226
     -1.421100421597
     -1.300395309773
     -1.354309032839
     -1.144119431039
      -1.02070546363
     -1.055424284362
      1.085346497955
    -0.6232427355377
      2.177100582009
       2.50760656463
    -0.7899565183958
     -2.052083821213
     -1.451090003464
 Newton step LAVector parameters:
  0.0001066171569905
   0.001400406046884
 -0.0004811687616342
  -0.005625086600521
 -6.228890883827e-05
  -0.000991116269829
   0.001465846327591
   0.003629724135634
  0.0004720971258543
 -0.0006028052161521
  0.0006638104565813
    0.02983573846597
   -0.01332409776612
  -0.008499000943293
    0.02931470565486
   0.002666580044011
   0.004270862825303
   -0.01599038832373

 gdel = -1.35165
INFO: current LH = -6993.86565950971	
INFO: Wall time: 7.38037s User: 0.01s System: 0.01s

INFO: current LH = -6995.759524129925	
INFO: current LH = -6995.981175947782	
INFO: current LH = -6996.015805799035	
Result after line search : 
x = 3.92295
Old Fval = -6992.59
New Fval = -6996.02
NFcalls = 1423
MINUIT migrad at gradient
Calculating Gradient at x =   LAVector parameters:
     -1.033416128877
     -1.137006314755
     -1.242623695178
      2.768006109072
     -1.344237953415
     -1.424988519805
     -1.294644869938
     -1.340069811532
     -1.142267418268
     -1.023070237524
     -1.052820190044
      1.202390567147
    -0.6755124865491
      2.143759437944
      2.622606648872
    -0.7794956618786
     -2.035329445765
     -1.513819475353

INFO: current LH = -6995.959817267376	
INFO: current LH = -6996.068492436541	
INFO: current LH = -6996.055186416757	
INFO: current LH = -6995.972612711184	
INFO: current LH = -6996.134016711479	
INFO: current LH = -6995.894297130645	
INFO: current LH = -6996.1582819017	
INFO: current LH = -6995.869716408382	
INFO: current LH = -6996.036022703563	
INFO: current LH = -6995.992260293573	
INFO: current LH = -6996.178686600246	
INFO: current LH = -6995.849652927901	
INFO: current LH = -6996.185487849993	
INFO: current LH = -6995.842037313058	
INFO: current LH = -6998.04993778966	
INFO: current LH = -6993.973923980213	
INFO: current LH = -6997.351581119939	
INFO: Wall time: 5.86898s User: 0s System: 0s

INFO: current LH = -6994.676701294055	
INFO: current LH = -6996.036652180323	
INFO: current LH = -6995.991677351123	
INFO: current LH = -6996.159837489565	
INFO: current LH = -6995.868552335917	
INFO: current LH = -6996.089095160663	
INFO: current LH = -6995.939223611642	
INFO: current LH = -6995.909254556121	
INFO: current LH = -6996.119172145367	
INFO: current LH = -6995.967841704462	
INFO: current LH = -6996.060319447959	
INFO: current LH = -6996.199146199708	
INFO: current LH = -6995.828262047182	
INFO: current LH = -6995.68446048337	
INFO: current LH = -6996.34243072214	
INFO: current LH = -6996.032602898888	
INFO: current LH = -6995.995663905582	
INFO: current LH = -6996.360878628358	
INFO: current LH = -6995.667773604227	
INFO: current LH = -6995.758600697074	
INFO: Wall time: 7.54318s User: 0.01s System: 0.01s

INFO: current LH = -6996.268614179513	
Gradient =   LAVector parameters:
      293.1752301828
     -155.3092816983
      -1994.59938586
     -65.20655998183
     -63.59788628082
     -197.3247753081
     -251.0031212958
     -520.2465562361
     -79.18943771425
     -705.4317493982
     -285.6389130189
        18.701889967
      4.441358716642
     -48.35907616253
      65.48095413538
     -10.87321294515
     -166.4487259781
      91.92640109194

Updated new point: 
  Parameter LAVector parameters:
     -1.033416128877
     -1.137006314755
     -1.242623695178
      2.768006109072
     -1.344237953415
     -1.424988519805
     -1.294644869938
     -1.340069811532
     -1.142267418268
     -1.023070237524
     -1.052820190044
      1.202390567147
    -0.6755124865491
      2.143759437944
      2.622606648872
    -0.7794956618786
     -2.035329445765
     -1.513819475353
 Gradient LAVector parameters:
      293.1752301828
     -155.3092816983
      -1994.59938586
     -65.20655998183
     -63.59788628082
     -197.3247753081
     -251.0031212958
     -520.2465562361
     -79.18943771425
     -705.4317493982
     -285.6389130189
        18.701889967
      4.441358716642
     -48.35907616253
      65.48095413538
     -10.87321294515
     -166.4487259781
      91.92640109194
 InvHessian skipped
 Hessian skipped
 edm = 32.1024

edm corrected = 107.224


---> Iteration - 28
Fval = -6996.02 numOfCall = 1461
Internal Parameter values LAVector parameters:
     -1.033416128877
     -1.137006314755
     -1.242623695178
      2.768006109072
     -1.344237953415
     -1.424988519805
     -1.294644869938
     -1.340069811532
     -1.142267418268
     -1.023070237524
     -1.052820190044
      1.202390567147
    -0.6755124865491
      2.143759437944
      2.622606648872
    -0.7794956618786
     -2.035329445765
     -1.513819475353
 Newton step LAVector parameters:
  0.0003582491920427
  0.0008975539194201
 -0.0005616212205061
  -0.002993458676233
 -0.0005337264006585
   0.000536814993373
   0.002013289246665
   0.002365005267511
    0.00034734356198
  3.369493322128e-06
  0.0001771836089239
    0.03208559154045
  -0.008605080909595
  -0.003349969862382
    0.01043275800389
   0.003898903595937
   0.006113139859195
   -0.01194440966724

 gdel = -1.3581
INFO: current LH = -6997.301282294606	
INFO: current LH = -7000.45712538014	
INFO: current LH = -7000.916805392069	
Result after line search : 
x = 6.97249
Old Fval = -6996.02
New Fval = -7000.92
NFcalls = 1464
MINUIT migrad at gradient
Calculating Gradient at x =   LAVector parameters:
     -1.030918241282
     -1.130748132319
     -1.246539591462
      2.747134259363
     -1.347959353449
       -1.4212455846
     -1.280607238181
     -1.323579844626
     -1.139845570029
     -1.023046743778
     -1.051584779753
      1.426106915649
    -0.7355112955857
      2.120401818863
       2.69534891147
    -0.7523106098422
     -1.992705661645
     -1.597101708513

INFO: current LH = -7000.82420425177	
INFO: current LH = -7001.00616307137	
INFO: current LH = -7000.916915645339	
INFO: current LH = -7000.912679324615	
INFO: current LH = -7001.090882498321	
INFO: current LH = -7000.739515662449	
INFO: current LH = -7001.120805524812	
INFO: current LH = -7000.709672136406	
INFO: current LH = -7000.900140209573	
INFO: current LH = -7000.930339026908	
INFO: current LH = -7001.072503957613	
INFO: current LH = -7000.757194794399	
INFO: current LH = -7001.102513931007	
INFO: current LH = -7000.726312895014	
INFO: current LH = -7002.549386587639	
INFO: current LH = -6999.269215827947	
INFO: Wall time: 6.2211s User: 0s System: 0s

INFO: current LH = -7001.688840847784	
INFO: current LH = -7000.141434936184	
INFO: current LH = -7000.932914153593	
INFO: current LH = -7000.897595408046	
INFO: current LH = -7001.129917289401	
INFO: current LH = -7000.700567000585	
INFO: current LH = -7001.014126286204	
INFO: current LH = -7000.8164374062	
INFO: current LH = -7000.728567831961	
INFO: current LH = -7001.102009266983	
INFO: current LH = -7000.906013689286	
INFO: current LH = -7000.923811499567	
INFO: current LH = -7001.119480146301	
INFO: current LH = -7000.709832646161	
INFO: current LH = -7000.418528559489	
INFO: current LH = -7001.410408271357	
INFO: current LH = -7000.89259240309	
INFO: current LH = -7000.93777798562	
INFO: current LH = -7001.391533744846	
INFO: current LH = -7000.438642647691	
INFO: Wall time: 7.67998s User: 0.01s System: 0.01s

INFO: current LH = -7000.716902366688	
INFO: current LH = -7001.113266898308	
Gradient =   LAVector parameters:
      488.1728502697
     -8.514706488405
     -2905.655908506
     -96.65023577808
      43.82119735872
     -187.2022829963
     -304.1789782249
     -637.2191668094
     -61.65931431528
     -1021.451712426
     -374.1853502595
      32.49591938302
     0.8689700051659
     -59.93352976085
      117.3758654135
      13.31310549725
      -215.449748413
      81.98602937692

Updated new point: 
  Parameter LAVector parameters:
     -1.030918241282
     -1.130748132319
     -1.246539591462
      2.747134259363
     -1.347959353449
       -1.4212455846
     -1.280607238181
     -1.323579844626
     -1.139845570029
     -1.023046743778
     -1.051584779753
      1.426106915649
    -0.7355112955857
      2.120401818863
       2.69534891147
    -0.7523106098422
     -1.992705661645
     -1.597101708513
 Gradient LAVector parameters:
      488.1728502697
     -8.514706488405
     -2905.655908506
     -96.65023577808
      43.82119735872
     -187.2022829963
     -304.1789782249
     -637.2191668094
     -61.65931431528
     -1021.451712426
     -374.1853502595
      32.49591938302
     0.8689700051659
     -59.93352976085
      117.3758654135
      13.31310549725
      -215.449748413
      81.98602937692
 InvHessian skipped
 Hessian skipped
 edm = 11.6846

edm corrected = 29.1264


---> Iteration - 29
Fval = -7000.92 numOfCall = 1502
Internal Parameter values LAVector parameters:
     -1.030918241282
     -1.130748132319
     -1.246539591462
      2.747134259363
     -1.347959353449
       -1.4212455846
     -1.280607238181
     -1.323579844626
     -1.139845570029
     -1.023046743778
     -1.051584779753
      1.426106915649
    -0.7355112955857
      2.120401818863
       2.69534891147
    -0.7523106098422
     -1.992705661645
     -1.597101708513
 Newton step LAVector parameters:
  0.0001189459870509
  0.0004360821020396
 -0.0001885885875825
  -0.002323098390464
 -9.102613288013e-05
  0.0007772465677995
   0.001186893712523
   0.001275604277338
 -4.914682898165e-05
  5.606432443371e-05
 -0.0002724253404095
    0.01200775554353
  -0.002668964326164
  -0.002827330116829
 -0.0003514049918908
   0.004093126309887
   0.004984260062422
  -0.004137637931955

 gdel = -1.29131
INFO: current LH = -7002.187585815175	
INFO: current LH = -7006.544665886675	
INFO: current LH = -7008.837211320227	
INFO: current LH = -7009.738730291874	
Result after line search : 
x = 11.866
Old Fval = -7000.92
New Fval = -7009.74
NFcalls = 1506
MINUIT migrad at gradient
Calculating Gradient at x =   LAVector parameters:
     -1.029506829178
     -1.125573585682
     -1.248777382091
      2.719568392965
     -1.349039468794
     -1.412022783218
     -1.266523567148
     -1.308443534761
     -1.140428745898
     -1.022381484965
     -1.054817376602
      1.568590844188
    -0.7671812043329
      2.086852742946
      2.691179142726
    -0.7037416067071
      -1.93356247273
      -1.64619888619

INFO: current LH = -7009.595491739479	
INFO: current LH = -7009.878653949895	
INFO: current LH = -7009.624722671645	
INFO: current LH = -7009.848560317665	
INFO: current LH = -7009.936565380032	
INFO: current LH = -7009.537629019749	
INFO: current LH = -7009.982765229228	
INFO: current LH = -7009.490780923097	
INFO: current LH = -7009.666919215623	
INFO: current LH = -7009.807239840225	
INFO: current LH = -7009.842222048127	
INFO: current LH = -7009.630812410834	
INFO: current LH = -7009.76552423265	
INFO: current LH = -7009.706450756728	
INFO: Wall time: 6.49477s User: 0s System: 0.01s

INFO: current LH = -7010.445834785661	
INFO: current LH = -7009.020887024944	
INFO: current LH = -7010.134586986129	
INFO: current LH = -7009.339527152626	
INFO: current LH = -7009.73518422171	
INFO: current LH = -7009.739004182179	
INFO: current LH = -7009.978149015589	
INFO: current LH = -7009.496026571765	
INFO: current LH = -7009.861544602383	
INFO: current LH = -7009.612697999361	
INFO: current LH = -7009.511078136979	
INFO: current LH = -7009.963260073045	
INFO: current LH = -7009.759008790606	
INFO: current LH = -7009.714521545739	
INFO: current LH = -7009.956698999689	
INFO: current LH = -7009.516563567765	
INFO: current LH = -7009.184776567277	
INFO: current LH = -7010.288331024745	
INFO: current LH = -7009.638307195838	
INFO: current LH = -7009.835939846105	
INFO: Wall time: 6.96221s User: 0s System: 0s

INFO: current LH = -7010.186429924916	
INFO: current LH = -7009.286890452057	
INFO: current LH = -7009.686726092697	
INFO: current LH = -7009.784695439095	
INFO: current LH = -7009.700613979818	
INFO: current LH = -7009.7735031684	
Gradient =   LAVector parameters:
      748.3223150273
      493.1162732228
     -3234.189733942
      -111.971807529
      197.0806006759
     -135.7841529029
      -57.1404913561
     -586.1472910749
      6.423434548443
     -1109.279001437
     -449.7048498125
      37.48464011982
     -2.311475877548
     -73.01754323514
      154.4202708421
      57.33050121461
     -206.1562038787
      20.56197212196

Updated new point: 
  Parameter LAVector parameters:
     -1.029506829178
     -1.125573585682
     -1.248777382091
      2.719568392965
     -1.349039468794
     -1.412022783218
     -1.266523567148
     -1.308443534761
     -1.140428745898
     -1.022381484965
     -1.054817376602
      1.568590844188
    -0.7671812043329
      2.086852742946
      2.691179142726
    -0.7037416067071
      -1.93356247273
      -1.64619888619
 Gradient LAVector parameters:
      748.3223150273
      493.1162732228
     -3234.189733942
      -111.971807529
      197.0806006759
     -135.7841529029
      -57.1404913561
     -586.1472910749
      6.423434548443
     -1109.279001437
     -449.7048498125
      37.48464011982
     -2.311475877548
     -73.01754323514
      154.4202708421
      57.33050121461
     -206.1562038787
      20.56197212196
 InvHessian skipped
 Hessian skipped
 edm = 25.795

edm corrected = 52.3893


---> Iteration - 30
Fval = -7009.74 numOfCall = 1546
Internal Parameter values LAVector parameters:
     -1.029506829178
     -1.125573585682
     -1.248777382091
      2.719568392965
     -1.349039468794
     -1.412022783218
     -1.266523567148
     -1.308443534761
     -1.140428745898
     -1.022381484965
     -1.054817376602
      1.568590844188
    -0.7671812043329
      2.086852742946
      2.691179142726
    -0.7037416067071
      -1.93356247273
      -1.64619888619
 Newton step LAVector parameters:
 -5.499446125708e-05
 -0.0001888061359915
  4.992542468889e-06
 -0.0001563679443043
  0.0001745255401613
  0.0003762337405492
  -0.000221564097722
  5.379758778278e-05
 -0.0001404112838912
  7.876359224206e-05
  0.0001633972307295
   -0.00282481968138
  0.0005125421770464
  0.0006837930577606
  -0.004146216715706
   0.001826154506905
   0.001294399762098
   0.001224072465102

 gdel = -1.26446
INFO: current LH = -7010.99450518016	
INFO: current LH = -7015.844057094876	
INFO: current LH = -7026.757581536317	
INFO: current LH = -7049.282546467974	
INFO: current LH = -7057.020520298596	
Result after line search : 
x = 74.0991
Old Fval = -7009.74
New Fval = -7057.02
NFcalls = 1551
MINUIT migrad at gradient
Calculating Gradient at x =   LAVector parameters:
     -1.033581870137
     -1.139563953438
     -1.248407439108
      2.707981666535
     -1.336107280563
     -1.384144195666
     -1.282941270908
     -1.304457181068
     -1.150833097899
     -1.016545172414
     -1.042709786262
      1.359274203183
    -0.7292022821455
      2.137521203993
      2.383948149707
    -0.5684251722244
      -1.83764859472
     -1.555496198712

INFO: current LH = -7056.999772511034	
INFO: current LH = -7057.037723386946	
INFO: current LH = -7057.127398442174	
INFO: current LH = -7056.91087054008	
INFO: current LH = -7057.114769118216	
INFO: current LH = -7056.922736307132	
INFO: current LH = -7057.089440991082	
INFO: current LH = -7056.948536423904	
INFO: current LH = -7056.945110987898	
INFO: Wall time: 7.92702s User: 0s System: 0.01s

INFO: current LH = -7057.091679485501	
INFO: current LH = -7057.065798010275	
INFO: current LH = -7056.971055044279	
INFO: current LH = -7057.189682458427	
INFO: current LH = -7056.84911189934	
INFO: current LH = -7057.536514697045	
INFO: current LH = -7056.50202838763	
INFO: current LH = -7057.058385731831	
INFO: current LH = -7056.979445357955	
INFO: current LH = -7057.090782668124	
INFO: current LH = -7056.946746640559	
INFO: current LH = -7057.052883746235	
INFO: current LH = -7056.984347178003	
INFO: current LH = -7056.824826465474	
INFO: current LH = -7057.212151123206	
INFO: current LH = -7056.955989411323	
INFO: current LH = -7057.0810508306	
INFO: current LH = -7057.057333558744	
INFO: current LH = -7056.98117660327	
INFO: current LH = -7056.92403238151	
INFO: Wall time: 7.34087s User: 0.01s System: 0.01s

INFO: current LH = -7057.11397248259	
INFO: current LH = -7056.833605566172	
INFO: current LH = -7057.204552004105	
INFO: current LH = -7057.352141995615	
INFO: current LH = -7056.685850577604	
INFO: current LH = -7056.900422745466	
INFO: current LH = -7057.137830886071	
Gradient =   LAVector parameters:
       99.5402972243
     -531.4740824906
     -1533.721528214
     -34.58642994149
      203.8963117265
     -69.78659189374
     -420.5903192023
     -760.5231221199
     -130.8925947158
     -327.4242989641
     -121.1152680275
       30.9276277662
      7.022245906362
      -14.1111172488
      30.22804163529
      105.1523798923
     -169.3714873454
       66.7548176238

Updated new point: 
  Parameter LAVector parameters:
     -1.033581870137
     -1.139563953438
     -1.248407439108
      2.707981666535
     -1.336107280563
     -1.384144195666
     -1.282941270908
     -1.304457181068
     -1.150833097899
     -1.016545172414
     -1.042709786262
      1.359274203183
    -0.7292022821455
      2.137521203993
      2.383948149707
    -0.5684251722244
      -1.83764859472
     -1.555496198712
 Gradient LAVector parameters:
       99.5402972243
     -531.4740824906
     -1533.721528214
     -34.58642994149
      203.8963117265
     -69.78659189374
     -420.5903192023
     -760.5231221199
     -130.8925947158
     -327.4242989641
     -121.1152680275
       30.9276277662
      7.022245906362
      -14.1111172488
      30.22804163529
      105.1523798923
     -169.3714873454
       66.7548176238
 InvHessian skipped
 Hessian skipped
 edm = 35.8811

edm corrected = 63.7103


---> Iteration - 31
Fval = -7057.02 numOfCall = 1587
Internal Parameter values LAVector parameters:
     -1.033581870137
     -1.139563953438
     -1.248407439108
      2.707981666535
     -1.336107280563
     -1.384144195666
     -1.282941270908
     -1.304457181068
     -1.150833097899
     -1.016545172414
     -1.042709786262
      1.359274203183
    -0.7292022821455
      2.137521203993
      2.383948149707
    -0.5684251722244
      -1.83764859472
     -1.555496198712
 Newton step LAVector parameters:
  -0.007202727735369
   0.002000656187432
   0.004575469232778
    -0.1418214238517
   0.004506763135676
    0.02133817650226
  -0.005286858715963
    0.05975888574968
  -0.007157707860115
  -0.006705602484032
  -0.001854043625373
    -0.2030107581991
   -0.06391156566904
    -0.2756117497091
    -0.1318733649445
    0.06131833710778
     0.2161590489551
    0.07572058194693

 gdel = -76.2635
INFO: current LH = -7093.037838671137	
INFO: current LH = -7093.86087027621	
INFO: current LH = -7094.312201744867	
Result after line search : 
x = 0.830138
Old Fval = -7057.02
New Fval = -7094.31
NFcalls = 1590
MINUIT migrad at gradient
Calculating Gradient at x =   LAVector parameters:
     -1.039561129651
      -1.13790313229
     -1.244609167267
      2.590250283505
     -1.332366044278
     -1.366430560006
     -1.287330094342
     -1.254849046581
     -1.156774984694
     -1.022111749261
      -1.04424889872
      1.190747215627
    -0.7822577149107
      1.908725359252
      2.274475030498
    -0.5175224775769
     -1.658206708602
     -1.492637650304

INFO: current LH = -7094.190235564435	
INFO: current LH = -7094.430774259292	
INFO: current LH = -7094.231224308072	
INFO: current LH = -7094.388810239073	
INFO: current LH = -7094.201835834188	
INFO: current LH = -7094.419063234351	
INFO: current LH = -7094.29830514275	
INFO: current LH = -7094.322337667776	
INFO: current LH = -7094.113293706223	
INFO: current LH = -7094.507660521635	
INFO: Wall time: 7.4138s User: 0s System: 0s

INFO: current LH = -7094.27652332998	
INFO: current LH = -7094.3431357113	
INFO: current LH = -7094.352988788941	
INFO: current LH = -7094.266631436711	
INFO: current LH = -7094.418719831529	
INFO: current LH = -7094.192537693511	
INFO: current LH = -7094.367889930964	
INFO: current LH = -7094.25312424945	
INFO: current LH = -7094.308531125838	
INFO: current LH = -7094.31225259904	
INFO: current LH = -7094.16226746202	
INFO: current LH = -7094.458492076548	
INFO: current LH = -7094.178482559534	
INFO: current LH = -7094.442018626733	
INFO: current LH = -7094.255032295089	
INFO: current LH = -7094.366897964052	
INFO: current LH = -7094.241677094294	
INFO: current LH = -7094.377919120869	
INFO: current LH = -7094.42888854085	
INFO: current LH = -7094.192684113123	
INFO: Wall time: 6.86023s User: 0.01s System: 0.01s

INFO: current LH = -7094.278636977454	
INFO: current LH = -7094.340537408873	
INFO: current LH = -7094.138847587241	
INFO: current LH = -7094.482012208597	
INFO: current LH = -7094.478777381953	
INFO: current LH = -7094.141566346636	
INFO: current LH = -7094.107193613115	
INFO: current LH = -7094.51292148329	
Gradient =   LAVector parameters:
      645.7973761318
      350.1036299973
      1773.517367881
      5.613206080496
      614.9140122681
      54.58886895971
     -86.90084785569
     -142.9021586893
      6.010276990576
      686.0229964239
      494.2025140651
      9.788962403034
      8.318740201742
     -37.85140215591
      9.331754802605
      89.80060475196
     -81.36386204621
      103.5457218452

Updated new point: 
  Parameter LAVector parameters:
     -1.039561129651
      -1.13790313229
     -1.244609167267
      2.590250283505
     -1.332366044278
     -1.366430560006
     -1.287330094342
     -1.254849046581
     -1.156774984694
     -1.022111749261
      -1.04424889872
      1.190747215627
    -0.7822577149107
      1.908725359252
      2.274475030498
    -0.5175224775769
     -1.658206708602
     -1.492637650304
 Gradient LAVector parameters:
      645.7973761318
      350.1036299973
      1773.517367881
      5.613206080496
      614.9140122681
      54.58886895971
     -86.90084785569
     -142.9021586893
      6.010276990576
      686.0229964239
      494.2025140651
      9.788962403034
      8.318740201742
     -37.85140215591
      9.331754802605
      89.80060475196
     -81.36386204621
      103.5457218452
 InvHessian skipped
 Hessian skipped
 edm = 36.1322

edm corrected = 72.9857


---> Iteration - 32
Fval = -7094.31 numOfCall = 1628
Internal Parameter values LAVector parameters:
     -1.039561129651
      -1.13790313229
     -1.244609167267
      2.590250283505
     -1.332366044278
     -1.366430560006
     -1.287330094342
     -1.254849046581
     -1.156774984694
     -1.022111749261
      -1.04424889872
      1.190747215627
    -0.7822577149107
      1.908725359252
      2.274475030498
    -0.5175224775769
     -1.658206708602
     -1.492637650304
 Newton step LAVector parameters:
  -0.001336957795447
  0.0008037059758825
  -0.003817170510119
    0.03309606754021
   -0.01257948643921
   0.006282867267488
    0.01493637718835
    0.01233742431965
   0.009614312799294
   0.007552366357193
  -0.001267635537995
   0.003375043299654
   -0.07461276314631
    0.07999915018485
   -0.01977660155944
    -0.0919752518727
    0.02921207824312
    -0.1137748783602

 gdel = -39.2244
INFO: current LH = -7113.962932956958	
Result after line search : 
x = 1
Old Fval = -7094.31
New Fval = -7113.96
NFcalls = 1629
MINUIT migrad at gradient
Calculating Gradient at x =   LAVector parameters:
     -1.040898087447
     -1.137099426314
     -1.248426337777
      2.623346351045
     -1.344945530717
     -1.360147692739
     -1.272393717154
     -1.242511622261
     -1.147160671895
     -1.014559382904
     -1.045516534258
      1.194122258926
     -0.856870478057
      1.988724509437
      2.254698428939
    -0.6094977294496
     -1.628994630359
     -1.606412528665

INFO: current LH = -7113.875439890511	
INFO: current LH = -7114.047222246621	
INFO: current LH = -7113.775349675198	
INFO: current LH = -7114.146595505343	
INFO: current LH = -7113.905806106253	
INFO: current LH = -7114.0166848342	
INFO: current LH = -7114.015008611025	
INFO: current LH = -7113.907121940966	
INFO: current LH = -7113.868571347966	
INFO: current LH = -7114.054528692936	
INFO: current LH = -7113.855352747556	
INFO: Wall time: 5.71265s User: 0s System: 0s

INFO: current LH = -7114.066689411218	
INFO: current LH = -7113.896826316141	
INFO: current LH = -7114.024933052839	
INFO: current LH = -7113.932457220811	
INFO: current LH = -7113.989347178715	
INFO: current LH = -7113.94874381763	
INFO: current LH = -7113.973779471848	
INFO: current LH = -7113.850636054612	
INFO: current LH = -7114.071886230826	
INFO: current LH = -7113.913876896685	
INFO: current LH = -7114.008847740375	
INFO: current LH = -7113.882832702461	
INFO: current LH = -7114.039682917236	
INFO: current LH = -7113.903086088187	
INFO: current LH = -7114.019351395155	
INFO: current LH = -7113.92446426146	
INFO: current LH = -7113.997453614555	
INFO: current LH = -7113.971425994881	
INFO: current LH = -7113.950878384986	
INFO: current LH = -7113.867736880362	
INFO: Wall time: 6.78535s User: 0.01s System: 0.01s

INFO: current LH = -7114.054464735795	
INFO: current LH = -7113.866016350719	
INFO: current LH = -7114.056029988926	
INFO: current LH = -7114.025865194019	
INFO: current LH = -7113.895826758195	
Gradient =   LAVector parameters:
       461.283928992
      935.9934706142
      920.0705277536
     -26.53117053073
       292.371032436
      204.8145209246
      153.0744604889
      70.80466276486
        41.765973592
      531.0450004729
      191.0115373336
      11.71928604875
      8.450647150077
      10.68451183356
     -3.845815666401
      49.94107177442
      50.15435922616
     -37.31300762154

Updated new point: 
  Parameter LAVector parameters:
     -1.040898087447
     -1.137099426314
     -1.248426337777
      2.623346351045
     -1.344945530717
     -1.360147692739
     -1.272393717154
     -1.242511622261
     -1.147160671895
     -1.014559382904
     -1.045516534258
      1.194122258926
     -0.856870478057
      1.988724509437
      2.254698428939
    -0.6094977294496
     -1.628994630359
     -1.606412528665
 Gradient LAVector parameters:
       461.283928992
      935.9934706142
      920.0705277536
     -26.53117053073
       292.371032436
      204.8145209246
      153.0744604889
      70.80466276486
        41.765973592
      531.0450004729
      191.0115373336
      11.71928604875
      8.450647150077
      10.68451183356
     -3.845815666401
      49.94107177442
      50.15435922616
     -37.31300762154
 InvHessian skipped
 Hessian skipped
 edm = 15.7966

edm corrected = 27.4332


---> Iteration - 33
Fval = -7113.96 numOfCall = 1665
Internal Parameter values LAVector parameters:
     -1.040898087447
     -1.137099426314
     -1.248426337777
      2.623346351045
     -1.344945530717
     -1.360147692739
     -1.272393717154
     -1.242511622261
     -1.147160671895
     -1.014559382904
     -1.045516534258
      1.194122258926
     -0.856870478057
      1.988724509437
      2.254698428939
    -0.6094977294496
     -1.628994630359
     -1.606412528665
 Newton step LAVector parameters:
  -0.004063873889131
  -0.003128002240807
  0.0003544078228377
    0.04136639270559
 -0.0007260277568414
   -0.01002041703857
  -0.003264629411906
  -0.003285200021095
    0.00935179192097
   0.001173746949188
  0.0008902387446405
    -0.1853744519855
   -0.03049009870508
     0.0147391362388
    0.05602949780195
    -0.1125971067428
   -0.05739300810148
   -0.04893426083474

 gdel = -16.5508
INFO: current LH = -7123.481302356205	
INFO: current LH = -7123.672128331653	
Result after line search : 
x = 1.17675
Old Fval = -7113.96
New Fval = -7123.67
NFcalls = 1667
MINUIT migrad at gradient
Calculating Gradient at x =   LAVector parameters:
     -1.045680259543
     -1.140780309492
      -1.24800928763
      2.672024340156
     -1.345799885398
     -1.371939239441
      -1.27623537664
     -1.246377488255
     -1.136155931198
     -1.013178173727
     -1.044468943954
     0.9759824849473
    -0.8927497654609
      2.006068818825
      2.320631257631
    -0.7419966102419
     -1.696531972647
      -1.66399602242

INFO: current LH = -7123.624556598513	
INFO: current LH = -7123.716399029696	
INFO: current LH = -7123.58712708761	
INFO: current LH = -7123.754062016081	
INFO: current LH = -7123.614477942558	
INFO: current LH = -7123.726293988367	
INFO: current LH = -7123.779847007238	
INFO: current LH = -7123.560773040289	
INFO: current LH = -7123.624628209353	
INFO: current LH = -7123.716527280835	
INFO: current LH = -7123.609201563054	
INFO: current LH = -7123.732248040698	
INFO: current LH = -7123.696323836912	
INFO: Wall time: 6.41052s User: 0s System: 0s

INFO: current LH = -7123.645097633877	
INFO: current LH = -7123.764521304101	
INFO: current LH = -7123.576960074074	
INFO: current LH = -7123.644245901597	
INFO: current LH = -7123.696375764616	
INFO: current LH = -7123.564051985605	
INFO: current LH = -7123.776820662105	
INFO: current LH = -7123.616960654742	
INFO: current LH = -7123.723930861932	
INFO: current LH = -7123.683411606995	
INFO: current LH = -7123.657504543865	
INFO: current LH = -7123.616359526613	
INFO: current LH = -7123.725076775258	
INFO: current LH = -7123.64673523738	
INFO: current LH = -7123.694036802809	
INFO: current LH = -7123.590541214285	
INFO: current LH = -7123.750249319134	
INFO: current LH = -7123.715197468185	
INFO: current LH = -7123.62516568413	
INFO: current LH = -7123.593275048745	
INFO: Wall time: 7.69589s User: 0.01s System: 0.01s

INFO: current LH = -7123.747649372461	
INFO: current LH = -7123.704446244493	
INFO: current LH = -7123.636598550746	
Gradient =   LAVector parameters:
      239.5035847591
      452.1576235939
      924.8258243319
     -56.49285084724
      130.3755036262
      126.5167049997
     -67.29905684027
     -255.2472484692
      86.26642350279
      506.6547887029
       206.886903984
     -1.922310106033
      7.938413422467
      7.464643877574
      30.60697519457
     -25.00850536124
      43.20701000536
     -21.57970942469

Updated new point: 
  Parameter LAVector parameters:
     -1.045680259543
     -1.140780309492
      -1.24800928763
      2.672024340156
     -1.345799885398
     -1.371939239441
      -1.27623537664
     -1.246377488255
     -1.136155931198
     -1.013178173727
     -1.044468943954
     0.9759824849473
    -0.8927497654609
      2.006068818825
      2.320631257631
    -0.7419966102419
     -1.696531972647
      -1.66399602242
 Gradient LAVector parameters:
      239.5035847591
      452.1576235939
      924.8258243319
     -56.49285084724
      130.3755036262
      126.5167049997
     -67.29905684027
     -255.2472484692
      86.26642350279
      506.6547887029
       206.886903984
     -1.922310106033
      7.938413422467
      7.464643877574
      30.60697519457
     -25.00850536124
      43.20701000536
     -21.57970942469
 InvHessian skipped
 Hessian skipped
 edm = 5.25073

edm corrected = 9.08673


---> Iteration - 34
Fval = -7123.67 numOfCall = 1703
Internal Parameter values LAVector parameters:
     -1.045680259543
     -1.140780309492
      -1.24800928763
      2.672024340156
     -1.345799885398
     -1.371939239441
      -1.27623537664
     -1.246377488255
     -1.136155931198
     -1.013178173727
     -1.044468943954
     0.9759824849473
    -0.8927497654609
      2.006068818825
      2.320631257631
    -0.7419966102419
     -1.696531972647
      -1.66399602242
 Newton step LAVector parameters:
  0.0002538819066897
  -0.005052794124927
  -0.001120549394575
  -0.005044876230334
  -0.003215115531697
   0.005875339657114
  -0.003414193995872
    0.01039456690646
   0.004435848370498
  -0.001028663219525
   0.004276498014897
   0.002043584384351
   -0.03374029585994
   -0.07836257989513
   -0.04884870874102
   -0.01621869029171
   -0.01280247857368
   -0.02326655923741

 gdel = -6.32548
INFO: current LH = -7128.324437826006	
INFO: current LH = -7129.620391195711	
Result after line search : 
x = 1.89026
Old Fval = -7123.67
New Fval = -7129.62
NFcalls = 1705
MINUIT migrad at gradient
Calculating Gradient at x =   LAVector parameters:
     -1.045200355507
     -1.150331428465
     -1.250127422729
        2.6624881881
     -1.351877305178
     -1.360833291585
     -1.282689107437
     -1.226729004119
     -1.127771003079
     -1.015122619622
     -1.036385230206
     0.9798454006144
    -0.9565278597194
      1.857942790895
      2.228294262027
    -0.7726542299163
     -1.720732047495
     -1.707975980814

INFO: current LH = -7129.613318608059	
INFO: current LH = -7129.624157919474	
INFO: current LH = -7129.611346417995	
INFO: current LH = -7129.626236713986	
INFO: current LH = -7129.633278529838	
INFO: current LH = -7129.604084225652	
INFO: current LH = -7129.67961632382	
INFO: current LH = -7129.557729738081	
INFO: current LH = -7129.591261939795	
INFO: current LH = -7129.646540040482	
INFO: current LH = -7129.57972845947	
INFO: current LH = -7129.6577450287	
INFO: current LH = -7129.696528417619	
INFO: current LH = -7129.541293185636	
INFO: current LH = -7129.695112075837	
INFO: Wall time: 6.24106s User: 0s System: 0s

INFO: current LH = -7129.541695904529	
INFO: current LH = -7129.613674222111	
INFO: current LH = -7129.623694807814	
INFO: current LH = -7129.584777720143	
INFO: current LH = -7129.652813397533	
INFO: current LH = -7129.607053146496	
INFO: current LH = -7129.630243838115	
INFO: current LH = -7129.595607304446	
INFO: current LH = -7129.641850891534	
INFO: current LH = -7129.536947473418	
INFO: current LH = -7129.699621325784	
INFO: current LH = -7129.648095598924	
INFO: current LH = -7129.589717288284	
INFO: current LH = -7129.640741638487	
INFO: current LH = -7129.596193003002	
INFO: current LH = -7129.676370320155	
INFO: current LH = -7129.560959556286	
INFO: current LH = -7129.551975432712	
INFO: current LH = -7129.685333947252	
INFO: current LH = -7129.617113470436	
INFO: Wall time: 8.27486s User: 0.01s System: 0.01s

INFO: current LH = -7129.620214940643	
Gradient =   LAVector parameters:
      27.85235579041
      38.30972212989
     -244.4585241045
      -32.5067734102
      74.89753362115
       72.8883084469
     -186.2365451294
      -188.629435375
      17.14616004179
      161.6307074628
      44.62234441245
      3.401181835316
      10.81862132808
     -9.326732752271
     -8.620189277175
     -34.30642171998
      36.95172284431
     0.9587899832543

Updated new point: 
  Parameter LAVector parameters:
     -1.045200355507
     -1.150331428465
     -1.250127422729
        2.6624881881
     -1.351877305178
     -1.360833291585
     -1.282689107437
     -1.226729004119
     -1.127771003079
     -1.015122619622
     -1.036385230206
     0.9798454006144
    -0.9565278597194
      1.857942790895
      2.228294262027
    -0.7726542299163
     -1.720732047495
     -1.707975980814
 Gradient LAVector parameters:
      27.85235579041
      38.30972212989
     -244.4585241045
      -32.5067734102
      74.89753362115
       72.8883084469
     -186.2365451294
      -188.629435375
      17.14616004179
      161.6307074628
      44.62234441245
      3.401181835316
      10.81862132808
     -9.326732752271
     -8.620189277175
     -34.30642171998
      36.95172284431
     0.9587899832543
 InvHessian skipped
 Hessian skipped
 edm = 5.1297

edm corrected = 9.43148


---> Iteration - 35
Fval = -7129.62 numOfCall = 1741
Internal Parameter values LAVector parameters:
     -1.045200355507
     -1.150331428465
     -1.250127422729
        2.6624881881
     -1.351877305178
     -1.360833291585
     -1.282689107437
     -1.226729004119
     -1.127771003079
     -1.015122619622
     -1.036385230206
     0.9798454006144
    -0.9565278597194
      1.857942790895
      2.228294262027
    -0.7726542299163
     -1.720732047495
     -1.707975980814
 Newton step LAVector parameters:
 -0.0008774735401537
  0.0002033604390015
   0.001983405428431
     0.0185762302007
  -0.003277284294935
  -0.002218798662476
 -0.0009353251861628
   0.003945843074539
  -0.001314279541096
  -0.003975013256739
  -0.003888689303254
   -0.03063532284753
    0.00140194801224
    0.01520706946881
    0.01712844679692
 -0.0007242730002697
   -0.01624611123961
  -0.006639778061678

 gdel = -3.88155
INFO: current LH = -7133.081826286267	
INFO: current LH = -7138.519028114039	
Result after line search : 
x = 4.61961
Old Fval = -7129.62
New Fval = -7138.52
NFcalls = 1743
MINUIT migrad at gradient
Calculating Gradient at x =   LAVector parameters:
     -1.049253938635
     -1.149391983107
      -1.24096486863
      2.748303075834
     -1.367017071471
     -1.371083269975
     -1.287009942449
      -1.20850075884
     -1.133842458377
     -1.033485619687
     -1.054349447509
     0.8383222410458
    -0.9500514105163
      1.928193479282
      2.307420959051
    -0.7760000867202
     -1.795782700781
     -1.738649147694

INFO: current LH = -7138.505955224437	
INFO: current LH = -7138.528916212223	
INFO: current LH = -7138.421035203208	
INFO: current LH = -7138.613148490475	
INFO: current LH = -7138.485754796697	
INFO: current LH = -7138.549034947957	
INFO: current LH = -7138.508080592834	
INFO: current LH = -7138.52638071312	
INFO: current LH = -7138.518533163462	
INFO: current LH = -7138.517151366438	
INFO: current LH = -7138.500489052562	
INFO: current LH = -7138.534440866109	
INFO: current LH = -7138.593982758908	
INFO: current LH = -7138.44062289735	
INFO: current LH = -7138.490674851992	
INFO: current LH = -7138.542710377141	
INFO: current LH = -7138.421432056888	
INFO: Wall time: 5.87037s User: 0s System: 0s

INFO: current LH = -7138.612690051626	
INFO: current LH = -7138.493622253631	
INFO: current LH = -7138.540863809894	
INFO: current LH = -7138.462429140935	
INFO: current LH = -7138.572028277386	
INFO: current LH = -7138.54929396851	
INFO: current LH = -7138.486218657557	
INFO: current LH = -7138.44332277617	
INFO: current LH = -7138.591660432082	
INFO: current LH = -7138.519160815689	
INFO: current LH = -7138.515561223628	
INFO: current LH = -7138.515574449027	
INFO: current LH = -7138.518466909789	
INFO: current LH = -7138.443136625477	
INFO: current LH = -7138.591464319382	
INFO: current LH = -7138.511366423895	
INFO: current LH = -7138.522929264732	
INFO: current LH = -7138.547949396479	
INFO: current LH = -7138.486511905121	
Gradient =   LAVector parameters:
      58.14186749654
       479.163236105
      531.0802925851
      4.903599398715
     -1.751831902541
      31.27315660517
     -171.5875101022
      69.13060257747
      327.7028298866
      108.6648465528
      213.3871376312
      -4.58433870078
      10.97558098748
    -0.5371170677819
     0.5950438575725
      44.40325649686
      3.236139864649
     -19.13132124243

Updated new point: 
  Parameter LAVector parameters:
     -1.049253938635
     -1.149391983107
      -1.24096486863
      2.748303075834
     -1.367017071471
     -1.371083269975
     -1.287009942449
      -1.20850075884
     -1.133842458377
     -1.033485619687
     -1.054349447509
     0.8383222410458
    -0.9500514105163
      1.928193479282
      2.307420959051
    -0.7760000867202
     -1.795782700781
     -1.738649147694
 Gradient LAVector parameters:
      58.14186749654
       479.163236105
      531.0802925851
      4.903599398715
     -1.751831902541
      31.27315660517
     -171.5875101022
      69.13060257747
      327.7028298866
      108.6648465528
      213.3871376312
      -4.58433870078
      10.97558098748
    -0.5371170677819
     0.5950438575725
      44.40325649686
      3.236139864649
     -19.13132124243
 InvHessian skipped
 Hessian skipped
 edm = 4.50397

edm corrected = 8.33299


---> Iteration - 36
Fval = -7138.52 numOfCall = 1779
Internal Parameter values LAVector parameters:
     -1.049253938635
     -1.149391983107
      -1.24096486863
      2.748303075834
     -1.367017071471
     -1.371083269975
     -1.287009942449
      -1.20850075884
     -1.133842458377
     -1.033485619687
     -1.054349447509
     0.8383222410458
    -0.9500514105163
      1.928193479282
      2.307420959051
    -0.7760000867202
     -1.795782700781
     -1.738649147694
 Newton step LAVector parameters:
 -0.0008503336219642
  0.0002466656745243
   0.004110801387861
    0.08631989222447
  -0.004287192786571
  -0.005167626404262
    0.01053117386658
  -0.002182847695492
  -0.006480577614847
  -0.004019470499739
   -0.01814205691119
    0.01030119672796
    0.01007296369773
     0.0741719520293
     0.0271897112786
   -0.06751684544001
   -0.06127015004779
   -0.01679529882136

 gdel = -8.70384
INFO: current LH = -7143.056681310391	
INFO: Wall time: 7.90567s User: 0.01s System: 0.01s

Result after line search : 
x = 1
Old Fval = -7138.52
New Fval = -7143.06
NFcalls = 1780
MINUIT migrad at gradient
Calculating Gradient at x =   LAVector parameters:
     -1.050104272257
     -1.149145317432
     -1.236854067242
      2.834622968059
     -1.371304264258
     -1.376250896379
     -1.276478768583
     -1.210683606536
     -1.140323035992
     -1.037505090186
      -1.07249150442
     0.8486234377737
    -0.9399784468186
      2.002365431312
       2.33461067033
    -0.8435169321602
     -1.857052850829
     -1.755444446515

INFO: current LH = -7143.090029439553	
INFO: current LH = -7143.020018799872	
INFO: current LH = -7143.010580116852	
INFO: current LH = -7143.099289062309	
INFO: current LH = -7143.097215599078	
INFO: current LH = -7143.012964684538	
INFO: current LH = -7143.014943023126	
INFO: current LH = -7143.095036690309	
INFO: current LH = -7143.147100329019	
INFO: current LH = -7142.963311585615	
INFO: current LH = -7143.057217590635	
INFO: current LH = -7143.052986256021	
INFO: current LH = -7143.130741068636	
INFO: current LH = -7142.978971890377	
INFO: current LH = -7143.112269786739	
INFO: current LH = -7142.997900291796	
INFO: current LH = -7143.01387456353	
INFO: current LH = -7143.096074287834	
INFO: current LH = -7143.081228240099	
INFO: current LH = -7143.028656393913	
INFO: Wall time: 4.92783s User: 0s System: 0s

INFO: current LH = -7143.095500903481	
INFO: current LH = -7143.014800166148	
INFO: current LH = -7143.105094655008	
INFO: current LH = -7143.004499417072	
INFO: current LH = -7142.980307200204	
INFO: current LH = -7143.129883053602	
INFO: current LH = -7143.067738892004	
INFO: current LH = -7143.042044481774	
INFO: current LH = -7143.099316206895	
INFO: current LH = -7143.010819525861	
INFO: current LH = -7143.036203092304	
INFO: current LH = -7143.073667625936	
INFO: current LH = -7143.056752774029	
INFO: current LH = -7143.053065898684	
INFO: current LH = -7143.040417091599	
INFO: current LH = -7143.069688441465	
Gradient =   LAVector parameters:
     -171.4196718904
      235.9113585095
     -692.4130387842
      22.04761761703
     -194.4260726002
     -3.733875206691
     -170.9073694786
     -177.9275486572
      151.3604600326
     -123.7997955634
     -161.5012023455
     -6.317961962815
      10.51182171928
      -3.79321203742
     -19.76523100074
      11.29568157533
     -1.084186440821
      9.363904039381

Updated new point: 
  Parameter LAVector parameters:
     -1.050104272257
     -1.149145317432
     -1.236854067242
      2.834622968059
     -1.371304264258
     -1.376250896379
     -1.276478768583
     -1.210683606536
     -1.140323035992
     -1.037505090186
      -1.07249150442
     0.8486234377737
    -0.9399784468186
      2.002365431312
       2.33461067033
    -0.8435169321602
     -1.857052850829
     -1.755444446515
 Gradient LAVector parameters:
     -171.4196718904
      235.9113585095
     -692.4130387842
      22.04761761703
     -194.4260726002
     -3.733875206691
     -170.9073694786
     -177.9275486572
      151.3604600326
     -123.7997955634
     -161.5012023455
     -6.317961962815
      10.51182171928
      -3.79321203742
     -19.76523100074
      11.29568157533
     -1.084186440821
      9.363904039381
 InvHessian skipped
 Hessian skipped
 edm = 3.40768

edm corrected = 5.51443


---> Iteration - 37
Fval = -7143.06 numOfCall = 1816
Internal Parameter values LAVector parameters:
     -1.050104272257
     -1.149145317432
     -1.236854067242
      2.834622968059
     -1.371304264258
     -1.376250896379
     -1.276478768583
     -1.210683606536
     -1.140323035992
     -1.037505090186
      -1.07249150442
     0.8486234377737
    -0.9399784468186
      2.002365431312
       2.33461067033
    -0.8435169321602
     -1.857052850829
     -1.755444446515
 Newton step LAVector parameters:
 -0.0004958432677771
  -0.002108509747465
   0.001549954206033
    0.02293534806143
  -0.000571133416373
  -0.001155275297203
   0.004432336641367
   0.006962789476059
   -0.00424110232567
  -0.002407847407136
  -0.003596556236414
    0.01654758609482
   -0.02640721918745
   0.009834468376844
    0.02198526570244
   -0.03844121117495
   -0.02833488338844
   -0.02207863157244

 gdel = -4.08822
INFO: current LH = -7146.149860565477	
INFO: current LH = -7147.19265911807	
Result after line search : 
x = 2.0543
Old Fval = -7143.06
New Fval = -7147.19
NFcalls = 1818
MINUIT migrad at gradient
Calculating Gradient at x =   LAVector parameters:
     -1.051122883781
     -1.153476831977
     -1.233669994133
      2.881739085889
     -1.372477544439
      -1.37862418005
     -1.267373413177
     -1.196379938307
     -1.149035538474
     -1.042451534506
     -1.079879914963
     0.8826171671977
    -0.9942268343933
      2.022568393551
      2.379775032631
    -0.9224867664263
     -1.915261241687
     -1.800800610455

INFO: current LH = -7147.23419160157	
INFO: current LH = -7147.147763620679	
INFO: Wall time: 7.25672s User: 0s System: 0.01s

INFO: current LH = -7147.117360417355	
INFO: current LH = -7147.264204239555	
INFO: current LH = -7147.262681273711	
INFO: current LH = -7147.119366938138	
INFO: current LH = -7147.195762343043	
INFO: current LH = -7147.185930220038	
INFO: current LH = -7147.254706580205	
INFO: current LH = -7147.127261765564	
INFO: current LH = -7147.2375521266	
INFO: current LH = -7147.144770057082	
INFO: current LH = -7147.200186179154	
INFO: current LH = -7147.18143096719	
INFO: current LH = -7147.177875408875	
INFO: current LH = -7147.203553876355	
INFO: current LH = -7147.226653855052	
INFO: current LH = -7147.155349921076	
INFO: current LH = -7147.24095471736	
INFO: current LH = -7147.140893582267	
INFO: current LH = -7147.215445816385	
INFO: current LH = -7147.166468790942	
INFO: Wall time: 5.78697s User: 0.01s System: 0s

INFO: current LH = -7147.215101927696	
INFO: current LH = -7147.167022449926	
INFO: current LH = -7147.141388433301	
INFO: current LH = -7147.240307883923	
INFO: current LH = -7147.224764977023	
INFO: current LH = -7147.156881482157	
INFO: current LH = -7147.189913274426	
INFO: current LH = -7147.191500663822	
INFO: current LH = -7147.236698326579	
INFO: current LH = -7147.145149350083	
INFO: current LH = -7147.1986075439	
INFO: current LH = -7147.183060729297	
INFO: current LH = -7147.190502721805	
INFO: current LH = -7147.191222138823	
Gradient =   LAVector parameters:
     -208.6816389948
      395.3628690621
     -1138.112944644
     -2.696422011657
     -125.4448294689
     -78.82024651583
     -21.85533724811
      38.66361334092
     -131.4028184713
     -238.0280321695
     -92.89523588047
     -3.175253573648
      6.706901447412
     -10.26976519694
     0.3449708139833
     -27.93885992579
     -4.661896539462
     0.2249788317863

Updated new point: 
  Parameter LAVector parameters:
     -1.051122883781
     -1.153476831977
     -1.233669994133
      2.881739085889
     -1.372477544439
      -1.37862418005
     -1.267373413177
     -1.196379938307
     -1.149035538474
     -1.042451534506
     -1.079879914963
     0.8826171671977
    -0.9942268343933
      2.022568393551
      2.379775032631
    -0.9224867664263
     -1.915261241687
     -1.800800610455
 Gradient LAVector parameters:
     -208.6816389948
      395.3628690621
     -1138.112944644
     -2.696422011657
     -125.4448294689
     -78.82024651583
     -21.85533724811
      38.66361334092
     -131.4028184713
     -238.0280321695
     -92.89523588047
     -3.175253573648
      6.706901447412
     -10.26976519694
     0.3449708139833
     -27.93885992579
     -4.661896539462
     0.2249788317863
 InvHessian skipped
 Hessian skipped
 edm = 2.53129

edm corrected = 3.74915


---> Iteration - 38
Fval = -7147.19 numOfCall = 1854
Internal Parameter values LAVector parameters:
     -1.051122883781
     -1.153476831977
     -1.233669994133
      2.881739085889
     -1.372477544439
      -1.37862418005
     -1.267373413177
     -1.196379938307
     -1.149035538474
     -1.042451534506
     -1.079879914963
     0.8826171671977
    -0.9942268343933
      2.022568393551
      2.379775032631
    -0.9224867664263
     -1.915261241687
     -1.800800610455
 Newton step LAVector parameters:
  0.0009285926060352
   -0.00251734995246
  0.0005890887605949
   0.004186710994202
   0.001240934772591
   0.001724062222852
   0.002361748056559
  0.0004819818094272
  -0.001095516892806
 -0.0003511683661934
  -0.000582019625994
    0.01895863460457
   -0.00936166121646
     0.0161788544356
  -0.008152091902301
   0.001200317332211
   -0.00665326766965
  -0.002911172242498

 gdel = -2.20884
INFO: current LH = -7149.189567703077	
INFO: current LH = -7152.983346922441	
Result after line search : 
x = 5
Old Fval = -7147.19
New Fval = -7152.98
NFcalls = 1856
MINUIT migrad at gradient
Calculating Gradient at x =   LAVector parameters:
     -1.046479920751
     -1.166063581739
      -1.23072455033
       2.90267264086
     -1.366272870576
     -1.370003868936
     -1.255564672894
      -1.19397002926
     -1.154513122938
     -1.044207376337
     -1.082790013093
     0.9774103402206
     -1.041035140476
      2.103462665729
       2.33901457312
    -0.9164851797652
     -1.948527580036
     -1.815356471667

INFO: current LH = -7153.012707119086	
INFO: current LH = -7152.950389927766	
INFO: current LH = -7152.985594389492	
INFO: current LH = -7152.977893005573	
INFO: Wall time: 7.08716s User: 0s System: 0.01s

INFO: current LH = -7153.027288978838	
INFO: current LH = -7152.935993865272	
INFO: current LH = -7152.96837657677	
INFO: current LH = -7152.99509857895	
INFO: current LH = -7153.025704456041	
INFO: current LH = -7152.936693763532	
INFO: current LH = -7153.044538378705	
INFO: current LH = -7152.919026161984	
INFO: current LH = -7153.002478695375	
INFO: current LH = -7152.96102871222	
INFO: current LH = -7153.002372652873	
INFO: current LH = -7152.96152194776	
INFO: current LH = -7153.029871707267	
INFO: current LH = -7152.933398861705	
INFO: current LH = -7153.014563116766	
INFO: current LH = -7152.948586179137	
INFO: current LH = -7152.967986365528	
INFO: current LH = -7152.995189060529	
INFO: current LH = -7152.950291741626	
INFO: current LH = -7153.012593407454	
INFO: Wall time: 5.73382s User: 0s System: 0.01s

INFO: current LH = -7152.958698805879	
INFO: current LH = -7153.004389534162	
INFO: current LH = -7152.961401526035	
INFO: current LH = -7153.001797978778	
INFO: current LH = -7153.054227798086	
INFO: current LH = -7152.909445465169	
INFO: current LH = -7152.981912894183	
INFO: current LH = -7152.981537845101	
INFO: current LH = -7153.023381123253	
INFO: current LH = -7152.939924464721	
INFO: current LH = -7152.967502508034	
INFO: current LH = -7152.99582669371	
Gradient =   LAVector parameters:
     -149.4026300715
     -21.75143612213
     -709.8636211292
      7.555444934181
     -86.82489003143
     -99.92878552529
     -50.31307654491
     -65.67578840336
     -175.2503277781
     -158.2966660792
      51.53950389442
      3.981368149376
      3.192227554622
      6.340651266785
     -33.66216862329
    -0.1154514012872
     -25.88705227668
      9.091297182884

Updated new point: 
  Parameter LAVector parameters:
     -1.046479920751
     -1.166063581739
      -1.23072455033
       2.90267264086
     -1.366272870576
     -1.370003868936
     -1.255564672894
      -1.19397002926
     -1.154513122938
     -1.044207376337
     -1.082790013093
     0.9774103402206
     -1.041035140476
      2.103462665729
       2.33901457312
    -0.9164851797652
     -1.948527580036
     -1.815356471667
 Gradient LAVector parameters:
     -149.4026300715
     -21.75143612213
     -709.8636211292
      7.555444934181
     -86.82489003143
     -99.92878552529
     -50.31307654491
     -65.67578840336
     -175.2503277781
     -158.2966660792
      51.53950389442
      3.981368149376
      3.192227554622
      6.340651266785
     -33.66216862329
    -0.1154514012872
     -25.88705227668
      9.091297182884
 InvHessian skipped
 Hessian skipped
 edm = 2.40868

edm corrected = 3.35975


---> Iteration - 39
Fval = -7152.98 numOfCall = 1892
Internal Parameter values LAVector parameters:
     -1.046479920751
     -1.166063581739
      -1.23072455033
       2.90267264086
     -1.366272870576
     -1.370003868936
     -1.255564672894
      -1.19397002926
     -1.154513122938
     -1.044207376337
     -1.082790013093
     0.9774103402206
     -1.041035140476
      2.103462665729
       2.33901457312
    -0.9164851797652
     -1.948527580036
     -1.815356471667
 Newton step LAVector parameters:
  -0.001003017860743
  -0.005477024316388
   0.005560062385033
    0.01914144531131
   0.005969139628062
   0.000557773223344
   0.007351747670599
   0.007162567560695
  -0.001512629367687
  -0.005183297353006
   -0.01459987035118
  -0.003296909244052
   -0.02852270502092
    0.01105782580528
    0.02362786548301
   -0.01918005243259
  -0.002275610245462
 -0.0004857196787618

 gdel = -5.38718
INFO: current LH = -7156.254835253343	
INFO: current LH = -7156.40750010284	
Result after line search : 
x = 1.27315
Old Fval = -7152.98
New Fval = -7156.41
NFcalls = 1894
MINUIT migrad at gradient
Calculating Gradient at x =   LAVector parameters:
     -1.047756909831
     -1.173036638273
     -1.223645774137
      2.927042512633
     -1.358673278959
     -1.369293741685
     -1.246204818132
     -1.184851028569
     -1.156438922329
     -1.050806475298
     -1.101377792781
     0.9732128904345
     -1.077348733974
      2.117540902382
      2.369096316831
    -0.9409042040757
     -1.951424766167
     -1.815974864171

INFO: current LH = -7156.391615369181	
INFO: current LH = -7156.419896686242	
INFO: current LH = -7156.380106029315	
INFO: current LH = -7156.43130071172	
INFO: current LH = -7156.377233734095	
INFO: current LH = -7156.434383046792	
INFO: Wall time: 7.28419s User: 0s System: 0.01s

INFO: current LH = -7156.358785732563	
INFO: current LH = -7156.452837317164	
INFO: current LH = -7156.362165444582	
INFO: current LH = -7156.448837985462	
INFO: current LH = -7156.47041589222	
INFO: current LH = -7156.341359895599	
INFO: current LH = -7156.399927166838	
INFO: current LH = -7156.411545422302	
INFO: current LH = -7156.391302432407	
INFO: current LH = -7156.420231716229	
INFO: current LH = -7156.382530878274	
INFO: current LH = -7156.428639578742	
INFO: current LH = -7156.382403218489	
INFO: current LH = -7156.428917344679	
INFO: current LH = -7156.37946384187	
INFO: current LH = -7156.432192208484	
INFO: current LH = -7156.365054365351	
INFO: current LH = -7156.446779481557	
INFO: current LH = -7156.399542886575	
INFO: current LH = -7156.412111214982	
INFO: Wall time: 5.55233s User: 0.01s System: 0s

INFO: current LH = -7156.42779396454	
INFO: current LH = -7156.383754168871	
INFO: current LH = -7156.468628355999	
INFO: current LH = -7156.342867495285	
INFO: current LH = -7156.403304868781	
INFO: current LH = -7156.408158291438	
INFO: current LH = -7156.396009980344	
INFO: current LH = -7156.415427644572	
INFO: current LH = -7156.399267392971	
INFO: current LH = -7156.412487655422	
Gradient =   LAVector parameters:
      69.60818030374
      140.1549664278
      444.2542180626
      25.82551185986
      94.85255618602
     -98.39180821491
      13.62706657579
       42.1226872855
      83.88993093133
      113.7358099546
      101.4375240495
      5.517325707242
     0.9025651829802
     -6.994727002109
     -27.50866808744
        1.4564380382
      6.001488997704
      4.213376373402

Updated new point: 
  Parameter LAVector parameters:
     -1.047756909831
     -1.173036638273
     -1.223645774137
      2.927042512633
     -1.358673278959
     -1.369293741685
     -1.246204818132
     -1.184851028569
     -1.156438922329
     -1.050806475298
     -1.101377792781
     0.9732128904345
     -1.077348733974
      2.117540902382
      2.369096316831
    -0.9409042040757
     -1.951424766167
     -1.815974864171
 Gradient LAVector parameters:
      69.60818030374
      140.1549664278
      444.2542180626
      25.82551185986
      94.85255618602
     -98.39180821491
      13.62706657579
       42.1226872855
      83.88993093133
      113.7358099546
      101.4375240495
      5.517325707242
     0.9025651829802
     -6.994727002109
     -27.50866808744
        1.4564380382
      6.001488997704
      4.213376373402
 InvHessian skipped
 Hessian skipped
 edm = 1.05214

edm corrected = 1.36474


---> Iteration - 40
Fval = -7156.41 numOfCall = 1930
Internal Parameter values LAVector parameters:
     -1.047756909831
     -1.173036638273
     -1.223645774137
      2.927042512633
     -1.358673278959
     -1.369293741685
     -1.246204818132
     -1.184851028569
     -1.156438922329
     -1.050806475298
     -1.101377792781
     0.9732128904345
     -1.077348733974
      2.117540902382
      2.369096316831
    -0.9409042040757
     -1.951424766167
     -1.815974864171
 Newton step LAVector parameters:
 -0.0003004313024892
  -0.002082261971319
   0.002089446493478
   0.004645573780966
  -0.001785352903015
  0.0009388582456112
   0.003252354948966
   0.003380729552773
  -0.002428406357374
  -0.003022484376364
  -0.004559940687132
    -0.0347509662088
   -0.01172521682509
     0.0240960948007
     0.0238934186993
  -0.005729893670747
   -0.01606399897198
  -0.004664333672183

 gdel = -1.5021
INFO: current LH = -7157.554561465804	
INFO: current LH = -7157.979116464169	
Result after line search : 
x = 2.11539
Old Fval = -7156.41
New Fval = -7157.98
NFcalls = 1932
MINUIT migrad at gradient
Calculating Gradient at x =   LAVector parameters:
     -1.048392438967
     -1.177441432781
     -1.219225781568
      2.936869709287
     -1.362449995227
     -1.367307691082
     -1.239324821564
     -1.177699469748
     -1.161575946937
     -1.057200206138
     -1.111023842113
     0.8997010714519
      -1.10215213114
      2.168513521346
      2.419640196956
    -0.9530251593258
     -1.985406376274
     -1.825841745297

INFO: current LH = -7157.967515401469	
INFO: current LH = -7157.987327389751	
INFO: current LH = -7157.948504245535	
INFO: current LH = -7158.006125698606	
INFO: current LH = -7157.953494520745	
INFO: current LH = -7158.001412196872	
INFO: current LH = -7157.986785212763	
INFO: current LH = -7157.967935716091	
INFO: Wall time: 5.47083s User: 0s System: 0.01s

INFO: current LH = -7157.958423902716	
INFO: current LH = -7157.996677080646	
INFO: current LH = -7158.038777657634	
INFO: current LH = -7157.916136993586	
INFO: current LH = -7157.950967291247	
INFO: current LH = -7158.003852311954	
INFO: current LH = -7157.975983159041	
INFO: current LH = -7157.978815825769	
INFO: current LH = -7157.96252743389	
INFO: current LH = -7157.992184383998	
INFO: current LH = -7157.976885303663	
INFO: current LH = -7157.977854181438	
INFO: current LH = -7157.947527485233	
INFO: current LH = -7158.007350428966	
INFO: current LH = -7157.964135387771	
INFO: current LH = -7157.990873332075	
INFO: current LH = -7157.984288685754	
INFO: current LH = -7157.970538077251	
INFO: current LH = -7157.981214382545	
INFO: current LH = -7157.973464462365	
INFO: Wall time: 5.59927s User: 0.01s System: 0s

INFO: current LH = -7157.983121295718	
INFO: current LH = -7157.971537499167	
INFO: current LH = -7157.966840267269	
INFO: current LH = -7157.987925888697	
INFO: current LH = -7158.0149355724	
INFO: current LH = -7157.939759269388	
INFO: current LH = -7157.991584488625	
INFO: current LH = -7157.963180622442	
Gradient =   LAVector parameters:
      49.29363873224
      161.8561127768
      370.8507255241
     -5.148286540308
      45.29961273112
       -90.875220764
      63.05788400162
      4.156198633574
      57.15354211321
      2.459737367046
      113.9121097152
      1.738544157741
    -0.9776812190576
     -1.237847706695
     -2.567341064299
      6.441028175063
     -23.73722378595
     -8.826531706154

Updated new point: 
  Parameter LAVector parameters:
     -1.048392438967
     -1.177441432781
     -1.219225781568
      2.936869709287
     -1.362449995227
     -1.367307691082
     -1.239324821564
     -1.177699469748
     -1.161575946937
     -1.057200206138
     -1.111023842113
     0.8997010714519
      -1.10215213114
      2.168513521346
      2.419640196956
    -0.9530251593258
     -1.985406376274
     -1.825841745297
 Gradient LAVector parameters:
      49.29363873224
      161.8561127768
      370.8507255241
     -5.148286540308
      45.29961273112
       -90.875220764
      63.05788400162
      4.156198633574
      57.15354211321
      2.459737367046
      113.9121097152
      1.738544157741
    -0.9776812190576
     -1.237847706695
     -2.567341064299
      6.441028175063
     -23.73722378595
     -8.826531706154
 InvHessian skipped
 Hessian skipped
 edm = 0.829738

edm corrected = 1.18438


---> Iteration - 41
Fval = -7157.98 numOfCall = 1968
Internal Parameter values LAVector parameters:
     -1.048392438967
     -1.177441432781
     -1.219225781568
      2.936869709287
     -1.362449995227
     -1.367307691082
     -1.239324821564
     -1.177699469748
     -1.161575946937
     -1.057200206138
     -1.111023842113
     0.8997010714519
      -1.10215213114
      2.168513521346
      2.419640196956
    -0.9530251593258
     -1.985406376274
     -1.825841745297
 Newton step LAVector parameters:
  0.0003011492812431
  -0.002655133976449
  0.0006168200211346
  -0.008509964199402
  -0.002766915651334
   0.004944456560817
   0.000626079295534
   0.004843618117146
  -0.002300438064344
 -0.0004213515269641
   -0.00128276520638
   -0.02428004852692
   -0.01531869703093
   0.006475829710447
    0.01259128863912
    0.01287783763907
     0.0225263492013
     0.0154790774339

 gdel = -1.59201
INFO: current LH = -7159.229712389821	
INFO: current LH = -7159.844613353683	
Result after line search : 
x = 2.33149
Old Fval = -7157.98
New Fval = -7159.84
NFcalls = 1970
MINUIT migrad at gradient
Calculating Gradient at x =   LAVector parameters:
     -1.047690312786
     -1.183631847955
     -1.217787672586
      2.917028822921
     -1.368901028127
     -1.355779745903
     -1.237865124687
     -1.166406628273
     -1.166939392559
     -1.058182582511
     -1.114014594847
     0.8430924098293
     -1.137867501962
      2.183611845898
      2.448996645613
      -0.92300062488
     -1.932886445018
     -1.789752449358

INFO: current LH = -7159.836578375206	
INFO: current LH = -7159.849278025846	
INFO: current LH = -7159.830001713249	
INFO: current LH = -7159.855668829173	
INFO: current LH = -7159.82702799203	
INFO: current LH = -7159.858840054238	
INFO: current LH = -7159.846896343895	
INFO: current LH = -7159.8389128612	
INFO: current LH = -7159.837306698912	
INFO: current LH = -7159.848924246881	
INFO: Wall time: 6.19154s User: 0s System: 0.01s

INFO: current LH = -7159.905322597949	
INFO: current LH = -7159.780328635959	
INFO: current LH = -7159.828567991021	
INFO: current LH = -7159.857411025137	
INFO: current LH = -7159.834509223374	
INFO: current LH = -7159.851155573903	
INFO: current LH = -7159.873255723148	
INFO: current LH = -7159.812656006372	
INFO: current LH = -7159.828049519074	
INFO: current LH = -7159.857709428881	
INFO: current LH = -7159.82396104851	
INFO: current LH = -7159.861874660352	
INFO: current LH = -7159.861259682701	
INFO: current LH = -7159.82485258749	
INFO: current LH = -7159.884505015953	
INFO: current LH = -7159.800769315118	
INFO: current LH = -7159.844947017264	
INFO: current LH = -7159.841029343213	
INFO: current LH = -7159.859813603017	
INFO: current LH = -7159.825884439378	
INFO: Wall time: 6.54231s User: 0.01s System: 0s

INFO: J0P-1C1L0S0pbarpMag	1.19673
INFO: J1P1C1L1S1pbarpMag	0.66237
INFO: J2P1C1L1S1pbarpMag	0.55182
INFO: J0P-1C1L0S0pbarpPhi	0
INFO: J1P1C1L1S1pbarpPhi	0
INFO: J2P1C1L1S1pbarpPhi	2.91703
INFO: L2S2_J0P-1C1Toa2(1320)0AB_pion0ABMag	1
INFO: L2S2_J0P-1C1Tof2(1270)_etaMag	0.314832
INFO: L1S2_J1P1C1Toa2(1320)0AB_pion0ABMag	0.707107
INFO: L3S2_J1P1C1Toa2(1320)0AB_pion0ABMag	0.252381
INFO: L1S2_J1P1C1Tof2(1270)_etaMag	0.601839
INFO: L3S2_J1P1C1Tof2(1270)_etaMag	0.884017
INFO: L1S2_J2P1C1Toa2(1320)0AB_pion0ABMag	0.707107
INFO: L3S2_J2P1C1Toa2(1320)0AB_pion0ABMag	0.881721
INFO: L1S2_J2P1C1Tof2(1270)_etaMag	1.40876
INFO: L3S2_J2P1C1Tof2(1270)_etaMag	1.12367
INFO: L2S0_a2(1320)0ABTopion0AB_etaMag	1
INFO: L2S0_f2(1270)Topion0A_pion0BMag	1
INFO: L2S2_J0P-1C1Toa2(1320)0AB_pion0ABPhi	0
INFO: L2S2_J0P-1C1Tof2(1270)_etaPhi	0.843092
INFO: L1S2_J1P1C1Toa2(1320)0AB_pion0ABPhi	0
INFO: L3S2_J1P1C1Toa2(1320)0AB_pion0ABPhi	-1.13787
INFO: L1S2_J1P1C1Tof2(1270)_etaPhi	2.18361
INFO: L3S2_J1P1C1Tof2(1270)_etaPhi	2.44679
INFO: L1S2_J2P1C1Toa2(1320)0AB_pion0ABPhi	0
INFO: L3S2_J2P1C1Toa2(1320)0AB_pion0ABPhi	-0.923001
INFO: L1S2_J2P1C1Tof2(1270)_etaPhi	-1.93289
INFO: L3S2_J2P1C1Tof2(1270)_etaPhi	-1.78975
INFO: L2S0_a2(1320)0ABTopion0AB_etaPhi	0
INFO: L2S0_f2(1270)Topion0A_pion0BPhi	0
INFO: a2(1320)0ABMass	1.318
INFO: f2(1270)Mass	1.275
INFO: a2(1320)0ABWidth	0.107
INFO: f2(1270)Width	0.185
INFO: Iso1J0P-1C1Range01Other	0
INFO: Iso1J1P1C1Range01Other	0
INFO: Iso1J2P1C1Range01Other	0
INFO: current LH = -7159.843746805414	
INFO: current LH = -7159.842161010049	
INFO: current LH = -7159.819809639221	
INFO: current LH = -7159.865966894593	
INFO: current LH = -7159.860613893317	
INFO: current LH = -7159.825165974057	
Gradient =   LAVector parameters:
      31.48554489146
      74.06297326707
       243.006606123
     -2.211467467447
      13.17639170523
     -91.30705563258
      34.38622336932
      24.49426521519
     -118.5973746385
      76.16657185197
      71.56364368793
     -2.300399649661
     -5.946574574697
     -0.638425298504
     -7.693769567522
    -0.4881199901287
      14.83614793746
     -11.10144394808

Updated new point: 
  Parameter LAVector parameters:
     -1.047690312786
     -1.183631847955
     -1.217787672586
      2.917028822921
     -1.368901028127
     -1.355779745903
     -1.237865124687
     -1.166406628273
     -1.166939392559
     -1.058182582511
     -1.114014594847
     0.8430924098293
     -1.137867501962
      2.183611845898
      2.448996645613
      -0.92300062488
     -1.932886445018
     -1.789752449358
 Gradient LAVector parameters:
      31.48554489146
      74.06297326707
       243.006606123
     -2.211467467447
      13.17639170523
     -91.30705563258
      34.38622336932
      24.49426521519
     -118.5973746385
      76.16657185197
      71.56364368793
     -2.300399649661
     -5.946574574697
     -0.638425298504
     -7.693769567522
    -0.4881199901287
      14.83614793746
     -11.10144394808
 InvHessian skipped
 Hessian skipped
 edm = 0.592167

edm corrected = 0.850596


---> Iteration - 42
Fval = -7159.84 numOfCall = 2006
Internal Parameter values LAVector parameters:
     -1.047690312786
     -1.183631847955
     -1.217787672586
      2.917028822921
     -1.368901028127
     -1.355779745903
     -1.237865124687
     -1.166406628273
     -1.166939392559
     -1.058182582511
     -1.114014594847
     0.8430924098293
     -1.137867501962
      2.183611845898
      2.448996645613
      -0.92300062488
     -1.932886445018
     -1.789752449358
 Newton step LAVector parameters:
  0.0003939039891935
  -0.003751436428289
 -0.0006837476630423
  -0.007549502670325
  -0.003581271205413
   0.006317435895149
    0.00221648213705
   0.004322767361944
    0.00410890586496
  0.0006199301470276
  0.0003631518579208
  -0.004809314589784
   -0.01909561564462
  -0.009293099718688
    0.00566265556839
   0.002837984458301
   0.004155428718665
   0.007556947937392

 gdel = -1.20756
INFO: current LH = -7160.636843674644	
INFO: current LH = -7160.721863789024	
Result after line search : 
x = 1.45374
Old Fval = -7159.84
New Fval = -7160.72
NFcalls = 2008
MINUIT migrad at gradient
Calculating Gradient at x =   LAVector parameters:
     -1.047117679523
     -1.189085454264
     -1.218781662659
      2.906053822764
     -1.374107258757
     -1.346595848238
     -1.234642940013
     -1.160122456381
     -1.160966119287
     -1.057281366396
     -1.113486667131
     0.8361009256632
     -1.165627527207
      2.170102112167
      2.457228664127
    -0.9188749385616
     -1.926845539699
     -1.778766625732

INFO: current LH = -7160.716443422226	
INFO: current LH = -7160.723886208918	
INFO: current LH = -7160.724577444045	
INFO: current LH = -7160.715700350092	
INFO: current LH = -7160.703228527962	
INFO: current LH = -7160.737028400747	
INFO: current LH = -7160.721639911717	
INFO: current LH = -7160.718668876423	
INFO: current LH = -7160.738342175853	
INFO: current LH = -7160.702301325547	
INFO: current LH = -7160.742409218203	
INFO: current LH = -7160.697655686558	
INFO: Wall time: 6.27956s User: 0s System: 0.01s

INFO: current LH = -7160.710278285493	
INFO: current LH = -7160.730179599124	
INFO: current LH = -7160.739003308564	
INFO: current LH = -7160.701391009265	
INFO: current LH = -7160.712586869281	
INFO: current LH = -7160.727602775205	
INFO: current LH = -7160.716473151419	
INFO: current LH = -7160.723880398504	
INFO: current LH = -7160.706180593807	
INFO: current LH = -7160.734178032442	
INFO: current LH = -7160.739305999449	
INFO: current LH = -7160.701116296045	
INFO: current LH = -7160.765252145884	
INFO: current LH = -7160.674962820652	
INFO: current LH = -7160.737289271542	
INFO: current LH = -7160.703095612671	
INFO: current LH = -7160.725425265089	
INFO: current LH = -7160.714817033489	
INFO: current LH = -7160.719985546377	
INFO: current LH = -7160.720274961014	
INFO: Wall time: 6.26834s User: 0.01s System: 0s

INFO: current LH = -7160.707791714395	
INFO: current LH = -7160.73250419126	
INFO: current LH = -7160.726541108622	
INFO: current LH = -7160.713801542172	
Gradient =   LAVector parameters:
      18.33205236779
     -26.14009884254
      256.0623958619
    -0.8233258925649
     -38.28706398474
      -33.4526699734
      23.13843785528
     -56.52468229062
      28.95461033744
      19.16890408177
      52.66241555219
     -2.304489464094
     -6.898317061053
     -5.436427610227
     -2.445319530154
    0.08782494480532
      7.984345384455
     -4.008439404767

Updated new point: 
  Parameter LAVector parameters:
     -1.047117679523
     -1.189085454264
     -1.218781662659
      2.906053822764
     -1.374107258757
     -1.346595848238
     -1.234642940013
     -1.160122456381
     -1.160966119287
     -1.057281366396
     -1.113486667131
     0.8361009256632
     -1.165627527207
      2.170102112167
      2.457228664127
    -0.9188749385616
     -1.926845539699
     -1.778766625732
 Gradient LAVector parameters:
      18.33205236779
     -26.14009884254
      256.0623958619
    -0.8233258925649
     -38.28706398474
      -33.4526699734
      23.13843785528
     -56.52468229062
      28.95461033744
      19.16890408177
      52.66241555219
     -2.304489464094
     -6.898317061053
     -5.436427610227
     -2.445319530154
    0.08782494480532
      7.984345384455
     -4.008439404767
 InvHessian skipped
 Hessian skipped
 edm = 0.252153

edm corrected = 0.336709


---> Iteration - 43
Fval = -7160.72 numOfCall = 2044
Internal Parameter values LAVector parameters:
     -1.047117679523
     -1.189085454264
     -1.218781662659
      2.906053822764
     -1.374107258757
     -1.346595848238
     -1.234642940013
     -1.160122456381
     -1.160966119287
     -1.057281366396
     -1.113486667131
     0.8361009256632
     -1.165627527207
      2.170102112167
      2.457228664127
    -0.9188749385616
     -1.926845539699
     -1.778766625732
 Newton step LAVector parameters:
 -0.0001945436726554
  -0.000820496379411
 -3.692124444395e-05
   0.008343661835221
 -5.086698043284e-05
   0.001695981342562
   0.001578147188433
   0.001961206739375
 -0.0005970584129996
  0.0001754993012025
   -0.00219363783905
    0.02065447768633
   0.002619149559276
      0.019282188735
     0.0124683028005
   0.003250948451345
  -0.002468699546838
   0.006344830258522

 gdel = -0.502856
INFO: current LH = -7161.116915562832	
INFO: current LH = -7161.310066811798	
Result after line search : 
x = 2.33227
Old Fval = -7160.72
New Fval = -7161.31
NFcalls = 2046
MINUIT migrad at gradient
Calculating Gradient at x =   LAVector parameters:
     -1.047571408532
     -1.190999076041
     -1.218867773091
      2.925513522268
     -1.374225894456
      -1.34264035628
     -1.230962269503
     -1.155548386318
     -1.162358622667
     -1.056872054067
     -1.118602830036
     0.8842728119558
     -1.159518954689
      2.215073445614
      2.486308153519
     -0.911292838374
     -1.932603221673
     -1.763968747693

INFO: current LH = -7161.329647336147	
INFO: current LH = -7161.28710235915	
INFO: current LH = -7161.317519708459	
INFO: current LH = -7161.299056018111	
INFO: current LH = -7161.328545344775	
INFO: current LH = -7161.288257486901	
INFO: current LH = -7161.294301977907	
INFO: current LH = -7161.322424143067	
INFO: current LH = -7161.332562715134	
INFO: current LH = -7161.284191050006	
INFO: current LH = -7161.328061557772	
INFO: current LH = -7161.288649834538	
INFO: current LH = -7161.293203709783	
INFO: current LH = -7161.323457977759	
INFO: Wall time: 5.74692s User: 0s System: 0.01s

INFO: current LH = -7161.32444413084	
INFO: current LH = -7161.292204861653	
INFO: current LH = -7161.32335667352	
INFO: current LH = -7161.293427935771	
INFO: current LH = -7161.337437329784	
INFO: current LH = -7161.279304116578	
INFO: current LH = -7161.321043885659	
INFO: current LH = -7161.295880616901	
INFO: current LH = -7161.306646668609	
INFO: current LH = -7161.310005390259	
INFO: current LH = -7161.349825627199	
INFO: current LH = -7161.266785784757	
INFO: current LH = -7161.325725700603	
INFO: current LH = -7161.290970227798	
INFO: current LH = -7161.323751520776	
INFO: current LH = -7161.292894845828	
INFO: current LH = -7161.291525698253	
INFO: current LH = -7161.325237820862	
INFO: current LH = -7161.308875517445	
INFO: current LH = -7161.307760495289	
INFO: Wall time: 7.25297s User: 0.01s System: 0s

INFO: current LH = -7161.306921658735	
INFO: current LH = -7161.309839618318	
Gradient =   LAVector parameters:
     -104.5287264286
     -54.64550177661
     -307.6903234939
      7.797447847362
     -48.83309039827
      -30.5092508145
      34.41882282305
     -47.86649190208
     -58.73986959995
     -149.5349414574
     -47.01110765792
     0.1993931831188
     -6.434456613808
     -5.466924686834
      -7.18561771175
      10.30785717141
    -0.3611295295057
     0.9140672968321

Updated new point: 
  Parameter LAVector parameters:
     -1.047571408532
     -1.190999076041
     -1.218867773091
      2.925513522268
     -1.374225894456
      -1.34264035628
     -1.230962269503
     -1.155548386318
     -1.162358622667
     -1.056872054067
     -1.118602830036
     0.8842728119558
     -1.159518954689
      2.215073445614
      2.486308153519
     -0.911292838374
     -1.932603221673
     -1.763968747693
 Gradient LAVector parameters:
     -104.5287264286
     -54.64550177661
     -307.6903234939
      7.797447847362
     -48.83309039827
      -30.5092508145
      34.41882282305
     -47.86649190208
     -58.73986959995
     -149.5349414574
     -47.01110765792
     0.1993931831188
     -6.434456613808
     -5.466924686834
      -7.18561771175
      10.30785717141
    -0.3611295295057
     0.9140672968321
 InvHessian skipped
 Hessian skipped
 edm = 0.334754

edm corrected = 0.481493


---> Iteration - 44
Fval = -7161.31 numOfCall = 2082
Internal Parameter values LAVector parameters:
     -1.047571408532
     -1.190999076041
     -1.218867773091
      2.925513522268
     -1.374225894456
      -1.34264035628
     -1.230962269503
     -1.155548386318
     -1.162358622667
     -1.056872054067
     -1.118602830036
     0.8842728119558
     -1.159518954689
      2.215073445614
      2.486308153519
     -0.911292838374
     -1.932603221673
     -1.763968747693
 Newton step LAVector parameters:
  9.427255640745e-05
 -0.0005181044656017
 -0.0005878597681937
   0.001538813674399
  0.0004721343099353
  0.0007208335960159
  0.0006359152788326
  0.0007302431041083
  0.0007473616955423
   0.001723752575234
 -0.0001765190102124
   0.007959399227519
   0.001071930813507
    0.01378804688894
   0.008310994316369
  -0.001034701244075
  -0.000405762007694
   0.002719909710466

 gdel = -0.288583
INFO: current LH = -7161.570339212409	
INFO: current LH = -7162.048573415116	
Result after line search : 
x = 5
Old Fval = -7161.31
New Fval = -7162.05
NFcalls = 2084
MINUIT migrad at gradient
Calculating Gradient at x =   LAVector parameters:
      -1.04710004575
     -1.193589598369
     -1.221807071932
       2.93320759064
     -1.371865222906
       -1.3390361883
     -1.227782693109
     -1.151897170798
     -1.158621814189
     -1.048253291191
     -1.119485425087
     0.9240698080934
     -1.154159300622
      2.284013680059
      2.527863125101
    -0.9164663445943
     -1.934632031711
      -1.75036919914

INFO: current LH = -7162.066878379312	
INFO: current LH = -7162.026811459921	
INFO: current LH = -7162.037872463622	
INFO: current LH = -7162.055735426929	
INFO: current LH = -7162.048081083477	
INFO: current LH = -7162.045590912461	
INFO: current LH = -7162.04996664695	
INFO: current LH = -7162.043764445027	
INFO: current LH = -7162.050846090195	
INFO: current LH = -7162.042632835651	
INFO: current LH = -7162.030227709611	
INFO: current LH = -7162.063407780426	
INFO: current LH = -7162.025235578922	
INFO: current LH = -7162.068515538295	
INFO: current LH = -7162.052432021276	
INFO: current LH = -7162.041309529202	
INFO: Wall time: 5.71677s User: 0s System: 0.01s

INFO: current LH = -7162.054987499972	
INFO: current LH = -7162.038796013657	
INFO: current LH = -7162.048026239491	
INFO: current LH = -7162.045650852532	
INFO: current LH = -7162.033249826371	
INFO: current LH = -7162.060707187531	
INFO: current LH = -7162.035421423364	
INFO: current LH = -7162.058250386642	
INFO: current LH = -7162.077454025109	
INFO: current LH = -7162.016450060698	
INFO: current LH = -7162.047629859157	
INFO: current LH = -7162.046042586029	
INFO: current LH = -7162.038793262167	
INFO: current LH = -7162.054894774454	
INFO: current LH = -7162.045066555571	
INFO: current LH = -7162.048646506612	
INFO: current LH = -7162.049680001034	
INFO: current LH = -7162.043970346226	
INFO: current LH = -7162.048941129894	
INFO: current LH = -7162.04487227851	
INFO: Wall time: 7.73272s User: 0s System: 0s

Gradient =   LAVector parameters:
     -97.98623226951
      53.95941937206
     -18.78121790602
     -1.717706224219
     -8.248384077101
      25.71101788478
      49.64359581751
     -16.68046236803
     -31.46813177521
     -6.089381120329
      49.72404343569
      1.368330110746
      -4.80034342798
    -0.2504876983829
      3.788827140448
      1.087332148715
     -1.871355364113
     -1.266537313798

Updated new point: 
  Parameter LAVector parameters:
      -1.04710004575
     -1.193589598369
     -1.221807071932
       2.93320759064
     -1.371865222906
       -1.3390361883
     -1.227782693109
     -1.151897170798
     -1.158621814189
     -1.048253291191
     -1.119485425087
     0.9240698080934
     -1.154159300622
      2.284013680059
      2.527863125101
    -0.9164663445943
     -1.934632031711
      -1.75036919914
 Gradient LAVector parameters:
     -97.98623226951
      53.95941937206
     -18.78121790602
     -1.717706224219
     -8.248384077101
      25.71101788478
      49.64359581751
     -16.68046236803
     -31.46813177521
     -6.089381120329
      49.72404343569
      1.368330110746
      -4.80034342798
    -0.2504876983829
      3.788827140448
      1.087332148715
     -1.871355364113
     -1.266537313798
 InvHessian skipped
 Hessian skipped
 edm = 0.246327

edm corrected = 0.388043


---> Iteration - 45
Fval = -7162.05 numOfCall = 2120
Internal Parameter values LAVector parameters:
      -1.04710004575
     -1.193589598369
     -1.221807071932
       2.93320759064
     -1.371865222906
       -1.3390361883
     -1.227782693109
     -1.151897170798
     -1.158621814189
     -1.048253291191
     -1.119485425087
     0.9240698080934
     -1.154159300622
      2.284013680059
      2.527863125101
    -0.9164663445943
     -1.934632031711
      -1.75036919914
 Newton step LAVector parameters:
  0.0008881637571899
   -0.00228544812353
  0.0006085303650919
    0.01175452679706
  9.407245929406e-05
   0.000417505931293
  4.549125220111e-05
   0.004265591394726
  0.0003554556538223
   0.000827316551158
  -0.004736794278266
  -0.006637863833485
   0.003365085566792
    0.02712683254394
    0.01546189282068
   -0.00732088803144
  -0.008564779068407
   0.001898698748893

 gdel = -0.520446
INFO: current LH = -7162.416415019057	
INFO: current LH = -7162.494252674666	
Result after line search : 
x = 1.70521
Old Fval = -7162.05
New Fval = -7162.49
NFcalls = 2122
MINUIT migrad at gradient
Calculating Gradient at x =   LAVector parameters:
     -1.045585538936
     -1.197486770177
     -1.220769399119
      2.953251541749
     -1.371704809492
     -1.338324252496
     -1.227705120915
     -1.144623436444
     -1.158015687216
     -1.046842541716
     -1.127562659889
     0.9127508481347
      -1.14842111892
      2.330270659575
      2.554228918391
    -0.9289500050865
      -1.94923678917
      -1.74713151671

INFO: current LH = -7162.488893298472	
INFO: current LH = -7162.496154990863	
INFO: current LH = -7162.486704594703	
INFO: current LH = -7162.498325458599	
INFO: current LH = -7162.483288068999	
INFO: current LH = -7162.501824990854	
INFO: current LH = -7162.485981723627	
INFO: current LH = -7162.499135168064	
INFO: current LH = -7162.477657328152	
INFO: current LH = -7162.507360018358	
INFO: current LH = -7162.474275989945	
INFO: current LH = -7162.510930218838	
INFO: current LH = -7162.498643833728	
INFO: current LH = -7162.486627526142	
INFO: current LH = -7162.493519382965	
INFO: current LH = -7162.491510053587	
INFO: current LH = -7162.486475163789	
INFO: current LH = -7162.498539405855	
INFO: Wall time: 5.6397s User: 0.01s System: 0.01s

INFO: current LH = -7162.486283076017	
INFO: current LH = -7162.498726545994	
INFO: current LH = -7162.485282019401	
INFO: current LH = -7162.500040781108	
INFO: current LH = -7162.489930503328	
INFO: current LH = -7162.495267593258	
INFO: current LH = -7162.525000590558	
INFO: current LH = -7162.460207404541	
INFO: current LH = -7162.493832805631	
INFO: current LH = -7162.491325357462	
INFO: current LH = -7162.490124745091	
INFO: current LH = -7162.494883511723	
INFO: current LH = -7162.494930409309	
INFO: current LH = -7162.490122131367	
INFO: current LH = -7162.495202545517	
INFO: current LH = -7162.489801888623	
INFO: current LH = -7162.488764880983	
INFO: current LH = -7162.496502195402	
Gradient =   LAVector parameters:
      17.86626338142
      35.73192467438
      141.0155155067
      3.642943433005
      30.91192381393
      28.79851915954
     -13.74296897564
     -3.008854348801
      23.26675487692
       32.1511343522
       25.8290274211
     0.3226677326211
     -4.967840003838
    -0.3990922825156
      1.126840658962
     -1.464292494583
     -1.790920727593
      2.379299963793

Updated new point: 
  Parameter LAVector parameters:
     -1.045585538936
     -1.197486770177
     -1.220769399119
      2.953251541749
     -1.371704809492
     -1.338324252496
     -1.227705120915
     -1.144623436444
     -1.158015687216
     -1.046842541716
     -1.127562659889
     0.9127508481347
      -1.14842111892
      2.330270659575
      2.554228918391
    -0.9289500050865
      -1.94923678917
      -1.74713151671
 Gradient LAVector parameters:
      17.86626338142
      35.73192467438
      141.0155155067
      3.642943433005
      30.91192381393
      28.79851915954
     -13.74296897564
     -3.008854348801
      23.26675487692
       32.1511343522
       25.8290274211
     0.3226677326211
     -4.967840003838
    -0.3990922825156
      1.126840658962
     -1.464292494583
     -1.790920727593
      2.379299963793
 InvHessian skipped
 Hessian skipped
 edm = 0.0510671

edm corrected = 0.0729669


---> Iteration - 46
Fval = -7162.49 numOfCall = 2158
Internal Parameter values LAVector parameters:
     -1.045585538936
     -1.197486770177
     -1.220769399119
      2.953251541749
     -1.371704809492
     -1.338324252496
     -1.227705120915
     -1.144623436444
     -1.158015687216
     -1.046842541716
     -1.127562659889
     0.9127508481347
      -1.14842111892
      2.330270659575
      2.554228918391
    -0.9289500050865
      -1.94923678917
      -1.74713151671
 Newton step LAVector parameters:
  0.0003967121575058
   0.000175139984697
 -0.0001233591466044
  -0.002074196246919
  -0.001541020691672
  0.0001959300255888
 -0.0004439007163109
  0.0008455644631908
 -0.0001119660671429
  0.0002820320474426
  -0.000706138791863
  -0.001115647840551
   0.009002938134155
   0.004522517793455
   0.003543793357021
   0.004377619048428
    0.00201842040533
   0.004473241828892

 gdel = -0.104098
INFO: current LH = -7162.571537109222	
INFO: current LH = -7162.59567802543	
INFO: Wall time: 8.27151s User: 0s System: 0s

Result after line search : 
x = 1.94116
Old Fval = -7162.49
New Fval = -7162.6
NFcalls = 2160
MINUIT migrad at gradient
Calculating Gradient at x =   LAVector parameters:
     -1.044815459009
     -1.197146796259
     -1.221008858386
      2.949225204608
     -1.374696170052
     -1.337943921879
     -1.228566801165
     -1.142982064463
     -1.158233030746
     -1.046295073698
     -1.128933384982
     0.9105852023604
     -1.130945017396
      2.339049569184
      2.561107971825
    -0.9204523664506
     -1.945318721601
     -1.738448259402

INFO: current LH = -7162.586288871135	
INFO: current LH = -7162.601648019465	
INFO: current LH = -7162.579578174043	
INFO: current LH = -7162.60829699405	
INFO: current LH = -7162.59099609702	
INFO: current LH = -7162.596952053007	
INFO: current LH = -7162.589191151524	
INFO: current LH = -7162.598734648017	
INFO: current LH = -7162.588282913473	
INFO: current LH = -7162.599826771386	
INFO: current LH = -7162.571031479089	
INFO: current LH = -7162.616843788152	
INFO: current LH = -7162.599076713161	
INFO: current LH = -7162.588849801014	
INFO: current LH = -7162.58911543516	
INFO: current LH = -7162.598715163927	
INFO: current LH = -7162.590672744373	
INFO: current LH = -7162.597276003993	
INFO: current LH = -7162.59308199229	
INFO: current LH = -7162.594856321016	
INFO: Wall time: 5.13721s User: 0.01s System: 0.01s

INFO: current LH = -7162.594015299473	
INFO: current LH = -7162.593994983705	
INFO: current LH = -7162.596845902875	
INFO: current LH = -7162.591178141114	
INFO: current LH = -7162.622977134824	
INFO: current LH = -7162.564973973728	
INFO: current LH = -7162.59225201923	
INFO: current LH = -7162.595716503012	
INFO: current LH = -7162.594618427835	
INFO: current LH = -7162.593269421648	
INFO: current LH = -7162.591965326703	
INFO: current LH = -7162.595973128674	
INFO: current LH = -7162.599228283753	
INFO: current LH = -7162.588684615213	
INFO: current LH = -7162.588926425714	
INFO: current LH = -7162.599026633574	
Gradient =   LAVector parameters:
      38.01728122554
      89.07279237713
      45.15353862638
      2.632607173381
      12.14043403946
      35.37473851489
     -11.38119680617
      14.50133572742
      12.87419085605
      4.637909101404
   -0.03431970059535
     -0.337179276929
     -4.369556001352
     0.5458639517462
    -0.3232214558471
      1.227143527696
     -3.539785076324
       3.02420041294

Updated new point: 
  Parameter LAVector parameters:
     -1.044815459009
     -1.197146796259
     -1.221008858386
      2.949225204608
     -1.374696170052
     -1.337943921879
     -1.228566801165
     -1.142982064463
     -1.158233030746
     -1.046295073698
     -1.128933384982
     0.9105852023604
     -1.130945017396
      2.339049569184
      2.561107971825
    -0.9204523664506
     -1.945318721601
     -1.738448259402
 Gradient LAVector parameters:
      38.01728122554
      89.07279237713
      45.15353862638
      2.632607173381
      12.14043403946
      35.37473851489
     -11.38119680617
      14.50133572742
      12.87419085605
      4.637909101404
   -0.03431970059535
     -0.337179276929
     -4.369556001352
     0.5458639517462
    -0.3232214558471
      1.227143527696
     -3.539785076324
       3.02420041294
 InvHessian skipped
 Hessian skipped
 edm = 0.0398413

edm corrected = 0.0537994


---> Iteration - 47
Fval = -7162.6 numOfCall = 2196
Internal Parameter values LAVector parameters:
     -1.044815459009
     -1.197146796259
     -1.221008858386
      2.949225204608
     -1.374696170052
     -1.337943921879
     -1.228566801165
     -1.142982064463
     -1.158233030746
     -1.046295073698
     -1.128933384982
     0.9105852023604
     -1.130945017396
      2.339049569184
      2.561107971825
    -0.9204523664506
     -1.945318721601
     -1.738448259402
 Newton step LAVector parameters:
  0.0001883609927635
 -0.0005413600546176
 -8.157320265358e-05
   0.001272604264596
 -0.0006685303247581
 -0.0002534211512584
  0.0001016474493396
  0.0005211990791109
  1.622261060927e-05
  0.0004194236479001
  -0.000455967838078
   0.002224852406271
   0.006896458049225
   0.006344962952124
   0.004998653207031
 -0.0005594009771338
 -0.0001579706907356
  -0.000618281039894

 gdel = -0.0809364
INFO: current LH = -7162.662156290894	
INFO: current LH = -7162.709930258155	
Result after line search : 
x = 2.79899
Old Fval = -7162.6
New Fval = -7162.71
NFcalls = 2198
MINUIT migrad at gradient
Calculating Gradient at x =   LAVector parameters:
     -1.044288239039
     -1.198662056015
      -1.22123718072
      2.952787207402
     -1.376567377741
     -1.338653244387
     -1.228282291276
     -1.141523235015
      -1.15818762387
      -1.04512111236
     -1.130209633034
     0.9168125353254
     -1.111641920961
      2.356809038011
      2.575099137176
    -0.9220181225142
     -1.945760879511
     -1.740178819996

INFO: current LH = -7162.711546910232	
INFO: current LH = -7162.704910971584	
INFO: Wall time: 7.91114s User: 0s System: 0.01s

INFO: current LH = -7162.713687492385	
INFO: current LH = -7162.702786892655	
INFO: current LH = -7162.718383620271	
INFO: current LH = -7162.698081645902	
INFO: current LH = -7162.713926156192	
INFO: current LH = -7162.702535720811	
INFO: current LH = -7162.715244028434	
INFO: current LH = -7162.701336229428	
INFO: current LH = -7162.6940101538	
INFO: current LH = -7162.722551826975	
INFO: current LH = -7162.728044523745	
INFO: current LH = -7162.688511537752	
INFO: current LH = -7162.721422066738	
INFO: current LH = -7162.695077387926	
INFO: current LH = -7162.715530858235	
INFO: current LH = -7162.700960287723	
INFO: current LH = -7162.71705906207	
INFO: current LH = -7162.699379665637	
INFO: current LH = -7162.719728537627	
INFO: current LH = -7162.696809038184	
INFO: Wall time: 6.22791s User: 0.01s System: 0s

INFO: current LH = -7162.710853641941	
INFO: current LH = -7162.705583919957	
INFO: current LH = -7162.731053259324	
INFO: current LH = -7162.685506612981	
INFO: current LH = -7162.699924066367	
INFO: current LH = -7162.716539584901	
INFO: current LH = -7162.706932034736	
INFO: current LH = -7162.709515697012	
INFO: current LH = -7162.712956744286	
INFO: current LH = -7162.703503132909	
INFO: current LH = -7162.709773106034	
INFO: current LH = -7162.706655374053	
INFO: current LH = -7162.71297466021	
INFO: current LH = -7162.703499151217	
Gradient =   LAVector parameters:
     -16.43376704769
     -34.12987374639
     -153.7386898627
     -3.148784592496
     -14.25940822525
      22.24795581484
     -44.08408874378
     -40.43062516841
     -28.37295620833
     -46.22597215151
     -38.31990139241
    -0.3096357168246
     -3.425768774684
      2.607128174059
     0.6237854678405
     -2.895398168401
     -1.050904213026
     -2.831876806843

Updated new point: 
  Parameter LAVector parameters:
     -1.044288239039
     -1.198662056015
      -1.22123718072
      2.952787207402
     -1.376567377741
     -1.338653244387
     -1.228282291276
     -1.141523235015
      -1.15818762387
      -1.04512111236
     -1.130209633034
     0.9168125353254
     -1.111641920961
      2.356809038011
      2.575099137176
    -0.9220181225142
     -1.945760879511
     -1.740178819996
 Gradient LAVector parameters:
     -16.43376704769
     -34.12987374639
     -153.7386898627
     -3.148784592496
     -14.25940822525
      22.24795581484
     -44.08408874378
     -40.43062516841
     -28.37295620833
     -46.22597215151
     -38.31990139241
    -0.3096357168246
     -3.425768774684
      2.607128174059
     0.6237854678405
     -2.895398168401
     -1.050904213026
     -2.831876806843
 InvHessian skipped
 Hessian skipped
 edm = 0.0664938

edm corrected = 0.0964636


---> Iteration - 48
Fval = -7162.71 numOfCall = 2234
Internal Parameter values LAVector parameters:
     -1.044288239039
     -1.198662056015
      -1.22123718072
      2.952787207402
     -1.376567377741
     -1.338653244387
     -1.228282291276
     -1.141523235015
      -1.15818762387
      -1.04512111236
     -1.130209633034
     0.9168125353254
     -1.111641920961
      2.356809038011
      2.575099137176
    -0.9220181225142
     -1.945760879511
     -1.740178819996
 Newton step LAVector parameters:
  0.0003614541796568
 -0.0007507409507976
 -1.156605981256e-05
   0.001583903995562
 -0.0008577305217507
 -0.0008542850162328
   0.001184181662277
   0.001284835458554
  0.0002571700916983
  0.0009653823117523
  -0.001350112903572
     0.0139552273196
    0.01622189967434
   0.008588065519257
   0.008484377913973
  8.634298521944e-05
  0.0001617960531206
   0.003500968154472

 gdel = -0.137184
INFO: current LH = -7162.824484169429	
INFO: current LH = -7162.918564382848	
Result after line search : 
x = 3.03105
Old Fval = -7162.71
New Fval = -7162.92
NFcalls = 2236
MINUIT migrad at gradient
Calculating Gradient at x =   LAVector parameters:
     -1.043192654897
     -1.200937586155
     -1.221272237976
      2.957588092818
     -1.379167198162
     -1.341242621324
     -1.224692982525
     -1.137628840007
     -1.157408129566
     -1.042194994442
     -1.134301886963
     0.9591114672702
     -1.062472601492
      2.382839857189
      2.600815674482
    -0.9217564129789
     -1.945270468278
     -1.729567225479

INFO: current LH = -7162.919308284288	
INFO: current LH = -7162.9143819908	
INFO: current LH = -7162.912229415561	
INFO: current LH = -7162.921399245338	
INFO: Wall time: 6.85636s User: 0s System: 0.01s

INFO: current LH = -7162.909400754498	
INFO: current LH = -7162.924288559882	
INFO: current LH = -7162.924929071492	
INFO: current LH = -7162.908791769722	
INFO: current LH = -7162.921730862421	
INFO: current LH = -7162.912055206898	
INFO: current LH = -7162.904538269074	
INFO: current LH = -7162.92930581524	
INFO: current LH = -7162.925165128989	
INFO: current LH = -7162.90853761672	
INFO: current LH = -7162.921211848218	
INFO: current LH = -7162.912475434237	
INFO: current LH = -7162.91658812741	
INFO: current LH = -7162.91708571621	
INFO: current LH = -7162.907044085662	
INFO: current LH = -7162.926592167313	
INFO: current LH = -7162.917643231372	
INFO: current LH = -7162.916215260701	
INFO: current LH = -7162.905832914839	
INFO: current LH = -7162.928001532448	
INFO: Wall time: 5.86389s User: 0.01s System: 0s

INFO: current LH = -7162.92539037374	
INFO: current LH = -7162.908639293712	
INFO: current LH = -7162.914393466187	
INFO: current LH = -7162.919300482322	
INFO: current LH = -7162.911151033658	
INFO: current LH = -7162.922523975699	
INFO: current LH = -7162.923405833687	
INFO: current LH = -7162.910269565143	
INFO: current LH = -7162.919514926479	
INFO: current LH = -7162.914131538297	
INFO: current LH = -7162.916975977747	
INFO: current LH = -7162.916837969083	
Gradient =   LAVector parameters:
     -12.17636019121
      28.58592489327
      112.3999871763
     -4.449803935632
     -9.721478418739
      18.97182192686
      -18.2370347461
      -13.2997593631
     0.9623383480358
      51.15689084118
     -2.354803184664
      1.303939099631
     -1.238507352209
     0.7678208594868
      2.744615817762
      -4.01437215555
     -1.818908171108
   -0.04106970923367

Updated new point: 
  Parameter LAVector parameters:
     -1.043192654897
     -1.200937586155
     -1.221272237976
      2.957588092818
     -1.379167198162
     -1.341242621324
     -1.224692982525
     -1.137628840007
     -1.157408129566
     -1.042194994442
     -1.134301886963
     0.9591114672702
     -1.062472601492
      2.382839857189
      2.600815674482
    -0.9217564129789
     -1.945270468278
     -1.729567225479
 Gradient LAVector parameters:
     -12.17636019121
      28.58592489327
      112.3999871763
     -4.449803935632
     -9.721478418739
      18.97182192686
      -18.2370347461
      -13.2997593631
     0.9623383480358
      51.15689084118
     -2.354803184664
      1.303939099631
     -1.238507352209
     0.7678208594868
      2.744615817762
      -4.01437215555
     -1.818908171108
   -0.04106970923367
 InvHessian skipped
 Hessian skipped
 edm = 0.0712764

edm corrected = 0.105944


---> Iteration - 49
Fval = -7162.92 numOfCall = 2272
Internal Parameter values LAVector parameters:
     -1.043192654897
     -1.200937586155
     -1.221272237976
      2.957588092818
     -1.379167198162
     -1.341242621324
     -1.224692982525
     -1.137628840007
     -1.157408129566
     -1.042194994442
     -1.134301886963
     0.9591114672702
     -1.062472601492
      2.382839857189
      2.600815674482
    -0.9217564129789
     -1.945270468278
     -1.729567225479
 Newton step LAVector parameters:
  0.0004401492257081
 -0.0008176900223678
 -0.0002683409632881
  -0.001002699326265
 -0.0003303983844322
 -0.0004794187824808
   0.001142298067944
  0.0008130032092132
  0.0007329670528823
 -8.603432706236e-05
  0.0008926025020637
  -0.001503495998242
      0.014253688748
  -0.002707570269986
  -0.002200122581315
   0.002862244708157
   0.003913493069166
   0.000735385883566

 gdel = -0.144129
INFO: current LH = -7163.032713809043	
INFO: current LH = -7163.092321584466	
Result after line search : 
x = 2.40376
Old Fval = -7162.92
New Fval = -7163.09
NFcalls = 2274
MINUIT migrad at gradient
Calculating Gradient at x =   LAVector parameters:
     -1.042134643678
     -1.202903113224
     -1.221917264102
      2.955177848578
     -1.379961395168
     -1.342395026964
      -1.22194717701
     -1.135674578892
      -1.15564625582
     -1.042401799948
     -1.132156288594
     0.9554974301652
      -1.02821021564
      2.376331519666
      2.595527117243
    -0.9148762758911
      -1.93586338693
     -1.727799537455

INFO: current LH = -7163.092482988285	
INFO: current LH = -7163.088711334232	
INFO: current LH = -7163.09325935373	
INFO: current LH = -7163.087979332348	
INFO: current LH = -7163.090533438231	
INFO: current LH = -7163.090676892076	
INFO: Wall time: 6.89246s User: 0s System: 0.01s

INFO: current LH = -7163.088685537396	
INFO: current LH = -7163.092558129065	
INFO: current LH = -7163.095940621671	
INFO: current LH = -7163.085286663612	
INFO: current LH = -7163.089776533334	
INFO: current LH = -7163.091565844458	
INFO: current LH = -7163.096914078198	
INFO: current LH = -7163.084325245046	
INFO: current LH = -7163.095462796533	
INFO: current LH = -7163.085814714801	
INFO: current LH = -7163.085941041611	
INFO: current LH = -7163.095273347578	
INFO: current LH = -7163.093167923726	
INFO: current LH = -7163.088095733438	
INFO: current LH = -7163.097461546381	
INFO: current LH = -7163.083716843941	
INFO: current LH = -7163.074592371881	
INFO: current LH = -7163.106645401531	
INFO: current LH = -7163.092836974986	
INFO: current LH = -7163.088538386313	
INFO: Wall time: 6.04502s User: 0s System: 0.01s

INFO: current LH = -7163.085346974586	
INFO: current LH = -7163.095853030404	
INFO: current LH = -7163.098455581017	
INFO: current LH = -7163.082789776258	
INFO: current LH = -7163.089330005397	
INFO: current LH = -7163.091899113068	
INFO: current LH = -7163.081313198354	
INFO: current LH = -7163.099922644936	
INFO: current LH = -7163.096632868358	
INFO: current LH = -7163.084547934982	
Gradient =   LAVector parameters:
     -9.353249091187
     -16.66159996007
      1.086780605397
      1.066611266638
     -10.58914486594
      1.344027231793
     -13.82792118781
     -14.74259397114
      18.15159599747
      -13.4219017941
      -22.1774821519
      1.851484547501
    -0.3027253996743
      1.648479160735
     -3.801515946741
     0.7894030531099
      6.348501218456
     -3.542737388824

Updated new point: 
  Parameter LAVector parameters:
     -1.042134643678
     -1.202903113224
     -1.221917264102
      2.955177848578
     -1.379961395168
     -1.342395026964
      -1.22194717701
     -1.135674578892
      -1.15564625582
     -1.042401799948
     -1.132156288594
     0.9554974301652
      -1.02821021564
      2.376331519666
      2.595527117243
    -0.9148762758911
      -1.93586338693
     -1.727799537455
 Gradient LAVector parameters:
     -9.353249091187
     -16.66159996007
      1.086780605397
      1.066611266638
     -10.58914486594
      1.344027231793
     -13.82792118781
     -14.74259397114
      18.15159599747
      -13.4219017941
      -22.1774821519
      1.851484547501
    -0.3027253996743
      1.648479160735
     -3.801515946741
     0.7894030531099
      6.348501218456
     -3.542737388824
 InvHessian skipped
 Hessian skipped
 edm = 0.058219

edm corrected = 0.0802203


---> Iteration - 50
Fval = -7163.09 numOfCall = 2310
Internal Parameter values LAVector parameters:
     -1.042134643678
     -1.202903113224
     -1.221917264102
      2.955177848578
     -1.379961395168
     -1.342395026964
      -1.22194717701
     -1.135674578892
      -1.15564625582
     -1.042401799948
     -1.132156288594
     0.9554974301652
      -1.02821021564
      2.376331519666
      2.595527117243
    -0.9148762758911
      -1.93586338693
     -1.727799537455
 Newton step LAVector parameters:
  0.0003027776470215
  -0.001361425030827
 -0.0003052188683151
   0.001334188926715
 -0.0001417505783147
  4.277146614714e-05
   0.001577733227795
   0.002163791504586
   0.000441523714211
  0.0005346823745968
  0.0002936173832666
   -0.01948941926522
    0.01011024345308
   0.002916953741268
     0.0060809872254
  -0.001285452661521
  -0.002900575715914
   0.001130170917196

 gdel = -0.117775
INFO: current LH = -7163.173619389045	
INFO: current LH = -7163.187601259521	
Result after line search : 
x = 1.61435
Old Fval = -7163.09
New Fval = -7163.19
NFcalls = 2312
MINUIT migrad at gradient
Calculating Gradient at x =   LAVector parameters:
     -1.041645853823
     -1.205100933142
     -1.222409994948
      2.957331699823
     -1.380190230571
      -1.34232597874
     -1.219400159411
     -1.132181456641
     -1.154933480903
     -1.041538634113
     -1.131682286633
     0.9240346372143
     -1.011888718723
      2.381040511266
      2.605343974247
    -0.9169514496245
     -1.940545938624
     -1.725975043196

INFO: current LH = -7163.186462880216	
INFO: current LH = -7163.185313027981	
INFO: current LH = -7163.188082018218	
INFO: current LH = -7163.183678344232	
INFO: current LH = -7163.187485570658	
INFO: current LH = -7163.184305766153	
INFO: current LH = -7163.189498540779	
INFO: current LH = -7163.18229407276	
INFO: Wall time: 6.22639s User: 0s System: 0.01s

INFO: current LH = -7163.186533492754	
INFO: current LH = -7163.185262124412	
INFO: current LH = -7163.189182576764	
INFO: current LH = -7163.182696399303	
INFO: current LH = -7163.188331094957	
INFO: current LH = -7163.183482064776	
INFO: current LH = -7163.185570696173	
INFO: current LH = -7163.186225215397	
INFO: current LH = -7163.186259554648	
INFO: current LH = -7163.185543092835	
INFO: current LH = -7163.189502433087	
INFO: current LH = -7163.182304440913	
INFO: current LH = -7163.185067830143	
INFO: current LH = -7163.186743455631	
INFO: current LH = -7163.178027805227	
INFO: current LH = -7163.193820382927	
INFO: current LH = -7163.189651659137	
INFO: current LH = -7163.182235949431	
INFO: current LH = -7163.186754125927	
INFO: current LH = -7163.185008736775	
INFO: Wall time: 6.86141s User: 0.01s System: 0s

INFO: current LH = -7163.182866027962	
INFO: current LH = -7163.188894312273	
INFO: current LH = -7163.184445000561	
INFO: current LH = -7163.187344827611	
INFO: current LH = -7163.19006917124	
INFO: current LH = -7163.181716268354	
INFO: current LH = -7163.184996486328	
INFO: current LH = -7163.186800031123	
Gradient =   LAVector parameters:
     -2.865208596791
     -13.87293630099
     -24.14923818137
     -1.979523644833
     -1.263628667579
     -4.789240986129
     -5.316892408233
     0.9927432395903
     -1.396160428418
     -18.94538807126
      2.722941017526
     0.9108239564476
    -0.5107996238976
    -0.2749549331443
      1.458962468492
     0.8907794633511
     -2.845958988269
     0.5322978728567

Updated new point: 
  Parameter LAVector parameters:
     -1.041645853823
     -1.205100933142
     -1.222409994948
      2.957331699823
     -1.380190230571
      -1.34232597874
     -1.219400159411
     -1.132181456641
     -1.154933480903
     -1.041538634113
     -1.131682286633
     0.9240346372143
     -1.011888718723
      2.381040511266
      2.605343974247
    -0.9169514496245
     -1.940545938624
     -1.725975043196
 Gradient LAVector parameters:
     -2.865208596791
     -13.87293630099
     -24.14923818137
     -1.979523644833
     -1.263628667579
     -4.789240986129
     -5.316892408233
     0.9927432395903
     -1.396160428418
     -18.94538807126
      2.722941017526
     0.9108239564476
    -0.5107996238976
    -0.2749549331443
      1.458962468492
     0.8907794633511
     -2.845958988269
     0.5322978728567
 InvHessian skipped
 Hessian skipped
 edm = 0.0164343

edm corrected = 0.0230046


---> Iteration - 51
Fval = -7163.19 numOfCall = 2348
Internal Parameter values LAVector parameters:
     -1.041645853823
     -1.205100933142
     -1.222409994948
      2.957331699823
     -1.380190230571
      -1.34232597874
     -1.219400159411
     -1.132181456641
     -1.154933480903
     -1.041538634113
     -1.131682286633
     0.9240346372143
     -1.011888718723
      2.381040511266
      2.605343974247
    -0.9169514496245
     -1.940545938624
     -1.725975043196
 Newton step LAVector parameters:
 -6.754265086601e-05
 -1.643079698652e-05
 -0.0001600786318553
   0.001895309744631
  0.0005105585580977
 -0.0002049467761435
  0.0005992517651975
 -8.158176537668e-05
  0.0002390689798932
  0.0005296306859536
 -9.317329853156e-05
   -0.01589516021702
    0.00519465547174
   0.003699447767966
 -0.0008439273899917
  -0.001896992002115
 -0.0004437350300096
 -0.0007205507754111

 gdel = -0.0332069
INFO: current LH = -7163.20730275576	
INFO: current LH = -7163.208002812083	
Result after line search : 
x = 1.22939
Old Fval = -7163.19
New Fval = -7163.21
NFcalls = 2350
MINUIT migrad at gradient
Calculating Gradient at x =   LAVector parameters:
     -1.041728890178
     -1.205121133023
     -1.222606794243
      2.959661777338
     -1.379562554266
     -1.342577938546
      -1.21866344444
     -1.132281752563
     -1.154639571553
     -1.040887510699
     -1.131796833086
     0.9044932638242
     -1.005502453922
      2.385588580564
      2.604306457165
    -0.9192835952918
     -1.941091462657
     -1.726860882128

INFO: current LH = -7163.206492695978	
INFO: current LH = -7163.206076576556	
INFO: current LH = -7163.205179705918	
INFO: current LH = -7163.207389192656	
INFO: current LH = -7163.205491400488	
INFO: current LH = -7163.207080567369	
INFO: current LH = -7163.2071783079	
INFO: current LH = -7163.205400529988	
INFO: current LH = -7163.205996623165	
INFO: current LH = -7163.206548268044	
INFO: Wall time: 6.09783s User: 0s System: 0.01s

INFO: current LH = -7163.207955215853	
INFO: current LH = -7163.204625270119	
INFO: current LH = -7163.205773320546	
INFO: current LH = -7163.206785308794	
INFO: current LH = -7163.204018645319	
INFO: current LH = -7163.208566410336	
INFO: current LH = -7163.206406266419	
INFO: current LH = -7163.206180761546	
INFO: current LH = -7163.205547569994	
INFO: current LH = -7163.207026002556	
INFO: current LH = -7163.204396331965	
INFO: current LH = -7163.208191844568	
INFO: current LH = -7163.204952364275	
INFO: current LH = -7163.207606028355	
INFO: current LH = -7163.207455071974	
INFO: current LH = -7163.205170137038	
INFO: current LH = -7163.204190591311	
INFO: current LH = -7163.208379773886	
INFO: current LH = -7163.207790074256	
INFO: current LH = -7163.204807536436	
INFO: Wall time: 7.47199s User: 0.01s System: 0s

INFO: current LH = -7163.20705654306	
INFO: current LH = -7163.205522326969	
INFO: current LH = -7163.206309227716	
INFO: current LH = -7163.206265094283	
INFO: current LH = -7163.206205049267	
INFO: current LH = -7163.206375536927	
Gradient =   LAVector parameters:
     -1.038509820343
      6.987244815187
      12.06065785446
     -0.488037810988
     0.5475622474202
     -2.425278886341
      1.105307906013
      6.888419894879
    -0.4384049813467
      3.879723848224
      6.145490659947
     0.1516618454935
    -0.1550435147485
     0.6622196688251
    -0.7246012561968
    -0.4710631423327
   -0.01503946798421
    0.05024457627992

Updated new point: 
  Parameter LAVector parameters:
     -1.041728890178
     -1.205121133023
     -1.222606794243
      2.959661777338
     -1.379562554266
     -1.342577938546
      -1.21866344444
     -1.132281752563
     -1.154639571553
     -1.040887510699
     -1.131796833086
     0.9044932638242
     -1.005502453922
      2.385588580564
      2.604306457165
    -0.9192835952918
     -1.941091462657
     -1.726860882128
 Gradient LAVector parameters:
     -1.038509820343
      6.987244815187
      12.06065785446
     -0.488037810988
     0.5475622474202
     -2.425278886341
      1.105307906013
      6.888419894879
    -0.4384049813467
      3.879723848224
      6.145490659947
     0.1516618454935
    -0.1550435147485
     0.6622196688251
    -0.7246012561968
    -0.4710631423327
   -0.01503946798421
    0.05024457627992
 InvHessian skipped
 Hessian skipped
 edm = 0.00220243

edm corrected = 0.00292142


---> Iteration - 52
Fval = -7163.21 numOfCall = 2386
Internal Parameter values LAVector parameters:
     -1.041728890178
     -1.205121133023
     -1.222606794243
      2.959661777338
     -1.379562554266
     -1.342577938546
      -1.21866344444
     -1.132281752563
     -1.154639571553
     -1.040887510699
     -1.131796833086
     0.9044932638242
     -1.005502453922
      2.385588580564
      2.604306457165
    -0.9192835952918
     -1.941091462657
     -1.726860882128
 Newton step LAVector parameters:
   4.23985023246e-05
 -0.0001325949504933
  6.886062924568e-06
  0.0004648561176947
 -1.016930496617e-05
  0.0001064349786217
  0.0001887433940563
  5.148715391733e-05
  1.057494935182e-05
  9.171847677301e-05
 -0.0003365369382063
  -0.002369907273023
   0.002207246301715
   0.001054923376456
   0.002082517519299
  0.0008138197413639
    0.00053009969967
  0.0009355263223896

 gdel = -0.00438809
INFO: current LH = -7163.210933474844	
INFO: current LH = -7163.211311080764	
Result after line search : 
x = 1.50542
Old Fval = -7163.21
New Fval = -7163.21
NFcalls = 2388
MINUIT migrad at gradient
Calculating Gradient at x =   LAVector parameters:
      -1.04166506258
      -1.20532074425
     -1.222596427819
      2.960361581515
     -1.379577863352
      -1.34241770909
     -1.218379306164
     -1.132204242718
     -1.154623651802
     -1.040749435775
     -1.132303462871
     0.9009255555685
     -1.002179618913
      2.387176684404
      2.607441522841
    -0.9180584539358
     -1.940293439419
     -1.725452521125

INFO: current LH = -7163.209898510509	
INFO: current LH = -7163.209296363299	
INFO: current LH = -7163.210015495104	
INFO: current LH = -7163.20918070222	
INFO: current LH = -7163.209753846231	
INFO: current LH = -7163.20944596425	
INFO: current LH = -7163.209972517663	
INFO: current LH = -7163.209229548981	
INFO: current LH = -7163.209932558118	
INFO: current LH = -7163.209266253337	
INFO: current LH = -7163.211089246185	
INFO: current LH = -7163.208109953604	
INFO: Wall time: 6.29274s User: 0s System: 0.01s

INFO: current LH = -7163.209808394755	
INFO: current LH = -7163.209397763659	
INFO: current LH = -7163.209581036266	
INFO: current LH = -7163.209630047128	
INFO: current LH = -7163.209676338026	
INFO: current LH = -7163.209517199362	
INFO: current LH = -7163.209369921575	
INFO: current LH = -7163.209832660051	
INFO: current LH = -7163.210103335466	
INFO: current LH = -7163.209124989991	
INFO: current LH = -7163.210080086272	
INFO: current LH = -7163.209121420797	
INFO: current LH = -7163.21107801627	
INFO: current LH = -7163.208128725811	
INFO: current LH = -7163.209820929126	
INFO: current LH = -7163.20938100228	
INFO: current LH = -7163.209933901869	
INFO: current LH = -7163.209269652409	
INFO: current LH = -7163.209255611364	
INFO: current LH = -7163.209940152868	
INFO: Wall time: 7.2828s User: 0.01s System: 0s

INFO: current LH = -7163.209422344077	
INFO: current LH = -7163.209780601675	
INFO: current LH = -7163.209696716536	
INFO: current LH = -7163.209523725711	
Gradient =   LAVector parameters:
     -1.507266390736
     -2.647961366782
     -2.342664473146
    -0.2042847267793
    -0.6656973024055
     -2.172814500106
     -0.450532239438
    0.07428634698381
    -0.3095031509197
      1.217188187274
     -1.584437877651
   -0.05504002487494
    -0.1990802831797
   -0.06973951301472
    -0.1611910414623
     0.2105134094831
     0.1223589013803
   -0.05105025545737

Updated new point: 
  Parameter LAVector parameters:
      -1.04166506258
      -1.20532074425
     -1.222596427819
      2.960361581515
     -1.379577863352
      -1.34241770909
     -1.218379306164
     -1.132204242718
     -1.154623651802
     -1.040749435775
     -1.132303462871
     0.9009255555685
     -1.002179618913
      2.387176684404
      2.607441522841
    -0.9180584539358
     -1.940293439419
     -1.725452521125
 Gradient LAVector parameters:
     -1.507266390736
     -2.647961366782
     -2.342664473146
    -0.2042847267793
    -0.6656973024055
     -2.172814500106
     -0.450532239438
    0.07428634698381
    -0.3095031509197
      1.217188187274
     -1.584437877651
   -0.05504002487494
    -0.1990802831797
   -0.06973951301472
    -0.1611910414623
     0.2105134094831
     0.1223589013803
   -0.05105025545737
 InvHessian skipped
 Hessian skipped
 edm = 0.000280595

edm corrected = 0.000361975


---> Iteration - 53
Fval = -7163.21 numOfCall = 2424
Internal Parameter values LAVector parameters:
      -1.04166506258
      -1.20532074425
     -1.222596427819
      2.960361581515
     -1.379577863352
      -1.34241770909
     -1.218379306164
     -1.132204242718
     -1.154623651802
     -1.040749435775
     -1.132303462871
     0.9009255555685
     -1.002179618913
      2.387176684404
      2.607441522841
    -0.9180584539358
     -1.940293439419
     -1.725452521125
 Newton step LAVector parameters:
  1.064075155089e-05
  2.536283345369e-05
  6.482400238923e-06
  0.0006679955905186
  6.561103163628e-05
 -1.705528780481e-05
  7.533747089024e-05
 -9.174810765207e-05
 -3.332836874694e-05
  -2.14823729209e-05
 -6.084120690873e-05
  0.0007438056386984
  0.0004078543986035
   0.001109742159637
  0.0006464347729657
 -0.0001606463912405
 -0.0001407276618236
  0.0001839758459975

 gdel = -0.000565813
INFO: current LH = -7163.211675774364	
INFO: current LH = -7163.211709256272	
Result after line search : 
x = 1.40666
Old Fval = -7163.21
New Fval = -7163.21
NFcalls = 2426
MINUIT migrad at gradient
Calculating Gradient at x =   LAVector parameters:
     -1.041650094658
      -1.20528506736
     -1.222587309284
       2.96130122436
     -1.379485570922
     -1.342441700086
     -1.218273331939
     -1.132333301134
     -1.154670533494
     -1.040779654175
     -1.132389045779
     0.9019718373953
     -1.001605906343
      2.388737714589
      2.608350836941
    -0.9182844288289
     -1.940491395427
     -1.725193729615

INFO: current LH = -7163.210279902919	
INFO: current LH = -7163.209729504898	
INFO: current LH = -7163.210275116539	
INFO: current LH = -7163.209734359054	
INFO: current LH = -7163.21060884986	
INFO: current LH = -7163.209403153607	
INFO: current LH = -7163.210288169073	
INFO: current LH = -7163.209722627448	
INFO: current LH = -7163.21025301254	
INFO: current LH = -7163.209749458868	
INFO: current LH = -7163.211372651066	
INFO: current LH = -7163.208635631257	
INFO: current LH = -7163.209779862763	
INFO: current LH = -7163.210225016996	
INFO: Wall time: 5.21324s User: 0s System: 0.01s

INFO: current LH = -7163.210171670292	
INFO: current LH = -7163.209841338631	
INFO: current LH = -7163.210125337661	
INFO: current LH = -7163.20988840174	
INFO: current LH = -7163.2104445758	
INFO: current LH = -7163.209559159755	
INFO: current LH = -7163.210675328707	
INFO: current LH = -7163.209329162948	
INFO: current LH = -7163.210137510669	
INFO: current LH = -7163.209862201026	
INFO: current LH = -7163.211521203367	
INFO: current LH = -7163.208489484508	
INFO: current LH = -7163.209730804212	
INFO: current LH = -7163.210275048606	
INFO: current LH = -7163.210278025773	
INFO: current LH = -7163.209734609944	
INFO: current LH = -7163.209858837923	
INFO: current LH = -7163.210154645782	
INFO: current LH = -7163.210092100955	
INFO: current LH = -7163.209911111579	
INFO: Wall time: 7.14467s User: 0s System: 0s

INFO: current LH = -7163.209721851488	
INFO: current LH = -7163.210281008634	
Gradient =   LAVector parameters:
     -1.380020020012
     -1.717800642586
     -9.182732064796
    -0.1555947528943
    -0.5036411367471
     -1.998178873714
      0.488415659723
    -0.5003323658791
    -0.4616641158378
     -2.330246083222
     -2.173065668169
   -0.01581734056375
    -0.2046291768441
    0.08633084219818
    -0.1319205595296
    0.09110756783907
    -0.0618446878203
     0.1646659742738

Updated new point: 
  Parameter LAVector parameters:
     -1.041650094658
      -1.20528506736
     -1.222587309284
       2.96130122436
     -1.379485570922
     -1.342441700086
     -1.218273331939
     -1.132333301134
     -1.154670533494
     -1.040779654175
     -1.132389045779
     0.9019718373953
     -1.001605906343
      2.388737714589
      2.608350836941
    -0.9182844288289
     -1.940491395427
     -1.725193729615
 Gradient LAVector parameters:
     -1.380020020012
     -1.717800642586
     -9.182732064796
    -0.1555947528943
    -0.5036411367471
     -1.998178873714
      0.488415659723
    -0.5003323658791
    -0.4616641158378
     -2.330246083222
     -2.173065668169
   -0.01581734056375
    -0.2046291768441
    0.08633084219818
    -0.1319205595296
    0.09110756783907
    -0.0618446878203
     0.1646659742738
 InvHessian skipped
 Hessian skipped
 edm = 0.000102074

edm corrected = 0.000125069


---> Iteration - 54
Fval = -7163.21 numOfCall = 2462
Internal Parameter values LAVector parameters:
     -1.041650094658
      -1.20528506736
     -1.222587309284
       2.96130122436
     -1.379485570922
     -1.342441700086
     -1.218273331939
     -1.132333301134
     -1.154670533494
     -1.040779654175
     -1.132389045779
     0.9019718373953
     -1.001605906343
      2.388737714589
      2.608350836941
    -0.9182844288289
     -1.940491395427
     -1.725193729615
 Newton step LAVector parameters:
  3.170977787476e-06
  3.230109630493e-05
  2.548547161161e-06
  0.0001370916415756
  1.378422276625e-05
 -1.094599440083e-05
 -3.053219141273e-05
  -6.22416497246e-05
 -2.515664921714e-05
 -2.119824407883e-05
  4.646835783104e-05
  0.0001448883442128
  0.0002142188292679
 -0.0003465963710728
 -6.826118938326e-05
 -3.096500234849e-05
  1.925840949177e-05
 -0.0001224449079813

 gdel = -0.000204624
INFO: current LH = -7163.21189770947	
INFO: current LH = -7163.212330366711	
INFO: current LH = -7163.212360384755	
Result after line search : 
x = 6.36797
Old Fval = -7163.21
New Fval = -7163.21
NFcalls = 2465
MINUIT migrad at gradient
Calculating Gradient at x =   LAVector parameters:
     -1.041629901958
     -1.205079374862
     -1.222571080206
      2.962174220187
     -1.379397793368
     -1.342511403879
     -1.218467760099
     -1.132729654259
     -1.154830730349
     -1.040914644014
     -1.132093136546
      0.902894482412
     -1.000241766692
      2.386530598369
      2.607916151552
    -0.9184816131177
     -1.940368758402
     -1.725973455443

INFO: current LH = -7163.21057543079	
INFO: current LH = -7163.21073720499	
INFO: current LH = -7163.210692755689	
INFO: current LH = -7163.210626339601	
INFO: current LH = -7163.210961931181	
INFO: current LH = -7163.210352006008	
INFO: current LH = -7163.210075616305	
INFO: current LH = -7163.211239964293	
INFO: current LH = -7163.210432546085	
INFO: current LH = -7163.210873519401	
INFO: current LH = -7163.212393827825	
INFO: current LH = -7163.208915000707	
INFO: current LH = -7163.210281671427	
INFO: current LH = -7163.211029785959	
INFO: current LH = -7163.210592149854	
INFO: Wall time: 6.01814s User: 0.01s System: 0.01s

INFO: current LH = -7163.210724429352	
INFO: current LH = -7163.210925159236	
INFO: current LH = -7163.210389822433	
INFO: current LH = -7163.210581165649	
INFO: current LH = -7163.21072395261	
INFO: current LH = -7163.210978195939	
INFO: current LH = -7163.210313550328	
INFO: current LH = -7163.210673551057	
INFO: current LH = -7163.210632937014	
INFO: current LH = -7163.212509820081	
INFO: current LH = -7163.208798566644	
INFO: current LH = -7163.211332673734	
INFO: current LH = -7163.209982636204	
INFO: current LH = -7163.21065472916	
INFO: current LH = -7163.210664702499	
INFO: current LH = -7163.210394896815	
INFO: current LH = -7163.210920861886	
INFO: current LH = -7163.210264325123	
INFO: current LH = -7163.211044026515	
INFO: current LH = -7163.210489883231	
INFO: Wall time: 7.47744s User: 0s System: 0.01s

INFO: current LH = -7163.210809274748	
Gradient =   LAVector parameters:
     0.4052134387292
    -0.2107682799111
     -4.638859504141
     0.3199563634469
       0.44105745631
     -2.537622423663
     0.8205431967771
     0.2000495102408
     -1.041387326331
      0.375724926144
     -1.072613908273
  -0.002334377331367
    -0.2501979523426
    -0.2140475362495
   0.002417581741231
     0.1617364587757
     0.2664022826758
    0.09405374359988

Updated new point: 
  Parameter LAVector parameters:
     -1.041629901958
     -1.205079374862
     -1.222571080206
      2.962174220187
     -1.379397793368
     -1.342511403879
     -1.218467760099
     -1.132729654259
     -1.154830730349
     -1.040914644014
     -1.132093136546
      0.902894482412
     -1.000241766692
      2.386530598369
      2.607916151552
    -0.9184816131177
     -1.940368758402
     -1.725973455443
 Gradient LAVector parameters:
     0.4052134387292
    -0.2107682799111
     -4.638859504141
     0.3199563634469
       0.44105745631
     -2.537622423663
     0.8205431967771
     0.2000495102408
     -1.041387326331
      0.375724926144
     -1.072613908273
  -0.002334377331367
    -0.2501979523426
    -0.2140475362495
   0.002417581741231
     0.1617364587757
     0.2664022826758
    0.09405374359988
 InvHessian skipped
 Hessian skipped
 edm = 0.0003644

edm corrected = 0.00048298


---> Iteration - 55
Fval = -7163.21 numOfCall = 2501
Internal Parameter values LAVector parameters:
     -1.041629901958
     -1.205079374862
     -1.222571080206
      2.962174220187
     -1.379397793368
     -1.342511403879
     -1.218467760099
     -1.132729654259
     -1.154830730349
     -1.040914644014
     -1.132093136546
      0.902894482412
     -1.000241766692
      2.386530598369
      2.607916151552
    -0.9184816131177
     -1.940368758402
     -1.725973455443
 Newton step LAVector parameters:
  2.639243839414e-05
 -1.855655172649e-05
  3.168888579404e-05
  0.0002921576681044
   -4.7787523712e-05
   0.000122886748266
 -2.078545655608e-05
  3.640885384906e-06
 -7.248914796731e-05
 -7.221770451329e-05
  2.275180607161e-05
 -0.0003241386212421
   0.001302740983356
  -3.08764474286e-05
  0.0001361871764587
  -5.22821427296e-05
 -8.796978933384e-05
 -0.0001571286966456

 gdel = -0.000729128
INFO: current LH = -7163.212992988287	
INFO: current LH = -7163.213742545257	
Result after line search : 
x = 3.77692
Old Fval = -7163.21
New Fval = -7163.21
NFcalls = 2503
MINUIT migrad at gradient
Calculating Gradient at x =   LAVector parameters:
     -1.041530219917
     -1.205149461412
     -1.222451393923
      2.963277675367
     -1.379578282865
     -1.342047270866
     -1.218546265037
     -1.132715902938
     -1.155104515823
     -1.041187404269
     -1.132007204869
      0.901670237836
    -0.9953214224983
      2.386413980599
      2.608430519175
    -0.9186790784164
     -1.940701012969
     -1.726566917444

INFO: current LH = -7163.211568580077	
INFO: current LH = -7163.212505918543	
INFO: current LH = -7163.212340264758	
INFO: current LH = -7163.211737058285	
INFO: current LH = -7163.211637654461	
INFO: current LH = -7163.212440796672	
INFO: current LH = -7163.212035211413	
INFO: current LH = -7163.212044632218	
INFO: current LH = -7163.212377090121	
INFO: current LH = -7163.211707821636	
INFO: current LH = -7163.212354920546	
INFO: current LH = -7163.211696771154	
INFO: current LH = -7163.212326034141	
INFO: current LH = -7163.211749569452	
INFO: current LH = -7163.21256143454	
INFO: current LH = -7163.211511965295	
INFO: current LH = -7163.211712632527	
INFO: Wall time: 5.67245s User: 0.01s System: 0s

INFO: current LH = -7163.212362395485	
INFO: current LH = -7163.211717648554	
INFO: current LH = -7163.212361067512	
INFO: current LH = -7163.2115658334	
INFO: current LH = -7163.212502721706	
INFO: current LH = -7163.212461909066	
INFO: current LH = -7163.211619961842	
INFO: current LH = -7163.212636575568	
INFO: current LH = -7163.211432246479	
INFO: current LH = -7163.211792329437	
INFO: current LH = -7163.212280754812	
INFO: current LH = -7163.211975061221	
INFO: current LH = -7163.212099271098	
INFO: current LH = -7163.211962313956	
INFO: current LH = -7163.212116377921	
INFO: current LH = -7163.212356141874	
INFO: current LH = -7163.211726972292	
INFO: current LH = -7163.211772956248	
INFO: current LH = -7163.21230213922	
Gradient =   LAVector parameters:
      2.345174564236
     -1.910249766612
      6.100259856037
   0.002584713378928
    -0.6692765512351
    -0.4798055188427
    -0.6316627874953
     -1.584409466245
      1.262102926299
      1.693003722547
      1.514858814702
    -0.0483810399652
   -0.08114897320615
    0.07732079615682
    0.03004466835459
    0.04729956944652
    -0.2148593693175
     0.1559623473772

Updated new point: 
  Parameter LAVector parameters:
     -1.041530219917
     -1.205149461412
     -1.222451393923
      2.963277675367
     -1.379578282865
     -1.342047270866
     -1.218546265037
     -1.132715902938
     -1.155104515823
     -1.041187404269
     -1.132007204869
      0.901670237836
    -0.9953214224983
      2.386413980599
      2.608430519175
    -0.9186790784164
     -1.940701012969
     -1.726566917444
 Gradient LAVector parameters:
      2.345174564236
     -1.910249766612
      6.100259856037
   0.002584713378928
    -0.6692765512351
    -0.4798055188427
    -0.6316627874953
     -1.584409466245
      1.262102926299
      1.693003722547
      1.514858814702
    -0.0483810399652
   -0.08114897320615
    0.07732079615682
    0.03004466835459
    0.04729956944652
    -0.2148593693175
     0.1559623473772
 InvHessian skipped
 Hessian skipped
 edm = 0.000232951

edm corrected = 0.000319347


---> Iteration - 56
Fval = -7163.21 numOfCall = 2539
Internal Parameter values LAVector parameters:
     -1.041530219917
     -1.205149461412
     -1.222451393923
      2.963277675367
     -1.379578282865
     -1.342047270866
     -1.218546265037
     -1.132715902938
     -1.155104515823
     -1.041187404269
     -1.132007204869
      0.901670237836
    -0.9953214224983
      2.386413980599
      2.608430519175
    -0.9186790784164
     -1.940701012969
     -1.726566917444
 Newton step LAVector parameters:
 -2.759727562416e-05
 -1.063363735615e-05
  3.135220412846e-05
  0.0001046911873708
  8.314009529619e-06
  0.0001314559253715
  1.301796934727e-05
  7.781567983031e-05
 -6.899973695909e-05
 -7.775135331607e-05
 -4.981205522564e-05
 -9.391248495664e-05
   0.000977025550346
 -0.0002947785748798
  0.0001428710028766
  2.716200051434e-06
  0.0001050194071245
 -5.197473963368e-05

 gdel = -0.000470992
INFO: current LH = -7163.214034912833	
INFO: Wall time: 7.20006s User: 0s System: 0.01s

INFO: current LH = -7163.214052947869	
Result after line search : 
x = 1.31839
Old Fval = -7163.21
New Fval = -7163.21
NFcalls = 2541
MINUIT migrad at gradient
Calculating Gradient at x =   LAVector parameters:
     -1.041566603756
     -1.205163480642
     -1.222410059642
      2.963415698676
     -1.379567321798
     -1.341873961322
      -1.21852910234
     -1.132613311899
     -1.155195484053
       -1.0412899105
     -1.132072876344
      0.901546425008
    -0.9940333264966
      2.386025348896
      2.608618878188
    -0.9186754974185
      -1.94056255694
      -1.72663544017

INFO: current LH = -7163.212458413834	
INFO: current LH = -7163.212219956577	
INFO: current LH = -7163.21229415684	
INFO: current LH = -7163.212380387225	
INFO: current LH = -7163.212343923461	
INFO: current LH = -7163.212335531034	
INFO: current LH = -7163.212340670406	
INFO: current LH = -7163.212336535964	
INFO: current LH = -7163.21246002832	
INFO: current LH = -7163.212219678223	
INFO: current LH = -7163.212360846132	
INFO: current LH = -7163.212313044023	
INFO: current LH = -7163.212380573594	
INFO: current LH = -7163.212295916226	
INFO: current LH = -7163.21233437645	
INFO: current LH = -7163.212338935022	
INFO: current LH = -7163.212253672909	
INFO: current LH = -7163.212426333242	
INFO: current LH = -7163.212389662335	
INFO: Wall time: 5.91679s User: 0s System: 0.01s

INFO: current LH = -7163.212296924839	
INFO: current LH = -7163.212302998091	
INFO: current LH = -7163.212381736197	
INFO: current LH = -7163.21242769214	
INFO: current LH = -7163.212256674735	
INFO: current LH = -7163.21227115881	
INFO: current LH = -7163.212405413763	
INFO: current LH = -7163.212302489399	
INFO: current LH = -7163.212375868631	
INFO: current LH = -7163.212261802944	
INFO: current LH = -7163.212412607412	
INFO: current LH = -7163.212297659895	
INFO: current LH = -7163.212382429514	
INFO: current LH = -7163.212402933994	
INFO: current LH = -7163.212283063445	
INFO: current LH = -7163.212325204395	
INFO: current LH = -7163.212358812276	
Gradient =   LAVector parameters:
    -0.5961423693295
      0.272750340712
   -0.06365790867354
  -0.001132560568982
    -0.2397983794238
   -0.03493781769928
   -0.09267608722863
   0.006877921206463
     0.3350884048502
    -0.2436752675281
     0.1273233625516
  -0.009808926144517
   0.009046696050473
    0.01160972693079
    0.03644993771391
    0.02598902083752
   -0.04085173913733
   0.009896411398857

Updated new point: 
  Parameter LAVector parameters:
     -1.041566603756
     -1.205163480642
     -1.222410059642
      2.963415698676
     -1.379567321798
     -1.341873961322
      -1.21852910234
     -1.132613311899
     -1.155195484053
       -1.0412899105
     -1.132072876344
      0.901546425008
    -0.9940333264966
      2.386025348896
      2.608618878188
    -0.9186754974185
      -1.94056255694
      -1.72663544017
 Gradient LAVector parameters:
    -0.5961423693295
      0.272750340712
   -0.06365790867354
  -0.001132560568982
    -0.2397983794238
   -0.03493781769928
   -0.09267608722863
   0.006877921206463
     0.3350884048502
    -0.2436752675281
     0.1273233625516
  -0.009808926144517
   0.009046696050473
    0.01160972693079
    0.03644993771391
    0.02598902083752
   -0.04085173913733
   0.009896411398857
 InvHessian skipped
 Hessian skipped
 edm = 1.59893e-05

edm corrected = 1.94207e-05


---> Iteration - 57
Fval = -7163.21 numOfCall = 2577
Internal Parameter values LAVector parameters:
     -1.041566603756
     -1.205163480642
     -1.222410059642
      2.963415698676
     -1.379567321798
     -1.341873961322
      -1.21852910234
     -1.132613311899
     -1.155195484053
       -1.0412899105
     -1.132072876344
      0.901546425008
    -0.9940333264966
      2.386025348896
      2.608618878188
    -0.9186754974185
      -1.94056255694
      -1.72663544017
 Newton step LAVector parameters:
  1.171281215423e-05
 -2.755334615174e-05
    4.1873040601e-06
  2.151623150249e-05
  1.182071333021e-05
  3.049777101811e-05
  3.749906450645e-05
  2.702835434546e-05
 -1.270207911447e-05
   4.85935498719e-06
 -2.456901003455e-05
  0.0002328406186388
 -4.317715679178e-06
  7.753343348927e-05
  8.607291735628e-07
 -2.814017447659e-05
 -2.001959755857e-05
 -6.347972142774e-06

 gdel = -3.19145e-05
INFO: current LH = -7163.214071687372	
INFO: current LH = -7163.21407216533	
Result after line search : 
x = 1.21118
Old Fval = -7163.21
New Fval = -7163.21
NFcalls = 2579
MINUIT migrad at gradient
Calculating Gradient at x =   LAVector parameters:
     -1.041552417477
     -1.205196852598
     -1.222404988079
      2.963441758623
     -1.379553004832
     -1.341837023149
     -1.218483684366
     -1.132580575801
     -1.155210868509
     -1.041284024966
     -1.132102633744
     0.9018284360154
    -0.9940385560109
      2.386119255542
      2.608619920682
    -0.9187095801271
     -1.940586804199
     -1.726643128682

INFO: current LH = -7163.212375591446	
INFO: Wall time: 7.09152s User: 0.01s System: 0s

INFO: current LH = -7163.212349570184	
INFO: current LH = -7163.21237804192	
INFO: current LH = -7163.212347287149	
INFO: current LH = -7163.212367316736	
INFO: current LH = -7163.212358472932	
INFO: current LH = -7163.212338049259	
INFO: current LH = -7163.212387907427	
INFO: current LH = -7163.212368877991	
INFO: current LH = -7163.2123546352	
INFO: current LH = -7163.212388542684	
INFO: current LH = -7163.212339790397	
INFO: current LH = -7163.212378357656	
INFO: current LH = -7163.212349749788	
INFO: current LH = -7163.212364624172	
INFO: current LH = -7163.212362980257	
INFO: current LH = -7163.212385750545	
INFO: current LH = -7163.212339885003	
INFO: current LH = -7163.21235707533	
INFO: current LH = -7163.212367810506	
INFO: current LH = -7163.212367519071	
INFO: Wall time: 5.16054s User: 0s System: 0.01s

INFO: current LH = -7163.212358860483	
INFO: current LH = -7163.212353930567	
INFO: current LH = -7163.212370950049	
INFO: current LH = -7163.212351551321	
INFO: current LH = -7163.21237590203	
INFO: current LH = -7163.212362939984	
INFO: current LH = -7163.212364704807	
INFO: current LH = -7163.212394701462	
INFO: current LH = -7163.21233208734	
INFO: current LH = -7163.212353495176	
INFO: current LH = -7163.212372197523	
INFO: current LH = -7163.212360075101	
INFO: current LH = -7163.212365032932	
INFO: current LH = -7163.212336838416	
INFO: current LH = -7163.212389357864	
Gradient =   LAVector parameters:
   -0.06516343724385
   -0.09749804633636
   -0.06718485960121
     0.0136832972863
   -0.01423142992804
   -0.03571605881405
   -0.03137933308294
  -0.002486359984059
   -0.08914271839083
    0.02822150964346
   -0.01401208832566
  0.0009769749777032
    0.00164407384822
  0.0002796963885794
   -0.01516847028308
   0.005742130154968
   0.001690605266453
    0.01547871549836

Updated new point: 
  Parameter LAVector parameters:
     -1.041552417477
     -1.205196852598
     -1.222404988079
      2.963441758623
     -1.379553004832
     -1.341837023149
     -1.218483684366
     -1.132580575801
     -1.155210868509
     -1.041284024966
     -1.132102633744
     0.9018284360154
    -0.9940385560109
      2.386119255542
      2.608619920682
    -0.9187095801271
     -1.940586804199
     -1.726643128682
 Gradient LAVector parameters:
   -0.06516343724385
   -0.09749804633636
   -0.06718485960121
     0.0136832972863
   -0.01423142992804
   -0.03571605881405
   -0.03137933308294
  -0.002486359984059
   -0.08914271839083
    0.02822150964346
   -0.01401208832566
  0.0009769749777032
    0.00164407384822
  0.0002796963885794
   -0.01516847028308
   0.005742130154968
   0.001690605266453
    0.01547871549836
 InvHessian skipped
 Hessian skipped
 edm = 4.82667e-07

edm corrected = 5.47636e-07
Exiting succesfully Variable Metric Builder 
NFCalls = 2615
Fval = -7163.21
edm = 5.47636e-07 requested = 1e-05
INFO: Closing server.


********************** Final fit parameters *************************


# ext. ||   Name    ||   type  ||     Value     ||  Error +/- 

   0   ||J0P-1C1L0S0pbarpMag || limited ||      1.224311475565 ||0.02458312652462
   1   ||J1P1C1L1S1pbarpMag || limited ||     0.5914382062186 ||0.03767043546129
   2   ||J2P1C1L1S1pbarpMag || limited ||     0.5376238909012 ||0.01758252007188
   3   ||J0P-1C1L0S0pbarpPhi ||  fixed  ||                   0 ||
   4   ||J1P1C1L1S1pbarpPhi ||  fixed  ||                   0 ||
   5   ||J2P1C1L1S1pbarpPhi ||  free   ||      2.963441758623 ||0.06637881063905
   6   ||L2S2_J0P-1C1Toa2(1320)0AB_pion0ABMag ||  fixed  ||                   1 ||
   7   ||L2S2_J0P-1C1Tof2(1270)_etaMag || limited ||     0.2825857118689 ||0.03629468394559
   8   ||L1S2_J1P1C1Toa2(1320)0AB_pion0ABMag ||  fixed  ||     0.7071067811865 ||
   9   ||L3S2_J1P1C1Toa2(1320)0AB_pion0ABMag || limited ||     0.2860258189315 ||0.04058774465965
  10   ||L1S2_J1P1C1Tof2(1270)_etaMag || limited ||     0.6732033986786 ||0.05755645109179
  11   ||L3S2_J1P1C1Tof2(1270)_etaMag || limited ||      1.035622812367 ||0.09136091233928
  12   ||L1S2_J2P1C1Toa2(1320)0AB_pion0ABMag ||  fixed  ||     0.7071067811865 ||
  13   ||L3S2_J2P1C1Toa2(1320)0AB_pion0ABMag || limited ||     0.9329271666389 ||0.05125790503837
  14   ||L1S2_J2P1C1Tof2(1270)_etaMag || limited ||      1.500954710775 ||0.07120536414975
  15   ||L3S2_J2P1C1Tof2(1270)_etaMag || limited ||      1.037846692856 ||0.07547849089564
  16   ||L2S0_a2(1320)0ABTopion0AB_etaMag ||  fixed  ||                   1 ||
  17   ||L2S0_f2(1270)Topion0A_pion0BMag ||  fixed  ||                   1 ||
  18   ||L2S2_J0P-1C1Toa2(1320)0AB_pion0ABPhi ||  fixed  ||                   0 ||
  19   ||L2S2_J0P-1C1Tof2(1270)_etaPhi ||  free   ||     0.9018284360154 ||0.1654375316514
  20   ||L1S2_J1P1C1Toa2(1320)0AB_pion0ABPhi ||  fixed  ||                   0 ||
  21   ||L3S2_J1P1C1Toa2(1320)0AB_pion0ABPhi ||  free   ||    -0.9940385560109 ||0.1744909283193
  22   ||L1S2_J1P1C1Tof2(1270)_etaPhi ||  free   ||      2.386119255542 ||0.122952666337
  23   ||L3S2_J1P1C1Tof2(1270)_etaPhi ||  free   ||      2.608619920682 ||0.08916915551644
  24   ||L1S2_J2P1C1Toa2(1320)0AB_pion0ABPhi ||  fixed  ||                   0 ||
  25   ||L3S2_J2P1C1Toa2(1320)0AB_pion0ABPhi ||  free   ||    -0.9187095801271 ||0.04747591871176
  26   ||L1S2_J2P1C1Tof2(1270)_etaPhi ||  free   ||     -1.940586804199 ||0.04569451335916
  27   ||L3S2_J2P1C1Tof2(1270)_etaPhi ||  free   ||     -1.726643128682 ||0.05438350802093
  28   ||L2S0_a2(1320)0ABTopion0AB_etaPhi ||  fixed  ||                   0 ||
  29   ||L2S0_f2(1270)Topion0A_pion0BPhi ||  fixed  ||                   0 ||
  30   ||a2(1320)0ABMass ||  fixed  ||               1.318 ||
  31   ||f2(1270)Mass ||  fixed  ||               1.275 ||
  32   ||a2(1320)0ABWidth ||  fixed  ||               0.107 ||
  33   ||f2(1270)Width ||  fixed  ||               0.185 ||
  34   ||Iso1J0P-1C1Range01Other ||  fixed  ||                   0 ||
  35   ||Iso1J1P1C1Range01Other ||  fixed  ||                   0 ||
  36   ||Iso1J2P1C1Range01Other ||  fixed  ||                   0 ||





**************** Minuit FunctionMinimum information ******************

 Function minimum is valid.

 Covariance matrix is valid.

 Final LH: -7163.214072

 # of function calls: 2615
 minimum edm: 4.826674577e-07

INFO: Diagonal sqrt(cov) element (0, 0) / param error: 0.0245832 / 0.0245831
INFO: Diagonal sqrt(cov) element (1, 1) / param error: 0.0376713 / 0.0376704
INFO: Diagonal sqrt(cov) element (2, 2) / param error: 0.0175826 / 0.0175825
INFO: Diagonal sqrt(cov) element (5, 5) / param error: 0.0663788 / 0.0663788
INFO: Diagonal sqrt(cov) element (7, 7) / param error: 0.0362956 / 0.0362947
INFO: Diagonal sqrt(cov) element (9, 9) / param error: 0.0405895 / 0.0405877
INFO: Diagonal sqrt(cov) element (10, 10) / param error: 0.0575587 / 0.0575565
INFO: Diagonal sqrt(cov) element (11, 11) / param error: 0.0913668 / 0.0913609
INFO: Diagonal sqrt(cov) element (13, 13) / param error: 0.0512591 / 0.0512579
INFO: Diagonal sqrt(cov) element (14, 14) / param error: 0.0712073 / 0.0712054
INFO: Diagonal sqrt(cov) element (15, 15) / param error: 0.0754818 / 0.0754785
INFO: Diagonal sqrt(cov) element (19, 19) / param error: 0.165438 / 0.165438
INFO: Diagonal sqrt(cov) element (21, 21) / param error: 0.174491 / 0.174491
INFO: Diagonal sqrt(cov) element (22, 22) / param error: 0.122953 / 0.122953
INFO: Diagonal sqrt(cov) element (23, 23) / param error: 0.0891692 / 0.0891692
INFO: Diagonal sqrt(cov) element (25, 25) / param error: 0.0474759 / 0.0474759
INFO: Diagonal sqrt(cov) element (26, 26) / param error: 0.0456945 / 0.0456945
INFO: Diagonal sqrt(cov) element (27, 27) / param error: 0.0543835 / 0.0543835
INFO: theLh = -7163.21
INFO: noOfFreeFitParams:	18
INFO: evtWeightSumData:	15000
INFO: BIC:	-14153.3
INFO: AIC:	-14290.4
INFO: AICc:	-14290.4
