2022/02/15 12:45:15.743671 [INFO] /data/duldul/bertram/NewPawian220123/Pawian/bin/singleChannelApp
2022/02/15 12:45:15.743710 [INFO] --pbarpFiles
2022/02/15 12:45:15.743717 [INFO] pbarpReactionDefault.cfg
2022/02/15 12:45:15.743721 [INFO] --mode
2022/02/15 12:45:15.743724 [INFO] server
2022/02/15 12:45:15.743727 [INFO] --paramFile
2022/02/15 12:45:15.743731 [INFO] defaultparams.dat
2022/02/15 12:45:15.743734 [INFO] !
2022/02/15 12:45:15.743748 [INFO] 
                                       MMMMM
                                      M8NO  +M
                                    NO       M         ,MM
                                    MM     ?MN,   D8MMMO  :NMM
                               :MZ            ZM  MZ            NM,  M
                              M,          :M   MMN            DMMN M  ~
                             M        8MMM M  M,    7O: :M, M+     N:
                            M  =NMZ M     ,M8 M    ,O     MM   :    M
                            D  DM   M    $8        I= MM  $M   7    M
                           Z~ M M  O 8   8          M     N MM    DM
                           8, O    MM    M           :MM8,     ,, MMD
                           O:       M    87MMO ,  MM~                ,M,
                           I=O  M   M   M        M                     M
                           :M   M   N   M N,     M                    M~
                           :M  ?~  N    8I+  M    MMMMMMMMMMMMMMMOM? 7,
                            M  ++  M   8MZ7  M     M                MM
                            M   D  M  N   N   M,    ND          DM8,
                            M   M  M M~M               DMNM88= 8,
                            M    8  ?M?       M                 M~
                            M      N~8       ?$    :             M
                            NN      M     M  M     M             8:
                            D M    M   DDM   M     M               M,
                            D     ,D  D?M    N     M                 ND
                            M     M  ,O8$   ,7     M    M    M         M~
                            NN  8IO  M M    I=     =    M    M          ,M
                                 M  M                   M    M I          M
                                ~M ?8                 M M    M +M   MM     N
        N+I8MMM~                MM M ,      M         M D    M   M   MON   ~$
        M       NM              M8   M      O     D   M Z+  M:    M,  M M   M
         ,MMMD    88            8M   N     M      M         M      ~M  M M+  M
               7M, MI          +ZM  M      M      M        I$ $NI    M ,O M8 ?O
                 ?N M          I:   M      M       8       M     ,    M M     M
                  M +?         8,          N       M       N    :MMMMM7D M    M
                   D M         8,                  N,     ,$   M       M 8    8:
                   N,D,        ?:    =MMMMMZ               D  M         M  M  8ZMM
                    M ND       :Z=MO,                      N    MM8ZN8  M  M  M+ ,:~MMM 8~
                     M  DMMMMMNZ             D    ~MM        :MM        M   M MM    MNMM M
                     $7           DMMZZNOMMNMZ       M     =M       MZ  :7 MM   MM$ M8   N$ M
                       MO      MMZ        Z                +   ,MMD   +  D M~8  N  M       M
                          ?I=    D         8                        ,NMMMMO MM M 8  M     ID
                                  8        D                     MN,     M  ~,  MM       8N
     ,MNZ,  ,8MM         :~ZMMM,  :8       D                   8         ,M      N
   88           :M   M+         M  ,D       D                $            M      M
  M:       M      M ,7           D  8N$     8~             :D             M      M ?M,
  M    7   M      M M   +MM?     M ,8  D8    D=          ,D              Z?     ,O
  $I~ ~?  Z8     M  M      M     M 7+  M  :,   D$      8Z  M? M          M$D+M  7M?
   Z:  MMN       N, M     M?     M D   M          =$~   M :+  D,      NMMMMM OMM  MM          MMM
   O:           :M $Z    D8      M M   M          M     M O:  N      M     ,O     M M        M   N
   $~          M:  M  D  DM      O N   M   MM     M    :N M   M     +7      M     M  M       D   D
   ~=  MNMMMM8    D: $     M    ?Z M   D   M M    M    M  M   M     M M M   7,    M   M     D~   7=
   ~I     M       N  O     :$   N  M   D   8 Z=   M   M~  M   M     Z   N    M    M   D,    M    Z
    M     M      M   D     $~   M  M   N   M  M   M   M   Z   M    M         D    M    N    M    M
    M     M      O   M     M    M  M   M  M     ,M   Z7  N~   N    M  NM     M    N    M    M    M
 M  M     M     M    M     D    M  M   MMM   M M     M   M    M    N M  N    M   7$     D   M    M
  MMM7  MN     O$   M     M    N   M          +      M   M    $   N +I  ~+   M   M  ,   M   M    M
                MMM+      M    M   M       M,        N   M   O=   M M   ~?   M   M M~NN  M  8    M
                           N  $$   7M      M+       D    8   M    M M   D,   M   M M  M  ,N 8    D
                            D8:     M      OM      MN    D   M  , M M   M    M   O $  +~  $MZ    D
                                     :M88DM  N +MM+      MMM$M  N~+~N   D,   M  :8  D  M         N
                                                                 MMM     M   M  Z=  M  M         D

//************************************************************************//
//									  //
//  Copyright 2013 Bertram Kopf (bertram@ep1.rub.de)			  //
//  	      	   Julian Pychy (julian@ep1.rub.de)			  //
//          	   - Ruhr-Universität Bochum 				  //
//									  //
//  Pawian is free software: you can redistribute it and/or modify	  //
//  it under the terms of the GNU General Public License as published by  //
//  the Free Software Foundation, either version 3 of the License, or 	  //
//  (at your option) any later version.	 	      	  	   	  //
//									  //
//  Pawian is distributed in the hope that it will be useful,		  //
//  but WITHOUT ANY WARRANTY; without even the implied warranty of	  //
//  MERCHANTABILITY or FITNESS FOR A PARTICULAR PURPOSE.  See the	  //
//  GNU General Public License for more details.	      		  //
//									  //
//  You should have received a copy of the GNU General Public License     //
//  along with Pawian.  If not, see <http://www.gnu.org/licenses/>.	  //
//									  //
//************************************************************************//

   
2022/02/15 12:45:15.743760 [INFO] Compiled Feb 14 2022 16:33:02
2022/02/15 12:45:15.743764 [INFO] Hostname: pc36

Running with the following options using /data/duldul/bertram/NewPawian220123/Pawian/ConfigParser/global.cfg:

Error log mode: 1

data file: 

mc file: 

truth file: 

chosen unit in input file: GEV

chosen order in file: Px Py Pz E

file with start parameters for fit or qa: defaultparams.dat

startHypo: base

mode: server

number of threads: 2

ratioMcToData: 100

ratioTruthToMc: 100

cache amplitudes: 1

use data event weight: 0

use Monte Carlo event weight: 0

use truth event weight: 0

use phase space hyp: 0

use coherent phase space hyp: 0

prefit with free scaling factor: 0

pdg table: /Particle/pdtNew.table

minimumTolerance: 0.1

no of interpolated scattering points: 0

initial 4vector: 

projectile 4vector: 

prePathDataFiles: 

prePathKMatrixFiles: 

scalingWithChannelID: 0

fixAllPhases: 0

singleChannelId: 0

nllScalingFactor: 1

addChannelScalingId: 0

channelScalingSuffix: 

minuitStrategyLevel: 1

useParticleNameForPVecBg: 0

prodOrbMom1DFit: 0

decOrbMom1DFit: 0


pbarp channel configuration file: pbarpReactionDefault.cfg



the final state particles are:

decay system:

decay dynamics:

replaced suffix for fit parameter name

replaced mass key

replaced prod key

production system:

K-matrix prod suffix:

production formalism:	Cano
fitqRProduction:	0

histograms inv mass for systems

histograms decay angles for systems

mass range cuts:

mass range anti-cuts:

generator range:	

php dynamics:

2Dhistogram decay angles for systems

random seed:	44123

generate with model:	1

number of generated events:	10000

number of data events:	1000000

number of bootstrap events:	10000

number of bootstrap files:	1

boostrap file name:	bootstrapFile
sProdExponent =0
2022/02/15 12:45:15.744961 [INFO] numReactions: 1
2022/02/15 12:45:15.746135 [INFO] __argv[0]: /data/duldul/bertram/NewPawian220123/Pawian/bin/singleChannelApp
2022/02/15 12:45:15.746145 [INFO] __argv[1]: --pbarpFiles
2022/02/15 12:45:15.746150 [INFO] __argv[3]: --mode
2022/02/15 12:45:15.746154 [INFO] __argv[4]: server
2022/02/15 12:45:15.746158 [INFO] __argv[5]: --paramFile
2022/02/15 12:45:15.746162 [INFO] __argv[6]: defaultparams.dat
2022/02/15 12:45:15.746166 [INFO] __argv[7]: !
2022/02/15 12:45:15.746178 [INFO] argvWCfgFile[0]= /data/duldul/bertram/NewPawian220123/Pawian/bin/singleChannelApp
2022/02/15 12:45:15.746182 [INFO] argvWCfgFile[1]= -c
2022/02/15 12:45:15.746186 [INFO] argvWCfgFile[2]= pbarpReactionDefault.cfg
2022/02/15 12:45:15.746190 [INFO] argvWCfgFile[3]= --mode
2022/02/15 12:45:15.746193 [INFO] argvWCfgFile[4]= server
2022/02/15 12:45:15.746197 [INFO] argvWCfgFile[5]= --paramFile
2022/02/15 12:45:15.746200 [INFO] argvWCfgFile[6]= defaultparams.dat
2022/02/15 12:45:15.746204 [INFO] argvWCfgFile[7]= !

Running with the following options using pbarpReactionDefault.cfg:

Error log mode: 1

data file: ./toyDataModel.dat

mc file: ./toyDataMC.dat

truth file: 

chosen unit in input file: MEV

chosen order in file: E Px Py Pz

file with start parameters for fit or qa: defaultparams.dat

startHypo: base

mode: server

number of threads: 1

ratioMcToData: 3

ratioTruthToMc: 100

cache amplitudes: 1

use data event weight: 0

use Monte Carlo event weight: 0

use truth event weight: 0

use phase space hyp: 0

use coherent phase space hyp: 0

prefit with free scaling factor: 0

pdg table: /Particle/pdtNew.table

minimumTolerance: 0.1

no of interpolated scattering points: 0

initial 4vector: 2.238404836    0.      0.     0.9

projectile 4vector: 1.300134       0.      0.     0.9

prePathDataFiles: 

prePathKMatrixFiles: 

scalingWithChannelID: 0

fixAllPhases: 0

singleChannelId: 0

nllScalingFactor: 1

addChannelScalingId: 0

channelScalingSuffix: 

minuitStrategyLevel: 1

useParticleNameForPVecBg: 0

prodOrbMom1DFit: 0

decOrbMom1DFit: 0


clone particles: pion0 pion0A
clone particles: pion0 pion0B
clone particles: a0(980)0 a0(980)0A
clone particles: a0(980)0 a0(980)0B
clone particles: a2(1320)0 a2(1320)0A
clone particles: a2(1320)0 a2(1320)0B

minuit parameter	f2(1270)Mass	 fixed
minuit parameter	f2(1270)Width	 fixed
minuit parameter	a2(1320)0ABMass	 fixed
minuit parameter	a2(1320)0ABWidth	 fixed
minuit parameter	J0P-1C1L0S0pbarpPhi	 fixed
minuit parameter	J1P1C1L1S1pbarpPhi	 fixed
minuit parameter	L2S2_J0P-1C1Toa2(1320)0AB_pion0ABMag	 fixed
minuit parameter	L2S2_J0P-1C1Toa2(1320)0AB_pion0ABPhi	 fixed
minuit parameter	L1S2_J1P1C1Toa2(1320)0AB_pion0ABMag	 fixed
minuit parameter	L1S2_J1P1C1Toa2(1320)0AB_pion0ABPhi	 fixed
minuit parameter	L1S2_J2P1C1Toa2(1320)0AB_pion0ABMag	 fixed
minuit parameter	L1S2_J2P1C1Toa2(1320)0AB_pion0ABPhi	 fixed
minuit parameter	L2S0_a2(1320)0ABTopion0AB_etaMag	 fixed
minuit parameter	L2S0_a2(1320)0ABTopion0AB_etaPhi	 fixed
minuit parameter	L2S0_f2(1270)Topion0A_pion0BMag	 fixed
minuit parameter	L2S0_f2(1270)Topion0A_pion0BPhi	 fixed
minuit parameter	Iso1J0P-1C1	 fixed
minuit parameter	Iso1J1P1C1	 fixed
minuit parameter	Iso1J2P1C1	 fixed


the final state particles are:
pion0A
pion0B
eta

decay system:
Cano f2(1270) To pion0A pion0B
Cano a2(1320)0A To pion0A eta
Cano a2(1320)0B To pion0B eta

decay dynamics:
f2(1270)	BreitWigner
a2(1320)0A BreitWigner
a2(1320)0B BreitWigner

replaced suffix for fit parameter name
a2(1320)0B_pion0A a2(1320)0AB_pion0AB
a2(1320)0A_pion0B a2(1320)0AB_pion0AB
a2(1320)0ATopion0A_eta a2(1320)0ABTopion0AB_eta
a2(1320)0BTopion0B_eta a2(1320)0ABTopion0AB_eta

replaced mass key
a2(1320)0A a2(1320)0AB
a2(1320)0B a2(1320)0AB

replaced prod key

production system:
f2(1270) eta
a2(1320)0B pion0A
a2(1320)0A pion0B

K-matrix prod suffix:

production formalism:	Cano
fitqRProduction:	0

histograms inv mass for systems
pion0A pion0B
pion0A eta
pion0B eta

histograms decay angles for systems
pion0A pion0B from pion0A pion0B eta
pion0A eta from pion0A pion0B eta
pion0B eta from pion0A pion0B eta
pion0A from pion0A pion0B
pion0A from pion0A eta

mass range cuts:

mass range anti-cuts:

generator range:	

php dynamics:

2Dhistogram decay angles for systems

random seed:	44123

generate with model:	1

number of generated events:	10000

number of data events:	15000

number of bootstrap events:	10000

number of bootstrap files:	1

boostrap file name:	bootstrapFile
sProdExponent =0
Antiproton momentum in lab frame	 pbarmom = 0.9
Maximum orbital momentum for pbarp system	 Lmax = 1

spin density matrix calculation for particles

drop pbarp L 

2022/02/15 12:45:15.747387 [INFO] initial4Vec: {Rank = 1 ( 2.2384,0,0,0.9) } 
2022/02/15 12:45:15.747400 [INFO] projectile4Vec: {Rank = 1 ( 1.30013,0,0,0.9) } 
2022/02/15 12:45:15.747410 [INFO] Now replace the parser!!!
2022/02/15 12:45:15.748171 [ERROR] PwaApps/singleChannelApp.cc line 126: trying to set channel ID to 0
2022/02/15 12:45:15.748241 [INFO] 
The spins of the final state particles are:
2022/02/15 12:45:15.748249 [INFO] pion0A : 0
2022/02/15 12:45:15.748253 [INFO] pion0B : 0
2022/02/15 12:45:15.748257 [INFO] eta : 0
2022/02/15 12:45:15.748261 [INFO] 
current projection is:
2022/02/15 12:45:15.748266 [INFO] 0	lambda: 0
2022/02/15 12:45:15.748270 [INFO] 0	lambda: 0
2022/02/15 12:45:15.748273 [INFO] 0	lambda: 0

JPCLS amplitudes for decay	f2(1270)Topion0A_pion0B:
suffix for fit parameter name:	f2(1270)Topion0A_pion0B
JPC=2++	L,S=2,0	preFactorLS=0


2022/02/15 12:45:15.748374 [INFO] added decay f2(1270)Topion0A_pion0B to decay list

JPCLS amplitudes for decay	a2(1320)0ATopion0A_eta:
suffix for fit parameter name:	a2(1320)0ATopion0A_eta
JPC=2++	L,S=2,0	preFactorLS=0


2022/02/15 12:45:15.748398 [INFO] added decay a2(1320)0ATopion0A_eta to decay list

JPCLS amplitudes for decay	a2(1320)0BTopion0B_eta:
suffix for fit parameter name:	a2(1320)0BTopion0B_eta
JPC=2++	L,S=2,0	preFactorLS=0


2022/02/15 12:45:15.748418 [INFO] added decay a2(1320)0BTopion0B_eta to decay list

***ProdChannelInfo***
***ProdChannelInfo***
particle1: f2(1270)	particle2: eta
with production barrier: 0

***ProdChannelInfo***
***ProdChannelInfo***
particle1: a2(1320)0B	particle2: pion0A
with production barrier: 0

***ProdChannelInfo***
***ProdChannelInfo***
particle1: a2(1320)0A	particle2: pion0B
with production barrier: 0
2022/02/15 12:45:15.748482 [DEBUG] pbarpUtils/pbarpStatesLS.cc line 71: L=0 S=0 ==> C=1
2022/02/15 12:45:15.748501 [DEBUG] pbarpUtils/pbarpStatesLS.cc line 71: L=1 S=1 ==> C=1
2022/02/15 12:45:15.748510 [DEBUG] pbarpUtils/pbarpStatesLS.cc line 71: L=0 S=1 ==> C=-1
2022/02/15 12:45:15.748529 [DEBUG] pbarpUtils/pbarpStatesLS.cc line 71: L=1 S=0 ==> C=-1
2022/02/15 12:45:15.748537 [DEBUG] pbarpUtils/pbarpStatesLS.cc line 71: L=1 S=1 ==> C=1
2022/02/15 12:45:15.748546 [DEBUG] pbarpUtils/pbarpStatesLS.cc line 71: L=1 S=1 ==> C=1
f2(1270)	mass=1.275+0-0	width=0.185+0-0	3*q=0	2*J=4	P=1	p=-2	C=1	c=-2	G=-2	theGParity=1	2*I=0	2*I3=0	charm=0	strange=0
eta	mass=0.547+0.01-0.01	width=0.0001+0-0	3*q=0	2*J=0	P=-1	p=-2	C=1	c=-2	G=-2	theGParity=1	2*I=0	2*I3=0	charm=0	strange=0

JPCLS amplitudes for decay	I0G1J0P-1C1Tof2(1270)_eta:
suffix for fit parameter name:	J0P-1C1Tof2(1270)_eta
JPC=0-+	L,S=2,2	preFactorLS=0
with further decay:
JPCLS amplitudes for decay	f2(1270)Topion0A_pion0B:
suffix for fit parameter name:	f2(1270)Topion0A_pion0B
JPC=2++	L,S=2,0	preFactorLS=0




a2(1320)0B	mass=1.318+0-0	width=0.107+0-0	3*q=0	2*J=4	P=1	p=-2	C=1	c=-2	G=-2	theGParity=-1	2*I=2	2*I3=0	charm=0	strange=0
pion0A	mass=0.13498+0-0	width=0.0001+0-0	3*q=0	2*J=0	P=-1	p=-2	C=1	c=-2	G=-2	theGParity=-1	2*I=2	2*I3=0	charm=0	strange=0

JPCLS amplitudes for decay	I0G1J0P-1C1Toa2(1320)0B_pion0A:
suffix for fit parameter name:	J0P-1C1Toa2(1320)0B_pion0A
JPC=0-+	L,S=2,2	preFactorLS=0
with further decay:
JPCLS amplitudes for decay	a2(1320)0BTopion0B_eta:
suffix for fit parameter name:	a2(1320)0BTopion0B_eta
JPC=2++	L,S=2,0	preFactorLS=0




a2(1320)0A	mass=1.318+0-0	width=0.107+0-0	3*q=0	2*J=4	P=1	p=-2	C=1	c=-2	G=-2	theGParity=-1	2*I=2	2*I3=0	charm=0	strange=0
pion0B	mass=0.13498+0-0	width=0.0001+0-0	3*q=0	2*J=0	P=-1	p=-2	C=1	c=-2	G=-2	theGParity=-1	2*I=2	2*I3=0	charm=0	strange=0

JPCLS amplitudes for decay	I0G1J0P-1C1Toa2(1320)0A_pion0B:
suffix for fit parameter name:	J0P-1C1Toa2(1320)0A_pion0B
JPC=0-+	L,S=2,2	preFactorLS=0
with further decay:
JPCLS amplitudes for decay	a2(1320)0ATopion0A_eta:
suffix for fit parameter name:	a2(1320)0ATopion0A_eta
JPC=2++	L,S=2,0	preFactorLS=0




f2(1270)	mass=1.275+0-0	width=0.185+0-0	3*q=0	2*J=4	P=1	p=-2	C=1	c=-2	G=-2	theGParity=1	2*I=0	2*I3=0	charm=0	strange=0
eta	mass=0.547+0.01-0.01	width=0.0001+0-0	3*q=0	2*J=0	P=-1	p=-2	C=1	c=-2	G=-2	theGParity=1	2*I=0	2*I3=0	charm=0	strange=0
2022/02/15 12:45:15.748725 [WARN] PwaUtils/DataUtils.cc line 114: G-Parity not valid for:-1 --> 1 * 1 
2022/02/15 12:45:15.748731 [WARN] PwaUtils/DataUtils.cc line 114: G-Parity not valid for:-1 --> 1 * 1 
2022/02/15 12:45:15.748735 [WARN] PwaUtils/DataUtils.cc line 114: G-Parity not valid for:-1 --> 1 * 1 
2022/02/15 12:45:15.748739 [INFO] _JPCLSDecAmps.size()==0 for I1G-1J0P-1C1Tof2(1270)_eta

JPCLS amplitudes for decay	I1G-1J0P-1C1Tof2(1270)_eta:
suffix for fit parameter name:	J0P-1C1Tof2(1270)_eta
with further decay:
JPCLS amplitudes for decay	f2(1270)Topion0A_pion0B:
suffix for fit parameter name:	f2(1270)Topion0A_pion0B
JPC=2++	L,S=2,0	preFactorLS=0




2022/02/15 12:45:15.748747 [INFO] Skip amplitude I1G-1J0P-1C1Tof2(1270)_eta	JPCLSAmps().size(): 0	isospinCG(): 0
a2(1320)0B	mass=1.318+0-0	width=0.107+0-0	3*q=0	2*J=4	P=1	p=-2	C=1	c=-2	G=-2	theGParity=-1	2*I=2	2*I3=0	charm=0	strange=0
pion0A	mass=0.13498+0-0	width=0.0001+0-0	3*q=0	2*J=0	P=-1	p=-2	C=1	c=-2	G=-2	theGParity=-1	2*I=2	2*I3=0	charm=0	strange=0
2022/02/15 12:45:15.748780 [WARN] PwaUtils/DataUtils.cc line 114: G-Parity not valid for:-1 --> -1 * -1 
2022/02/15 12:45:15.748785 [WARN] PwaUtils/DataUtils.cc line 114: G-Parity not valid for:-1 --> -1 * -1 
2022/02/15 12:45:15.748789 [WARN] PwaUtils/DataUtils.cc line 114: G-Parity not valid for:-1 --> -1 * -1 
2022/02/15 12:45:15.748793 [INFO] _JPCLSDecAmps.size()==0 for I1G-1J0P-1C1Toa2(1320)0B_pion0A

JPCLS amplitudes for decay	I1G-1J0P-1C1Toa2(1320)0B_pion0A:
suffix for fit parameter name:	J0P-1C1Toa2(1320)0B_pion0A
with further decay:
JPCLS amplitudes for decay	a2(1320)0BTopion0B_eta:
suffix for fit parameter name:	a2(1320)0BTopion0B_eta
JPC=2++	L,S=2,0	preFactorLS=0




2022/02/15 12:45:15.748799 [INFO] Skip amplitude I1G-1J0P-1C1Toa2(1320)0B_pion0A	JPCLSAmps().size(): 0	isospinCG(): 0
a2(1320)0A	mass=1.318+0-0	width=0.107+0-0	3*q=0	2*J=4	P=1	p=-2	C=1	c=-2	G=-2	theGParity=-1	2*I=2	2*I3=0	charm=0	strange=0
pion0B	mass=0.13498+0-0	width=0.0001+0-0	3*q=0	2*J=0	P=-1	p=-2	C=1	c=-2	G=-2	theGParity=-1	2*I=2	2*I3=0	charm=0	strange=0
2022/02/15 12:45:15.748826 [WARN] PwaUtils/DataUtils.cc line 114: G-Parity not valid for:-1 --> -1 * -1 
2022/02/15 12:45:15.748831 [WARN] PwaUtils/DataUtils.cc line 114: G-Parity not valid for:-1 --> -1 * -1 
2022/02/15 12:45:15.748835 [WARN] PwaUtils/DataUtils.cc line 114: G-Parity not valid for:-1 --> -1 * -1 
2022/02/15 12:45:15.748838 [INFO] _JPCLSDecAmps.size()==0 for I1G-1J0P-1C1Toa2(1320)0A_pion0B

JPCLS amplitudes for decay	I1G-1J0P-1C1Toa2(1320)0A_pion0B:
suffix for fit parameter name:	J0P-1C1Toa2(1320)0A_pion0B
with further decay:
JPCLS amplitudes for decay	a2(1320)0ATopion0A_eta:
suffix for fit parameter name:	a2(1320)0ATopion0A_eta
JPC=2++	L,S=2,0	preFactorLS=0




2022/02/15 12:45:15.748845 [INFO] Skip amplitude I1G-1J0P-1C1Toa2(1320)0A_pion0B	JPCLSAmps().size(): 0	isospinCG(): 0
f2(1270)	mass=1.275+0-0	width=0.185+0-0	3*q=0	2*J=4	P=1	p=-2	C=1	c=-2	G=-2	theGParity=1	2*I=0	2*I3=0	charm=0	strange=0
eta	mass=0.547+0.01-0.01	width=0.0001+0-0	3*q=0	2*J=0	P=-1	p=-2	C=1	c=-2	G=-2	theGParity=1	2*I=0	2*I3=0	charm=0	strange=0
2022/02/15 12:45:15.748873 [INFO] _JPCLSDecAmps.size()==0 for I0G1J0P1C1Tof2(1270)_eta

JPCLS amplitudes for decay	I0G1J0P1C1Tof2(1270)_eta:
suffix for fit parameter name:	J0P1C1Tof2(1270)_eta
with further decay:
JPCLS amplitudes for decay	f2(1270)Topion0A_pion0B:
suffix for fit parameter name:	f2(1270)Topion0A_pion0B
JPC=2++	L,S=2,0	preFactorLS=0




2022/02/15 12:45:15.748880 [INFO] Skip amplitude I0G1J0P1C1Tof2(1270)_eta	JPCLSAmps().size(): 0	isospinCG(): 1
a2(1320)0B	mass=1.318+0-0	width=0.107+0-0	3*q=0	2*J=4	P=1	p=-2	C=1	c=-2	G=-2	theGParity=-1	2*I=2	2*I3=0	charm=0	strange=0
pion0A	mass=0.13498+0-0	width=0.0001+0-0	3*q=0	2*J=0	P=-1	p=-2	C=1	c=-2	G=-2	theGParity=-1	2*I=2	2*I3=0	charm=0	strange=0
2022/02/15 12:45:15.748911 [INFO] _JPCLSDecAmps.size()==0 for I0G1J0P1C1Toa2(1320)0B_pion0A

JPCLS amplitudes for decay	I0G1J0P1C1Toa2(1320)0B_pion0A:
suffix for fit parameter name:	J0P1C1Toa2(1320)0B_pion0A
with further decay:
JPCLS amplitudes for decay	a2(1320)0BTopion0B_eta:
suffix for fit parameter name:	a2(1320)0BTopion0B_eta
JPC=2++	L,S=2,0	preFactorLS=0




2022/02/15 12:45:15.748919 [INFO] Skip amplitude I0G1J0P1C1Toa2(1320)0B_pion0A	JPCLSAmps().size(): 0	isospinCG(): -0.57735
a2(1320)0A	mass=1.318+0-0	width=0.107+0-0	3*q=0	2*J=4	P=1	p=-2	C=1	c=-2	G=-2	theGParity=-1	2*I=2	2*I3=0	charm=0	strange=0
pion0B	mass=0.13498+0-0	width=0.0001+0-0	3*q=0	2*J=0	P=-1	p=-2	C=1	c=-2	G=-2	theGParity=-1	2*I=2	2*I3=0	charm=0	strange=0
2022/02/15 12:45:15.748946 [INFO] _JPCLSDecAmps.size()==0 for I0G1J0P1C1Toa2(1320)0A_pion0B

JPCLS amplitudes for decay	I0G1J0P1C1Toa2(1320)0A_pion0B:
suffix for fit parameter name:	J0P1C1Toa2(1320)0A_pion0B
with further decay:
JPCLS amplitudes for decay	a2(1320)0ATopion0A_eta:
suffix for fit parameter name:	a2(1320)0ATopion0A_eta
JPC=2++	L,S=2,0	preFactorLS=0




2022/02/15 12:45:15.748953 [INFO] Skip amplitude I0G1J0P1C1Toa2(1320)0A_pion0B	JPCLSAmps().size(): 0	isospinCG(): -0.57735
f2(1270)	mass=1.275+0-0	width=0.185+0-0	3*q=0	2*J=4	P=1	p=-2	C=1	c=-2	G=-2	theGParity=1	2*I=0	2*I3=0	charm=0	strange=0
eta	mass=0.547+0.01-0.01	width=0.0001+0-0	3*q=0	2*J=0	P=-1	p=-2	C=1	c=-2	G=-2	theGParity=1	2*I=0	2*I3=0	charm=0	strange=0
2022/02/15 12:45:15.748985 [WARN] PwaUtils/DataUtils.cc line 114: G-Parity not valid for:-1 --> 1 * 1 
2022/02/15 12:45:15.748990 [WARN] PwaUtils/DataUtils.cc line 114: G-Parity not valid for:-1 --> 1 * 1 
2022/02/15 12:45:15.748994 [WARN] PwaUtils/DataUtils.cc line 114: G-Parity not valid for:-1 --> 1 * 1 
2022/02/15 12:45:15.748998 [INFO] _JPCLSDecAmps.size()==0 for I1G-1J0P1C1Tof2(1270)_eta

JPCLS amplitudes for decay	I1G-1J0P1C1Tof2(1270)_eta:
suffix for fit parameter name:	J0P1C1Tof2(1270)_eta
with further decay:
JPCLS amplitudes for decay	f2(1270)Topion0A_pion0B:
suffix for fit parameter name:	f2(1270)Topion0A_pion0B
JPC=2++	L,S=2,0	preFactorLS=0




2022/02/15 12:45:15.749004 [INFO] Skip amplitude I1G-1J0P1C1Tof2(1270)_eta	JPCLSAmps().size(): 0	isospinCG(): 0
a2(1320)0B	mass=1.318+0-0	width=0.107+0-0	3*q=0	2*J=4	P=1	p=-2	C=1	c=-2	G=-2	theGParity=-1	2*I=2	2*I3=0	charm=0	strange=0
pion0A	mass=0.13498+0-0	width=0.0001+0-0	3*q=0	2*J=0	P=-1	p=-2	C=1	c=-2	G=-2	theGParity=-1	2*I=2	2*I3=0	charm=0	strange=0
2022/02/15 12:45:15.749032 [WARN] PwaUtils/DataUtils.cc line 114: G-Parity not valid for:-1 --> -1 * -1 
2022/02/15 12:45:15.749037 [WARN] PwaUtils/DataUtils.cc line 114: G-Parity not valid for:-1 --> -1 * -1 
2022/02/15 12:45:15.749041 [WARN] PwaUtils/DataUtils.cc line 114: G-Parity not valid for:-1 --> -1 * -1 
2022/02/15 12:45:15.749044 [INFO] _JPCLSDecAmps.size()==0 for I1G-1J0P1C1Toa2(1320)0B_pion0A

JPCLS amplitudes for decay	I1G-1J0P1C1Toa2(1320)0B_pion0A:
suffix for fit parameter name:	J0P1C1Toa2(1320)0B_pion0A
with further decay:
JPCLS amplitudes for decay	a2(1320)0BTopion0B_eta:
suffix for fit parameter name:	a2(1320)0BTopion0B_eta
JPC=2++	L,S=2,0	preFactorLS=0




2022/02/15 12:45:15.749051 [INFO] Skip amplitude I1G-1J0P1C1Toa2(1320)0B_pion0A	JPCLSAmps().size(): 0	isospinCG(): 0
a2(1320)0A	mass=1.318+0-0	width=0.107+0-0	3*q=0	2*J=4	P=1	p=-2	C=1	c=-2	G=-2	theGParity=-1	2*I=2	2*I3=0	charm=0	strange=0
pion0B	mass=0.13498+0-0	width=0.0001+0-0	3*q=0	2*J=0	P=-1	p=-2	C=1	c=-2	G=-2	theGParity=-1	2*I=2	2*I3=0	charm=0	strange=0
2022/02/15 12:45:15.749078 [WARN] PwaUtils/DataUtils.cc line 114: G-Parity not valid for:-1 --> -1 * -1 
2022/02/15 12:45:15.749082 [WARN] PwaUtils/DataUtils.cc line 114: G-Parity not valid for:-1 --> -1 * -1 
2022/02/15 12:45:15.749088 [WARN] PwaUtils/DataUtils.cc line 114: G-Parity not valid for:-1 --> -1 * -1 
2022/02/15 12:45:15.749092 [INFO] _JPCLSDecAmps.size()==0 for I1G-1J0P1C1Toa2(1320)0A_pion0B

JPCLS amplitudes for decay	I1G-1J0P1C1Toa2(1320)0A_pion0B:
suffix for fit parameter name:	J0P1C1Toa2(1320)0A_pion0B
with further decay:
JPCLS amplitudes for decay	a2(1320)0ATopion0A_eta:
suffix for fit parameter name:	a2(1320)0ATopion0A_eta
JPC=2++	L,S=2,0	preFactorLS=0




2022/02/15 12:45:15.749099 [INFO] Skip amplitude I1G-1J0P1C1Toa2(1320)0A_pion0B	JPCLSAmps().size(): 0	isospinCG(): 0
f2(1270)	mass=1.275+0-0	width=0.185+0-0	3*q=0	2*J=4	P=1	p=-2	C=1	c=-2	G=-2	theGParity=1	2*I=0	2*I3=0	charm=0	strange=0
eta	mass=0.547+0.01-0.01	width=0.0001+0-0	3*q=0	2*J=0	P=-1	p=-2	C=1	c=-2	G=-2	theGParity=1	2*I=0	2*I3=0	charm=0	strange=0
2022/02/15 12:45:15.749129 [WARN] PwaUtils/DataUtils.cc line 99: C-Parity not valid for the reaction: JPC= 1 -1 -1 -->  JPC= 2 1 1 and  JPC= 0 -1 1
2022/02/15 12:45:15.749136 [WARN] PwaUtils/DataUtils.cc line 99: C-Parity not valid for the reaction: JPC= 1 -1 -1 -->  JPC= 2 1 1 and  JPC= 0 -1 1
2022/02/15 12:45:15.749141 [WARN] PwaUtils/DataUtils.cc line 99: C-Parity not valid for the reaction: JPC= 1 -1 -1 -->  JPC= 2 1 1 and  JPC= 0 -1 1
2022/02/15 12:45:15.749144 [INFO] _JPCLSDecAmps.size()==0 for I0G-1J1P-1C-1Tof2(1270)_eta

JPCLS amplitudes for decay	I0G-1J1P-1C-1Tof2(1270)_eta:
suffix for fit parameter name:	J1P-1C-1Tof2(1270)_eta
with further decay:
JPCLS amplitudes for decay	f2(1270)Topion0A_pion0B:
suffix for fit parameter name:	f2(1270)Topion0A_pion0B
JPC=2++	L,S=2,0	preFactorLS=0




2022/02/15 12:45:15.749151 [INFO] Skip amplitude I0G-1J1P-1C-1Tof2(1270)_eta	JPCLSAmps().size(): 0	isospinCG(): 1
a2(1320)0B	mass=1.318+0-0	width=0.107+0-0	3*q=0	2*J=4	P=1	p=-2	C=1	c=-2	G=-2	theGParity=-1	2*I=2	2*I3=0	charm=0	strange=0
pion0A	mass=0.13498+0-0	width=0.0001+0-0	3*q=0	2*J=0	P=-1	p=-2	C=1	c=-2	G=-2	theGParity=-1	2*I=2	2*I3=0	charm=0	strange=0
2022/02/15 12:45:15.749180 [WARN] PwaUtils/DataUtils.cc line 99: C-Parity not valid for the reaction: JPC= 1 -1 -1 -->  JPC= 2 1 1 and  JPC= 0 -1 1
2022/02/15 12:45:15.749186 [WARN] PwaUtils/DataUtils.cc line 99: C-Parity not valid for the reaction: JPC= 1 -1 -1 -->  JPC= 2 1 1 and  JPC= 0 -1 1
2022/02/15 12:45:15.749191 [WARN] PwaUtils/DataUtils.cc line 99: C-Parity not valid for the reaction: JPC= 1 -1 -1 -->  JPC= 2 1 1 and  JPC= 0 -1 1
2022/02/15 12:45:15.749195 [INFO] _JPCLSDecAmps.size()==0 for I0G-1J1P-1C-1Toa2(1320)0B_pion0A

JPCLS amplitudes for decay	I0G-1J1P-1C-1Toa2(1320)0B_pion0A:
suffix for fit parameter name:	J1P-1C-1Toa2(1320)0B_pion0A
with further decay:
JPCLS amplitudes for decay	a2(1320)0BTopion0B_eta:
suffix for fit parameter name:	a2(1320)0BTopion0B_eta
JPC=2++	L,S=2,0	preFactorLS=0




2022/02/15 12:45:15.749201 [INFO] Skip amplitude I0G-1J1P-1C-1Toa2(1320)0B_pion0A	JPCLSAmps().size(): 0	isospinCG(): -0.57735
a2(1320)0A	mass=1.318+0-0	width=0.107+0-0	3*q=0	2*J=4	P=1	p=-2	C=1	c=-2	G=-2	theGParity=-1	2*I=2	2*I3=0	charm=0	strange=0
pion0B	mass=0.13498+0-0	width=0.0001+0-0	3*q=0	2*J=0	P=-1	p=-2	C=1	c=-2	G=-2	theGParity=-1	2*I=2	2*I3=0	charm=0	strange=0
2022/02/15 12:45:15.749230 [WARN] PwaUtils/DataUtils.cc line 99: C-Parity not valid for the reaction: JPC= 1 -1 -1 -->  JPC= 2 1 1 and  JPC= 0 -1 1
2022/02/15 12:45:15.749236 [WARN] PwaUtils/DataUtils.cc line 99: C-Parity not valid for the reaction: JPC= 1 -1 -1 -->  JPC= 2 1 1 and  JPC= 0 -1 1
2022/02/15 12:45:15.749241 [WARN] PwaUtils/DataUtils.cc line 99: C-Parity not valid for the reaction: JPC= 1 -1 -1 -->  JPC= 2 1 1 and  JPC= 0 -1 1
2022/02/15 12:45:15.749245 [INFO] _JPCLSDecAmps.size()==0 for I0G-1J1P-1C-1Toa2(1320)0A_pion0B

JPCLS amplitudes for decay	I0G-1J1P-1C-1Toa2(1320)0A_pion0B:
suffix for fit parameter name:	J1P-1C-1Toa2(1320)0A_pion0B
with further decay:
JPCLS amplitudes for decay	a2(1320)0ATopion0A_eta:
suffix for fit parameter name:	a2(1320)0ATopion0A_eta
JPC=2++	L,S=2,0	preFactorLS=0




2022/02/15 12:45:15.749251 [INFO] Skip amplitude I0G-1J1P-1C-1Toa2(1320)0A_pion0B	JPCLSAmps().size(): 0	isospinCG(): -0.57735
f2(1270)	mass=1.275+0-0	width=0.185+0-0	3*q=0	2*J=4	P=1	p=-2	C=1	c=-2	G=-2	theGParity=1	2*I=0	2*I3=0	charm=0	strange=0
eta	mass=0.547+0.01-0.01	width=0.0001+0-0	3*q=0	2*J=0	P=-1	p=-2	C=1	c=-2	G=-2	theGParity=1	2*I=0	2*I3=0	charm=0	strange=0
2022/02/15 12:45:15.749282 [WARN] PwaUtils/DataUtils.cc line 99: C-Parity not valid for the reaction: JPC= 1 -1 -1 -->  JPC= 2 1 1 and  JPC= 0 -1 1
2022/02/15 12:45:15.749288 [WARN] PwaUtils/DataUtils.cc line 99: C-Parity not valid for the reaction: JPC= 1 -1 -1 -->  JPC= 2 1 1 and  JPC= 0 -1 1
2022/02/15 12:45:15.749294 [WARN] PwaUtils/DataUtils.cc line 99: C-Parity not valid for the reaction: JPC= 1 -1 -1 -->  JPC= 2 1 1 and  JPC= 0 -1 1
2022/02/15 12:45:15.749297 [INFO] _JPCLSDecAmps.size()==0 for I1G1J1P-1C-1Tof2(1270)_eta

JPCLS amplitudes for decay	I1G1J1P-1C-1Tof2(1270)_eta:
suffix for fit parameter name:	J1P-1C-1Tof2(1270)_eta
with further decay:
JPCLS amplitudes for decay	f2(1270)Topion0A_pion0B:
suffix for fit parameter name:	f2(1270)Topion0A_pion0B
JPC=2++	L,S=2,0	preFactorLS=0




2022/02/15 12:45:15.749304 [INFO] Skip amplitude I1G1J1P-1C-1Tof2(1270)_eta	JPCLSAmps().size(): 0	isospinCG(): 0
a2(1320)0B	mass=1.318+0-0	width=0.107+0-0	3*q=0	2*J=4	P=1	p=-2	C=1	c=-2	G=-2	theGParity=-1	2*I=2	2*I3=0	charm=0	strange=0
pion0A	mass=0.13498+0-0	width=0.0001+0-0	3*q=0	2*J=0	P=-1	p=-2	C=1	c=-2	G=-2	theGParity=-1	2*I=2	2*I3=0	charm=0	strange=0
2022/02/15 12:45:15.749332 [WARN] PwaUtils/DataUtils.cc line 99: C-Parity not valid for the reaction: JPC= 1 -1 -1 -->  JPC= 2 1 1 and  JPC= 0 -1 1
2022/02/15 12:45:15.749338 [WARN] PwaUtils/DataUtils.cc line 99: C-Parity not valid for the reaction: JPC= 1 -1 -1 -->  JPC= 2 1 1 and  JPC= 0 -1 1
2022/02/15 12:45:15.749343 [WARN] PwaUtils/DataUtils.cc line 99: C-Parity not valid for the reaction: JPC= 1 -1 -1 -->  JPC= 2 1 1 and  JPC= 0 -1 1
2022/02/15 12:45:15.749347 [INFO] _JPCLSDecAmps.size()==0 for I1G1J1P-1C-1Toa2(1320)0B_pion0A

JPCLS amplitudes for decay	I1G1J1P-1C-1Toa2(1320)0B_pion0A:
suffix for fit parameter name:	J1P-1C-1Toa2(1320)0B_pion0A
with further decay:
JPCLS amplitudes for decay	a2(1320)0BTopion0B_eta:
suffix for fit parameter name:	a2(1320)0BTopion0B_eta
JPC=2++	L,S=2,0	preFactorLS=0




2022/02/15 12:45:15.749353 [INFO] Skip amplitude I1G1J1P-1C-1Toa2(1320)0B_pion0A	JPCLSAmps().size(): 0	isospinCG(): 0
a2(1320)0A	mass=1.318+0-0	width=0.107+0-0	3*q=0	2*J=4	P=1	p=-2	C=1	c=-2	G=-2	theGParity=-1	2*I=2	2*I3=0	charm=0	strange=0
pion0B	mass=0.13498+0-0	width=0.0001+0-0	3*q=0	2*J=0	P=-1	p=-2	C=1	c=-2	G=-2	theGParity=-1	2*I=2	2*I3=0	charm=0	strange=0
2022/02/15 12:45:15.749382 [WARN] PwaUtils/DataUtils.cc line 99: C-Parity not valid for the reaction: JPC= 1 -1 -1 -->  JPC= 2 1 1 and  JPC= 0 -1 1
2022/02/15 12:45:15.749387 [WARN] PwaUtils/DataUtils.cc line 99: C-Parity not valid for the reaction: JPC= 1 -1 -1 -->  JPC= 2 1 1 and  JPC= 0 -1 1
2022/02/15 12:45:15.749393 [WARN] PwaUtils/DataUtils.cc line 99: C-Parity not valid for the reaction: JPC= 1 -1 -1 -->  JPC= 2 1 1 and  JPC= 0 -1 1
2022/02/15 12:45:15.749396 [INFO] _JPCLSDecAmps.size()==0 for I1G1J1P-1C-1Toa2(1320)0A_pion0B

JPCLS amplitudes for decay	I1G1J1P-1C-1Toa2(1320)0A_pion0B:
suffix for fit parameter name:	J1P-1C-1Toa2(1320)0A_pion0B
with further decay:
JPCLS amplitudes for decay	a2(1320)0ATopion0A_eta:
suffix for fit parameter name:	a2(1320)0ATopion0A_eta
JPC=2++	L,S=2,0	preFactorLS=0




2022/02/15 12:45:15.749402 [INFO] Skip amplitude I1G1J1P-1C-1Toa2(1320)0A_pion0B	JPCLSAmps().size(): 0	isospinCG(): 0
f2(1270)	mass=1.275+0-0	width=0.185+0-0	3*q=0	2*J=4	P=1	p=-2	C=1	c=-2	G=-2	theGParity=1	2*I=0	2*I3=0	charm=0	strange=0
eta	mass=0.547+0.01-0.01	width=0.0001+0-0	3*q=0	2*J=0	P=-1	p=-2	C=1	c=-2	G=-2	theGParity=1	2*I=0	2*I3=0	charm=0	strange=0
2022/02/15 12:45:15.749432 [WARN] PwaUtils/DataUtils.cc line 99: C-Parity not valid for the reaction: JPC= 1 1 -1 -->  JPC= 2 1 1 and  JPC= 0 -1 1
2022/02/15 12:45:15.749438 [WARN] PwaUtils/DataUtils.cc line 99: C-Parity not valid for the reaction: JPC= 1 1 -1 -->  JPC= 2 1 1 and  JPC= 0 -1 1
2022/02/15 12:45:15.749445 [WARN] PwaUtils/DataUtils.cc line 99: C-Parity not valid for the reaction: JPC= 1 1 -1 -->  JPC= 2 1 1 and  JPC= 0 -1 1
2022/02/15 12:45:15.749449 [INFO] _JPCLSDecAmps.size()==0 for I0G-1J1P1C-1Tof2(1270)_eta

JPCLS amplitudes for decay	I0G-1J1P1C-1Tof2(1270)_eta:
suffix for fit parameter name:	J1P1C-1Tof2(1270)_eta
with further decay:
JPCLS amplitudes for decay	f2(1270)Topion0A_pion0B:
suffix for fit parameter name:	f2(1270)Topion0A_pion0B
JPC=2++	L,S=2,0	preFactorLS=0




2022/02/15 12:45:15.749455 [INFO] Skip amplitude I0G-1J1P1C-1Tof2(1270)_eta	JPCLSAmps().size(): 0	isospinCG(): 1
a2(1320)0B	mass=1.318+0-0	width=0.107+0-0	3*q=0	2*J=4	P=1	p=-2	C=1	c=-2	G=-2	theGParity=-1	2*I=2	2*I3=0	charm=0	strange=0
pion0A	mass=0.13498+0-0	width=0.0001+0-0	3*q=0	2*J=0	P=-1	p=-2	C=1	c=-2	G=-2	theGParity=-1	2*I=2	2*I3=0	charm=0	strange=0
2022/02/15 12:45:15.749485 [WARN] PwaUtils/DataUtils.cc line 99: C-Parity not valid for the reaction: JPC= 1 1 -1 -->  JPC= 2 1 1 and  JPC= 0 -1 1
2022/02/15 12:45:15.749491 [WARN] PwaUtils/DataUtils.cc line 99: C-Parity not valid for the reaction: JPC= 1 1 -1 -->  JPC= 2 1 1 and  JPC= 0 -1 1
2022/02/15 12:45:15.749496 [WARN] PwaUtils/DataUtils.cc line 99: C-Parity not valid for the reaction: JPC= 1 1 -1 -->  JPC= 2 1 1 and  JPC= 0 -1 1
2022/02/15 12:45:15.749499 [INFO] _JPCLSDecAmps.size()==0 for I0G-1J1P1C-1Toa2(1320)0B_pion0A

JPCLS amplitudes for decay	I0G-1J1P1C-1Toa2(1320)0B_pion0A:
suffix for fit parameter name:	J1P1C-1Toa2(1320)0B_pion0A
with further decay:
JPCLS amplitudes for decay	a2(1320)0BTopion0B_eta:
suffix for fit parameter name:	a2(1320)0BTopion0B_eta
JPC=2++	L,S=2,0	preFactorLS=0




2022/02/15 12:45:15.749506 [INFO] Skip amplitude I0G-1J1P1C-1Toa2(1320)0B_pion0A	JPCLSAmps().size(): 0	isospinCG(): -0.57735
a2(1320)0A	mass=1.318+0-0	width=0.107+0-0	3*q=0	2*J=4	P=1	p=-2	C=1	c=-2	G=-2	theGParity=-1	2*I=2	2*I3=0	charm=0	strange=0
pion0B	mass=0.13498+0-0	width=0.0001+0-0	3*q=0	2*J=0	P=-1	p=-2	C=1	c=-2	G=-2	theGParity=-1	2*I=2	2*I3=0	charm=0	strange=0
2022/02/15 12:45:15.749534 [WARN] PwaUtils/DataUtils.cc line 99: C-Parity not valid for the reaction: JPC= 1 1 -1 -->  JPC= 2 1 1 and  JPC= 0 -1 1
2022/02/15 12:45:15.749540 [WARN] PwaUtils/DataUtils.cc line 99: C-Parity not valid for the reaction: JPC= 1 1 -1 -->  JPC= 2 1 1 and  JPC= 0 -1 1
2022/02/15 12:45:15.749545 [WARN] PwaUtils/DataUtils.cc line 99: C-Parity not valid for the reaction: JPC= 1 1 -1 -->  JPC= 2 1 1 and  JPC= 0 -1 1
2022/02/15 12:45:15.749549 [INFO] _JPCLSDecAmps.size()==0 for I0G-1J1P1C-1Toa2(1320)0A_pion0B

JPCLS amplitudes for decay	I0G-1J1P1C-1Toa2(1320)0A_pion0B:
suffix for fit parameter name:	J1P1C-1Toa2(1320)0A_pion0B
with further decay:
JPCLS amplitudes for decay	a2(1320)0ATopion0A_eta:
suffix for fit parameter name:	a2(1320)0ATopion0A_eta
JPC=2++	L,S=2,0	preFactorLS=0




2022/02/15 12:45:15.749555 [INFO] Skip amplitude I0G-1J1P1C-1Toa2(1320)0A_pion0B	JPCLSAmps().size(): 0	isospinCG(): -0.57735
f2(1270)	mass=1.275+0-0	width=0.185+0-0	3*q=0	2*J=4	P=1	p=-2	C=1	c=-2	G=-2	theGParity=1	2*I=0	2*I3=0	charm=0	strange=0
eta	mass=0.547+0.01-0.01	width=0.0001+0-0	3*q=0	2*J=0	P=-1	p=-2	C=1	c=-2	G=-2	theGParity=1	2*I=0	2*I3=0	charm=0	strange=0
2022/02/15 12:45:15.749584 [WARN] PwaUtils/DataUtils.cc line 99: C-Parity not valid for the reaction: JPC= 1 1 -1 -->  JPC= 2 1 1 and  JPC= 0 -1 1
2022/02/15 12:45:15.749590 [WARN] PwaUtils/DataUtils.cc line 99: C-Parity not valid for the reaction: JPC= 1 1 -1 -->  JPC= 2 1 1 and  JPC= 0 -1 1
2022/02/15 12:45:15.749595 [WARN] PwaUtils/DataUtils.cc line 99: C-Parity not valid for the reaction: JPC= 1 1 -1 -->  JPC= 2 1 1 and  JPC= 0 -1 1
2022/02/15 12:45:15.749599 [INFO] _JPCLSDecAmps.size()==0 for I1G1J1P1C-1Tof2(1270)_eta

JPCLS amplitudes for decay	I1G1J1P1C-1Tof2(1270)_eta:
suffix for fit parameter name:	J1P1C-1Tof2(1270)_eta
with further decay:
JPCLS amplitudes for decay	f2(1270)Topion0A_pion0B:
suffix for fit parameter name:	f2(1270)Topion0A_pion0B
JPC=2++	L,S=2,0	preFactorLS=0




2022/02/15 12:45:15.749605 [INFO] Skip amplitude I1G1J1P1C-1Tof2(1270)_eta	JPCLSAmps().size(): 0	isospinCG(): 0
a2(1320)0B	mass=1.318+0-0	width=0.107+0-0	3*q=0	2*J=4	P=1	p=-2	C=1	c=-2	G=-2	theGParity=-1	2*I=2	2*I3=0	charm=0	strange=0
pion0A	mass=0.13498+0-0	width=0.0001+0-0	3*q=0	2*J=0	P=-1	p=-2	C=1	c=-2	G=-2	theGParity=-1	2*I=2	2*I3=0	charm=0	strange=0
2022/02/15 12:45:15.749636 [WARN] PwaUtils/DataUtils.cc line 99: C-Parity not valid for the reaction: JPC= 1 1 -1 -->  JPC= 2 1 1 and  JPC= 0 -1 1
2022/02/15 12:45:15.749642 [WARN] PwaUtils/DataUtils.cc line 99: C-Parity not valid for the reaction: JPC= 1 1 -1 -->  JPC= 2 1 1 and  JPC= 0 -1 1
2022/02/15 12:45:15.749647 [WARN] PwaUtils/DataUtils.cc line 99: C-Parity not valid for the reaction: JPC= 1 1 -1 -->  JPC= 2 1 1 and  JPC= 0 -1 1
2022/02/15 12:45:15.749651 [INFO] _JPCLSDecAmps.size()==0 for I1G1J1P1C-1Toa2(1320)0B_pion0A

JPCLS amplitudes for decay	I1G1J1P1C-1Toa2(1320)0B_pion0A:
suffix for fit parameter name:	J1P1C-1Toa2(1320)0B_pion0A
with further decay:
JPCLS amplitudes for decay	a2(1320)0BTopion0B_eta:
suffix for fit parameter name:	a2(1320)0BTopion0B_eta
JPC=2++	L,S=2,0	preFactorLS=0




2022/02/15 12:45:15.749657 [INFO] Skip amplitude I1G1J1P1C-1Toa2(1320)0B_pion0A	JPCLSAmps().size(): 0	isospinCG(): 0
a2(1320)0A	mass=1.318+0-0	width=0.107+0-0	3*q=0	2*J=4	P=1	p=-2	C=1	c=-2	G=-2	theGParity=-1	2*I=2	2*I3=0	charm=0	strange=0
pion0B	mass=0.13498+0-0	width=0.0001+0-0	3*q=0	2*J=0	P=-1	p=-2	C=1	c=-2	G=-2	theGParity=-1	2*I=2	2*I3=0	charm=0	strange=0
2022/02/15 12:45:15.749686 [WARN] PwaUtils/DataUtils.cc line 99: C-Parity not valid for the reaction: JPC= 1 1 -1 -->  JPC= 2 1 1 and  JPC= 0 -1 1
2022/02/15 12:45:15.749692 [WARN] PwaUtils/DataUtils.cc line 99: C-Parity not valid for the reaction: JPC= 1 1 -1 -->  JPC= 2 1 1 and  JPC= 0 -1 1
2022/02/15 12:45:15.749697 [WARN] PwaUtils/DataUtils.cc line 99: C-Parity not valid for the reaction: JPC= 1 1 -1 -->  JPC= 2 1 1 and  JPC= 0 -1 1
2022/02/15 12:45:15.749701 [INFO] _JPCLSDecAmps.size()==0 for I1G1J1P1C-1Toa2(1320)0A_pion0B

JPCLS amplitudes for decay	I1G1J1P1C-1Toa2(1320)0A_pion0B:
suffix for fit parameter name:	J1P1C-1Toa2(1320)0A_pion0B
with further decay:
JPCLS amplitudes for decay	a2(1320)0ATopion0A_eta:
suffix for fit parameter name:	a2(1320)0ATopion0A_eta
JPC=2++	L,S=2,0	preFactorLS=0




2022/02/15 12:45:15.749707 [INFO] Skip amplitude I1G1J1P1C-1Toa2(1320)0A_pion0B	JPCLSAmps().size(): 0	isospinCG(): 0
f2(1270)	mass=1.275+0-0	width=0.185+0-0	3*q=0	2*J=4	P=1	p=-2	C=1	c=-2	G=-2	theGParity=1	2*I=0	2*I3=0	charm=0	strange=0
eta	mass=0.547+0.01-0.01	width=0.0001+0-0	3*q=0	2*J=0	P=-1	p=-2	C=1	c=-2	G=-2	theGParity=1	2*I=0	2*I3=0	charm=0	strange=0

JPCLS amplitudes for decay	I0G1J1P1C1Tof2(1270)_eta:
suffix for fit parameter name:	J1P1C1Tof2(1270)_eta
JPC=1++	L,S=1,2	preFactorLS=0
JPC=1++	L,S=3,2	preFactorLS=0
with further decay:
JPCLS amplitudes for decay	f2(1270)Topion0A_pion0B:
suffix for fit parameter name:	f2(1270)Topion0A_pion0B
JPC=2++	L,S=2,0	preFactorLS=0




a2(1320)0B	mass=1.318+0-0	width=0.107+0-0	3*q=0	2*J=4	P=1	p=-2	C=1	c=-2	G=-2	theGParity=-1	2*I=2	2*I3=0	charm=0	strange=0
pion0A	mass=0.13498+0-0	width=0.0001+0-0	3*q=0	2*J=0	P=-1	p=-2	C=1	c=-2	G=-2	theGParity=-1	2*I=2	2*I3=0	charm=0	strange=0

JPCLS amplitudes for decay	I0G1J1P1C1Toa2(1320)0B_pion0A:
suffix for fit parameter name:	J1P1C1Toa2(1320)0B_pion0A
JPC=1++	L,S=1,2	preFactorLS=0
JPC=1++	L,S=3,2	preFactorLS=0
with further decay:
JPCLS amplitudes for decay	a2(1320)0BTopion0B_eta:
suffix for fit parameter name:	a2(1320)0BTopion0B_eta
JPC=2++	L,S=2,0	preFactorLS=0




a2(1320)0A	mass=1.318+0-0	width=0.107+0-0	3*q=0	2*J=4	P=1	p=-2	C=1	c=-2	G=-2	theGParity=-1	2*I=2	2*I3=0	charm=0	strange=0
pion0B	mass=0.13498+0-0	width=0.0001+0-0	3*q=0	2*J=0	P=-1	p=-2	C=1	c=-2	G=-2	theGParity=-1	2*I=2	2*I3=0	charm=0	strange=0

JPCLS amplitudes for decay	I0G1J1P1C1Toa2(1320)0A_pion0B:
suffix for fit parameter name:	J1P1C1Toa2(1320)0A_pion0B
JPC=1++	L,S=1,2	preFactorLS=0
JPC=1++	L,S=3,2	preFactorLS=0
with further decay:
JPCLS amplitudes for decay	a2(1320)0ATopion0A_eta:
suffix for fit parameter name:	a2(1320)0ATopion0A_eta
JPC=2++	L,S=2,0	preFactorLS=0




f2(1270)	mass=1.275+0-0	width=0.185+0-0	3*q=0	2*J=4	P=1	p=-2	C=1	c=-2	G=-2	theGParity=1	2*I=0	2*I3=0	charm=0	strange=0
eta	mass=0.547+0.01-0.01	width=0.0001+0-0	3*q=0	2*J=0	P=-1	p=-2	C=1	c=-2	G=-2	theGParity=1	2*I=0	2*I3=0	charm=0	strange=0
2022/02/15 12:45:15.749831 [WARN] PwaUtils/DataUtils.cc line 114: G-Parity not valid for:-1 --> 1 * 1 
2022/02/15 12:45:15.749836 [WARN] PwaUtils/DataUtils.cc line 114: G-Parity not valid for:-1 --> 1 * 1 
2022/02/15 12:45:15.749840 [WARN] PwaUtils/DataUtils.cc line 114: G-Parity not valid for:-1 --> 1 * 1 
2022/02/15 12:45:15.749843 [INFO] _JPCLSDecAmps.size()==0 for I1G-1J1P1C1Tof2(1270)_eta

JPCLS amplitudes for decay	I1G-1J1P1C1Tof2(1270)_eta:
suffix for fit parameter name:	J1P1C1Tof2(1270)_eta
with further decay:
JPCLS amplitudes for decay	f2(1270)Topion0A_pion0B:
suffix for fit parameter name:	f2(1270)Topion0A_pion0B
JPC=2++	L,S=2,0	preFactorLS=0




2022/02/15 12:45:15.749850 [INFO] Skip amplitude I1G-1J1P1C1Tof2(1270)_eta	JPCLSAmps().size(): 0	isospinCG(): 0
a2(1320)0B	mass=1.318+0-0	width=0.107+0-0	3*q=0	2*J=4	P=1	p=-2	C=1	c=-2	G=-2	theGParity=-1	2*I=2	2*I3=0	charm=0	strange=0
pion0A	mass=0.13498+0-0	width=0.0001+0-0	3*q=0	2*J=0	P=-1	p=-2	C=1	c=-2	G=-2	theGParity=-1	2*I=2	2*I3=0	charm=0	strange=0
2022/02/15 12:45:15.749878 [WARN] PwaUtils/DataUtils.cc line 114: G-Parity not valid for:-1 --> -1 * -1 
2022/02/15 12:45:15.749882 [WARN] PwaUtils/DataUtils.cc line 114: G-Parity not valid for:-1 --> -1 * -1 
2022/02/15 12:45:15.749886 [WARN] PwaUtils/DataUtils.cc line 114: G-Parity not valid for:-1 --> -1 * -1 
2022/02/15 12:45:15.749890 [INFO] _JPCLSDecAmps.size()==0 for I1G-1J1P1C1Toa2(1320)0B_pion0A

JPCLS amplitudes for decay	I1G-1J1P1C1Toa2(1320)0B_pion0A:
suffix for fit parameter name:	J1P1C1Toa2(1320)0B_pion0A
with further decay:
JPCLS amplitudes for decay	a2(1320)0BTopion0B_eta:
suffix for fit parameter name:	a2(1320)0BTopion0B_eta
JPC=2++	L,S=2,0	preFactorLS=0




2022/02/15 12:45:15.749896 [INFO] Skip amplitude I1G-1J1P1C1Toa2(1320)0B_pion0A	JPCLSAmps().size(): 0	isospinCG(): 0
a2(1320)0A	mass=1.318+0-0	width=0.107+0-0	3*q=0	2*J=4	P=1	p=-2	C=1	c=-2	G=-2	theGParity=-1	2*I=2	2*I3=0	charm=0	strange=0
pion0B	mass=0.13498+0-0	width=0.0001+0-0	3*q=0	2*J=0	P=-1	p=-2	C=1	c=-2	G=-2	theGParity=-1	2*I=2	2*I3=0	charm=0	strange=0
2022/02/15 12:45:15.749923 [WARN] PwaUtils/DataUtils.cc line 114: G-Parity not valid for:-1 --> -1 * -1 
2022/02/15 12:45:15.749928 [WARN] PwaUtils/DataUtils.cc line 114: G-Parity not valid for:-1 --> -1 * -1 
2022/02/15 12:45:15.749931 [WARN] PwaUtils/DataUtils.cc line 114: G-Parity not valid for:-1 --> -1 * -1 
2022/02/15 12:45:15.749935 [INFO] _JPCLSDecAmps.size()==0 for I1G-1J1P1C1Toa2(1320)0A_pion0B

JPCLS amplitudes for decay	I1G-1J1P1C1Toa2(1320)0A_pion0B:
suffix for fit parameter name:	J1P1C1Toa2(1320)0A_pion0B
with further decay:
JPCLS amplitudes for decay	a2(1320)0ATopion0A_eta:
suffix for fit parameter name:	a2(1320)0ATopion0A_eta
JPC=2++	L,S=2,0	preFactorLS=0




2022/02/15 12:45:15.749941 [INFO] Skip amplitude I1G-1J1P1C1Toa2(1320)0A_pion0B	JPCLSAmps().size(): 0	isospinCG(): 0
f2(1270)	mass=1.275+0-0	width=0.185+0-0	3*q=0	2*J=4	P=1	p=-2	C=1	c=-2	G=-2	theGParity=1	2*I=0	2*I3=0	charm=0	strange=0
eta	mass=0.547+0.01-0.01	width=0.0001+0-0	3*q=0	2*J=0	P=-1	p=-2	C=1	c=-2	G=-2	theGParity=1	2*I=0	2*I3=0	charm=0	strange=0

JPCLS amplitudes for decay	I0G1J2P1C1Tof2(1270)_eta:
suffix for fit parameter name:	J2P1C1Tof2(1270)_eta
JPC=2++	L,S=1,2	preFactorLS=0
JPC=2++	L,S=3,2	preFactorLS=0
with further decay:
JPCLS amplitudes for decay	f2(1270)Topion0A_pion0B:
suffix for fit parameter name:	f2(1270)Topion0A_pion0B
JPC=2++	L,S=2,0	preFactorLS=0




a2(1320)0B	mass=1.318+0-0	width=0.107+0-0	3*q=0	2*J=4	P=1	p=-2	C=1	c=-2	G=-2	theGParity=-1	2*I=2	2*I3=0	charm=0	strange=0
pion0A	mass=0.13498+0-0	width=0.0001+0-0	3*q=0	2*J=0	P=-1	p=-2	C=1	c=-2	G=-2	theGParity=-1	2*I=2	2*I3=0	charm=0	strange=0

JPCLS amplitudes for decay	I0G1J2P1C1Toa2(1320)0B_pion0A:
suffix for fit parameter name:	J2P1C1Toa2(1320)0B_pion0A
JPC=2++	L,S=1,2	preFactorLS=0
JPC=2++	L,S=3,2	preFactorLS=0
with further decay:
JPCLS amplitudes for decay	a2(1320)0BTopion0B_eta:
suffix for fit parameter name:	a2(1320)0BTopion0B_eta
JPC=2++	L,S=2,0	preFactorLS=0




a2(1320)0A	mass=1.318+0-0	width=0.107+0-0	3*q=0	2*J=4	P=1	p=-2	C=1	c=-2	G=-2	theGParity=-1	2*I=2	2*I3=0	charm=0	strange=0
pion0B	mass=0.13498+0-0	width=0.0001+0-0	3*q=0	2*J=0	P=-1	p=-2	C=1	c=-2	G=-2	theGParity=-1	2*I=2	2*I3=0	charm=0	strange=0

JPCLS amplitudes for decay	I0G1J2P1C1Toa2(1320)0A_pion0B:
suffix for fit parameter name:	J2P1C1Toa2(1320)0A_pion0B
JPC=2++	L,S=1,2	preFactorLS=0
JPC=2++	L,S=3,2	preFactorLS=0
with further decay:
JPCLS amplitudes for decay	a2(1320)0ATopion0A_eta:
suffix for fit parameter name:	a2(1320)0ATopion0A_eta
JPC=2++	L,S=2,0	preFactorLS=0




f2(1270)	mass=1.275+0-0	width=0.185+0-0	3*q=0	2*J=4	P=1	p=-2	C=1	c=-2	G=-2	theGParity=1	2*I=0	2*I3=0	charm=0	strange=0
eta	mass=0.547+0.01-0.01	width=0.0001+0-0	3*q=0	2*J=0	P=-1	p=-2	C=1	c=-2	G=-2	theGParity=1	2*I=0	2*I3=0	charm=0	strange=0
2022/02/15 12:45:15.750066 [WARN] PwaUtils/DataUtils.cc line 114: G-Parity not valid for:-1 --> 1 * 1 
2022/02/15 12:45:15.750070 [WARN] PwaUtils/DataUtils.cc line 114: G-Parity not valid for:-1 --> 1 * 1 
2022/02/15 12:45:15.750074 [WARN] PwaUtils/DataUtils.cc line 114: G-Parity not valid for:-1 --> 1 * 1 
2022/02/15 12:45:15.750078 [INFO] _JPCLSDecAmps.size()==0 for I1G-1J2P1C1Tof2(1270)_eta

JPCLS amplitudes for decay	I1G-1J2P1C1Tof2(1270)_eta:
suffix for fit parameter name:	J2P1C1Tof2(1270)_eta
with further decay:
JPCLS amplitudes for decay	f2(1270)Topion0A_pion0B:
suffix for fit parameter name:	f2(1270)Topion0A_pion0B
JPC=2++	L,S=2,0	preFactorLS=0




2022/02/15 12:45:15.750085 [INFO] Skip amplitude I1G-1J2P1C1Tof2(1270)_eta	JPCLSAmps().size(): 0	isospinCG(): 0
a2(1320)0B	mass=1.318+0-0	width=0.107+0-0	3*q=0	2*J=4	P=1	p=-2	C=1	c=-2	G=-2	theGParity=-1	2*I=2	2*I3=0	charm=0	strange=0
pion0A	mass=0.13498+0-0	width=0.0001+0-0	3*q=0	2*J=0	P=-1	p=-2	C=1	c=-2	G=-2	theGParity=-1	2*I=2	2*I3=0	charm=0	strange=0
2022/02/15 12:45:15.750112 [WARN] PwaUtils/DataUtils.cc line 114: G-Parity not valid for:-1 --> -1 * -1 
2022/02/15 12:45:15.750116 [WARN] PwaUtils/DataUtils.cc line 114: G-Parity not valid for:-1 --> -1 * -1 
2022/02/15 12:45:15.750120 [WARN] PwaUtils/DataUtils.cc line 114: G-Parity not valid for:-1 --> -1 * -1 
2022/02/15 12:45:15.750124 [INFO] _JPCLSDecAmps.size()==0 for I1G-1J2P1C1Toa2(1320)0B_pion0A

JPCLS amplitudes for decay	I1G-1J2P1C1Toa2(1320)0B_pion0A:
suffix for fit parameter name:	J2P1C1Toa2(1320)0B_pion0A
with further decay:
JPCLS amplitudes for decay	a2(1320)0BTopion0B_eta:
suffix for fit parameter name:	a2(1320)0BTopion0B_eta
JPC=2++	L,S=2,0	preFactorLS=0




2022/02/15 12:45:15.750130 [INFO] Skip amplitude I1G-1J2P1C1Toa2(1320)0B_pion0A	JPCLSAmps().size(): 0	isospinCG(): 0
a2(1320)0A	mass=1.318+0-0	width=0.107+0-0	3*q=0	2*J=4	P=1	p=-2	C=1	c=-2	G=-2	theGParity=-1	2*I=2	2*I3=0	charm=0	strange=0
pion0B	mass=0.13498+0-0	width=0.0001+0-0	3*q=0	2*J=0	P=-1	p=-2	C=1	c=-2	G=-2	theGParity=-1	2*I=2	2*I3=0	charm=0	strange=0
2022/02/15 12:45:15.750157 [WARN] PwaUtils/DataUtils.cc line 114: G-Parity not valid for:-1 --> -1 * -1 
2022/02/15 12:45:15.750162 [WARN] PwaUtils/DataUtils.cc line 114: G-Parity not valid for:-1 --> -1 * -1 
2022/02/15 12:45:15.750166 [WARN] PwaUtils/DataUtils.cc line 114: G-Parity not valid for:-1 --> -1 * -1 
2022/02/15 12:45:15.750169 [INFO] _JPCLSDecAmps.size()==0 for I1G-1J2P1C1Toa2(1320)0A_pion0B

JPCLS amplitudes for decay	I1G-1J2P1C1Toa2(1320)0A_pion0B:
suffix for fit parameter name:	J2P1C1Toa2(1320)0A_pion0B
with further decay:
JPCLS amplitudes for decay	a2(1320)0ATopion0A_eta:
suffix for fit parameter name:	a2(1320)0ATopion0A_eta
JPC=2++	L,S=2,0	preFactorLS=0




2022/02/15 12:45:15.750175 [INFO] Skip amplitude I1G-1J2P1C1Toa2(1320)0A_pion0B	JPCLSAmps().size(): 0	isospinCG(): 0
2022/02/15 12:45:15.750213 [INFO] add dynamics for J0P-1C1 dynType: WoDynamics
2022/02/15 12:45:15.750229 [INFO] Dynamics	J0P-1C1	found!!!
2022/02/15 12:45:15.750237 [INFO] Dynamics	J0P-1C1	found!!!
2022/02/15 12:45:15.750249 [INFO] add dynamics for J1P1C1 dynType: WoDynamics
2022/02/15 12:45:15.750260 [INFO] Dynamics	J1P1C1	found!!!
2022/02/15 12:45:15.750267 [INFO] Dynamics	J1P1C1	found!!!
2022/02/15 12:45:15.750276 [INFO] add dynamics for J2P1C1 dynType: WoDynamics
2022/02/15 12:45:15.750284 [INFO] Dynamics	J2P1C1	found!!!
2022/02/15 12:45:15.750291 [INFO] Dynamics	J2P1C1	found!!!
2022/02/15 12:45:15.750335 [INFO] add dynamics for f2(1270)Topion0A_pion0B dynType: BreitWigner
2022/02/15 12:45:15.750346 [INFO] add dynamics for a2(1320)0ATopion0A_eta dynType: BreitWigner
2022/02/15 12:45:15.750358 [INFO] add dynamics for a2(1320)0BTopion0B_eta dynType: BreitWigner
2022/02/15 12:45:15.750367 [INFO] I0G1J0P-1C1Tof2(1270)_eta set decay level to 0
2022/02/15 12:45:15.750372 [INFO] f2(1270)Topion0A_pion0B set decay level to 1
2022/02/15 12:45:15.750376 [INFO] I0G1J0P-1C1Toa2(1320)0B_pion0A set decay level to 0
2022/02/15 12:45:15.750380 [INFO] a2(1320)0BTopion0B_eta set decay level to 1
2022/02/15 12:45:15.750384 [INFO] I0G1J0P-1C1Toa2(1320)0A_pion0B set decay level to 0
2022/02/15 12:45:15.750388 [INFO] a2(1320)0ATopion0A_eta set decay level to 1
2022/02/15 12:45:15.750393 [INFO] I0G1J1P1C1Tof2(1270)_eta set decay level to 0
2022/02/15 12:45:15.750397 [INFO] I0G1J1P1C1Toa2(1320)0B_pion0A set decay level to 0
2022/02/15 12:45:15.750402 [INFO] I0G1J1P1C1Toa2(1320)0A_pion0B set decay level to 0
2022/02/15 12:45:15.750406 [INFO] I0G1J2P1C1Tof2(1270)_eta set decay level to 0
2022/02/15 12:45:15.750414 [INFO] I0G1J2P1C1Toa2(1320)0B_pion0A set decay level to 0
2022/02/15 12:45:15.750419 [INFO] I0G1J2P1C1Toa2(1320)0A_pion0B set decay level to 0
2022/02/15 12:45:15.750425 [ERROR] PwaUtils/GlobalEnv.cc line 194: setting up channel 0
2022/02/15 12:45:15.750430 [INFO] check complete reaction chains
2022/02/15 12:45:15.750434 [INFO] paricle name: pion0A
2022/02/15 12:45:15.750438 [INFO] paricle name: pion0B
2022/02/15 12:45:15.750441 [INFO] paricle name: eta
2022/02/15 12:45:15.750447 [INFO] reaction chains have been successfully checked!!!
2022/02/15 12:45:15.750457 [INFO] wigDWigDRefId = 1
2022/02/15 12:45:15.750463 [INFO] name of amplitude: f2(1270)Topion0A_pion0B	nameId: 1
_wigDWigDRefId = 1	_wignerDId = 2
with wignerDKey: pion0B_pion0Apion0B	wignerDRefKey: etapion0Apion0B
2022/02/15 12:45:15.750469 [INFO] wigDWigDRefId = 2
2022/02/15 12:45:15.750474 [INFO] name of amplitude: I0G1J0P-1C1Tof2(1270)_eta	nameId: 3
_wigDWigDRefId = 2	_wignerDId = 4
with wignerDKey: eta_etapion0Apion0B	wignerDRefKey: prod
2022/02/15 12:45:15.750480 [INFO] wigDWigDRefId = 3
2022/02/15 12:45:15.750484 [INFO] name of amplitude: a2(1320)0BTopion0B_eta	nameId: 5
_wigDWigDRefId = 3	_wignerDId = 6
with wignerDKey: eta_etapion0B	wignerDRefKey: etapion0Apion0B
2022/02/15 12:45:15.750490 [INFO] wigDWigDRefId = 4
2022/02/15 12:45:15.750495 [INFO] name of amplitude: I0G1J0P-1C1Toa2(1320)0B_pion0A	nameId: 7
_wigDWigDRefId = 4	_wignerDId = 8
with wignerDKey: pion0A_etapion0Apion0B	wignerDRefKey: prod
2022/02/15 12:45:15.750502 [INFO] wigDWigDRefId = 5
2022/02/15 12:45:15.750506 [INFO] name of amplitude: a2(1320)0ATopion0A_eta	nameId: 9
_wigDWigDRefId = 5	_wignerDId = 10
with wignerDKey: eta_etapion0A	wignerDRefKey: etapion0Apion0B
2022/02/15 12:45:15.750513 [INFO] wigDWigDRefId = 6
2022/02/15 12:45:15.750517 [INFO] name of amplitude: I0G1J0P-1C1Toa2(1320)0A_pion0B	nameId: 11
_wigDWigDRefId = 6	_wignerDId = 12
with wignerDKey: pion0B_etapion0Apion0B	wignerDRefKey: prod
2022/02/15 12:45:15.750523 [INFO] wigDWigDRefId = 2
2022/02/15 12:45:15.750527 [INFO] name of amplitude: I0G1J1P1C1Tof2(1270)_eta	nameId: 13
_wigDWigDRefId = 2	_wignerDId = 4
with wignerDKey: eta_etapion0Apion0B	wignerDRefKey: prod
2022/02/15 12:45:15.750533 [INFO] wigDWigDRefId = 4
2022/02/15 12:45:15.750537 [INFO] name of amplitude: I0G1J1P1C1Toa2(1320)0B_pion0A	nameId: 14
_wigDWigDRefId = 4	_wignerDId = 8
with wignerDKey: pion0A_etapion0Apion0B	wignerDRefKey: prod
2022/02/15 12:45:15.750544 [INFO] wigDWigDRefId = 6
2022/02/15 12:45:15.750548 [INFO] name of amplitude: I0G1J1P1C1Toa2(1320)0A_pion0B	nameId: 15
_wigDWigDRefId = 6	_wignerDId = 12
with wignerDKey: pion0B_etapion0Apion0B	wignerDRefKey: prod
2022/02/15 12:45:15.750556 [INFO] wigDWigDRefId = 2
2022/02/15 12:45:15.750561 [INFO] name of amplitude: I0G1J2P1C1Tof2(1270)_eta	nameId: 16
_wigDWigDRefId = 2	_wignerDId = 4
with wignerDKey: eta_etapion0Apion0B	wignerDRefKey: prod
2022/02/15 12:45:15.750567 [INFO] wigDWigDRefId = 4
2022/02/15 12:45:15.750571 [INFO] name of amplitude: I0G1J2P1C1Toa2(1320)0B_pion0A	nameId: 17
_wigDWigDRefId = 4	_wignerDId = 8
with wignerDKey: pion0A_etapion0Apion0B	wignerDRefKey: prod
2022/02/15 12:45:15.750577 [INFO] wigDWigDRefId = 6
2022/02/15 12:45:15.750584 [INFO] name of amplitude: I0G1J2P1C1Toa2(1320)0A_pion0B	nameId: 18
_wigDWigDRefId = 6	_wignerDId = 12
with wignerDKey: pion0B_etapion0Apion0B	wignerDRefKey: prod
2022/02/15 12:45:15.750592 [INFO] create likelihood object for channelType 1	 and channelID: 0
2022/02/15 12:45:15.750628 [INFO] Dynamics	J0P-1C1	found!!!
2022/02/15 12:45:15.750641 [INFO] Dynamics	f2(1270)Topion0A_pion0B	found!!!
2022/02/15 12:45:15.750647 [INFO] _fsParticleNames.at(0): pion0A
2022/02/15 12:45:15.750652 [INFO] _fsParticleNames.at(0): pion0A
2022/02/15 12:45:15.750655 [INFO] _fsParticleNames.at(1): pion0B
2022/02/15 12:45:15.750669 [INFO] _parityFactor=	1
2022/02/15 12:45:15.750698 [INFO] _fsParticleNames.at(0): pion0A
2022/02/15 12:45:15.750703 [INFO] _fsParticleNames.at(1): pion0B
2022/02/15 12:45:15.750707 [INFO] _fsParticleNames.at(2): eta
2022/02/15 12:45:15.750715 [INFO] _parityFactor=	-1
2022/02/15 12:45:15.750735 [INFO] Dynamics	J0P-1C1	found!!!
2022/02/15 12:45:15.750746 [INFO] Dynamics	a2(1320)0BTopion0B_eta	found!!!
2022/02/15 12:45:15.750751 [INFO] _fsParticleNames.at(0): pion0A
2022/02/15 12:45:15.750755 [INFO] _fsParticleNames.at(1): pion0B
2022/02/15 12:45:15.750759 [INFO] _fsParticleNames.at(0): pion0A
2022/02/15 12:45:15.750762 [INFO] _fsParticleNames.at(1): pion0B
2022/02/15 12:45:15.750766 [INFO] _fsParticleNames.at(2): eta
2022/02/15 12:45:15.750774 [INFO] _parityFactor=	1
2022/02/15 12:45:15.750783 [INFO] _fsParticleNames.at(0): pion0A
2022/02/15 12:45:15.750794 [INFO] _parityFactor=	-1
2022/02/15 12:45:15.750810 [INFO] Dynamics	J0P-1C1	found!!!
2022/02/15 12:45:15.750822 [INFO] Dynamics	a2(1320)0ATopion0A_eta	found!!!
2022/02/15 12:45:15.750827 [INFO] _fsParticleNames.at(0): pion0A
2022/02/15 12:45:15.750831 [INFO] _fsParticleNames.at(0): pion0A
2022/02/15 12:45:15.750835 [INFO] _fsParticleNames.at(1): pion0B
2022/02/15 12:45:15.750839 [INFO] _fsParticleNames.at(2): eta
2022/02/15 12:45:15.750846 [INFO] _parityFactor=	1
2022/02/15 12:45:15.750856 [INFO] _fsParticleNames.at(0): pion0A
2022/02/15 12:45:15.750860 [INFO] _fsParticleNames.at(1): pion0B
2022/02/15 12:45:15.750868 [INFO] _parityFactor=	-1
2022/02/15 12:45:15.750883 [INFO] Dynamics	J1P1C1	found!!!
2022/02/15 12:45:15.750889 [INFO] _fsParticleNames.at(0): pion0A
2022/02/15 12:45:15.750893 [INFO] _fsParticleNames.at(1): pion0B
2022/02/15 12:45:15.750897 [INFO] _fsParticleNames.at(2): eta
2022/02/15 12:45:15.750909 [INFO] _parityFactor=	1
2022/02/15 12:45:15.750941 [INFO] Dynamics	J1P1C1	found!!!
2022/02/15 12:45:15.750947 [INFO] _fsParticleNames.at(0): pion0A
2022/02/15 12:45:15.750958 [INFO] _parityFactor=	1
2022/02/15 12:45:15.750987 [INFO] Dynamics	J1P1C1	found!!!
2022/02/15 12:45:15.750993 [INFO] _fsParticleNames.at(0): pion0A
2022/02/15 12:45:15.750997 [INFO] _fsParticleNames.at(1): pion0B
2022/02/15 12:45:15.751007 [INFO] _parityFactor=	1
2022/02/15 12:45:15.751035 [INFO] Dynamics	J2P1C1	found!!!
2022/02/15 12:45:15.751042 [INFO] _fsParticleNames.at(0): pion0A
2022/02/15 12:45:15.751045 [INFO] _fsParticleNames.at(1): pion0B
2022/02/15 12:45:15.751049 [INFO] _fsParticleNames.at(2): eta
2022/02/15 12:45:15.751059 [INFO] _parityFactor=	-1
2022/02/15 12:45:15.751089 [INFO] Dynamics	J2P1C1	found!!!
2022/02/15 12:45:15.751095 [INFO] _fsParticleNames.at(0): pion0A
2022/02/15 12:45:15.751105 [INFO] _parityFactor=	-1
2022/02/15 12:45:15.751133 [INFO] Dynamics	J2P1C1	found!!!
2022/02/15 12:45:15.751139 [INFO] _fsParticleNames.at(0): pion0A
2022/02/15 12:45:15.751145 [INFO] _fsParticleNames.at(1): pion0B
2022/02/15 12:45:15.751155 [INFO] _parityFactor=	-1
2022/02/15 12:45:15.751191 [INFO] 
*** The fit parameter replacements are ***
2022/02/15 12:45:15.751197 [INFO] J0P-1C1Toa2(1320)0A_pion0B	replaced by	J0P-1C1Toa2(1320)0AB_pion0AB
2022/02/15 12:45:15.751200 [INFO] J0P-1C1Toa2(1320)0B_pion0A	replaced by	J0P-1C1Toa2(1320)0AB_pion0AB
2022/02/15 12:45:15.751204 [INFO] J1P1C1Toa2(1320)0A_pion0B	replaced by	J1P1C1Toa2(1320)0AB_pion0AB
2022/02/15 12:45:15.751208 [INFO] J1P1C1Toa2(1320)0B_pion0A	replaced by	J1P1C1Toa2(1320)0AB_pion0AB
2022/02/15 12:45:15.751211 [INFO] J2P1C1Toa2(1320)0A_pion0B	replaced by	J2P1C1Toa2(1320)0AB_pion0AB
2022/02/15 12:45:15.751215 [INFO] J2P1C1Toa2(1320)0B_pion0A	replaced by	J2P1C1Toa2(1320)0AB_pion0AB
2022/02/15 12:45:15.751218 [INFO] a2(1320)0ATopion0A_eta	replaced by	a2(1320)0ABTopion0AB_eta
2022/02/15 12:45:15.751222 [INFO] a2(1320)0BTopion0B_eta	replaced by	a2(1320)0ABTopion0AB_eta
2022/02/15 12:45:15.751593 [INFO] L2S2_J0P-1C1Tof2(1270)_etaMag	1	0.5
2022/02/15 12:45:15.751615 [INFO] L2S2_J0P-1C1Tof2(1270)_etaPhi	0	0.2
2022/02/15 12:45:15.751623 [INFO] L2S0_f2(1270)Topion0A_pion0BMag	1	0.5
2022/02/15 12:45:15.751629 [INFO] L2S0_f2(1270)Topion0A_pion0BPhi	0	0.2
2022/02/15 12:45:15.751635 [INFO] f2(1270)Mass	1.275	0.03	1.125	1.425
2022/02/15 12:45:15.751643 [INFO] f2(1270)Width	0.185	0.037	0	0.37
2022/02/15 12:45:15.751650 [INFO] L2S2_J0P-1C1Toa2(1320)0AB_pion0ABMag	1	0.5
2022/02/15 12:45:15.751656 [INFO] L2S2_J0P-1C1Toa2(1320)0AB_pion0ABPhi	0	0.2
2022/02/15 12:45:15.751662 [INFO] L2S0_a2(1320)0ABTopion0AB_etaMag	1	0.5
2022/02/15 12:45:15.751670 [INFO] L2S0_a2(1320)0ABTopion0AB_etaPhi	0	0.2
2022/02/15 12:45:15.751677 [INFO] a2(1320)0ABMass	1.318	0.03	1.168	1.468
2022/02/15 12:45:15.751683 [INFO] a2(1320)0ABWidth	0.107	0.0214	0	0.214
2022/02/15 12:45:15.751690 [INFO] L1S2_J1P1C1Tof2(1270)_etaMag	0.7071067811865475	0.3535533905932737
2022/02/15 12:45:15.751696 [INFO] L1S2_J1P1C1Tof2(1270)_etaPhi	0	0.2
2022/02/15 12:45:15.751702 [INFO] L3S2_J1P1C1Tof2(1270)_etaMag	0.7071067811865475	0.3535533905932737
2022/02/15 12:45:15.751708 [INFO] L3S2_J1P1C1Tof2(1270)_etaPhi	0	0.2
2022/02/15 12:45:15.751715 [INFO] L1S2_J1P1C1Toa2(1320)0AB_pion0ABMag	0.7071067811865475	0.3535533905932737
2022/02/15 12:45:15.751724 [INFO] L1S2_J1P1C1Toa2(1320)0AB_pion0ABPhi	0	0.2
2022/02/15 12:45:15.751730 [INFO] L3S2_J1P1C1Toa2(1320)0AB_pion0ABMag	0.7071067811865475	0.3535533905932737
2022/02/15 12:45:15.751736 [INFO] L3S2_J1P1C1Toa2(1320)0AB_pion0ABPhi	0	0.2
2022/02/15 12:45:15.751742 [INFO] L1S2_J2P1C1Tof2(1270)_etaMag	0.7071067811865475	0.3535533905932737
2022/02/15 12:45:15.751748 [INFO] L1S2_J2P1C1Tof2(1270)_etaPhi	0	0.2
2022/02/15 12:45:15.751754 [INFO] L3S2_J2P1C1Tof2(1270)_etaMag	0.7071067811865475	0.3535533905932737
2022/02/15 12:45:15.751760 [INFO] L3S2_J2P1C1Tof2(1270)_etaPhi	0	0.2
2022/02/15 12:45:15.751766 [INFO] L1S2_J2P1C1Toa2(1320)0AB_pion0ABMag	0.7071067811865475	0.3535533905932737
2022/02/15 12:45:15.751773 [INFO] L1S2_J2P1C1Toa2(1320)0AB_pion0ABPhi	0	0.2
2022/02/15 12:45:15.751779 [INFO] L3S2_J2P1C1Toa2(1320)0AB_pion0ABMag	0.7071067811865475	0.3535533905932737
2022/02/15 12:45:15.751785 [INFO] L3S2_J2P1C1Toa2(1320)0AB_pion0ABPhi	0	0.2
2022/02/15 12:45:15.751791 [INFO] channelType1pion0Apion0BetaScaling	1	0.01	0	20
2022/02/15 12:45:15.751799 [INFO] Iso1J0P-1C1	0	0.5	0	1
2022/02/15 12:45:15.751806 [INFO] Iso1J1P1C1	0	0.5	0	1
2022/02/15 12:45:15.751813 [INFO] Iso1J2P1C1	0	0.5	0	1
2022/02/15 12:45:15.751819 [INFO] J0P-1C1L0S0pbarpMag	0.5773502691896258	0.2886751345948129
2022/02/15 12:45:15.751829 [INFO] J0P-1C1L0S0pbarpPhi	0	0.2
2022/02/15 12:45:15.751836 [INFO] J1P1C1L1S1pbarpMag	0.5773502691896258	0.2886751345948129
2022/02/15 12:45:15.751843 [INFO] J1P1C1L1S1pbarpPhi	0	0.2
2022/02/15 12:45:15.751849 [INFO] J2P1C1L1S1pbarpMag	0.5773502691896258	0.2886751345948129
2022/02/15 12:45:15.751855 [INFO] J2P1C1L1S1pbarpPhi	0	0.2


 parameters in pawianParams are: 

L2S2_J0P-1C1Tof2(1270)_etaMag	1	0.5
L2S2_J0P-1C1Tof2(1270)_etaPhi	0	0.2
L2S0_f2(1270)Topion0A_pion0BMag	1	0.5
L2S0_f2(1270)Topion0A_pion0BPhi	0	0.2
f2(1270)Mass	1.275	0.03	1.125	1.425
f2(1270)Width	0.185	0.037	0	0.37
L2S2_J0P-1C1Toa2(1320)0AB_pion0ABMag	1	0.5
L2S2_J0P-1C1Toa2(1320)0AB_pion0ABPhi	0	0.2
L2S0_a2(1320)0ABTopion0AB_etaMag	1	0.5
L2S0_a2(1320)0ABTopion0AB_etaPhi	0	0.2
a2(1320)0ABMass	1.318	0.03	1.168	1.468
a2(1320)0ABWidth	0.107	0.0214	0	0.214
L1S2_J1P1C1Tof2(1270)_etaMag	0.7071067811865475	0.3535533905932737
L1S2_J1P1C1Tof2(1270)_etaPhi	0	0.2
L3S2_J1P1C1Tof2(1270)_etaMag	0.7071067811865475	0.3535533905932737
L3S2_J1P1C1Tof2(1270)_etaPhi	0	0.2
L1S2_J1P1C1Toa2(1320)0AB_pion0ABMag	0.7071067811865475	0.3535533905932737
L1S2_J1P1C1Toa2(1320)0AB_pion0ABPhi	0	0.2
L3S2_J1P1C1Toa2(1320)0AB_pion0ABMag	0.7071067811865475	0.3535533905932737
L3S2_J1P1C1Toa2(1320)0AB_pion0ABPhi	0	0.2
L1S2_J2P1C1Tof2(1270)_etaMag	0.7071067811865475	0.3535533905932737
L1S2_J2P1C1Tof2(1270)_etaPhi	0	0.2
L3S2_J2P1C1Tof2(1270)_etaMag	0.7071067811865475	0.3535533905932737
L3S2_J2P1C1Tof2(1270)_etaPhi	0	0.2
L1S2_J2P1C1Toa2(1320)0AB_pion0ABMag	0.7071067811865475	0.3535533905932737
L1S2_J2P1C1Toa2(1320)0AB_pion0ABPhi	0	0.2
L3S2_J2P1C1Toa2(1320)0AB_pion0ABMag	0.7071067811865475	0.3535533905932737
L3S2_J2P1C1Toa2(1320)0AB_pion0ABPhi	0	0.2
channelType1pion0Apion0BetaScaling	1	0.01	0	20
Iso1J0P-1C1	0	0.5	0	1
Iso1J1P1C1	0	0.5	0	1
Iso1J2P1C1	0	0.5	0	1
J0P-1C1L0S0pbarpMag	0.5773502691896258	0.2886751345948129
J0P-1C1L0S0pbarpPhi	0	0.2
J1P1C1L1S1pbarpMag	0.5773502691896258	0.2886751345948129
J1P1C1L1S1pbarpPhi	0	0.2
J2P1C1L1S1pbarpMag	0.5773502691896258	0.2886751345948129
J2P1C1L1S1pbarpPhi	0	0.2


**************** Fit parameter **************************
L2S2_J0P-1C1Tof2(1270)_etaMag	1	0.5
L2S2_J0P-1C1Tof2(1270)_etaPhi	0	0.2
L2S0_f2(1270)Topion0A_pion0BMag	1	0.5
L2S0_f2(1270)Topion0A_pion0BPhi	0	0.2
f2(1270)Mass	1.275	0.03	1.125	1.425
f2(1270)Width	0.185	0.037	0	0.37
L2S2_J0P-1C1Toa2(1320)0AB_pion0ABMag	1	0.5
L2S2_J0P-1C1Toa2(1320)0AB_pion0ABPhi	0	0.2
L2S0_a2(1320)0ABTopion0AB_etaMag	1	0.5
L2S0_a2(1320)0ABTopion0AB_etaPhi	0	0.2
a2(1320)0ABMass	1.318	0.03	1.168	1.468
a2(1320)0ABWidth	0.107	0.0214	0	0.214
L1S2_J1P1C1Tof2(1270)_etaMag	0.7071067811865475	0.3535533905932737
L1S2_J1P1C1Tof2(1270)_etaPhi	0	0.2
L3S2_J1P1C1Tof2(1270)_etaMag	0.7071067811865475	0.3535533905932737
L3S2_J1P1C1Tof2(1270)_etaPhi	0	0.2
L1S2_J1P1C1Toa2(1320)0AB_pion0ABMag	0.7071067811865475	0.3535533905932737
L1S2_J1P1C1Toa2(1320)0AB_pion0ABPhi	0	0.2
L3S2_J1P1C1Toa2(1320)0AB_pion0ABMag	0.7071067811865475	0.3535533905932737
L3S2_J1P1C1Toa2(1320)0AB_pion0ABPhi	0	0.2
L1S2_J2P1C1Tof2(1270)_etaMag	0.7071067811865475	0.3535533905932737
L1S2_J2P1C1Tof2(1270)_etaPhi	0	0.2
L3S2_J2P1C1Tof2(1270)_etaMag	0.7071067811865475	0.3535533905932737
L3S2_J2P1C1Tof2(1270)_etaPhi	0	0.2
L1S2_J2P1C1Toa2(1320)0AB_pion0ABMag	0.7071067811865475	0.3535533905932737
L1S2_J2P1C1Toa2(1320)0AB_pion0ABPhi	0	0.2
L3S2_J2P1C1Toa2(1320)0AB_pion0ABMag	0.7071067811865475	0.3535533905932737
L3S2_J2P1C1Toa2(1320)0AB_pion0ABPhi	0	0.2
channelType1pion0Apion0BetaScaling	1	0.01	0	20
Iso1J0P-1C1	0	0.5	0	1
Iso1J1P1C1	0	0.5	0	1
Iso1J2P1C1	0	0.5	0	1
J0P-1C1L0S0pbarpMag	0.5773502691896258	0.2886751345948129
J0P-1C1L0S0pbarpPhi	0	0.2
J1P1C1L1S1pbarpMag	0.5773502691896258	0.2886751345948129
J1P1C1L1S1pbarpPhi	0	0.2
J2P1C1L1S1pbarpMag	0.5773502691896258	0.2886751345948129
J2P1C1L1S1pbarpPhi	0	0.2
2022/02/15 12:45:15.752182 [INFO] Fixing scaling parameter channelType1pion0Apion0BetaScaling
2022/02/15 12:45:15.752206 [INFO] data file: ./toyDataModel.dat
2022/02/15 12:45:15.752211 [INFO] mc file: ./toyDataMC.dat
2022/02/15 12:45:15.816001 [INFO] File has 15001 events.
2022/02/15 12:45:15.816028 [INFO] 0xbc0f50
2022/02/15 12:45:15.816034 [INFO]  Each event has 3 final state particles.

2022/02/15 12:45:15.816039 [INFO] 
2022/02/15 12:45:15.816057 [INFO] {Rank = 1 ( 0.895052,0.535594,-0.184738,0.67964) } 	m = 0.13498
2022/02/15 12:45:15.816064 [INFO] {Rank = 1 ( 0.763445,-0.586035,0.333914,0.3312) } 	m = 0.13498
2022/02/15 12:45:15.816071 [INFO] {Rank = 1 ( 0.579907,0.0504408,-0.149176,-0.11084) } 	m = 0.547
2022/02/15 12:45:15.816074 [INFO] 
2022/02/15 12:45:15.816087 [INFO] {Rank = 1 ( 0.429608,0.174923,-0.366639,-0.036355) } 	m = 0.13498
2022/02/15 12:45:15.816093 [INFO] {Rank = 1 ( 0.557083,0.198306,-0.439341,0.244492) } 	m = 0.13498
2022/02/15 12:45:15.816099 [INFO] {Rank = 1 ( 1.25171,-0.373229,0.80598,0.691863) } 	m = 0.547
2022/02/15 12:45:15.816103 [INFO] 
2022/02/15 12:45:15.816109 [INFO] {Rank = 1 ( 0.799248,-0.436834,-0.484659,0.441429) } 	m = 0.13498
2022/02/15 12:45:15.816115 [INFO] {Rank = 1 ( 0.762231,0.546747,0.10392,0.503035) } 	m = 0.13498
2022/02/15 12:45:15.816121 [INFO] {Rank = 1 ( 0.676926,-0.109913,0.380738,-0.0444645) } 	m = 0.547
2022/02/15 12:45:15.816124 [INFO] 
2022/02/15 12:45:15.816130 [INFO] {Rank = 1 ( 1.01013,-0.465964,0.143869,0.874255) } 	m = 0.13498
2022/02/15 12:45:15.816136 [INFO] {Rank = 1 ( 0.452226,0.241816,0.340827,-0.10794) } 	m = 0.13498
2022/02/15 12:45:15.816142 [INFO] {Rank = 1 ( 0.776049,0.224147,-0.484696,0.133685) } 	m = 0.547
2022/02/15 12:45:15.816145 [INFO] 
2022/02/15 12:45:15.816151 [INFO] {Rank = 1 ( 0.583329,0.277496,0.449596,-0.207153) } 	m = 0.13498
2022/02/15 12:45:15.816157 [INFO] {Rank = 1 ( 0.580046,-0.482308,-0.102408,0.274091) } 	m = 0.13498
2022/02/15 12:45:15.816163 [INFO] {Rank = 1 ( 1.07503,0.204812,-0.347188,0.833062) } 	m = 0.547
2022/02/15 12:45:15.816166 [INFO] 
2022/02/15 12:45:15.816172 [INFO] {Rank = 1 ( 0.825184,0.628111,0.128596,0.501646) } 	m = 0.13498
2022/02/15 12:45:15.816178 [INFO] {Rank = 1 ( 0.77505,-0.507307,-0.433073,0.370903) } 	m = 0.13498
2022/02/15 12:45:15.816184 [INFO] {Rank = 1 ( 0.638171,-0.120803,0.304478,0.0274509) } 	m = 0.547
2022/02/15 12:45:15.816187 [INFO] 
2022/02/15 12:45:15.816193 [INFO] {Rank = 1 ( 0.437656,-0.0519944,0.33355,-0.243648) } 	m = 0.13498
2022/02/15 12:45:15.816199 [INFO] {Rank = 1 ( 0.724147,-0.523439,-0.0351057,0.480571) } 	m = 0.13498
2022/02/15 12:45:15.816205 [INFO] {Rank = 1 ( 1.0766,0.575433,-0.298444,0.663077) } 	m = 0.547
2022/02/15 12:45:15.816208 [INFO] 
2022/02/15 12:45:15.816214 [INFO] {Rank = 1 ( 0.941827,0.312008,0.389387,0.787304) } 	m = 0.13498
2022/02/15 12:45:15.816220 [INFO] {Rank = 1 ( 0.493924,0.150186,-0.184066,0.411467) } 	m = 0.13498
2022/02/15 12:45:15.816226 [INFO] {Rank = 1 ( 0.802654,-0.462194,-0.205321,-0.298771) } 	m = 0.547
2022/02/15 12:45:15.816229 [INFO] 
2022/02/15 12:45:15.816235 [INFO] {Rank = 1 ( 1.1533,-0.567113,-0.0199579,0.994923) } 	m = 0.134981
2022/02/15 12:45:15.816241 [INFO] {Rank = 1 ( 0.460378,0.339285,-0.0687907,-0.271812) } 	m = 0.13498
2022/02/15 12:45:15.816247 [INFO] {Rank = 1 ( 0.624724,0.227827,0.0887486,0.176888) } 	m = 0.547
2022/02/15 12:45:15.816250 [INFO] 
2022/02/15 12:45:15.816256 [INFO] {Rank = 1 ( 0.920959,0.407522,0.0172083,0.814601) } 	m = 0.13498
2022/02/15 12:45:15.816262 [INFO] {Rank = 1 ( 0.539121,-0.205569,-0.411295,-0.247003) } 	m = 0.13498
2022/02/15 12:45:15.816268 [INFO] {Rank = 1 ( 0.778325,-0.201954,0.394086,0.332402) } 	m = 0.547
2022/02/15 12:45:15.816271 [INFO] 
2022/02/15 12:45:15.816480 [INFO] 4vec calculation for event 500
2022/02/15 12:45:15.816677 [INFO] 4vec calculation for event 1000
2022/02/15 12:45:15.816874 [INFO] 4vec calculation for event 1500
2022/02/15 12:45:15.817087 [INFO] 4vec calculation for event 2000
2022/02/15 12:45:15.817285 [INFO] 4vec calculation for event 2500
2022/02/15 12:45:15.817480 [INFO] 4vec calculation for event 3000
2022/02/15 12:45:15.817669 [INFO] 4vec calculation for event 3500
2022/02/15 12:45:15.817867 [INFO] 4vec calculation for event 4000
2022/02/15 12:45:15.818079 [INFO] 4vec calculation for event 4500
2022/02/15 12:45:15.818272 [INFO] 4vec calculation for event 5000
2022/02/15 12:45:15.818465 [INFO] 4vec calculation for event 5500
2022/02/15 12:45:15.818660 [INFO] 4vec calculation for event 6000
2022/02/15 12:45:15.818849 [INFO] 4vec calculation for event 6500
2022/02/15 12:45:15.819061 [INFO] 4vec calculation for event 7000
2022/02/15 12:45:15.819255 [INFO] 4vec calculation for event 7500
2022/02/15 12:45:15.819443 [INFO] 4vec calculation for event 8000
2022/02/15 12:45:15.819633 [INFO] 4vec calculation for event 8500
2022/02/15 12:45:15.819826 [INFO] 4vec calculation for event 9000
2022/02/15 12:45:15.820030 [INFO] 4vec calculation for event 9500
2022/02/15 12:45:15.820224 [INFO] 4vec calculation for event 10000
2022/02/15 12:45:15.820238 [INFO] 4vec all in lab system
 px: 7.45058e-09	 py: 0	 pz: 0.9	 e : 2.2384	 m : 2.0495
weight: 1
2022/02/15 12:45:15.820431 [INFO] 4vec calculation for event 10500
2022/02/15 12:45:15.820627 [INFO] 4vec calculation for event 11000
2022/02/15 12:45:15.820821 [INFO] 4vec calculation for event 11500
2022/02/15 12:45:15.821013 [INFO] 4vec calculation for event 12000
2022/02/15 12:45:15.821202 [INFO] 4vec calculation for event 12500
2022/02/15 12:45:15.821387 [INFO] 4vec calculation for event 13000
2022/02/15 12:45:15.821581 [INFO] 4vec calculation for event 13500
2022/02/15 12:45:15.821767 [INFO] 4vec calculation for event 14000
2022/02/15 12:45:15.821958 [INFO] 4vec calculation for event 14500
2022/02/15 12:45:15.822154 [INFO] 4vec calculation for event 15000
2022/02/15 12:45:16.014365 [INFO] File has 45000 events.
2022/02/15 12:45:16.014390 [INFO] 0xbc5000
2022/02/15 12:45:16.014396 [INFO]  Each event has 3 final state particles.

2022/02/15 12:45:16.014400 [INFO] 
2022/02/15 12:45:16.014411 [INFO] {Rank = 1 ( 1.11855,0.359022,0.630611,0.840454) } 	m = 0.134979
2022/02/15 12:45:16.014418 [INFO] {Rank = 1 ( 0.255622,-0.187835,-0.00603172,-0.108649) } 	m = 0.13498
2022/02/15 12:45:16.014425 [INFO] {Rank = 1 ( 0.864235,-0.171188,-0.624579,0.168195) } 	m = 0.547
2022/02/15 12:45:16.014428 [INFO] 
2022/02/15 12:45:16.014434 [INFO] {Rank = 1 ( 0.801062,0.214112,0.290655,0.702251) } 	m = 0.13498
2022/02/15 12:45:16.014440 [INFO] {Rank = 1 ( 0.74195,-0.226143,-0.692113,0.0459297) } 	m = 0.13498
2022/02/15 12:45:16.014447 [INFO] {Rank = 1 ( 0.695393,0.0120315,0.401458,0.151819) } 	m = 0.547
2022/02/15 12:45:16.014450 [INFO] 
2022/02/15 12:45:16.014456 [INFO] {Rank = 1 ( 0.496833,0.225355,-0.198797,-0.371912) } 	m = 0.13498
2022/02/15 12:45:16.014462 [INFO] {Rank = 1 ( 0.255013,-0.0377543,-0.210133,-0.0350812) } 	m = 0.13498
2022/02/15 12:45:16.014468 [INFO] {Rank = 1 ( 1.48656,-0.187601,0.40893,1.30699) } 	m = 0.547
2022/02/15 12:45:16.014471 [INFO] 
2022/02/15 12:45:16.014478 [INFO] {Rank = 1 ( 1.00101,0.477393,0.580764,0.646999) } 	m = 0.13498
2022/02/15 12:45:16.014484 [INFO] {Rank = 1 ( 0.464263,-0.410962,-0.150165,-0.0766908) } 	m = 0.13498
2022/02/15 12:45:16.014490 [INFO] {Rank = 1 ( 0.773133,-0.0664313,-0.4306,0.329692) } 	m = 0.547
2022/02/15 12:45:16.014493 [INFO] 
2022/02/15 12:45:16.014499 [INFO] {Rank = 1 ( 0.524977,0.11189,0.460829,-0.180271) } 	m = 0.13498
2022/02/15 12:45:16.014505 [INFO] {Rank = 1 ( 0.372914,-0.260326,-0.20399,-0.107066) } 	m = 0.13498
2022/02/15 12:45:16.014511 [INFO] {Rank = 1 ( 1.34051,0.148437,-0.256839,1.18734) } 	m = 0.547
2022/02/15 12:45:16.014514 [INFO] 
2022/02/15 12:45:16.014520 [INFO] {Rank = 1 ( 0.445075,-0.334981,-0.0974529,0.24117) } 	m = 0.13498
2022/02/15 12:45:16.014526 [INFO] {Rank = 1 ( 0.659975,0.57336,-0.0527404,-0.292958) } 	m = 0.13498
2022/02/15 12:45:16.014532 [INFO] {Rank = 1 ( 1.13335,-0.238379,0.150193,0.951788) } 	m = 0.547
2022/02/15 12:45:16.014535 [INFO] 
2022/02/15 12:45:16.014541 [INFO] {Rank = 1 ( 0.908149,0.830147,0.022449,0.341857) } 	m = 0.13498
2022/02/15 12:45:16.014547 [INFO] {Rank = 1 ( 0.408432,-0.383789,-0.0107301,-0.0344602) } 	m = 0.13498
2022/02/15 12:45:16.014553 [INFO] {Rank = 1 ( 0.921824,-0.446358,-0.0117189,0.592603) } 	m = 0.547
2022/02/15 12:45:16.014556 [INFO] 
2022/02/15 12:45:16.014562 [INFO] {Rank = 1 ( 0.454618,0.223414,-0.116074,0.353654) } 	m = 0.13498
2022/02/15 12:45:16.014568 [INFO] {Rank = 1 ( 0.707416,-0.448299,0.443076,-0.291426) } 	m = 0.13498
2022/02/15 12:45:16.014574 [INFO] {Rank = 1 ( 1.07637,0.224885,-0.327001,0.837772) } 	m = 0.547
2022/02/15 12:45:16.014577 [INFO] 
2022/02/15 12:45:16.014583 [INFO] {Rank = 1 ( 0.756354,0.488329,0.142725,0.543153) } 	m = 0.13498
2022/02/15 12:45:16.014589 [INFO] {Rank = 1 ( 0.429698,0.232218,0.323399,0.0889319) } 	m = 0.13498
2022/02/15 12:45:16.014594 [INFO] {Rank = 1 ( 1.05235,-0.720547,-0.466125,0.267915) } 	m = 0.547
2022/02/15 12:45:16.014604 [INFO] 
2022/02/15 12:45:16.014610 [INFO] {Rank = 1 ( 0.351295,-0.155668,-0.20349,-0.198866) } 	m = 0.13498
2022/02/15 12:45:16.014616 [INFO] {Rank = 1 ( 1.14357,0.471915,0.532122,0.885257) } 	m = 0.134981
2022/02/15 12:45:16.014622 [INFO] {Rank = 1 ( 0.743538,-0.316248,-0.328631,0.213609) } 	m = 0.547
2022/02/15 12:45:16.014626 [INFO] 
2022/02/15 12:45:16.014830 [INFO] 4vec calculation for event 500
2022/02/15 12:45:16.015042 [INFO] 4vec calculation for event 1000
2022/02/15 12:45:16.015238 [INFO] 4vec calculation for event 1500
2022/02/15 12:45:16.015429 [INFO] 4vec calculation for event 2000
2022/02/15 12:45:16.015617 [INFO] 4vec calculation for event 2500
2022/02/15 12:45:16.015811 [INFO] 4vec calculation for event 3000
2022/02/15 12:45:16.016016 [INFO] 4vec calculation for event 3500
2022/02/15 12:45:16.016207 [INFO] 4vec calculation for event 4000
2022/02/15 12:45:16.016399 [INFO] 4vec calculation for event 4500
2022/02/15 12:45:16.016589 [INFO] 4vec calculation for event 5000
2022/02/15 12:45:16.016779 [INFO] 4vec calculation for event 5500
2022/02/15 12:45:16.016971 [INFO] 4vec calculation for event 6000
2022/02/15 12:45:16.017168 [INFO] 4vec calculation for event 6500
2022/02/15 12:45:16.017359 [INFO] 4vec calculation for event 7000
2022/02/15 12:45:16.017551 [INFO] 4vec calculation for event 7500
2022/02/15 12:45:16.017741 [INFO] 4vec calculation for event 8000
2022/02/15 12:45:16.017931 [INFO] 4vec calculation for event 8500
2022/02/15 12:45:16.018138 [INFO] 4vec calculation for event 9000
2022/02/15 12:45:16.018325 [INFO] 4vec calculation for event 9500
2022/02/15 12:45:16.018519 [INFO] 4vec calculation for event 10000
2022/02/15 12:45:16.018532 [INFO] 4vec all in lab system
 px: -1.49012e-08	 py: -2.23517e-08	 pz: 0.9	 e : 2.2384	 m : 2.0495
weight: 1
2022/02/15 12:45:16.018724 [INFO] 4vec calculation for event 10500
2022/02/15 12:45:16.018919 [INFO] 4vec calculation for event 11000
2022/02/15 12:45:16.019120 [INFO] 4vec calculation for event 11500
2022/02/15 12:45:16.019314 [INFO] 4vec calculation for event 12000
2022/02/15 12:45:16.019509 [INFO] 4vec calculation for event 12500
2022/02/15 12:45:16.019699 [INFO] 4vec calculation for event 13000
2022/02/15 12:45:16.019894 [INFO] 4vec calculation for event 13500
2022/02/15 12:45:16.020106 [INFO] 4vec calculation for event 14000
2022/02/15 12:45:16.020300 [INFO] 4vec calculation for event 14500
2022/02/15 12:45:16.020493 [INFO] 4vec calculation for event 15000
2022/02/15 12:45:16.020688 [INFO] 4vec calculation for event 15500
2022/02/15 12:45:16.020880 [INFO] 4vec calculation for event 16000
2022/02/15 12:45:16.021094 [INFO] 4vec calculation for event 16500
2022/02/15 12:45:16.021289 [INFO] 4vec calculation for event 17000
2022/02/15 12:45:16.021487 [INFO] 4vec calculation for event 17500
2022/02/15 12:45:16.021682 [INFO] 4vec calculation for event 18000
2022/02/15 12:45:16.021876 [INFO] 4vec calculation for event 18500
2022/02/15 12:45:16.022089 [INFO] 4vec calculation for event 19000
2022/02/15 12:45:16.022282 [INFO] 4vec calculation for event 19500
2022/02/15 12:45:16.022475 [INFO] 4vec calculation for event 20000
2022/02/15 12:45:16.022485 [INFO] 4vec all in lab system
 px: 1.74623e-10	 py: 0	 pz: 0.9	 e : 2.2384	 m : 2.0495
weight: 1
2022/02/15 12:45:16.022675 [INFO] 4vec calculation for event 20500
2022/02/15 12:45:16.022871 [INFO] 4vec calculation for event 21000
2022/02/15 12:45:16.023085 [INFO] 4vec calculation for event 21500
2022/02/15 12:45:16.023281 [INFO] 4vec calculation for event 22000
2022/02/15 12:45:16.023478 [INFO] 4vec calculation for event 22500
2022/02/15 12:45:16.023668 [INFO] 4vec calculation for event 23000
2022/02/15 12:45:16.023863 [INFO] 4vec calculation for event 23500
2022/02/15 12:45:16.024073 [INFO] 4vec calculation for event 24000
2022/02/15 12:45:16.024274 [INFO] 4vec calculation for event 24500
2022/02/15 12:45:16.024469 [INFO] 4vec calculation for event 25000
2022/02/15 12:45:16.024659 [INFO] 4vec calculation for event 25500
2022/02/15 12:45:16.024853 [INFO] 4vec calculation for event 26000
2022/02/15 12:45:16.025075 [INFO] 4vec calculation for event 26500
2022/02/15 12:45:16.025267 [INFO] 4vec calculation for event 27000
2022/02/15 12:45:16.025460 [INFO] 4vec calculation for event 27500
2022/02/15 12:45:16.025650 [INFO] 4vec calculation for event 28000
2022/02/15 12:45:16.025846 [INFO] 4vec calculation for event 28500
2022/02/15 12:45:16.026052 [INFO] 4vec calculation for event 29000
2022/02/15 12:45:16.026245 [INFO] 4vec calculation for event 29500
2022/02/15 12:45:16.026435 [INFO] 4vec calculation for event 30000
2022/02/15 12:45:16.026445 [INFO] 4vec all in lab system
 px: -1.49012e-08	 py: 0	 pz: 0.9	 e : 2.2384	 m : 2.0495
weight: 1
2022/02/15 12:45:16.026637 [INFO] 4vec calculation for event 30500
2022/02/15 12:45:16.026827 [INFO] 4vec calculation for event 31000
2022/02/15 12:45:16.027028 [INFO] 4vec calculation for event 31500
2022/02/15 12:45:16.027219 [INFO] 4vec calculation for event 32000
2022/02/15 12:45:16.027417 [INFO] 4vec calculation for event 32500
2022/02/15 12:45:16.027611 [INFO] 4vec calculation for event 33000
2022/02/15 12:45:16.027804 [INFO] 4vec calculation for event 33500
2022/02/15 12:45:16.028001 [INFO] 4vec calculation for event 34000
2022/02/15 12:45:16.028195 [INFO] 4vec calculation for event 34500
2022/02/15 12:45:16.028385 [INFO] 4vec calculation for event 35000
2022/02/15 12:45:16.028576 [INFO] 4vec calculation for event 35500
2022/02/15 12:45:16.028772 [INFO] 4vec calculation for event 36000
2022/02/15 12:45:16.028963 [INFO] 4vec calculation for event 36500
2022/02/15 12:45:16.029165 [INFO] 4vec calculation for event 37000
2022/02/15 12:45:16.029361 [INFO] 4vec calculation for event 37500
2022/02/15 12:45:16.029553 [INFO] 4vec calculation for event 38000
2022/02/15 12:45:16.029748 [INFO] 4vec calculation for event 38500
2022/02/15 12:45:16.029944 [INFO] 4vec calculation for event 39000
2022/02/15 12:45:16.030145 [INFO] 4vec calculation for event 39500
2022/02/15 12:45:16.030338 [INFO] 4vec calculation for event 40000
2022/02/15 12:45:16.030347 [INFO] 4vec all in lab system
 px: 0	 py: -1.49012e-08	 pz: 0.9	 e : 2.2384	 m : 2.0495
weight: 1
2022/02/15 12:45:16.030539 [INFO] 4vec calculation for event 40500
2022/02/15 12:45:16.030730 [INFO] 4vec calculation for event 41000
2022/02/15 12:45:16.030926 [INFO] 4vec calculation for event 41500
2022/02/15 12:45:16.031130 [INFO] 4vec calculation for event 42000
2022/02/15 12:45:16.031321 [INFO] 4vec calculation for event 42500
2022/02/15 12:45:16.031511 [INFO] 4vec calculation for event 43000
2022/02/15 12:45:16.031702 [INFO] 4vec calculation for event 43500
2022/02/15 12:45:16.031901 [INFO] 4vec calculation for event 44000
2022/02/15 12:45:16.032109 [INFO] 4vec calculation for event 44500
2022/02/15 12:45:16.032302 [INFO] 4vec calculation for event 45000
2022/02/15 12:45:16.038197 [INFO] ************* Server mode ****************
2022/02/15 12:45:16.038223 [INFO] Listening on port 50001
2022/02/15 12:45:16.038232 [INFO] Number of clients for channel 0 : 2
2022/02/15 12:45:16.046906 [INFO] Waiting for 2 clients ...
2022/02/15 12:45:20.750095 [INFO] Client pc36 logged in (ID 0).
2022/02/15 12:45:20.750283 [INFO] Client pc36 logged in (ID 1).
2022/02/15 12:45:20.750458 [INFO] All clients ready.
2022/02/15 12:45:20.750587 [INFO] start migrad with strategy level 1
2022/02/15 12:45:26.377595 [INFO] current LH = -2486.705353932435	
2022/02/15 12:45:26.691819 [INFO] current LH = -2504.942625356677	
2022/02/15 12:45:27.007091 [INFO] current LH = -2468.338389168608	
2022/02/15 12:45:27.321878 [INFO] current LH = -2488.534959607963	
2022/02/15 12:45:27.636687 [INFO] current LH = -2484.874451176311	
2022/02/15 12:45:27.950899 [INFO] current LH = -2487.012655638021	
2022/02/15 12:45:28.265062 [INFO] current LH = -2486.377873762211	
2022/02/15 12:45:28.580106 [INFO] current LH = -2486.781709176705	
2022/02/15 12:45:28.894957 [INFO] current LH = -2486.627812664388	
2022/02/15 12:45:29.240017 [INFO] current LH = -2498.44930957135	
2022/02/15 12:45:29.578824 [INFO] current LH = -2474.963618786313	
2022/02/15 12:45:29.919320 [INFO] current LH = -2495.288398226163	
2022/02/15 12:45:30.257225 [INFO] current LH = -2478.12347565944	
2022/02/15 12:45:30.596110 [INFO] current LH = -2486.946277689907	
2022/02/15 12:45:30.934996 [INFO] current LH = -2486.476169983705	
2022/02/15 12:45:31.273111 [INFO] current LH = -2486.780652119267	
2022/02/15 12:45:31.611229 [INFO] current LH = -2486.631240920289	
2022/02/15 12:45:31.950053 [INFO] current LH = -2483.566541830349	
2022/02/15 12:45:32.287822 [INFO] current LH = -2489.837206504223	
2022/02/15 12:45:32.626088 [INFO] current LH = -2485.410637667783	
2022/02/15 12:45:32.626124 [INFO] Wall time: 16.8826s User: 0.29s System: 0.02s

2022/02/15 12:45:32.626132 [INFO] Wtotal time: 16.8826s User: 0.29s System: 0.02s

2022/02/15 12:45:32.963643 [INFO] current LH = -2487.998883292211	
2022/02/15 12:45:33.302164 [INFO] current LH = -2489.750621605301	
2022/02/15 12:45:33.639546 [INFO] current LH = -2483.706696766756	
2022/02/15 12:45:33.977281 [INFO] current LH = -2487.1880060875	
2022/02/15 12:45:34.315030 [INFO] current LH = -2486.223886836523	
2022/02/15 12:45:34.720610 [INFO] current LH = -2506.355911897282	
2022/02/15 12:45:35.089309 [INFO] current LH = -2467.200512967177	
2022/02/15 12:45:35.457960 [INFO] current LH = -2488.66398854038	
2022/02/15 12:45:35.826742 [INFO] current LH = -2484.748169556924	
2022/02/15 12:45:36.194329 [INFO] Client timing information: 
2022/02/15 12:45:36.194353 [INFO] Client id 0 channel id 0  response time +0 s
2022/02/15 12:45:36.194360 [INFO] Client id 1 channel id 0  response time +0.001123 s
2022/02/15 12:45:36.226970 [INFO] current LH = -2487.666031284159	
2022/02/15 12:45:36.596246 [INFO] current LH = -2485.75889783609	
2022/02/15 12:45:36.965670 [INFO] current LH = -2486.981317100728	
2022/02/15 12:45:37.334526 [INFO] current LH = -2486.430570500381	
2022/02/15 12:45:37.759446 [INFO] current LH = -2507.229773434925	
2022/02/15 12:45:38.119066 [INFO] current LH = -2466.221337938762	
2022/02/15 12:45:38.480069 [INFO] current LH = -2490.218976530254	
2022/02/15 12:45:38.840146 [INFO] current LH = -2483.192916946981	
2022/02/15 12:45:39.200974 [INFO] current LH = -2488.768827237693	
2022/02/15 12:45:39.561181 [INFO] current LH = -2484.645549315592	
2022/02/15 12:45:39.923353 [INFO] current LH = -2487.878152155449	
2022/02/15 12:45:39.923380 [INFO] Wall time: 7.297238898s User: 0s System: 0.01s

2022/02/15 12:45:39.923389 [INFO] Wtotal time: 24.17983004s User: 0.29s System: 0.03s

2022/02/15 12:45:40.283287 [INFO] current LH = -2485.533741538826	
2022/02/15 12:45:40.642693 [INFO] current LH = -2499.059610034621	
2022/02/15 12:45:41.002446 [INFO] current LH = -2474.462901126138	
2022/02/15 12:45:41.362297 [INFO] current LH = -2487.972438928509	
2022/02/15 12:45:41.723929 [INFO] current LH = -2485.439450415633	
2022/02/15 12:45:42.084698 [INFO] current LH = -2483.640438771008	
2022/02/15 12:45:42.445117 [INFO] current LH = -2489.840219284112	
2022/02/15 12:45:42.805967 [INFO] current LH = -2486.302275759301	
2022/02/15 12:45:43.165907 [INFO] current LH = -2487.109617833472	
2022/02/15 12:45:43.634843 [INFO] current LH = -2477.523560292084	
2022/02/15 12:45:44.049028 [INFO] current LH = -2496.198690837032	
2022/02/15 12:45:44.463184 [INFO] current LH = -2485.772634196651	
2022/02/15 12:45:44.882377 [INFO] current LH = -2487.641184553385	
2022/02/15 12:45:45.296443 [INFO] current LH = -2483.456117053605	
2022/02/15 12:45:45.710147 [INFO] current LH = -2490.079169549374	
2022/02/15 12:45:46.123440 [INFO] current LH = -2486.374835525537	
2022/02/15 12:45:46.538114 [INFO] current LH = -2487.037123315933	
2022/02/15 12:45:46.953431 [INFO] current LH = -2544.823894738682	
2022/02/15 12:45:47.249108 [INFO] current LH = -2427.920713181104	
2022/02/15 12:45:47.544738 [INFO] current LH = -2492.547262247835	
2022/02/15 12:45:47.544761 [INFO] Wall time: 7.621363977s User: 0s System: 0s

2022/02/15 12:45:47.544769 [INFO] Wtotal time: 31.80121011s User: 0.29s System: 0.03s

2022/02/15 12:45:47.839943 [INFO] current LH = -2480.856787101953	
2022/02/15 12:45:48.135703 [INFO] current LH = -2523.01160698417	
2022/02/15 12:45:48.430915 [INFO] current LH = -2450.713361582248	
2022/02/15 12:45:48.726293 [INFO] current LH = -2490.323498937149	
2022/02/15 12:45:49.021909 [INFO] current LH = -2483.090329194759	
2022/02/15 12:45:49.317678 [INFO] current LH = -2520.155307490737	
2022/02/15 12:45:49.613855 [INFO] current LH = -2453.311374306015	
2022/02/15 12:45:49.913690 [INFO] current LH = -2491.571428804547	
2022/02/15 12:45:50.211252 [INFO] current LH = -2481.840430573981	
2022/02/15 12:45:50.506817 [INFO] current LH = -2485.144700238173	
2022/02/15 12:45:50.802119 [INFO] current LH = -2488.376460885735	
2022/02/15 12:45:51.096760 [INFO] current LH = -2486.538507410069	
2022/02/15 12:45:51.392798 [INFO] current LH = -2486.873389653204	
2022/02/15 12:45:51.731715 [INFO] current LH = -2495.288398072389	
2022/02/15 12:45:52.070089 [INFO] current LH = -2529.577865894933	
2022/02/15 12:45:52.407706 [INFO] current LH = -2614.309094183202	
2022/02/15 12:45:52.745793 [INFO] current LH = -2848.113279790155	
2022/02/15 12:45:53.083657 [INFO] current LH = -3101.196241171899	
2022/02/15 12:45:53.421680 [INFO] current LH = -3120.92696593852	
2022/02/15 12:45:53.760252 [INFO] current LH = -3124.403405954954	
2022/02/15 12:45:53.760279 [INFO] Wall time: 6.215500019s User: 0s System: 0.01s

2022/02/15 12:45:53.760287 [INFO] Wtotal time: 38.01672837s User: 0.29s System: 0.04s

2022/02/15 12:45:54.074865 [INFO] current LH = -3125.566878660823	
2022/02/15 12:45:54.388595 [INFO] current LH = -3123.239234800281	
2022/02/15 12:45:54.702896 [INFO] current LH = -3126.10255461821	
2022/02/15 12:45:55.017170 [INFO] current LH = -3122.702762940486	
2022/02/15 12:45:55.332900 [INFO] current LH = -3124.481649565496	
2022/02/15 12:45:55.647648 [INFO] current LH = -3124.323928033006	
2022/02/15 12:45:55.992388 [INFO] current LH = -3124.624373169474	
2022/02/15 12:45:56.330600 [INFO] current LH = -3124.020868841767	
2022/02/15 12:45:56.668541 [INFO] current LH = -3124.432794229384	
2022/02/15 12:45:57.007058 [INFO] current LH = -3124.372401992116	
2022/02/15 12:45:57.344572 [INFO] current LH = -3124.174807613324	
2022/02/15 12:45:57.683101 [INFO] current LH = -3124.633540541081	
2022/02/15 12:45:58.022372 [INFO] current LH = -3120.379509828751	
2022/02/15 12:45:58.361256 [INFO] current LH = -3128.390314023061	
2022/02/15 12:45:58.700103 [INFO] current LH = -3123.598728311246	
2022/02/15 12:45:59.037693 [INFO] current LH = -3125.206593528821	
2022/02/15 12:45:59.375276 [INFO] current LH = -3124.849740811291	
2022/02/15 12:45:59.720287 [INFO] current LH = -3123.958184756249	
2022/02/15 12:46:00.122101 [INFO] current LH = -3126.418646255047	
2022/02/15 12:46:00.492220 [INFO] current LH = -3122.388354416286	
2022/02/15 12:46:00.492247 [INFO] Wall time: 6.731949658s User: 0s System: 0.01s

2022/02/15 12:46:00.492255 [INFO] Wtotal time: 44.74869616s User: 0.29s System: 0.05s

2022/02/15 12:46:00.860117 [INFO] current LH = -3124.468274151175	
2022/02/15 12:46:01.228558 [INFO] current LH = -3124.339207425426	
2022/02/15 12:46:01.597648 [INFO] current LH = -3124.50041574908	
2022/02/15 12:46:01.966573 [INFO] current LH = -3124.307888854635	
2022/02/15 12:46:02.392528 [INFO] current LH = -3127.078841322658	
2022/02/15 12:46:02.753767 [INFO] current LH = -3121.722908337184	
2022/02/15 12:46:03.114470 [INFO] current LH = -3125.855567321529	
2022/02/15 12:46:03.474323 [INFO] current LH = -3122.949757429044	
2022/02/15 12:46:03.836096 [INFO] current LH = -3124.537212243138	
2022/02/15 12:46:04.196872 [INFO] current LH = -3124.265928247683	
2022/02/15 12:46:04.557266 [INFO] current LH = -3124.489075488217	
2022/02/15 12:46:04.919264 [INFO] current LH = -3124.316248079411	
2022/02/15 12:46:05.281288 [INFO] current LH = -3124.693473701939	
2022/02/15 12:46:05.643192 [INFO] current LH = -3124.109817813678	
2022/02/15 12:46:06.003204 [INFO] current LH = -3124.592521997477	
2022/02/15 12:46:06.363843 [INFO] current LH = -3124.212801510969	
2022/02/15 12:46:06.724988 [INFO] current LH = -3124.325737646835	
2022/02/15 12:46:07.085286 [INFO] current LH = -3124.481570940346	
2022/02/15 12:46:07.446088 [INFO] current LH = -3124.269191703811	
2022/02/15 12:46:07.806553 [INFO] current LH = -3124.53910448946	
2022/02/15 12:46:07.806580 [INFO] Wall time: 7.314315845s User: 0.01s System: 0s

2022/02/15 12:46:07.806588 [INFO] Wtotal time: 52.06302959s User: 0.3s System: 0.05s

2022/02/15 12:46:08.273183 [INFO] current LH = -3124.315660808957	
2022/02/15 12:46:08.689366 [INFO] current LH = -3124.491344621633	
2022/02/15 12:46:09.103349 [INFO] current LH = -3124.160397615864	
2022/02/15 12:46:09.518357 [INFO] current LH = -3124.647877253193	
2022/02/15 12:46:09.937737 [INFO] current LH = -3124.169574362588	
2022/02/15 12:46:10.352824 [INFO] current LH = -3124.638166112957	
2022/02/15 12:46:10.768025 [INFO] current LH = -3126.64522702539	
2022/02/15 12:46:11.065511 [INFO] current LH = -3122.160581474618	
2022/02/15 12:46:11.361175 [INFO] current LH = -3125.775394844508	
2022/02/15 12:46:11.656799 [INFO] current LH = -3123.018978897879	
2022/02/15 12:46:11.953306 [INFO] current LH = -3124.879688936602	
2022/02/15 12:46:12.249227 [INFO] current LH = -3123.925636229961	
2022/02/15 12:46:12.545286 [INFO] current LH = -3128.281572182791	
2022/02/15 12:46:12.841530 [INFO] current LH = -3120.493056923813	
2022/02/15 12:46:13.137511 [INFO] current LH = -3125.240614549466	
2022/02/15 12:46:13.433413 [INFO] current LH = -3123.564710898456	
2022/02/15 12:46:13.728846 [INFO] current LH = -3124.558775834109	
2022/02/15 12:46:14.025171 [INFO] current LH = -3124.24907443651	
2022/02/15 12:46:14.362617 [INFO] current LH = -3124.633540541081	
2022/02/15 12:46:14.706764 [INFO] current LH = -3125.569284277036	
2022/02/15 12:46:14.706790 [INFO] Wall time: 6.900192094s User: 0s System: 0.01s

2022/02/15 12:46:14.706798 [INFO] Wtotal time: 58.96323943s User: 0.3s System: 0.06s

2022/02/15 12:46:15.044908 [INFO] current LH = -3128.012438630528	
2022/02/15 12:46:15.382673 [INFO] current LH = -3136.172949796738	
2022/02/15 12:46:15.721365 [INFO] current LH = -3166.810958025515	
2022/02/15 12:46:16.059040 [INFO] current LH = -3213.37857168506	
2022/02/15 12:46:16.397669 [INFO] current LH = -3192.373764807322	
2022/02/15 12:46:16.736656 [INFO] current LH = -3220.703683079075	
2022/02/15 12:46:17.074668 [INFO] current LH = -3222.000786667865	
2022/02/15 12:46:17.389741 [INFO] current LH = -3223.368486296709	
2022/02/15 12:46:17.704103 [INFO] current LH = -3220.631700648888	
2022/02/15 12:46:18.018731 [INFO] current LH = -3221.999092524676	
2022/02/15 12:46:18.333136 [INFO] current LH = -3222.000909895479	
2022/02/15 12:46:18.677576 [INFO] current LH = -3222.097415205205	
2022/02/15 12:46:19.015186 [INFO] current LH = -3221.902616049691	
2022/02/15 12:46:19.353547 [INFO] current LH = -3222.004066940494	
2022/02/15 12:46:19.693167 [INFO] current LH = -3221.993467211983	
2022/02/15 12:46:20.031357 [INFO] current LH = -3222.003285942159	
2022/02/15 12:46:20.369507 [INFO] current LH = -3221.996750784438	
2022/02/15 12:46:20.707578 [INFO] current LH = -3221.340596757781	
2022/02/15 12:46:21.066187 [INFO] current LH = -3222.660121717982	
2022/02/15 12:46:21.404238 [INFO] current LH = -3222.03420787056	
2022/02/15 12:46:21.404265 [INFO] Wall time: 6.69745685s User: 0s System: 0s

2022/02/15 12:46:21.404273 [INFO] Wtotal time: 65.66071446s User: 0.3s System: 0.06s

2022/02/15 12:46:21.743610 [INFO] current LH = -3221.967654182396	
2022/02/15 12:46:22.081860 [INFO] current LH = -3222.078318521908	
2022/02/15 12:46:22.419940 [INFO] current LH = -3221.924791424103	
2022/02/15 12:46:22.819813 [INFO] current LH = -3226.868108070066	
2022/02/15 12:46:23.189114 [INFO] current LH = -3217.138824778265	
2022/02/15 12:46:23.557264 [INFO] current LH = -3224.606337148264	
2022/02/15 12:46:23.926338 [INFO] current LH = -3219.396766237968	
2022/02/15 12:46:24.295248 [INFO] current LH = -3221.243340871992	
2022/02/15 12:46:24.668096 [INFO] current LH = -3222.761145010071	
2022/02/15 12:46:25.038871 [INFO] current LH = -3221.450324581035	
2022/02/15 12:46:25.407807 [INFO] current LH = -3222.552781448341	
2022/02/15 12:46:25.833702 [INFO] current LH = -3223.614111661613	
2022/02/15 12:46:26.194302 [INFO] current LH = -3220.386785689101	
2022/02/15 12:46:26.553768 [INFO] current LH = -3224.432930798946	
2022/02/15 12:46:26.915255 [INFO] current LH = -3219.567114885937	
2022/02/15 12:46:27.275326 [INFO] current LH = -3221.437216542924	
2022/02/15 12:46:27.635584 [INFO] current LH = -3222.559224283745	
2022/02/15 12:46:27.995795 [INFO] current LH = -3221.693057451969	
2022/02/15 12:46:28.356920 [INFO] current LH = -3222.306976708525	
2022/02/15 12:46:28.716815 [INFO] current LH = -3222.203737693756	
2022/02/15 12:46:28.716842 [INFO] Wall time: 7.312559183s User: 0s System: 0.01s

2022/02/15 12:46:28.716850 [INFO] Wtotal time: 72.97329111s User: 0.3s System: 0.07s

2022/02/15 12:46:29.077346 [INFO] current LH = -3221.797272898021	
2022/02/15 12:46:29.436642 [INFO] current LH = -3222.335850977014	
2022/02/15 12:46:29.797128 [INFO] current LH = -3221.664192076303	
2022/02/15 12:46:30.156742 [INFO] current LH = -3222.352626427421	
2022/02/15 12:46:30.517444 [INFO] current LH = -3221.648269824381	
2022/02/15 12:46:30.877668 [INFO] current LH = -3222.530561621334	
2022/02/15 12:46:31.238577 [INFO] current LH = -3221.469479754134	
2022/02/15 12:46:31.706557 [INFO] current LH = -3222.372769225742	
2022/02/15 12:46:32.121442 [INFO] current LH = -3221.632558201544	
2022/02/15 12:46:32.536199 [INFO] current LH = -3222.238338639091	
2022/02/15 12:46:32.949898 [INFO] current LH = -3221.764769912372	
2022/02/15 12:46:33.363771 [INFO] current LH = -3221.824267723485	
2022/02/15 12:46:33.778021 [INFO] current LH = -3222.178445122286	
2022/02/15 12:46:34.192977 [INFO] current LH = -3224.807804045143	
2022/02/15 12:46:34.488422 [INFO] current LH = -3219.192138980144	
2022/02/15 12:46:34.789363 [INFO] current LH = -3222.324024553482	
2022/02/15 12:46:35.084482 [INFO] current LH = -3221.676125795861	
2022/02/15 12:46:35.379823 [INFO] current LH = -3223.102678833203	
2022/02/15 12:46:35.675454 [INFO] current LH = -3220.897492555746	
2022/02/15 12:46:35.970891 [INFO] current LH = -3222.570000449436	
2022/02/15 12:46:35.970915 [INFO] Wall time: 7.254056095s User: 0s System: 0.01s

2022/02/15 12:46:35.970923 [INFO] Wtotal time: 80.22736449s User: 0.3s System: 0.08s

2022/02/15 12:46:36.291082 [INFO] current LH = -3221.431682482501	
2022/02/15 12:46:36.586451 [INFO] current LH = -3224.1327049293	
2022/02/15 12:46:36.882761 [INFO] current LH = -3219.870464751027	
2022/02/15 12:46:37.221013 [INFO] current LH = -3222.078318521908	
2022/02/15 12:46:37.559131 [INFO] current LH = -3222.402970114857	
2022/02/15 12:46:37.897045 [INFO] current LH = -3223.3015872818	
2022/02/15 12:46:38.234926 [INFO] current LH = -3226.379239986155	
2022/02/15 12:46:38.574030 [INFO] current LH = -3230.169640268325	
2022/02/15 12:46:38.888895 [INFO] current LH = -3231.351658016072	
2022/02/15 12:46:39.202774 [INFO] current LH = -3228.986069674725	
2022/02/15 12:46:39.517074 [INFO] current LH = -3230.169360836068	
2022/02/15 12:46:39.834865 [INFO] current LH = -3230.168516933039	
2022/02/15 12:46:40.179831 [INFO] current LH = -3230.286021417977	
2022/02/15 12:46:40.518603 [INFO] current LH = -3230.051733530354	
2022/02/15 12:46:40.856686 [INFO] current LH = -3230.561970639261	
2022/02/15 12:46:41.194349 [INFO] current LH = -3229.776375192303	
2022/02/15 12:46:41.532230 [INFO] current LH = -3229.62433128896	
2022/02/15 12:46:41.871449 [INFO] current LH = -3230.714688242728	
2022/02/15 12:46:42.209826 [INFO] current LH = -3228.844383985947	
2022/02/15 12:46:42.547496 [INFO] current LH = -3231.493356029015	
2022/02/15 12:46:42.547522 [INFO] Wall time: 6.576589504s User: 0s System: 0s

2022/02/15 12:46:42.547530 [INFO] Wtotal time: 86.80397099s User: 0.3s System: 0.08s

2022/02/15 12:46:42.886229 [INFO] current LH = -3230.104626011078	
2022/02/15 12:46:43.224273 [INFO] current LH = -3230.231449177649	
2022/02/15 12:46:43.563330 [INFO] current LH = -3230.124911023478	
2022/02/15 12:46:43.901088 [INFO] current LH = -3230.212829006005	
2022/02/15 12:46:44.300519 [INFO] current LH = -3232.562135585931	
2022/02/15 12:46:44.672846 [INFO] current LH = -3227.778408144604	
2022/02/15 12:46:45.042426 [INFO] current LH = -3229.449742332743	
2022/02/15 12:46:45.411315 [INFO] current LH = -3230.891221278699	
2022/02/15 12:46:45.836851 [INFO] current LH = -3232.323667758966	
2022/02/15 12:46:46.196305 [INFO] Client timing information: 
2022/02/15 12:46:46.196329 [INFO] Client id 0 channel id 0  response time +0 s
2022/02/15 12:46:46.196335 [INFO] Client id 1 channel id 0  response time +0.000228 s
2022/02/15 12:46:46.228087 [INFO] current LH = -3228.014469279125	
2022/02/15 12:46:46.588451 [INFO] current LH = -3229.81778576022	
2022/02/15 12:46:46.949966 [INFO] current LH = -3230.52010935291	
2022/02/15 12:46:47.310339 [INFO] current LH = -3230.431026777807	
2022/02/15 12:46:47.671253 [INFO] current LH = -3229.907198750871	
2022/02/15 12:46:48.031217 [INFO] current LH = -3230.26362882487	
2022/02/15 12:46:48.392088 [INFO] current LH = -3230.07678622741	
2022/02/15 12:46:48.858967 [INFO] current LH = -3230.328340897417	
2022/02/15 12:46:49.273984 [INFO] current LH = -3230.012732627739	
2022/02/15 12:46:49.691928 [INFO] current LH = -3230.136488926023	
2022/02/15 12:46:50.106657 [INFO] current LH = -3230.204693272376	
2022/02/15 12:46:50.106683 [INFO] Wall time: 7.559143304s User: 0s System: 0.01s

2022/02/15 12:46:50.106690 [INFO] Wtotal time: 94.36313166s User: 0.3s System: 0.09s

2022/02/15 12:46:50.521196 [INFO] current LH = -3232.754940280102	
2022/02/15 12:46:50.816407 [INFO] current LH = -3227.582885060839	
2022/02/15 12:46:51.112270 [INFO] current LH = -3230.553228430001	
2022/02/15 12:46:51.407600 [INFO] current LH = -3229.784427736804	
2022/02/15 12:46:51.703862 [INFO] current LH = -3231.229575052047	
2022/02/15 12:46:52.000918 [INFO] current LH = -3229.108233760547	
2022/02/15 12:46:52.296156 [INFO] current LH = -3231.945005670632	
2022/02/15 12:46:52.591713 [INFO] current LH = -3228.401257619872	
2022/02/15 12:46:52.887184 [INFO] current LH = -3231.002678289316	
2022/02/15 12:46:53.181774 [INFO] current LH = -3229.33813961438	
2022/02/15 12:46:53.550247 [INFO] current LH = -3232.562133491937	
2022/02/15 12:46:53.918932 [INFO] current LH = -3242.144107019799	
2022/02/15 12:46:54.287325 [INFO] current LH = -3266.170577532383	
2022/02/15 12:46:54.658600 [INFO] current LH = -3338.554666464121	
2022/02/15 12:46:55.027777 [INFO] current LH = -3550.20327694179	
2022/02/15 12:46:55.396708 [INFO] current LH = -3930.115390733424	
2022/02/15 12:46:55.765875 [INFO] current LH = -3845.966047356403	
2022/02/15 12:46:56.145642 [INFO] current LH = -3930.583371235581	
2022/02/15 12:46:56.460422 [INFO] current LH = -3929.644932195105	
2022/02/15 12:46:56.775962 [INFO] current LH = -3930.19427983548	
2022/02/15 12:46:56.775990 [INFO] Wall time: 6.669290211s User: 0s System: 0.01s

2022/02/15 12:46:56.776006 [INFO] Wtotal time: 101.032439s User: 0.3s System: 0.1s

2022/02/15 12:46:57.089859 [INFO] current LH = -3930.03534375382	
2022/02/15 12:46:57.434929 [INFO] current LH = -3929.392893653684	
2022/02/15 12:46:57.774083 [INFO] current LH = -3930.834990683387	
2022/02/15 12:46:58.112058 [INFO] current LH = -3931.041047931265	
2022/02/15 12:46:58.450153 [INFO] current LH = -3929.187985253891	
2022/02/15 12:46:58.788236 [INFO] current LH = -3927.060544940146	
2022/02/15 12:46:59.125905 [INFO] current LH = -3933.155913183581	
2022/02/15 12:46:59.463918 [INFO] current LH = -3929.012002565248	
2022/02/15 12:46:59.805313 [INFO] current LH = -3931.216917088208	
2022/02/15 12:47:00.145459 [INFO] current LH = -3929.540148586457	
2022/02/15 12:47:00.484031 [INFO] current LH = -3930.689722945661	
2022/02/15 12:47:00.821540 [INFO] current LH = -3929.289513724548	
2022/02/15 12:47:01.158778 [INFO] current LH = -3930.93937830571	
2022/02/15 12:47:01.558209 [INFO] current LH = -3930.36567152918	
2022/02/15 12:47:01.928571 [INFO] current LH = -3929.848159120787	
2022/02/15 12:47:02.296367 [INFO] current LH = -3930.200497674836	
2022/02/15 12:47:02.664631 [INFO] current LH = -3930.028409283061	
2022/02/15 12:47:03.032840 [INFO] current LH = -3928.866276181321	
2022/02/15 12:47:03.401988 [INFO] current LH = -3931.370349111563	
2022/02/15 12:47:03.770276 [INFO] current LH = -3929.407265229373	
2022/02/15 12:47:03.770300 [INFO] Wall time: 6.994285424s User: 0s System: 0s

2022/02/15 12:47:03.770308 [INFO] Wtotal time: 108.0267489s User: 0.31s System: 0.1s

2022/02/15 12:47:04.138421 [INFO] current LH = -3930.825390506195	
2022/02/15 12:47:04.563793 [INFO] current LH = -3931.505425908172	
2022/02/15 12:47:04.926893 [INFO] current LH = -3928.717397302249	
2022/02/15 12:47:05.288073 [INFO] current LH = -3930.790969485167	
2022/02/15 12:47:05.649174 [INFO] current LH = -3929.437945465587	
2022/02/15 12:47:06.009534 [INFO] current LH = -3929.616892959801	
2022/02/15 12:47:06.370559 [INFO] current LH = -3930.611883444504	
2022/02/15 12:47:06.732102 [INFO] current LH = -3929.269190933673	
2022/02/15 12:47:07.092346 [INFO] current LH = -3930.955643100088	
2022/02/15 12:47:07.452120 [INFO] current LH = -3929.641094158796	
2022/02/15 12:47:07.812152 [INFO] current LH = -3930.587818942939	
2022/02/15 12:47:08.172262 [INFO] current LH = -3929.792483910926	
2022/02/15 12:47:08.532518 [INFO] current LH = -3930.440630051256	
2022/02/15 12:47:08.999428 [INFO] current LH = -3928.709190900476	
2022/02/15 12:47:09.414622 [INFO] current LH = -3931.516700529642	
2022/02/15 12:47:09.835871 [INFO] current LH = -3929.245395210693	
2022/02/15 12:47:10.248958 [INFO] current LH = -3930.983518776446	
2022/02/15 12:47:10.664755 [INFO] current LH = -3930.568946204589	
2022/02/15 12:47:11.078338 [INFO] current LH = -3929.663230027762	
2022/02/15 12:47:11.493794 [INFO] current LH = -3931.678755686758	
2022/02/15 12:47:11.493819 [INFO] Wall time: 7.723501969s User: 0s System: 0.01s

2022/02/15 12:47:11.493826 [INFO] Wtotal time: 115.7502679s User: 0.31s System: 0.11s

2022/02/15 12:47:11.790818 [INFO] current LH = -3928.5506583358	
2022/02/15 12:47:12.086445 [INFO] current LH = -3929.218876741302	
2022/02/15 12:47:12.382250 [INFO] current LH = -3931.005463851544	
2022/02/15 12:47:12.678588 [INFO] current LH = -3929.632579636424	
2022/02/15 12:47:12.973782 [INFO] current LH = -3930.596334573769	
2022/02/15 12:47:13.268891 [INFO] current LH = -3929.782917142698	
2022/02/15 12:47:13.564707 [INFO] current LH = -3930.445009198296	
2022/02/15 12:47:13.860618 [INFO] current LH = -3930.909737806006	
2022/02/15 12:47:14.156150 [INFO] current LH = -3929.323018579161	
2022/02/15 12:47:14.525775 [INFO] current LH = -3930.825390506195	
2022/02/15 12:47:14.896630 [INFO] current LH = -3933.684043876312	
2022/02/15 12:47:15.265018 [INFO] current LH = -3940.959669933001	
2022/02/15 12:47:15.634834 [INFO] current LH = -3963.849529344722	
2022/02/15 12:47:16.004488 [INFO] current LH = -4040.75279573614	
2022/02/15 12:47:16.372352 [INFO] current LH = -4299.710296830276	
2022/02/15 12:47:16.741790 [INFO] current LH = -4443.903856647577	
2022/02/15 12:47:17.109896 [INFO] current LH = -4506.875410463601	
2022/02/15 12:47:17.479164 [INFO] current LH = -4509.714904863042	
2022/02/15 12:47:17.793107 [INFO] current LH = -4510.163917524971	
2022/02/15 12:47:18.107130 [INFO] current LH = -4509.263716137168	
2022/02/15 12:47:18.107153 [INFO] Wall time: 6.613317914s User: 0s System: 0.01s

2022/02/15 12:47:18.107161 [INFO] Wtotal time: 122.3636025s User: 0.31s System: 0.12s

2022/02/15 12:47:18.420953 [INFO] current LH = -4509.863260289459	
2022/02/15 12:47:18.734519 [INFO] current LH = -4509.564901129136	
2022/02/15 12:47:19.078640 [INFO] current LH = -4509.460219842641	
2022/02/15 12:47:19.416770 [INFO] current LH = -4509.96756522718	
2022/02/15 12:47:19.756641 [INFO] current LH = -4510.25213056059	
2022/02/15 12:47:20.094458 [INFO] current LH = -4509.172880372785	
2022/02/15 12:47:20.432127 [INFO] current LH = -4510.075081641446	
2022/02/15 12:47:20.770702 [INFO] current LH = -4509.352577312715	
2022/02/15 12:47:21.108635 [INFO] current LH = -4509.0519783873	
2022/02/15 12:47:21.446708 [INFO] current LH = -4510.376346940117	
2022/02/15 12:47:21.786653 [INFO] current LH = -4509.87674741077	
2022/02/15 12:47:22.123978 [INFO] current LH = -4509.546588190734	
2022/02/15 12:47:22.463106 [INFO] current LH = -4509.808973975186	
2022/02/15 12:47:22.801194 [INFO] current LH = -4509.61868493453	
2022/02/15 12:47:23.201172 [INFO] current LH = -4510.101132475721	
2022/02/15 12:47:23.570070 [INFO] current LH = -4509.326654114184	
2022/02/15 12:47:23.938859 [INFO] current LH = -4509.648232680352	
2022/02/15 12:47:24.306707 [INFO] current LH = -4509.777943739282	
2022/02/15 12:47:24.735471 [INFO] current LH = -4510.444882888455	
2022/02/15 12:47:25.095665 [INFO] current LH = -4508.984286992989	
2022/02/15 12:47:25.095692 [INFO] Wall time: 6.988521388s User: 0s System: 0s

2022/02/15 12:47:25.095701 [INFO] Wtotal time: 129.3521423s User: 0.31s System: 0.12s

2022/02/15 12:47:25.455917 [INFO] current LH = -4508.984936471205	
2022/02/15 12:47:25.816056 [INFO] current LH = -4510.442406475173	
2022/02/15 12:47:26.175849 [INFO] current LH = -4509.171254687901	
2022/02/15 12:47:26.536166 [INFO] current LH = -4510.256848198573	
2022/02/15 12:47:26.897640 [INFO] current LH = -4509.312716347478	
2022/02/15 12:47:27.257857 [INFO] current LH = -4510.116589745718	
2022/02/15 12:47:27.618595 [INFO] current LH = -4508.883211688481	
2022/02/15 12:47:27.978804 [INFO] current LH = -4510.544474168754	
2022/02/15 12:47:28.447058 [INFO] current LH = -4509.065345231833	
2022/02/15 12:47:28.861581 [INFO] current LH = -4510.363616890929	
2022/02/15 12:47:29.275802 [INFO] current LH = -4508.679828769993	
2022/02/15 12:47:29.692842 [INFO] current LH = -4510.747839082836	
2022/02/15 12:47:30.107209 [INFO] current LH = -4510.270584545367	
2022/02/15 12:47:30.521368 [INFO] current LH = -4509.159250789814	
2022/02/15 12:47:30.936921 [INFO] current LH = -4511.251967039553	
2022/02/15 12:47:31.233320 [INFO] current LH = -4508.176012853822	
2022/02/15 12:47:31.529246 [INFO] current LH = -4509.619231421945	
2022/02/15 12:47:31.825832 [INFO] current LH = -4509.808788888735	
2022/02/15 12:47:32.121473 [INFO] current LH = -4509.591895174206	
2022/02/15 12:47:32.417229 [INFO] current LH = -4509.836054308539	
2022/02/15 12:47:32.417252 [INFO] Wall time: 7.321541663s User: 0s System: 0.01s

2022/02/15 12:47:32.417260 [INFO] Wtotal time: 136.673701s User: 0.31s System: 0.13s

2022/02/15 12:47:32.713236 [INFO] current LH = -4509.56261605481	
2022/02/15 12:47:33.008644 [INFO] current LH = -4509.864358534661	
2022/02/15 12:47:33.423357 [INFO] current LH = -4510.270584545367	
2022/02/15 12:47:33.838665 [INFO] current LH = -4512.493469297552	
2022/02/15 12:47:34.252722 [INFO] current LH = -4518.049503847075	
2022/02/15 12:47:34.671999 [INFO] current LH = -4534.650605351277	
2022/02/15 12:47:35.088286 [INFO] current LH = -4582.396669141996	
2022/02/15 12:47:35.502849 [INFO] current LH = -4673.298085548049	
2022/02/15 12:47:35.917088 [INFO] current LH = -4662.292847356041	
2022/02/15 12:47:36.330976 [INFO] current LH = -4676.895153334185	
2022/02/15 12:47:36.644826 [INFO] current LH = -4677.378150322946	
2022/02/15 12:47:36.960616 [INFO] current LH = -4676.409916711836	
2022/02/15 12:47:37.275272 [INFO] current LH = -4677.112292778204	
2022/02/15 12:47:37.590723 [INFO] current LH = -4676.675617446269	
2022/02/15 12:47:37.934764 [INFO] current LH = -4676.501813234568	
2022/02/15 12:47:38.272600 [INFO] current LH = -4677.286417896628	
2022/02/15 12:47:38.610810 [INFO] current LH = -4677.058819682716	
2022/02/15 12:47:38.948226 [INFO] current LH = -4676.728832520625	
2022/02/15 12:47:39.285664 [INFO] current LH = -4676.730844610441	
2022/02/15 12:47:39.625216 [INFO] current LH = -4677.05626847447	
2022/02/15 12:47:39.625248 [INFO] Wall time: 7.207979912s User: 0s System: 0.01s

2022/02/15 12:47:39.625256 [INFO] Wtotal time: 143.8816979s User: 0.31s System: 0.14s

2022/02/15 12:47:39.966415 [INFO] current LH = -4676.954927233553	
2022/02/15 12:47:40.305360 [INFO] current LH = -4676.83189005848	
2022/02/15 12:47:40.705227 [INFO] current LH = -4677.346847901933	
2022/02/15 12:47:41.074029 [INFO] current LH = -4676.441242092757	
2022/02/15 12:47:41.442228 [INFO] current LH = -4677.2899836933	
2022/02/15 12:47:41.812076 [INFO] current LH = -4676.497774045539	
2022/02/15 12:47:42.237317 [INFO] current LH = -4677.79563758435	
2022/02/15 12:47:42.597636 [INFO] current LH = -4675.993919187509	
2022/02/15 12:47:42.957789 [INFO] current LH = -4678.447613010309	
2022/02/15 12:47:43.317852 [INFO] current LH = -4675.340457035568	
2022/02/15 12:47:43.678376 [INFO] current LH = -4676.657886761223	
2022/02/15 12:47:44.038376 [INFO] current LH = -4677.130180504725	
2022/02/15 12:47:44.398133 [INFO] current LH = -4675.993801218166	
2022/02/15 12:47:44.762213 [INFO] current LH = -4677.793587982997	
2022/02/15 12:47:45.121514 [INFO] current LH = -4675.889896796254	
2022/02/15 12:47:45.481744 [INFO] current LH = -4677.896967131569	
2022/02/15 12:47:45.949930 [INFO] current LH = -4676.781731205472	
2022/02/15 12:47:46.363478 [INFO] current LH = -4677.007555725713	
2022/02/15 12:47:46.779620 [INFO] current LH = -4676.727049160318	
2022/02/15 12:47:47.194289 [INFO] current LH = -4677.061030140707	
2022/02/15 12:47:47.194317 [INFO] Wall time: 7.569050183s User: 0s System: 0s

2022/02/15 12:47:47.194325 [INFO] Wtotal time: 151.4507662s User: 0.31s System: 0.14s

2022/02/15 12:47:47.635904 [INFO] current LH = -4676.920796012369	
2022/02/15 12:47:48.051618 [INFO] current LH = -4676.691235602048	
2022/02/15 12:47:48.465002 [INFO] current LH = -4676.90690624618	
2022/02/15 12:47:48.878995 [INFO] current LH = -4676.881169960036	
2022/02/15 12:47:49.292528 [INFO] current LH = -4678.612090850697	
2022/02/15 12:47:49.588646 [INFO] current LH = -4675.175949911545	
2022/02/15 12:47:49.885509 [INFO] current LH = -4676.844006560495	
2022/02/15 12:47:50.181627 [INFO] current LH = -4676.944013983246	
2022/02/15 12:47:50.477204 [INFO] current LH = -4676.823490156759	
2022/02/15 12:47:50.773066 [INFO] current LH = -4676.964382685986	
2022/02/15 12:47:51.069252 [INFO] current LH = -4676.665532578141	
2022/02/15 12:47:51.364627 [INFO] current LH = -4677.122986199653	
2022/02/15 12:47:51.916371 [INFO] current LH = 23106.4504207249	
2022/02/15 12:47:52.468747 [INFO] current LH = -4848.923426276416	
2022/02/15 12:47:52.783290 [INFO] current LH = -4849.205505233486	
2022/02/15 12:47:53.099132 [INFO] current LH = -4848.638178360598	
2022/02/15 12:47:53.414110 [INFO] current LH = -4849.11035071354	
2022/02/15 12:47:53.728815 [INFO] current LH = -4848.734099240307	
2022/02/15 12:47:54.073258 [INFO] current LH = -4848.3481028345	
2022/02/15 12:47:54.411270 [INFO] current LH = -4849.496344664639	
2022/02/15 12:47:54.411295 [INFO] Wall time: 7.216960003s User: 0.01s System: 0.01s

2022/02/15 12:47:54.411302 [INFO] Wtotal time: 158.6677437s User: 0.32s System: 0.15s

2022/02/15 12:47:54.754163 [INFO] current LH = -4849.145485758612	
2022/02/15 12:47:55.091565 [INFO] current LH = -4848.69927094165	
2022/02/15 12:47:55.429327 [INFO] current LH = -4848.679561408125	
2022/02/15 12:47:55.767052 [INFO] current LH = -4849.164588957031	
2022/02/15 12:47:56.105491 [INFO] current LH = -4848.905500855951	
2022/02/15 12:47:56.443548 [INFO] current LH = -4848.939206122716	
2022/02/15 12:47:56.844048 [INFO] current LH = -4849.15443954421	
2022/02/15 12:47:57.212910 [INFO] current LH = -4848.690029626968	
2022/02/15 12:47:57.582807 [INFO] current LH = -4849.198085961179	
2022/02/15 12:47:57.952675 [INFO] Client timing information: 
2022/02/15 12:47:57.952701 [INFO] Client id 0 channel id 0  response time +0 s
2022/02/15 12:47:57.952709 [INFO] Client id 1 channel id 0  response time +0.000931 s
2022/02/15 12:47:58.125273 [INFO] current LH = -4848.646665774408	
2022/02/15 12:47:58.550354 [INFO] current LH = -4850.071556628969	
2022/02/15 12:47:58.910087 [INFO] current LH = -4847.762838780405	
2022/02/15 12:47:59.270178 [INFO] current LH = -4849.419631520173	
2022/02/15 12:47:59.633079 [INFO] current LH = -4848.424910044042	
2022/02/15 12:47:59.995679 [INFO] current LH = -4848.754961341873	
2022/02/15 12:48:00.358223 [INFO] current LH = -4849.088729122323	
2022/02/15 12:48:00.718631 [INFO] current LH = -4848.237214070011	
2022/02/15 12:48:01.078675 [INFO] current LH = -4849.606800627274	
2022/02/15 12:48:01.440077 [INFO] current LH = -4848.045782938307	
2022/02/15 12:48:01.803845 [INFO] current LH = -4849.798595877864	
2022/02/15 12:48:01.803869 [INFO] Wall time: 7.392557986s User: 0s System: 0s

2022/02/15 12:48:01.803876 [INFO] Wtotal time: 166.0603173s User: 0.32s System: 0.15s

2022/02/15 12:48:02.271925 [INFO] current LH = -4848.524609738586	
2022/02/15 12:48:02.686943 [INFO] current LH = -4849.31829370662	
2022/02/15 12:48:03.102422 [INFO] current LH = -4848.618602564682	
2022/02/15 12:48:03.517835 [INFO] current LH = -4849.225934959474	
2022/02/15 12:48:03.930999 [INFO] current LH = -4848.873739140041	
2022/02/15 12:48:04.345586 [INFO] current LH = -4848.970857621091	
2022/02/15 12:48:04.761243 [INFO] current LH = -4850.425442962435	
2022/02/15 12:48:05.057129 [INFO] current LH = -4847.418523138646	
2022/02/15 12:48:05.352917 [INFO] current LH = -4848.646919540287	
2022/02/15 12:48:05.649197 [INFO] current LH = -4849.197571925501	
2022/02/15 12:48:05.945367 [INFO] current LH = -4848.786697169506	
2022/02/15 12:48:06.240672 [INFO] current LH = -4849.057494505341	
2022/02/15 12:48:06.537511 [INFO] current LH = -4848.69471431842	
2022/02/15 12:48:06.834579 [INFO] current LH = -4849.149370966045	
2022/02/15 12:48:07.386175 [INFO] current LH = -580.0094707455228	
2022/02/15 12:48:07.937413 [INFO] current LH = -5274.724663353196	
2022/02/15 12:48:08.252320 [INFO] current LH = -5274.335950251533	
2022/02/15 12:48:08.567897 [INFO] current LH = -5275.108235816797	
2022/02/15 12:48:08.882342 [INFO] current LH = -5274.453294316607	
2022/02/15 12:48:09.196072 [INFO] current LH = -5274.993518257726	
2022/02/15 12:48:09.196095 [INFO] Wall time: 7.392209975s User: 0s System: 0.01s

2022/02/15 12:48:09.196102 [INFO] Wtotal time: 173.4525438s User: 0.32s System: 0.16s

2022/02/15 12:48:09.510726 [INFO] current LH = -5274.853283610809	
2022/02/15 12:48:09.832417 [INFO] current LH = -5274.593459630352	
2022/02/15 12:48:10.177066 [INFO] current LH = -5273.857032993773	
2022/02/15 12:48:10.514737 [INFO] current LH = -5275.58994384039	
2022/02/15 12:48:10.854438 [INFO] current LH = -5274.817321445516	
2022/02/15 12:48:11.193078 [INFO] current LH = -5274.630233479401	
2022/02/15 12:48:11.531373 [INFO] current LH = -5274.387873687972	
2022/02/15 12:48:11.871111 [INFO] current LH = -5275.058643131631	
2022/02/15 12:48:12.208830 [INFO] current LH = -5274.573552462667	
2022/02/15 12:48:12.547179 [INFO] current LH = -5274.874047550376	
2022/02/15 12:48:12.946737 [INFO] current LH = -5274.629479214125	
2022/02/15 12:48:13.316062 [INFO] current LH = -5274.817394784799	
2022/02/15 12:48:13.684778 [INFO] current LH = -5274.72601650436	
2022/02/15 12:48:14.053644 [INFO] current LH = -5274.721307308479	
2022/02/15 12:48:14.478862 [INFO] current LH = -5274.331181527144	
2022/02/15 12:48:14.845342 [INFO] current LH = -5275.111661330741	
2022/02/15 12:48:15.205225 [INFO] current LH = -5274.480343437097	
2022/02/15 12:48:15.566086 [INFO] current LH = -5274.966470549532	
2022/02/15 12:48:15.925448 [INFO] current LH = -5274.814468007437	
2022/02/15 12:48:16.285543 [INFO] current LH = -5274.63143651316	
2022/02/15 12:48:16.285567 [INFO] Wall time: 7.089456203s User: 0s System: 0.01s

2022/02/15 12:48:16.285575 [INFO] Wtotal time: 180.5420162s User: 0.32s System: 0.17s

2022/02/15 12:48:16.648491 [INFO] current LH = -5274.660317723208	
2022/02/15 12:48:17.010717 [INFO] current LH = -5274.78575537099	
2022/02/15 12:48:17.371353 [INFO] current LH = -5274.426575044009	
2022/02/15 12:48:17.731775 [INFO] current LH = -5275.015250764821	
2022/02/15 12:48:18.092182 [INFO] current LH = -5274.552952637816	
2022/02/15 12:48:18.452934 [INFO] current LH = -5274.893862715108	
2022/02/15 12:48:18.919392 [INFO] current LH = -5274.720336199986	
2022/02/15 12:48:19.334000 [INFO] current LH = -5274.725280085754	
2022/02/15 12:48:19.750007 [INFO] current LH = -5274.551501640562	
2022/02/15 12:48:20.164408 [INFO] current LH = -5274.896070976996	
2022/02/15 12:48:20.578413 [INFO] current LH = -5275.504551638485	
2022/02/15 12:48:20.874812 [INFO] current LH = -5273.941060069843	
2022/02/15 12:48:21.169920 [INFO] current LH = -5274.113100948477	
2022/02/15 12:48:21.464965 [INFO] current LH = -5275.333940558775	
2022/02/15 12:48:21.762231 [INFO] current LH = -5274.438558505391	
2022/02/15 12:48:22.057786 [INFO] current LH = -5275.007153630164	
2022/02/15 12:48:22.353735 [INFO] current LH = -5275.032596369696	
2022/02/15 12:48:22.649439 [INFO] current LH = -5274.41321341169	
2022/02/15 12:48:23.200621 [INFO] current LH = -5596.055288772014	
2022/02/15 12:48:23.752453 [INFO] current LH = -5662.946123926788	
2022/02/15 12:48:23.752483 [INFO] Wall time: 7.466898437s User: 0s System: 0s

2022/02/15 12:48:23.752493 [INFO] Wtotal time: 188.0089344s User: 0.32s System: 0.17s

2022/02/15 12:48:24.067345 [INFO] current LH = -5661.934235451576	
2022/02/15 12:48:24.382559 [INFO] current LH = -5663.950031993649	
2022/02/15 12:48:24.702505 [INFO] current LH = -5662.358462796949	
2022/02/15 12:48:25.021803 [INFO] current LH = -5663.531086960706	
2022/02/15 12:48:25.336696 [INFO] current LH = -5663.003577722321	
2022/02/15 12:48:25.651890 [INFO] current LH = -5662.886181225497	
2022/02/15 12:48:25.995894 [INFO] current LH = -5662.62038340548	
2022/02/15 12:48:26.334592 [INFO] current LH = -5663.269624376769	
2022/02/15 12:48:26.673752 [INFO] current LH = -5662.53637893282	
2022/02/15 12:48:27.013033 [INFO] current LH = -5663.352193101157	
2022/02/15 12:48:27.350841 [INFO] current LH = -5662.881632353326	
2022/02/15 12:48:27.689295 [INFO] current LH = -5663.008458900399	
2022/02/15 12:48:28.026990 [INFO] current LH = -5662.812771334297	
2022/02/15 12:48:28.364835 [INFO] current LH = -5663.077696228355	
2022/02/15 12:48:28.764318 [INFO] current LH = -5662.729456446237	
2022/02/15 12:48:29.134433 [INFO] current LH = -5663.160418488873	
2022/02/15 12:48:29.503426 [INFO] current LH = -5663.629652756174	
2022/02/15 12:48:29.874304 [INFO] current LH = -5662.259570792976	
2022/02/15 12:48:30.299469 [INFO] current LH = -5662.978288167928	
2022/02/15 12:48:30.660233 [INFO] current LH = -5662.912825774234	
2022/02/15 12:48:30.660261 [INFO] Wall time: 6.907756946s User: 0s System: 0.01s

2022/02/15 12:48:30.660269 [INFO] Wtotal time: 194.9167105s User: 0.32s System: 0.18s

2022/02/15 12:48:31.020544 [INFO] current LH = -5662.995285147353	
2022/02/15 12:48:31.380576 [INFO] current LH = -5662.89426562544	
2022/02/15 12:48:31.741650 [INFO] current LH = -5663.02203145576	
2022/02/15 12:48:32.102138 [INFO] current LH = -5662.868720085475	
2022/02/15 12:48:32.462865 [INFO] current LH = -5663.269550064059	
2022/02/15 12:48:32.822264 [INFO] current LH = -5662.620747047284	
2022/02/15 12:48:33.182326 [INFO] current LH = -5663.178035215294	
2022/02/15 12:48:33.542796 [INFO] current LH = -5662.71028745709	
2022/02/15 12:48:34.011099 [INFO] current LH = -5662.882277089137	
2022/02/15 12:48:34.424737 [INFO] current LH = -5663.007900536201	
2022/02/15 12:48:34.844140 [INFO] current LH = -5662.797102632081	
2022/02/15 12:48:35.259171 [INFO] current LH = -5663.091739547748	
2022/02/15 12:48:35.674281 [INFO] current LH = -5662.71955224611	
2022/02/15 12:48:35.970048 [INFO] current LH = -5663.169107077772	
2022/02/15 12:48:36.266091 [INFO] current LH = -5662.639889922372	
2022/02/15 12:48:36.561955 [INFO] current LH = -5663.250078951278	
2022/02/15 12:48:36.859322 [INFO] current LH = -5662.901639519559	
2022/02/15 12:48:37.154630 [INFO] current LH = -5662.988585389534	
2022/02/15 12:48:37.451096 [INFO] current LH = -5663.154546591732	
2022/02/15 12:48:37.746103 [INFO] current LH = -5662.735223238059	
2022/02/15 12:48:37.746137 [INFO] Wall time: 7.085858171s User: 0s System: 0.01s

2022/02/15 12:48:37.746144 [INFO] Wtotal time: 202.0025858s User: 0.32s System: 0.19s

2022/02/15 12:48:38.297560 [INFO] current LH = -5798.751039789348	
2022/02/15 12:48:38.849281 [INFO] current LH = -5864.158279351991	
2022/02/15 12:48:39.163629 [INFO] current LH = -5864.404391775088	
2022/02/15 12:48:39.477757 [INFO] current LH = -5863.910244832306	
2022/02/15 12:48:39.795613 [INFO] current LH = -5864.29166812859	
2022/02/15 12:48:40.110720 [INFO] current LH = -5864.023001881471	
2022/02/15 12:48:40.454203 [INFO] current LH = -5864.282503314732	
2022/02/15 12:48:40.793613 [INFO] current LH = -5864.031535406984	
2022/02/15 12:48:41.131716 [INFO] current LH = -5863.559626725255	
2022/02/15 12:48:41.470206 [INFO] current LH = -5864.753994258002	
2022/02/15 12:48:41.810465 [INFO] current LH = -5864.262903439972	
2022/02/15 12:48:42.149495 [INFO] current LH = -5864.051548160352	
2022/02/15 12:48:42.486906 [INFO] current LH = -5864.238255913295	
2022/02/15 12:48:42.825556 [INFO] current LH = -5864.075987912378	
2022/02/15 12:48:43.224872 [INFO] current LH = -5863.962343273507	
2022/02/15 12:48:43.594259 [INFO] current LH = -5864.351750996041	
2022/02/15 12:48:43.962725 [INFO] current LH = -5864.930661370075	
2022/02/15 12:48:44.332384 [INFO] current LH = -5863.383205323809	
2022/02/15 12:48:44.762221 [INFO] current LH = -5864.53603522933	
2022/02/15 12:48:45.121340 [INFO] current LH = -5863.77700414011	
2022/02/15 12:48:45.121367 [INFO] Wall time: 7.375212051s User: 0.01s System: 0s

2022/02/15 12:48:45.121374 [INFO] Wtotal time: 209.3778159s User: 0.33s System: 0.19s

2022/02/15 12:48:45.481427 [INFO] current LH = -5864.119493017484	
2022/02/15 12:48:45.842439 [INFO] current LH = -5864.1923963101	
2022/02/15 12:48:46.203139 [INFO] current LH = -5864.817498877806	
2022/02/15 12:48:46.563572 [INFO] current LH = -5863.496626716323	
2022/02/15 12:48:46.924870 [INFO] current LH = -5864.346815159117	
2022/02/15 12:48:47.284892 [INFO] current LH = -5863.966597371463	
2022/02/15 12:48:47.751643 [INFO] current LH = -5863.850669525601	
2022/02/15 12:48:48.166598 [INFO] current LH = -5864.462962528152	
2022/02/15 12:48:48.580889 [INFO] current LH = -5864.059144674174	
2022/02/15 12:48:48.994788 [INFO] current LH = -5864.25467549976	
2022/02/15 12:48:49.409553 [INFO] current LH = -5864.215382542299	
2022/02/15 12:48:49.707030 [INFO] current LH = -5864.099422081431	
2022/02/15 12:48:50.002670 [INFO] current LH = -5864.082011167603	
2022/02/15 12:48:50.297634 [INFO] current LH = -5864.232095991986	
2022/02/15 12:48:50.593470 [INFO] current LH = -5864.313400738678	
2022/02/15 12:48:50.889495 [INFO] current LH = -5863.999521930282	
2022/02/15 12:48:51.185495 [INFO] current LH = -5864.224563013603	
2022/02/15 12:48:51.481172 [INFO] current LH = -5864.088363894972	
2022/02/15 12:48:52.034758 [INFO] current LH = -6063.323827554378	
2022/02/15 12:48:52.584833 [INFO] current LH = -6061.310240353672	
2022/02/15 12:48:52.584858 [INFO] Wall time: 7.463473759s User: 0s System: 0.01s

2022/02/15 12:48:52.584865 [INFO] Wtotal time: 216.8413069s User: 0.33s System: 0.2s

2022/02/15 12:48:53.132974 [INFO] current LH = -6064.42220866041	
2022/02/15 12:48:53.447170 [INFO] current LH = -6064.604998248427	
2022/02/15 12:48:53.761555 [INFO] current LH = -6064.235796684138	
2022/02/15 12:48:54.075519 [INFO] current LH = -6064.554218561054	
2022/02/15 12:48:54.391254 [INFO] current LH = -6064.28870070657	
2022/02/15 12:48:54.740173 [INFO] current LH = -6064.295014111254	
2022/02/15 12:48:55.078106 [INFO] current LH = -6064.546921933168	
2022/02/15 12:48:55.415329 [INFO] current LH = -6064.423939221907	
2022/02/15 12:48:55.754679 [INFO] current LH = -6064.418705261955	
2022/02/15 12:48:56.093071 [INFO] current LH = -6064.296879796823	
2022/02/15 12:48:56.430491 [INFO] current LH = -6064.544331301347	
2022/02/15 12:48:56.770839 [INFO] current LH = -6064.38352995061	
2022/02/15 12:48:57.108875 [INFO] current LH = -6064.459519850172	
2022/02/15 12:48:57.447600 [INFO] current LH = -6064.365512444084	
2022/02/15 12:48:57.786305 [INFO] current LH = -6064.476018543692	
2022/02/15 12:48:58.186500 [INFO] current LH = -6063.73965286105	
2022/02/15 12:48:58.554910 [INFO] current LH = -6065.102007154432	
2022/02/15 12:48:58.923607 [INFO] current LH = -6064.840824396775	
2022/02/15 12:48:59.291655 [INFO] current LH = -6064.001883847814	
2022/02/15 12:48:59.723157 [INFO] current LH = -6064.115418782121	
2022/02/15 12:48:59.723181 [INFO] Wall time: 7.138305993s User: 0s System: 0s

2022/02/15 12:48:59.723189 [INFO] Wtotal time: 223.9796307s User: 0.33s System: 0.2s

2022/02/15 12:49:00.114510 [INFO] current LH = -6064.722016141923	
2022/02/15 12:49:00.475201 [INFO] current LH = -6064.225566509369	
2022/02/15 12:49:00.835036 [INFO] current LH = -6064.615952754816	
2022/02/15 12:49:01.195897 [INFO] current LH = -6064.095923505346	
2022/02/15 12:49:01.555896 [INFO] current LH = -6064.744135969428	
2022/02/15 12:49:01.918033 [INFO] current LH = -6064.58867035529	
2022/02/15 12:49:02.277678 [INFO] current LH = -6064.252895796881	
2022/02/15 12:49:02.638852 [INFO] current LH = -6064.241337427193	
2022/02/15 12:49:02.999474 [INFO] current LH = -6064.60043147975	
2022/02/15 12:49:03.465183 [INFO] current LH = -6063.990129233182	
2022/02/15 12:49:03.879464 [INFO] current LH = -6064.849609724404	
2022/02/15 12:49:04.293727 [INFO] current LH = -6064.500485809769	
2022/02/15 12:49:04.711814 [INFO] current LH = -6064.342103255769	
2022/02/15 12:49:05.126322 [INFO] current LH = -6064.115659586888	
2022/02/15 12:49:05.423171 [INFO] current LH = -6064.725573041685	
2022/02/15 12:49:05.718466 [INFO] current LH = -6063.843916275892	
2022/02/15 12:49:06.014717 [INFO] current LH = -6064.997883793654	
2022/02/15 12:49:06.310157 [INFO] current LH = -6063.933549827155	
2022/02/15 12:49:06.606751 [INFO] current LH = -6064.905314072261	
2022/02/15 12:49:06.903522 [INFO] current LH = -6064.07013142201	
2022/02/15 12:49:06.903545 [INFO] Wall time: 7.180337929s User: 0.01s System: 0.01s

2022/02/15 12:49:06.903552 [INFO] Wtotal time: 231.1599938s User: 0.34s System: 0.21s

2022/02/15 12:49:07.199413 [INFO] current LH = -6064.771389333324	
2022/02/15 12:49:07.495163 [INFO] current LH = -6064.131078474912	
2022/02/15 12:49:07.791700 [INFO] current LH = -6064.709673074452	
2022/02/15 12:49:08.341724 [INFO] current LH = -6186.469946852728	
2022/02/15 12:49:08.895096 [INFO] current LH = -6189.652517242079	
2022/02/15 12:49:09.209461 [INFO] current LH = -6189.914362732947	
2022/02/15 12:49:09.524825 [INFO] current LH = -6189.387388071561	
2022/02/15 12:49:09.840671 [INFO] current LH = -6189.813081910683	
2022/02/15 12:49:10.154743 [INFO] current LH = -6189.487662796068	
2022/02/15 12:49:10.499134 [INFO] Client timing information: 
2022/02/15 12:49:10.499158 [INFO] Client id 0 channel id 0  response time +0 s
2022/02/15 12:49:10.499164 [INFO] Client id 1 channel id 0  response time +4.5e-05 s
2022/02/15 12:49:10.531288 [INFO] current LH = -6189.746899928626	
2022/02/15 12:49:10.870531 [INFO] current LH = -6189.555746768016	
2022/02/15 12:49:11.208762 [INFO] current LH = -6189.573617839105	
2022/02/15 12:49:11.547455 [INFO] current LH = -6189.728990491706	
2022/02/15 12:49:11.886628 [INFO] current LH = -6189.754047328452	
2022/02/15 12:49:12.225345 [INFO] current LH = -6189.548625973208	
2022/02/15 12:49:12.564456 [INFO] current LH = -6189.285219095845	
2022/02/15 12:49:12.903244 [INFO] current LH = -6190.016643264828	
2022/02/15 12:49:13.303124 [INFO] current LH = -6189.256913686873	
2022/02/15 12:49:13.671333 [INFO] current LH = -6190.045623083492	
2022/02/15 12:49:14.039882 [INFO] current LH = -6189.686907766634	
2022/02/15 12:49:14.039906 [INFO] Wall time: 7.13634521s User: 0s System: 0s

2022/02/15 12:49:14.039914 [INFO] Wtotal time: 238.296355s User: 0.34s System: 0.21s

2022/02/15 12:49:14.409291 [INFO] current LH = -6189.615610157241	
2022/02/15 12:49:14.839925 [INFO] current LH = -6189.814863979611	
2022/02/15 12:49:15.199580 [INFO] current LH = -6189.487805939169	
2022/02/15 12:49:15.559290 [INFO] current LH = -6189.885452447364	
2022/02/15 12:49:15.919567 [INFO] current LH = -6189.417399095847	
2022/02/15 12:49:16.279005 [INFO] current LH = -6190.079509110487	
2022/02/15 12:49:16.638989 [INFO] current LH = -6189.22339089731	
2022/02/15 12:49:17.000318 [INFO] current LH = -6189.322404492465	
2022/02/15 12:49:17.360233 [INFO] current LH = -6189.980003767878	
2022/02/15 12:49:17.828567 [INFO] current LH = -6189.745116777362	
2022/02/15 12:49:18.242713 [INFO] current LH = -6189.55760216103	
2022/02/15 12:49:18.657949 [INFO] current LH = -6189.689481807869	
2022/02/15 12:49:19.072066 [INFO] current LH = -6189.61377949568	
2022/02/15 12:49:19.486056 [INFO] current LH = -6189.441157232967	
2022/02/15 12:49:19.786557 [INFO] current LH = -6189.860914579021	
2022/02/15 12:49:20.082332 [INFO] current LH = -6189.357243510739	
2022/02/15 12:49:20.377765 [INFO] current LH = -6189.94526854678	
2022/02/15 12:49:20.674056 [INFO] current LH = -6189.726722708187	
2022/02/15 12:49:20.970197 [INFO] current LH = -6189.575392252837	
2022/02/15 12:49:21.265638 [INFO] current LH = -6189.934934162137	
2022/02/15 12:49:21.265665 [INFO] Wall time: 7.225741022s User: 0s System: 0.01s

2022/02/15 12:49:21.265675 [INFO] Wtotal time: 245.5221158s User: 0.34s System: 0.22s

2022/02/15 12:49:21.561245 [INFO] current LH = -6189.367528456334	
2022/02/15 12:49:22.114139 [INFO] current LH = -6297.452050612621	
2022/02/15 12:49:22.665684 [INFO] current LH = -6299.798611999126	
2022/02/15 12:49:23.215533 [INFO] current LH = -6305.550247308835	
2022/02/15 12:49:23.529915 [INFO] current LH = -6305.538434473358	
2022/02/15 12:49:23.843841 [INFO] current LH = -6305.558310894919	
2022/02/15 12:49:24.158235 [INFO] current LH = -6305.480868076062	
2022/02/15 12:49:24.472662 [INFO] current LH = -6305.615719606167	
2022/02/15 12:49:24.821627 [INFO] current LH = -6305.39020877339	
2022/02/15 12:49:25.159871 [INFO] current LH = -6305.707939861298	
2022/02/15 12:49:25.498138 [INFO] current LH = -6305.502048449748	
2022/02/15 12:49:25.836842 [INFO] current LH = -6305.595359677011	
2022/02/15 12:49:26.175322 [INFO] current LH = -6305.491427555015	
2022/02/15 12:49:26.513185 [INFO] current LH = -6305.605716915884	
2022/02/15 12:49:26.855698 [INFO] current LH = -6305.364713260228	
2022/02/15 12:49:27.194717 [INFO] current LH = -6305.733369819782	
2022/02/15 12:49:27.594541 [INFO] current LH = -6305.395253311583	
2022/02/15 12:49:27.964045 [INFO] current LH = -6305.70267633113	
2022/02/15 12:49:28.332750 [INFO] current LH = -6305.396256765637	
2022/02/15 12:49:28.702603 [INFO] current LH = -6305.701522593902	
2022/02/15 12:49:28.702629 [INFO] Wall time: 7.436942902s User: 0s System: 0.01s

2022/02/15 12:49:28.702637 [INFO] Wtotal time: 252.9590781s User: 0.34s System: 0.23s

2022/02/15 12:49:29.127236 [INFO] current LH = -6305.721493663487	
2022/02/15 12:49:29.487992 [INFO] current LH = -6305.376229131108	
2022/02/15 12:49:29.850509 [INFO] current LH = -6305.453857039168	
2022/02/15 12:49:30.211084 [INFO] current LH = -6305.643284277622	
2022/02/15 12:49:30.570803 [INFO] current LH = -6306.007377817983	
2022/02/15 12:49:30.931510 [INFO] current LH = -6305.090408789546	
2022/02/15 12:49:31.291907 [INFO] current LH = -6306.059503436658	
2022/02/15 12:49:31.652985 [INFO] current LH = -6305.034488178415	
2022/02/15 12:49:32.013567 [INFO] current LH = -6305.89724779098	
2022/02/15 12:49:32.373565 [INFO] current LH = -6305.200241929176	
2022/02/15 12:49:32.841860 [INFO] current LH = -6305.615296472685	
2022/02/15 12:49:33.256292 [INFO] current LH = -6305.482931530008	
2022/02/15 12:49:33.671194 [INFO] current LH = -6305.585834359148	
2022/02/15 12:49:34.086029 [INFO] current LH = -6305.511895071935	
2022/02/15 12:49:34.500345 [INFO] current LH = -6305.369146073187	
2022/02/15 12:49:34.801429 [INFO] current LH = -6305.728184109979	
2022/02/15 12:49:35.097396 [INFO] current LH = -6305.351486524026	
2022/02/15 12:49:35.392941 [INFO] current LH = -6305.746483154299	
2022/02/15 12:49:35.688831 [INFO] current LH = -6305.663796058383	
2022/02/15 12:49:35.984967 [INFO] current LH = -6305.432841006857	
2022/02/15 12:49:35.985005 [INFO] Wall time: 7.282350715s User: 0s System: 0.01s

2022/02/15 12:49:35.985013 [INFO] Wtotal time: 260.2414546s User: 0.34s System: 0.24s

2022/02/15 12:49:36.281069 [INFO] current LH = -6306.00604294391	
2022/02/15 12:49:36.577200 [INFO] current LH = -6305.091666143099	
2022/02/15 12:49:37.130662 [INFO] current LH = -6404.948726256997	
2022/02/15 12:49:37.683359 [INFO] current LH = -6496.836464845383	
2022/02/15 12:49:38.233898 [INFO] current LH = -6500.944239085372	
2022/02/15 12:49:38.548116 [INFO] current LH = -6500.32055072782	
2022/02/15 12:49:38.863419 [INFO] current LH = -6501.563643792757	
2022/02/15 12:49:39.178616 [INFO] current LH = -6500.821468486645	
2022/02/15 12:49:39.493139 [INFO] current LH = -6501.062416228878	
2022/02/15 12:49:39.839267 [INFO] current LH = -6500.681741806035	
2022/02/15 12:49:40.177390 [INFO] current LH = -6501.205321442324	
2022/02/15 12:49:40.515380 [INFO] current LH = -6500.555181806236	
2022/02/15 12:49:40.854007 [INFO] current LH = -6501.330193917553	
2022/02/15 12:49:41.191685 [INFO] current LH = -6500.937773699563	
2022/02/15 12:49:41.529842 [INFO] current LH = -6500.949503530133	
2022/02/15 12:49:41.868831 [INFO] current LH = -6500.933265622322	
2022/02/15 12:49:42.207462 [INFO] current LH = -6500.952111939143	
2022/02/15 12:49:42.545277 [INFO] current LH = -6501.16415027442	
2022/02/15 12:49:42.884453 [INFO] current LH = -6500.72181422021	
2022/02/15 12:49:43.222308 [INFO] current LH = -6500.622942280257	
2022/02/15 12:49:43.222334 [INFO] Wall time: 7.237311621s User: 0s System: 0s

2022/02/15 12:49:43.222341 [INFO] Wtotal time: 267.478783s User: 0.34s System: 0.24s

2022/02/15 12:49:43.561126 [INFO] current LH = -6501.263132785854	
2022/02/15 12:49:43.961168 [INFO] current LH = -6500.898906603209	
2022/02/15 12:49:44.330173 [INFO] current LH = -6500.987760702881	
2022/02/15 12:49:44.703783 [INFO] current LH = -6500.896658119776	
2022/02/15 12:49:45.072607 [INFO] current LH = -6500.990153884106	
2022/02/15 12:49:45.497258 [INFO] current LH = -6500.912414303483	
2022/02/15 12:49:45.856996 [INFO] current LH = -6500.973153548722	
2022/02/15 12:49:46.217841 [INFO] current LH = -6501.008769167098	
2022/02/15 12:49:46.578105 [INFO] current LH = -6500.877378697329	
2022/02/15 12:49:46.940534 [INFO] current LH = -6501.233642645576	
2022/02/15 12:49:47.299912 [INFO] current LH = -6500.653057148763	
2022/02/15 12:49:47.660710 [INFO] current LH = -6500.75605163085	
2022/02/15 12:49:48.020851 [INFO] current LH = -6501.13062433723	
2022/02/15 12:49:48.488657 [INFO] current LH = -6500.999632856446	
2022/02/15 12:49:48.902989 [INFO] current LH = -6500.886693713665	
2022/02/15 12:49:49.318083 [INFO] current LH = -6501.006087542998	
2022/02/15 12:49:49.735713 [INFO] current LH = -6500.87967937405	
2022/02/15 12:49:50.150910 [INFO] current LH = -6500.813038939986	
2022/02/15 12:49:50.446847 [INFO] current LH = -6501.071708669091	
2022/02/15 12:49:50.742946 [INFO] current LH = -6500.843321026649	
2022/02/15 12:49:50.742986 [INFO] Wall time: 7.520629021s User: 0.01s System: 0.01s

2022/02/15 12:49:50.743003 [INFO] Wtotal time: 274.999436s User: 0.35s System: 0.25s

2022/02/15 12:49:51.038192 [INFO] current LH = -6501.043438775243	
2022/02/15 12:49:51.334152 [INFO] current LH = -6500.870465561553	
2022/02/15 12:49:51.629025 [INFO] current LH = -6501.011177133043	
2022/02/15 12:49:51.925631 [INFO] current LH = -6500.895309083312	
2022/02/15 12:49:52.221198 [INFO] current LH = -6500.990070442485	
2022/02/15 12:49:52.516700 [INFO] current LH = -6501.268246625288	
2022/02/15 12:49:52.812309 [INFO] current LH = -6500.618050497801	
2022/02/15 12:49:53.364083 [INFO] current LH = -6583.566630316705	
2022/02/15 12:49:53.915442 [INFO] current LH = -6509.206790418174	
2022/02/15 12:49:54.468105 [INFO] current LH = -6647.171003697345	
2022/02/15 12:49:54.788240 [INFO] current LH = -6647.09662070249	
2022/02/15 12:49:55.101685 [INFO] current LH = -6647.242358312384	
2022/02/15 12:49:55.416252 [INFO] current LH = -6646.925557726731	
2022/02/15 12:49:55.730607 [INFO] current LH = -6647.41227198363	
2022/02/15 12:49:56.075802 [INFO] current LH = -6647.147292756663	
2022/02/15 12:49:56.413836 [INFO] current LH = -6647.19348064655	
2022/02/15 12:49:56.753600 [INFO] current LH = -6647.132397144991	
2022/02/15 12:49:57.092328 [INFO] current LH = -6647.206432158346	
2022/02/15 12:49:57.430168 [INFO] current LH = -6647.21026904003	
2022/02/15 12:49:57.768150 [INFO] current LH = -6647.129410873021	
2022/02/15 12:49:57.768177 [INFO] Wall time: 7.02515565s User: 0s System: 0s

2022/02/15 12:49:57.768187 [INFO] Wtotal time: 282.0246277s User: 0.35s System: 0.25s

2022/02/15 12:49:58.107425 [INFO] current LH = -6647.451213491961	
2022/02/15 12:49:58.445470 [INFO] current LH = -6646.888483728608	
2022/02/15 12:49:58.784406 [INFO] current LH = -6647.079458655999	
2022/02/15 12:49:59.122543 [INFO] current LH = -6647.259989852604	
2022/02/15 12:49:59.521602 [INFO] current LH = -6647.371571660032	
2022/02/15 12:49:59.893602 [INFO] current LH = -6646.968377808428	
2022/02/15 12:50:00.264415 [INFO] current LH = -6647.061266940111	
2022/02/15 12:50:00.633787 [INFO] current LH = -6647.277746374582	
2022/02/15 12:50:01.058629 [INFO] current LH = -6647.481227245275	
2022/02/15 12:50:01.420127 [INFO] current LH = -6646.858487548134	
2022/02/15 12:50:01.782130 [INFO] current LH = -6647.16862924164	
2022/02/15 12:50:02.141925 [INFO] current LH = -6647.170598734411	
2022/02/15 12:50:02.502228 [INFO] current LH = -6647.842365202202	
2022/02/15 12:50:02.862180 [INFO] current LH = -6646.49826702435	
2022/02/15 12:50:03.224185 [INFO] current LH = -6648.189750838544	
2022/02/15 12:50:03.584590 [INFO] current LH = -6646.149086067384	
2022/02/15 12:50:03.944805 [INFO] current LH = -6646.717110121136	
2022/02/15 12:50:04.305391 [INFO] current LH = -6647.621050210911	
2022/02/15 12:50:04.777466 [INFO] current LH = -6647.226404915592	
2022/02/15 12:50:05.192089 [INFO] current LH = -6647.113695906774	
2022/02/15 12:50:05.192116 [INFO] Wall time: 7.42390943s User: 0s System: 0.01s

2022/02/15 12:50:05.192124 [INFO] Wtotal time: 289.4485654s User: 0.35s System: 0.26s

2022/02/15 12:50:05.606441 [INFO] current LH = -6647.33458637958	
2022/02/15 12:50:06.022803 [INFO] current LH = -6647.005704090495	
2022/02/15 12:50:06.436634 [INFO] current LH = -6647.252650319009	
2022/02/15 12:50:06.733478 [INFO] current LH = -6647.086663992383	
2022/02/15 12:50:07.029547 [INFO] current LH = -6647.418990047009	
2022/02/15 12:50:07.325721 [INFO] current LH = -6646.921133330303	
2022/02/15 12:50:07.620821 [INFO] current LH = -6647.653935975526	
2022/02/15 12:50:07.915925 [INFO] current LH = -6646.683409979105	
2022/02/15 12:50:08.210957 [INFO] current LH = -6647.404367242912	
2022/02/15 12:50:08.507082 [INFO] current LH = -6646.93496842334	
2022/02/15 12:50:09.058019 [INFO] current LH = -6722.306431839323	
2022/02/15 12:50:09.610991 [INFO] current LH = -6754.129446881987	
2022/02/15 12:50:10.163476 [INFO] current LH = -6754.969074231907	
2022/02/15 12:50:10.478215 [INFO] current LH = -6755.440979300474	
2022/02/15 12:50:10.793535 [INFO] current LH = -6754.494406229535	
2022/02/15 12:50:11.108338 [INFO] current LH = -6754.74829095836	
2022/02/15 12:50:11.423070 [INFO] current LH = -6755.187549942271	
2022/02/15 12:50:11.769235 [INFO] current LH = -6755.049774735507	
2022/02/15 12:50:12.107131 [INFO] current LH = -6754.88667616691	
2022/02/15 12:50:12.448465 [INFO] current LH = -6754.759041054671	
2022/02/15 12:50:12.448493 [INFO] Wall time: 7.25635905s User: 0s System: 0.01s

2022/02/15 12:50:12.448502 [INFO] Wtotal time: 296.704943s User: 0.35s System: 0.27s

2022/02/15 12:50:12.818904 [INFO] current LH = -6755.178307529	
2022/02/15 12:50:13.157376 [INFO] current LH = -6754.546765178583	
2022/02/15 12:50:13.496418 [INFO] current LH = -6755.388156192999	
2022/02/15 12:50:13.835440 [INFO] current LH = -6755.153520143702	
2022/02/15 12:50:14.174261 [INFO] current LH = -6754.782788856266	
2022/02/15 12:50:14.512245 [INFO] current LH = -6755.27473886458	
2022/02/15 12:50:14.859555 [INFO] current LH = -6754.661726796997	
2022/02/15 12:50:15.258629 [INFO] current LH = -6755.224063280168	
2022/02/15 12:50:15.627076 [INFO] current LH = -6754.712034729177	
2022/02/15 12:50:15.997217 [INFO] current LH = -6754.77483624613	
2022/02/15 12:50:16.366094 [INFO] current LH = -6755.160712779014	
2022/02/15 12:50:16.793697 [INFO] current LH = -6755.296302180155	
2022/02/15 12:50:17.154489 [INFO] current LH = -6754.639135832347	
2022/02/15 12:50:17.515527 [INFO] current LH = -6755.162346633701	
2022/02/15 12:50:17.874783 [INFO] current LH = -6754.771908108172	
2022/02/15 12:50:18.235177 [INFO] current LH = -6756.088338859056	
2022/02/15 12:50:18.595065 [INFO] current LH = -6753.847810663478	
2022/02/15 12:50:18.955859 [INFO] current LH = -6754.216275922983	
2022/02/15 12:50:19.316129 [INFO] current LH = -6755.715791229039	
2022/02/15 12:50:19.678506 [INFO] current LH = -6754.421785692455	
2022/02/15 12:50:19.678532 [INFO] Wall time: 7.230021381s User: 0.01s System: 0s

2022/02/15 12:50:19.678540 [INFO] Wtotal time: 303.9349817s User: 0.36s System: 0.27s

2022/02/15 12:50:20.038903 [INFO] current LH = -6755.51314231184	
2022/02/15 12:50:20.506177 [INFO] current LH = -6755.053853416901	
2022/02/15 12:50:20.921352 [INFO] current LH = -6754.881149764744	
2022/02/15 12:50:21.336090 [INFO] current LH = -6755.183083721619	
2022/02/15 12:50:21.751510 [INFO] current LH = -6754.753246752213	
2022/02/15 12:50:22.166918 [INFO] current LH = -6754.985689499611	
2022/02/15 12:50:22.462875 [INFO] current LH = -6754.94960722749	
2022/02/15 12:50:22.758627 [INFO] current LH = -6755.356128286054	
2022/02/15 12:50:23.053954 [INFO] current LH = -6754.580311152048	
2022/02/15 12:50:23.350116 [INFO] Client timing information: 
2022/02/15 12:50:23.350139 [INFO] Client id 0 channel id 0  response time +0 s
2022/02/15 12:50:23.350145 [INFO] Client id 1 channel id 0  response time +0.000443 s
2022/02/15 12:50:23.445333 [INFO] current LH = -6755.581001155972	
2022/02/15 12:50:23.741350 [INFO] current LH = -6754.351786363942	
2022/02/15 12:50:24.036830 [INFO] current LH = -6755.154365372837	
2022/02/15 12:50:24.332548 [INFO] current LH = -6754.781417640406	
2022/02/15 12:50:24.889895 [INFO] current LH = -6821.631862925366	
2022/02/15 12:50:25.440335 [INFO] current LH = -6899.749718933287	
2022/02/15 12:50:25.991962 [INFO] current LH = -6919.168384754019	
2022/02/15 12:50:26.543936 [INFO] current LH = -6919.488451056823	
2022/02/15 12:50:26.860586 [INFO] current LH = -6919.772092657747	
2022/02/15 12:50:27.175283 [INFO] current LH = -6919.202155078166	
2022/02/15 12:50:27.490340 [INFO] current LH = -6919.299162303314	
2022/02/15 12:50:27.490368 [INFO] Wall time: 7.811817339s User: 0s System: 0.01s

2022/02/15 12:50:27.490379 [INFO] Wtotal time: 311.746819s User: 0.36s System: 0.28s

2022/02/15 12:50:27.804898 [INFO] current LH = -6919.675960533851	
2022/02/15 12:50:28.149934 [INFO] current LH = -6919.540683795955	
2022/02/15 12:50:28.488118 [INFO] current LH = -6919.423682622212	
2022/02/15 12:50:28.827014 [INFO] current LH = -6919.516821098091	
2022/02/15 12:50:29.164818 [INFO] current LH = -6919.45678740024	
2022/02/15 12:50:29.503468 [INFO] current LH = -6918.628851774946	
2022/02/15 12:50:29.843657 [INFO] current LH = -6920.343850017014	
2022/02/15 12:50:30.181957 [INFO] current LH = -6919.331802799207	
2022/02/15 12:50:30.520588 [INFO] current LH = -6919.640740157128	
2022/02/15 12:50:30.859233 [INFO] current LH = -6919.828684135263	
2022/02/15 12:50:31.198386 [INFO] current LH = -6919.146639929828	
2022/02/15 12:50:31.536820 [INFO] current LH = -6919.979931381115	
2022/02/15 12:50:31.876500 [INFO] current LH = -6918.993661885173	
2022/02/15 12:50:32.275876 [INFO] current LH = -6919.648403751051	
2022/02/15 12:50:32.644487 [INFO] current LH = -6919.325464697009	
2022/02/15 12:50:33.012985 [INFO] current LH = -6919.263810165507	
2022/02/15 12:50:33.381637 [INFO] current LH = -6919.710228145929	
2022/02/15 12:50:33.807835 [INFO] current LH = -6919.436160738484	
2022/02/15 12:50:34.168123 [INFO] current LH = -6919.53696357897	
2022/02/15 12:50:34.528716 [INFO] current LH = -6919.073041167733	
2022/02/15 12:50:34.528740 [INFO] Wall time: 7.038352021s User: 0s System: 0s

2022/02/15 12:50:34.528748 [INFO] Wtotal time: 318.7851895s User: 0.36s System: 0.28s

2022/02/15 12:50:34.894304 [INFO] current LH = -6919.898564850622	
2022/02/15 12:50:35.254355 [INFO] current LH = -6920.392126009052	
2022/02/15 12:50:35.614724 [INFO] current LH = -6918.576312332924	
2022/02/15 12:50:35.976276 [INFO] current LH = -6920.053692742303	
2022/02/15 12:50:36.336179 [INFO] current LH = -6918.919910421624	
2022/02/15 12:50:36.696339 [INFO] current LH = -6919.79366746717	
2022/02/15 12:50:37.057614 [INFO] current LH = -6919.177372104636	
2022/02/15 12:50:37.418645 [INFO] current LH = -6919.717983304329	
2022/02/15 12:50:37.779938 [INFO] current LH = -6919.255619645486	
2022/02/15 12:50:38.247340 [INFO] current LH = -6919.826547676323	
2022/02/15 12:50:38.662487 [INFO] current LH = -6919.145861531758	
2022/02/15 12:50:39.077295 [INFO] current LH = -6919.694965792897	
2022/02/15 12:50:39.490143 [INFO] current LH = -6919.27798911527	
2022/02/15 12:50:39.910575 [INFO] current LH = -6919.395866821687	
2022/02/15 12:50:40.206646 [INFO] current LH = -6919.577739690673	
2022/02/15 12:50:40.502816 [INFO] current LH = -6919.795485022212	
2022/02/15 12:50:40.798855 [INFO] current LH = -6919.178367035909	
2022/02/15 12:50:41.094748 [INFO] current LH = -6919.632096374615	
2022/02/15 12:50:41.390249 [INFO] current LH = -6919.340697916024	
2022/02/15 12:50:41.685998 [INFO] current LH = -6919.75208009478	
2022/02/15 12:50:41.686041 [INFO] Wall time: 7.15728312s User: 0s System: 0.01s

2022/02/15 12:50:41.686048 [INFO] Wtotal time: 325.9424897s User: 0.36s System: 0.29s

2022/02/15 12:50:41.982489 [INFO] current LH = -6919.221784208246	
2022/02/15 12:50:42.534838 [INFO] current LH = -6978.130213816354	
2022/02/15 12:50:43.085696 [INFO] current LH = -6992.156453451131	
2022/02/15 12:50:43.399667 [INFO] current LH = -6992.177584221434	
2022/02/15 12:50:43.713714 [INFO] current LH = -6992.131450843672	
2022/02/15 12:50:44.028330 [INFO] current LH = -6992.007006908807	
2022/02/15 12:50:44.342568 [INFO] current LH = -6992.302300692563	
2022/02/15 12:50:44.689668 [INFO] current LH = -6992.077079468073	
2022/02/15 12:50:45.027509 [INFO] current LH = -6992.232182349996	
2022/02/15 12:50:45.366336 [INFO] current LH = -6991.404316956995	
2022/02/15 12:50:45.704515 [INFO] current LH = -6992.905311922374	
2022/02/15 12:50:46.043418 [INFO] current LH = -6991.961421551818	
2022/02/15 12:50:46.381494 [INFO] current LH = -6992.347528722386	
2022/02/15 12:50:46.719594 [INFO] current LH = -6992.565148305924	
2022/02/15 12:50:47.058422 [INFO] current LH = -6991.742996496409	
2022/02/15 12:50:47.458780 [INFO] current LH = -6992.183660891132	
2022/02/15 12:50:47.828411 [INFO] current LH = -6992.12576667863	
2022/02/15 12:50:48.197108 [INFO] current LH = -6992.042440938729	
2022/02/15 12:50:48.566308 [INFO] current LH = -6992.267541986979	
2022/02/15 12:50:48.991754 [INFO] current LH = -6991.538928819503	
2022/02/15 12:50:48.991779 [INFO] Wall time: 7.305721048s User: 0.01s System: 0s

2022/02/15 12:50:48.991787 [INFO] Wtotal time: 333.2482282s User: 0.37s System: 0.29s

2022/02/15 12:50:49.352507 [INFO] current LH = -6992.770094969335	
2022/02/15 12:50:49.716677 [INFO] current LH = -6992.177772945942	
2022/02/15 12:50:50.076517 [INFO] current LH = -6992.131852397637	
2022/02/15 12:50:50.436916 [INFO] current LH = -6992.340628659502	
2022/02/15 12:50:50.797105 [INFO] current LH = -6991.967995281144	
2022/02/15 12:50:51.157165 [INFO] current LH = -6992.122748228444	
2022/02/15 12:50:51.518318 [INFO] current LH = -6992.186555885362	
2022/02/15 12:50:51.986561 [INFO] current LH = -6992.152432381818	
2022/02/15 12:50:52.402183 [INFO] current LH = -6992.155571715862	
2022/02/15 12:50:52.817497 [INFO] current LH = -6992.093388261175	
2022/02/15 12:50:53.231202 [INFO] current LH = -6992.215846329776	
2022/02/15 12:50:53.645280 [INFO] current LH = -6992.080766079402	
2022/02/15 12:50:53.941137 [INFO] current LH = -6992.22859501491	
2022/02/15 12:50:54.236579 [INFO] current LH = -6992.239943164694	
2022/02/15 12:50:54.531974 [INFO] current LH = -6992.069501379749	
2022/02/15 12:50:54.829554 [INFO] current LH = -6991.755364906056	
2022/02/15 12:50:55.126057 [INFO] current LH = -6992.553850594302	
2022/02/15 12:50:55.421755 [INFO] current LH = -6992.397828530416	
2022/02/15 12:50:55.717220 [INFO] current LH = -6991.912002235877	
2022/02/15 12:50:56.267723 [INFO] current LH = -7055.407838816554	
2022/02/15 12:50:56.267751 [INFO] Wall time: 7.275953392s User: 0s System: 0.01s

2022/02/15 12:50:56.267763 [INFO] Wtotal time: 340.5242027s User: 0.37s System: 0.3s

2022/02/15 12:50:56.582202 [INFO] current LH = -7055.19692691591	
2022/02/15 12:50:56.898736 [INFO] current LH = -7055.615138835401	
2022/02/15 12:50:57.213650 [INFO] current LH = -7055.178271182954	
2022/02/15 12:50:57.541030 [INFO] current LH = -7055.632925655631	
2022/02/15 12:50:57.887472 [INFO] current LH = -7055.379416632853	
2022/02/15 12:50:58.225288 [INFO] current LH = -7055.432907547291	
2022/02/15 12:50:58.564142 [INFO] current LH = -7054.823246192848	
2022/02/15 12:50:58.902092 [INFO] current LH = -7055.988799985889	
2022/02/15 12:50:59.240359 [INFO] current LH = -7055.13678229921	
2022/02/15 12:50:59.579146 [INFO] current LH = -7055.675503085096	
2022/02/15 12:50:59.922804 [INFO] current LH = -7055.648206031605	
2022/02/15 12:51:00.262460 [INFO] current LH = -7055.165563639359	
2022/02/15 12:51:00.662590 [INFO] current LH = -7055.627651459651	
2022/02/15 12:51:01.031725 [INFO] current LH = -7055.18535051633	
2022/02/15 12:51:01.400770 [INFO] current LH = -7055.280778473772	
2022/02/15 12:51:01.770933 [INFO] current LH = -7055.531609642629	
2022/02/15 12:51:02.196332 [INFO] current LH = -7055.193106599732	
2022/02/15 12:51:02.556725 [INFO] current LH = -7055.619871955329	
2022/02/15 12:51:02.917270 [INFO] current LH = -7055.380352833964	
2022/02/15 12:51:03.277189 [INFO] current LH = -7055.432157093602	
2022/02/15 12:51:03.277215 [INFO] Wall time: 7.009431133s User: 0s System: 0.01s

2022/02/15 12:51:03.277222 [INFO] Wtotal time: 347.5336637s User: 0.37s System: 0.31s

2022/02/15 12:51:03.637469 [INFO] current LH = -7055.721685163848	
2022/02/15 12:51:03.997195 [INFO] current LH = -7055.091122089371	
2022/02/15 12:51:04.358060 [INFO] current LH = -7055.565787838501	
2022/02/15 12:51:04.720892 [INFO] current LH = -7055.246379837345	
2022/02/15 12:51:05.188119 [INFO] current LH = -7055.686299751146	
2022/02/15 12:51:05.603558 [INFO] current LH = -7055.126372301466	
2022/02/15 12:51:06.019417 [INFO] current LH = -7055.360987987766	
2022/02/15 12:51:06.434783 [INFO] current LH = -7055.449935735753	
2022/02/15 12:51:06.850622 [INFO] current LH = -7055.598142201655	
2022/02/15 12:51:07.145875 [INFO] current LH = -7055.214003085708	
2022/02/15 12:51:07.442397 [INFO] current LH = -7055.700142075145	
2022/02/15 12:51:07.737800 [INFO] current LH = -7055.112829150412	
2022/02/15 12:51:08.033638 [INFO] current LH = -7055.384702992588	
2022/02/15 12:51:08.329344 [INFO] current LH = -7055.42769122767	
2022/02/15 12:51:08.625717 [INFO] current LH = -7055.624439227711	
2022/02/15 12:51:08.921904 [INFO] current LH = -7055.187893640355	
2022/02/15 12:51:09.472114 [INFO] current LH = -7108.337643213586	
2022/02/15 12:51:10.032213 [INFO] current LH = -7129.869535680965	
2022/02/15 12:51:10.346453 [INFO] current LH = -7129.435777888793	
2022/02/15 12:51:10.660989 [INFO] current LH = -7130.299301924457	
2022/02/15 12:51:10.661032 [INFO] Wall time: 7.383800173s User: 0s System: 0s

2022/02/15 12:51:10.661039 [INFO] Wtotal time: 354.9174807s User: 0.37s System: 0.31s

2022/02/15 12:51:10.975127 [INFO] current LH = -7130.09300002974	
2022/02/15 12:51:11.289587 [INFO] current LH = -7129.643961482408	
2022/02/15 12:51:11.633329 [INFO] current LH = -7129.686251163414	
2022/02/15 12:51:11.973542 [INFO] current LH = -7130.048660275839	
2022/02/15 12:51:12.311737 [INFO] current LH = -7129.261561285381	
2022/02/15 12:51:12.649435 [INFO] current LH = -7130.472764928655	
2022/02/15 12:51:12.987480 [INFO] current LH = -7129.782591724299	
2022/02/15 12:51:13.326316 [INFO] current LH = -7129.952326149742	
2022/02/15 12:51:13.664533 [INFO] current LH = -7129.92867507853	
2022/02/15 12:51:14.002821 [INFO] current LH = -7129.799777150493	
2022/02/15 12:51:14.341069 [INFO] current LH = -7129.904298581921	
2022/02/15 12:51:14.683305 [INFO] current LH = -7129.83137614141	
2022/02/15 12:51:15.082529 [INFO] current LH = -7129.66448138631	
2022/02/15 12:51:15.451799 [INFO] current LH = -7130.069237869519	
2022/02/15 12:51:15.820190 [INFO] current LH = -7129.907942482649	
2022/02/15 12:51:16.189014 [INFO] current LH = -7129.827478428057	
2022/02/15 12:51:16.613702 [INFO] current LH = -7129.57329064001	
2022/02/15 12:51:16.975040 [INFO] current LH = -7130.161871845626	
2022/02/15 12:51:17.336266 [INFO] current LH = -7129.979424779345	
2022/02/15 12:51:17.697140 [INFO] current LH = -7129.756322843322	
2022/02/15 12:51:17.697168 [INFO] Wall time: 7.036117943s User: 0s System: 0.01s

2022/02/15 12:51:17.697177 [INFO] Wtotal time: 361.9536179s User: 0.37s System: 0.32s

2022/02/15 12:51:18.056863 [INFO] current LH = -7130.033553453301	
2022/02/15 12:51:18.416700 [INFO] current LH = -7129.700715298854	
2022/02/15 12:51:18.776307 [INFO] current LH = -7129.804051083271	
2022/02/15 12:51:19.136091 [INFO] current LH = -7129.931543029857	
2022/02/15 12:51:19.604542 [INFO] current LH = -7129.682524347274	
2022/02/15 12:51:20.019460 [INFO] current LH = -7130.051816665069	
2022/02/15 12:51:20.433839 [INFO] current LH = -7129.789765132873	
2022/02/15 12:51:20.848916 [INFO] current LH = -7129.945405090543	
2022/02/15 12:51:21.262973 [INFO] current LH = -7129.607476557725	
2022/02/15 12:51:21.559141 [INFO] current LH = -7130.1278434232	
2022/02/15 12:51:21.856343 [INFO] current LH = -7129.760895726049	
2022/02/15 12:51:22.152065 [INFO] current LH = -7129.973191012506	
2022/02/15 12:51:22.447699 [INFO] current LH = -7129.749725754616	
2022/02/15 12:51:22.744780 [INFO] current LH = -7129.986447242151	
2022/02/15 12:51:23.039689 [INFO] current LH = -7130.089662707213	
2022/02/15 12:51:23.335735 [INFO] current LH = -7129.645102052161	
2022/02/15 12:51:23.887084 [INFO] current LH = -7164.274587986238	
2022/02/15 12:51:24.436070 [INFO] current LH = -7184.544216921355	
2022/02/15 12:51:24.991526 [INFO] current LH = -7186.201126781615	
2022/02/15 12:51:25.307115 [INFO] current LH = -7186.095279841014	
2022/02/15 12:51:25.307143 [INFO] Wall time: 7.609955003s User: 0.01s System: 0.01s

2022/02/15 12:51:25.307151 [INFO] Wtotal time: 369.5635925s User: 0.38s System: 0.33s

  no                                  Name                    Value  type                 Error +-            Low          High
   0         L2S2_J0P-1C1Tof2(1270)_etaMag       0.3083641628170701  free                      0.5
   1         L2S2_J0P-1C1Tof2(1270)_etaPhi       0.8955227463807419  free                      0.2
   2       L2S0_f2(1270)Topion0A_pion0BMag                        1 fixed
   3       L2S0_f2(1270)Topion0A_pion0BPhi                        0 fixed
   4                          f2(1270)Mass                    1.275 fixed
   5                         f2(1270)Width                    0.185 fixed
   6  L2S2_J0P-1C1Toa2(1320)0AB_pion0ABMag                        1 fixed
   7  L2S2_J0P-1C1Toa2(1320)0AB_pion0ABPhi                        0 fixed
   8      L2S0_a2(1320)0ABTopion0AB_etaMag                        1 fixed
   9      L2S0_a2(1320)0ABTopion0AB_etaPhi                        0 fixed
  10                       a2(1320)0ABMass                    1.318 fixed
  11                      a2(1320)0ABWidth                    0.107 fixed
  12          L1S2_J1P1C1Tof2(1270)_etaMag       0.6203639828285276  free       0.3535533905932737
  13          L1S2_J1P1C1Tof2(1270)_etaPhi       -2.114294073106043  free                      0.2
  14          L3S2_J1P1C1Tof2(1270)_etaMag       0.3407978703757313  free       0.3535533905932737
  15          L3S2_J1P1C1Tof2(1270)_etaPhi       0.3051446330737159  free                      0.2
  16   L1S2_J1P1C1Toa2(1320)0AB_pion0ABMag       0.7071067811865475 fixed
  17   L1S2_J1P1C1Toa2(1320)0AB_pion0ABPhi                        0 fixed
  18   L3S2_J1P1C1Toa2(1320)0AB_pion0ABMag       0.9349335736635908  free       0.3535533905932737
  19   L3S2_J1P1C1Toa2(1320)0AB_pion0ABPhi       0.8339704599977387  free                      0.2
  20          L1S2_J2P1C1Tof2(1270)_etaMag        3.263908035234363  free       0.3535533905932737
  21          L1S2_J2P1C1Tof2(1270)_etaPhi       -2.261844022354637  free                      0.2
  22          L3S2_J2P1C1Tof2(1270)_etaMag        2.257834776137277  free       0.3535533905932737
  23          L3S2_J2P1C1Tof2(1270)_etaPhi       -3.624608271955517  free                      0.2
  24   L1S2_J2P1C1Toa2(1320)0AB_pion0ABMag       0.7071067811865475 fixed
  25   L1S2_J2P1C1Toa2(1320)0AB_pion0ABPhi                        0 fixed
  26   L3S2_J2P1C1Toa2(1320)0AB_pion0ABMag       0.6616921300837928  free       0.3535533905932737
  27   L3S2_J2P1C1Toa2(1320)0AB_pion0ABPhi        1.078764827321206  free                      0.2
  28    channelType1pion0Apion0BetaScaling                        1 fixed
  29                           Iso1J0P-1C1                        0 fixed
  30                            Iso1J1P1C1                        0 fixed
  31                            Iso1J2P1C1                        0 fixed
  32                   J0P-1C1L0S0pbarpMag        1.428702909770283  free       0.2886751345948129
  33                   J0P-1C1L0S0pbarpPhi                        0 fixed
  34                    J1P1C1L1S1pbarpMag       0.3862875863464039  free       0.2886751345948129
  35                    J1P1C1L1S1pbarpPhi                        0 fixed
  36                    J2P1C1L1S1pbarpMag       0.2929431884968082  free       0.2886751345948129
  37                    J2P1C1L1S1pbarpPhi        2.836840531012162  free                      0.2
2022/02/15 12:51:25.652412 [INFO] current LH = -7186.304172585511	
2022/02/15 12:51:25.967371 [INFO] current LH = -7186.375921462771	
2022/02/15 12:51:26.281973 [INFO] current LH = -7186.023119683482	
2022/02/15 12:51:26.625809 [INFO] current LH = -7186.142648600654	
2022/02/15 12:51:26.965320 [INFO] current LH = -7186.255543472093	
2022/02/15 12:51:27.303919 [INFO] current LH = -7185.704150587852	
2022/02/15 12:51:27.641972 [INFO] current LH = -7186.691922975952	
2022/02/15 12:51:27.980695 [INFO] current LH = -7186.171971461128	
2022/02/15 12:51:28.318508 [INFO] current LH = -7186.226623935944	
2022/02/15 12:51:28.656824 [INFO] current LH = -7186.202985719314	
2022/02/15 12:51:28.994931 [INFO] current LH = -7186.196157178369	
2022/02/15 12:51:29.394037 [INFO] current LH = -7186.001877905344	
2022/02/15 12:51:29.767954 [INFO] current LH = -7186.396681180435	
2022/02/15 12:51:30.136043 [INFO] current LH = -7186.267584322221	
2022/02/15 12:51:30.505501 [INFO] current LH = -7186.130842883284	
2022/02/15 12:51:30.930284 [INFO] current LH = -7186.019547398368	
2022/02/15 12:51:31.290720 [INFO] current LH = -7186.379070743405	
2022/02/15 12:51:31.651133 [INFO] current LH = -7186.052954817717	
2022/02/15 12:51:32.012519 [INFO] current LH = -7186.345335142794	
2022/02/15 12:51:32.372741 [INFO] current LH = -7186.130096276002	
2022/02/15 12:51:32.372765 [INFO] Wall time: 7.065604897s User: 0s System: 0s

2022/02/15 12:51:32.372772 [INFO] Wtotal time: 376.6292136s User: 0.38s System: 0.33s

2022/02/15 12:51:32.733281 [INFO] current LH = -7186.267775664669	
2022/02/15 12:51:33.093427 [INFO] current LH = -7186.497885570245	
2022/02/15 12:51:33.453950 [INFO] current LH = -7185.900168772941	
2022/02/15 12:51:33.921780 [INFO] current LH = -7186.122988011883	
2022/02/15 12:51:34.335681 [INFO] current LH = -7186.27527407541	
2022/02/15 12:51:34.755631 [INFO] current LH = -7185.92661909352	
2022/02/15 12:51:35.169666 [INFO] current LH = -7186.471559744158	
2022/02/15 12:51:35.584552 [INFO] current LH = -7186.08454171805	
2022/02/15 12:51:35.880666 [INFO] current LH = -7186.314609287058	
2022/02/15 12:51:36.176506 [INFO] Client timing information: 
2022/02/15 12:51:36.176539 [INFO] Client id 0 channel id 0  response time +0 s
2022/02/15 12:51:36.176546 [INFO] Client id 1 channel id 0  response time +0.000772 s
2022/02/15 12:51:36.202571 [INFO] current LH = -7186.133650040166	
2022/02/15 12:51:36.498193 [INFO] current LH = -7186.265042461446	
2022/02/15 12:51:36.794843 [INFO] current LH = -7186.106679217656	
2022/02/15 12:51:37.089464 [INFO] current LH = -7186.292335784236	
2022/02/15 12:51:37.386120 [INFO] current LH = -7186.321708299019	
2022/02/15 12:51:37.681764 [INFO] current LH = -7186.076484031887	
2022/02/15 12:51:38.231341 [INFO] current LH = -7205.739162077067	
2022/02/15 12:51:38.781180 [INFO] current LH = -7212.255887621159	
2022/02/15 12:51:39.332717 [INFO] current LH = -7212.429645230936	
2022/02/15 12:51:39.649646 [INFO] current LH = -7212.43795036281	
2022/02/15 12:51:39.963267 [INFO] current LH = -7212.418337924136	
2022/02/15 12:51:39.963294 [INFO] Wall time: 7.5905118s User: 0s System: 0.01s

2022/02/15 12:51:39.963302 [INFO] Wtotal time: 384.2197441s User: 0.38s System: 0.34s

2022/02/15 12:51:40.278148 [INFO] current LH = -7212.55911224928	
2022/02/15 12:51:40.591922 [INFO] current LH = -7212.296763551984	
2022/02/15 12:51:40.937092 [INFO] current LH = -7212.254721420893	
2022/02/15 12:51:41.274817 [INFO] current LH = -7212.601148519993	
2022/02/15 12:51:41.614038 [INFO] current LH = -7212.201745916059	
2022/02/15 12:51:41.953921 [INFO] current LH = -7212.65394643647	
2022/02/15 12:51:42.292815 [INFO] current LH = -7212.448881210246	
2022/02/15 12:51:42.630999 [INFO] current LH = -7212.406876785242	
2022/02/15 12:51:42.969166 [INFO] current LH = -7212.505762222007	
2022/02/15 12:51:43.307043 [INFO] current LH = -7212.349276863343	
2022/02/15 12:51:43.705896 [INFO] current LH = -7212.369545065412	
2022/02/15 12:51:44.075414 [INFO] current LH = -7212.486040391031	
2022/02/15 12:51:44.445143 [INFO] current LH = -7212.670093051441	
2022/02/15 12:51:44.820545 [INFO] current LH = -7212.184706553276	
2022/02/15 12:51:45.246715 [INFO] current LH = -7212.42735298276	
2022/02/15 12:51:45.607778 [INFO] current LH = -7212.428482407609	
2022/02/15 12:51:45.967871 [INFO] current LH = -7212.367924875456	
2022/02/15 12:51:46.328490 [INFO] current LH = -7212.487757253204	
2022/02/15 12:51:46.689611 [INFO] current LH = -7212.482210275281	
2022/02/15 12:51:47.050339 [INFO] current LH = -7212.373320472548	
2022/02/15 12:51:47.050366 [INFO] Wall time: 7.087053713s User: 0s System: 0.01s

2022/02/15 12:51:47.050374 [INFO] Wtotal time: 391.3068151s User: 0.38s System: 0.35s

2022/02/15 12:51:47.410888 [INFO] current LH = -7212.435394119744	
2022/02/15 12:51:47.771079 [INFO] current LH = -7212.420322821567	
2022/02/15 12:51:48.238088 [INFO] current LH = -7212.488377582889	
2022/02/15 12:51:48.651226 [INFO] current LH = -7212.367419428326	
2022/02/15 12:51:49.066485 [INFO] current LH = -7212.268840661933	
2022/02/15 12:51:49.480744 [INFO] current LH = -7212.587162882272	
2022/02/15 12:51:49.897421 [INFO] current LH = -7212.393657955999	
2022/02/15 12:51:50.193044 [INFO] current LH = -7212.46238345141	
2022/02/15 12:51:50.489471 [INFO] current LH = -7212.418310224421	
2022/02/15 12:51:50.785461 [INFO] current LH = -7212.437194416052	
2022/02/15 12:51:51.081197 [INFO] current LH = -7212.493044688576	
2022/02/15 12:51:51.376940 [INFO] current LH = -7212.363234637652	
2022/02/15 12:51:51.671782 [INFO] current LH = -7212.294208428622	
2022/02/15 12:51:51.968646 [INFO] current LH = -7212.561094930298	
2022/02/15 12:51:52.519704 [INFO] current LH = -7227.92389987989	
2022/02/15 12:51:53.072259 [INFO] current LH = -7231.809063725806	
2022/02/15 12:51:53.387652 [INFO] current LH = -7231.844858401316	
2022/02/15 12:51:53.702206 [INFO] current LH = -7231.769838827568	
2022/02/15 12:51:54.016287 [INFO] current LH = -7231.825418791845	
2022/02/15 12:51:54.330448 [INFO] current LH = -7231.789187266098	
2022/02/15 12:51:54.330472 [INFO] Wall time: 7.280088928s User: 0.01s System: 0s

2022/02/15 12:51:54.330480 [INFO] Wtotal time: 398.5869212s User: 0.39s System: 0.35s

2022/02/15 12:51:54.679665 [INFO] current LH = -7231.689169130642	
2022/02/15 12:51:55.020318 [INFO] current LH = -7231.925779255628	
2022/02/15 12:51:55.358612 [INFO] current LH = -7231.717888748863	
2022/02/15 12:51:55.697195 [INFO] current LH = -7231.896878455301	
2022/02/15 12:51:56.036084 [INFO] current LH = -7231.89182139265	
2022/02/15 12:51:56.373259 [INFO] current LH = -7231.722885365523	
2022/02/15 12:51:56.712389 [INFO] current LH = -7231.844599397998	
2022/02/15 12:51:57.050901 [INFO] current LH = -7231.76925112839	
2022/02/15 12:51:57.450928 [INFO] current LH = -7231.754397509068	
2022/02/15 12:51:57.820323 [INFO] current LH = -7231.86037930453	
2022/02/15 12:51:58.190393 [INFO] current LH = -7231.859944245395	
2022/02/15 12:51:58.559425 [INFO] current LH = -7231.754772510214	
2022/02/15 12:51:58.985907 [INFO] current LH = -7231.700601031063	
2022/02/15 12:51:59.346382 [INFO] current LH = -7231.913900280961	
2022/02/15 12:51:59.707694 [INFO] current LH = -7231.920431178779	
2022/02/15 12:52:00.069137 [INFO] current LH = -7231.694306443319	
2022/02/15 12:52:00.430206 [INFO] current LH = -7231.716163722573	
2022/02/15 12:52:00.790395 [INFO] current LH = -7231.898164340691	
2022/02/15 12:52:01.150516 [INFO] current LH = -7231.701772548639	
2022/02/15 12:52:01.511351 [INFO] current LH = -7231.912837975007	
2022/02/15 12:52:01.511378 [INFO] Wall time: 7.180888483s User: 0s System: 0.01s

2022/02/15 12:52:01.511386 [INFO] Wtotal time: 405.7678275s User: 0.39s System: 0.36s

2022/02/15 12:52:01.981233 [INFO] current LH = -7231.747281587982	
2022/02/15 12:52:02.396866 [INFO] current LH = -7231.8671395321	
2022/02/15 12:52:02.812825 [INFO] current LH = -7231.696810313447	
2022/02/15 12:52:03.227560 [INFO] current LH = -7231.917633047435	
2022/02/15 12:52:03.641836 [INFO] current LH = -7231.755450334882	
2022/02/15 12:52:03.937293 [INFO] current LH = -7231.85929649279	
2022/02/15 12:52:04.233545 [INFO] current LH = -7231.829700982017	
2022/02/15 12:52:04.529610 [INFO] current LH = -7231.785330805484	
2022/02/15 12:52:04.831639 [INFO] current LH = -7231.743535333518	
2022/02/15 12:52:05.126746 [INFO] current LH = -7231.871030627617	
2022/02/15 12:52:05.422419 [INFO] current LH = -7231.798024784644	
2022/02/15 12:52:05.719208 [INFO] current LH = -7231.816941079931	
2022/02/15 12:52:06.270041 [INFO] current LH = -7241.596779124177	
2022/02/15 12:52:06.821905 [INFO] current LH = -7242.473827119593	
2022/02/15 12:52:07.374802 [INFO] current LH = -7242.622874035323	
2022/02/15 12:52:07.688274 [INFO] current LH = -7242.599078644117	
2022/02/15 12:52:08.003310 [INFO] current LH = -7242.643381362857	
2022/02/15 12:52:08.317978 [INFO] current LH = -7242.575711212616	
2022/02/15 12:52:08.633323 [INFO] current LH = -7242.666578512723	
2022/02/15 12:52:08.978187 [INFO] current LH = -7242.453839700662	
2022/02/15 12:52:08.978213 [INFO] Wall time: 7.466817667s User: 0s System: 0s

2022/02/15 12:52:08.978220 [INFO] Wtotal time: 413.2346618s User: 0.39s System: 0.36s

2022/02/15 12:52:09.317277 [INFO] current LH = -7242.788204207354	
2022/02/15 12:52:09.658167 [INFO] current LH = -7242.665500970945	
2022/02/15 12:52:09.997137 [INFO] current LH = -7242.576721390061	
2022/02/15 12:52:10.334617 [INFO] current LH = -7242.666920069143	
2022/02/15 12:52:10.673277 [INFO] current LH = -7242.574984388973	
2022/02/15 12:52:11.011777 [INFO] current LH = -7242.555158244631	
2022/02/15 12:52:11.350746 [INFO] current LH = -7242.686030223812	
2022/02/15 12:52:11.750851 [INFO] current LH = -7242.578455832492	
2022/02/15 12:52:12.119871 [INFO] current LH = -7242.66352502377	
2022/02/15 12:52:12.489721 [INFO] current LH = -7242.624477674927	
2022/02/15 12:52:12.858391 [INFO] current LH = -7242.617317717865	
2022/02/15 12:52:13.282797 [INFO] current LH = -7242.663421947517	
2022/02/15 12:52:13.642793 [INFO] current LH = -7242.578691173248	
2022/02/15 12:52:14.003257 [INFO] current LH = -7242.576396909136	
2022/02/15 12:52:14.364144 [INFO] current LH = -7242.665729846916	
2022/02/15 12:52:14.730152 [INFO] current LH = -7242.509843034162	
2022/02/15 12:52:15.089990 [INFO] current LH = -7242.731929962531	
2022/02/15 12:52:15.449930 [INFO] current LH = -7242.647734683532	
2022/02/15 12:52:15.810476 [INFO] current LH = -7242.594496029225	
2022/02/15 12:52:16.276520 [INFO] current LH = -7242.606945959046	
2022/02/15 12:52:16.276546 [INFO] Wall time: 7.298316918s User: 0s System: 0.01s

2022/02/15 12:52:16.276554 [INFO] Wtotal time: 420.5329955s User: 0.39s System: 0.37s

2022/02/15 12:52:16.690390 [INFO] current LH = -7242.635090957182	
2022/02/15 12:52:17.105453 [INFO] current LH = -7242.577016454981	
2022/02/15 12:52:17.520224 [INFO] current LH = -7242.664724698792	
2022/02/15 12:52:17.934251 [INFO] current LH = -7242.583957127207	
2022/02/15 12:52:18.232643 [INFO] current LH = -7242.658418716279	
2022/02/15 12:52:18.528314 [INFO] current LH = -7242.632638701403	
2022/02/15 12:52:18.825528 [INFO] current LH = -7242.609369341113	
2022/02/15 12:52:19.121721 [INFO] current LH = -7242.647453355731	
2022/02/15 12:52:19.417583 [INFO] current LH = -7242.595263365733	
2022/02/15 12:52:19.718239 [INFO] current LH = -7242.63342636524	
2022/02/15 12:52:20.013426 [INFO] current LH = -7242.608712649224	
2022/02/15 12:52:20.562948 [INFO] current LH = -7246.67979535018	
2022/02/15 12:52:21.114285 [INFO] current LH = -7248.025349457176	
2022/02/15 12:52:21.427991 [INFO] current LH = -7247.984013322369	
2022/02/15 12:52:21.742604 [INFO] current LH = -7248.063314690314	
2022/02/15 12:52:22.056606 [INFO] current LH = -7247.939206743104	
2022/02/15 12:52:22.370003 [INFO] current LH = -7248.107909619594	
2022/02/15 12:52:22.714997 [INFO] current LH = -7247.914668944466	
2022/02/15 12:52:23.053074 [INFO] current LH = -7248.132620569755	
2022/02/15 12:52:23.391193 [INFO] current LH = -7248.070457646518	
2022/02/15 12:52:23.391218 [INFO] Wall time: 7.114654826s User: 0.01s System: 0s

2022/02/15 12:52:23.391226 [INFO] Wtotal time: 427.6476678s User: 0.4s System: 0.37s

2022/02/15 12:52:23.729495 [INFO] current LH = -7247.977282987784	
2022/02/15 12:52:24.067393 [INFO] current LH = -7247.980982268558	
2022/02/15 12:52:24.406681 [INFO] current LH = -7248.066186466315	
2022/02/15 12:52:24.746249 [INFO] current LH = -7247.980362170555	
2022/02/15 12:52:25.085256 [INFO] current LH = -7248.066634306037	
2022/02/15 12:52:25.484340 [INFO] current LH = -7248.035417147133	
2022/02/15 12:52:25.853920 [INFO] current LH = -7248.011833612276	
2022/02/15 12:52:26.223026 [INFO] current LH = -7247.985166861543	
2022/02/15 12:52:26.591340 [INFO] current LH = -7248.061963309133	
2022/02/15 12:52:27.016563 [INFO] current LH = -7248.049300087038	
2022/02/15 12:52:27.377304 [INFO] current LH = -7247.99788727648	
2022/02/15 12:52:27.736523 [INFO] current LH = -7247.960935170739	
2022/02/15 12:52:28.097561 [INFO] current LH = -7248.086278135674	
2022/02/15 12:52:28.457894 [INFO] current LH = -7248.010972027462	
2022/02/15 12:52:28.818117 [INFO] current LH = -7248.036333580068	
2022/02/15 12:52:29.177711 [INFO] current LH = -7248.062839423345	
2022/02/15 12:52:29.539136 [INFO] current LH = -7247.984473792645	
2022/02/15 12:52:30.012014 [INFO] current LH = -7248.039999187897	
2022/02/15 12:52:30.426316 [INFO] current LH = -7248.007308552495	
2022/02/15 12:52:30.840625 [INFO] current LH = -7248.03859908086	
2022/02/15 12:52:30.840649 [INFO] Wall time: 7.449413813s User: 0s System: 0.01s

2022/02/15 12:52:30.840657 [INFO] Wtotal time: 435.0970984s User: 0.4s System: 0.38s

2022/02/15 12:52:31.255373 [INFO] current LH = -7248.008734435271	
2022/02/15 12:52:31.670807 [INFO] current LH = -7248.036133326987	
2022/02/15 12:52:31.967620 [INFO] current LH = -7248.01114691832	
2022/02/15 12:52:32.263471 [INFO] current LH = -7248.086769437237	
2022/02/15 12:52:32.559300 [INFO] current LH = -7247.960480294231	
2022/02/15 12:52:32.854567 [INFO] current LH = -7248.085428266904	
2022/02/15 12:52:33.149859 [INFO] current LH = -7247.961898983793	
2022/02/15 12:52:33.445114 [INFO] current LH = -7248.050203214441	
2022/02/15 12:52:33.740939 [INFO] current LH = -7247.997166163605	
2022/02/15 12:52:34.290820 [INFO] current LH = -7250.577851730858	
2022/02/15 12:52:34.844226 [INFO] current LH = -7257.517311692597	
2022/02/15 12:52:35.395740 [INFO] current LH = -7259.301965603851	
2022/02/15 12:52:35.710334 [INFO] current LH = -7259.369285268846	
2022/02/15 12:52:36.024525 [INFO] current LH = -7259.23172455512	
2022/02/15 12:52:36.339188 [INFO] current LH = -7259.292810380339	
2022/02/15 12:52:36.653224 [INFO] current LH = -7259.308155442506	
2022/02/15 12:52:36.998293 [INFO] current LH = -7259.208612067436	
2022/02/15 12:52:37.337031 [INFO] current LH = -7259.391675041009	
2022/02/15 12:52:37.674852 [INFO] current LH = -7259.451606742813	
2022/02/15 12:52:38.014762 [INFO] current LH = -7259.149862244079	
2022/02/15 12:52:38.014789 [INFO] Wall time: 7.17412183s User: 0s System: 0s

2022/02/15 12:52:38.014807 [INFO] Wtotal time: 442.2712477s User: 0.4s System: 0.38s

2022/02/15 12:52:38.383264 [INFO] current LH = -7259.237119940518	
2022/02/15 12:52:38.721722 [INFO] current LH = -7259.362822801386	
2022/02/15 12:52:39.061083 [INFO] current LH = -7259.197553427921	
2022/02/15 12:52:39.399193 [INFO] current LH = -7259.401497014107	
2022/02/15 12:52:39.803309 [INFO] current LH = -7259.274728831808	
2022/02/15 12:52:40.172597 [INFO] current LH = -7259.324960996155	
2022/02/15 12:52:40.542612 [INFO] current LH = -7259.312123101661	
2022/02/15 12:52:40.911759 [INFO] current LH = -7259.287684488286	
2022/02/15 12:52:41.335766 [INFO] current LH = -7259.369466548036	
2022/02/15 12:52:41.696672 [INFO] current LH = -7259.23058781828	
2022/02/15 12:52:42.057300 [INFO] current LH = -7259.258707105142	
2022/02/15 12:52:42.417826 [INFO] current LH = -7259.341864302884	
2022/02/15 12:52:42.778417 [INFO] current LH = -7259.395015364792	
2022/02/15 12:52:43.138130 [INFO] current LH = -7259.204697430884	
2022/02/15 12:52:43.498590 [INFO] current LH = -7259.315614642807	
2022/02/15 12:52:43.858845 [INFO] current LH = -7259.284776886662	
2022/02/15 12:52:44.326129 [INFO] current LH = -7259.278881624506	
2022/02/15 12:52:44.742560 [INFO] current LH = -7259.320858926352	
2022/02/15 12:52:45.157548 [INFO] current LH = -7259.313715616242	
2022/02/15 12:52:45.571686 [INFO] current LH = -7259.286694225581	
2022/02/15 12:52:45.571713 [INFO] Wall time: 7.556895329s User: 0.01s System: 0.01s

2022/02/15 12:52:45.571723 [INFO] Wtotal time: 449.8281636s User: 0.41s System: 0.39s

2022/02/15 12:52:45.986283 [INFO] current LH = -7259.393098262466	
2022/02/15 12:52:46.281870 [INFO] current LH = -7259.207509570453	
2022/02/15 12:52:46.577132 [INFO] current LH = -7259.3344647573	
2022/02/15 12:52:46.873903 [INFO] current LH = -7259.265521725854	
2022/02/15 12:52:47.169651 [INFO] current LH = -7259.414562221838	
2022/02/15 12:52:47.465082 [INFO] current LH = -7259.186524626506	
2022/02/15 12:52:47.760592 [INFO] current LH = -7259.234442587837	
2022/02/15 12:52:48.056211 [INFO] current LH = -7259.365744683827	
2022/02/15 12:52:48.606117 [INFO] current LH = -7265.837148550161	
2022/02/15 12:52:49.156783 [INFO] Client timing information: 
2022/02/15 12:52:49.156810 [INFO] Client id 0 channel id 0  response time +0 s
2022/02/15 12:52:49.156818 [INFO] Client id 1 channel id 0  response time +0.003092 s
2022/02/15 12:52:49.185652 [INFO] current LH = -7272.97070367567	
2022/02/15 12:52:49.500643 [INFO] current LH = -7273.083517212344	
2022/02/15 12:52:49.821880 [INFO] current LH = -7272.854136040196	
2022/02/15 12:52:50.136282 [INFO] current LH = -7273.000921194307	
2022/02/15 12:52:50.450334 [INFO] current LH = -7272.937138518944	
2022/02/15 12:52:50.794764 [INFO] current LH = -7272.918641712506	
2022/02/15 12:52:51.133510 [INFO] current LH = -7273.019180593443	
2022/02/15 12:52:51.472093 [INFO] current LH = -7273.076927295309	
2022/02/15 12:52:51.811790 [INFO] current LH = -7272.863336079266	
2022/02/15 12:52:52.149459 [INFO] current LH = -7273.154924633008	
2022/02/15 12:52:52.488352 [INFO] current LH = -7272.783029267486	
2022/02/15 12:52:52.488380 [INFO] Wall time: 6.916645621s User: 0s System: 0.01s

2022/02/15 12:52:52.488390 [INFO] Wtotal time: 456.7448308s User: 0.41s System: 0.4s

2022/02/15 12:52:52.826326 [INFO] current LH = -7272.950783370123	
2022/02/15 12:52:53.164182 [INFO] current LH = -7272.986884067566	
2022/02/15 12:52:53.502700 [INFO] current LH = -7272.964448179555	
2022/02/15 12:52:53.840382 [INFO] current LH = -7272.972565826656	
2022/02/15 12:52:54.239595 [INFO] current LH = -7272.859670640765	
2022/02/15 12:52:54.609634 [INFO] current LH = -7273.077455545375	
2022/02/15 12:52:54.979771 [INFO] current LH = -7272.84262658943	
2022/02/15 12:52:55.348097 [INFO] current LH = -7273.094728677345	
2022/02/15 12:52:55.771718 [INFO] current LH = -7272.946825290571	
2022/02/15 12:52:56.131323 [INFO] current LH = -7272.990536949133	
2022/02/15 12:52:56.491663 [INFO] current LH = -7272.966430031312	
2022/02/15 12:52:56.853040 [INFO] current LH = -7272.971748950539	
2022/02/15 12:52:57.214461 [INFO] current LH = -7273.035172580863	
2022/02/15 12:52:57.575311 [INFO] current LH = -7272.901787983531	
2022/02/15 12:52:57.937004 [INFO] current LH = -7272.977421682377	
2022/02/15 12:52:58.297201 [INFO] current LH = -7272.960459975293	
2022/02/15 12:52:58.765348 [INFO] current LH = -7273.010908121985	
2022/02/15 12:52:59.179561 [INFO] current LH = -7272.92633626817	
2022/02/15 12:52:59.594684 [INFO] current LH = -7273.021391018563	
2022/02/15 12:53:00.014486 [INFO] current LH = -7272.917517873861	
2022/02/15 12:53:00.014509 [INFO] Wall time: 7.526109375s User: 0s System: 0s

2022/02/15 12:53:00.014517 [INFO] Wtotal time: 464.270958s User: 0.41s System: 0.4s

2022/02/15 12:53:00.431616 [INFO] current LH = -7272.894535330827	
2022/02/15 12:53:00.727973 [INFO] current LH = -7273.043378624459	
2022/02/15 12:53:01.023190 [INFO] current LH = -7272.96227537611	
2022/02/15 12:53:01.318272 [INFO] current LH = -7272.975372757599	
2022/02/15 12:53:01.613267 [INFO] current LH = -7273.016601615564	
2022/02/15 12:53:01.910930 [INFO] current LH = -7272.921873625376	
2022/02/15 12:53:02.206761 [INFO] current LH = -7272.932297787732	
2022/02/15 12:53:02.502307 [INFO] current LH = -7273.005425539163	
2022/02/15 12:53:03.053130 [INFO] current LH = -7281.71421099604	
2022/02/15 12:53:03.603329 [INFO] current LH = -7281.385167292632	
2022/02/15 12:53:04.154950 [INFO] current LH = -7281.802349288316	
2022/02/15 12:53:04.469618 [INFO] current LH = -7281.622569789563	
2022/02/15 12:53:04.785670 [INFO] current LH = -7281.727131749048	
2022/02/15 12:53:05.099964 [INFO] current LH = -7281.697365645403	
2022/02/15 12:53:05.443529 [INFO] current LH = -7281.585727962209	
2022/02/15 12:53:05.783099 [INFO] current LH = -7281.83885065236	
2022/02/15 12:53:06.121590 [INFO] current LH = -7281.807614039657	
2022/02/15 12:53:06.459713 [INFO] current LH = -7281.620447167758	
2022/02/15 12:53:06.800096 [INFO] current LH = -7282.002719344992	
2022/02/15 12:53:07.138911 [INFO] current LH = -7281.422234136679	
2022/02/15 12:53:07.138937 [INFO] Wall time: 7.124411437s User: 0s System: 0s

2022/02/15 12:53:07.138945 [INFO] Wtotal time: 471.395386s User: 0.41s System: 0.4s

2022/02/15 12:53:07.477900 [INFO] current LH = -7281.720383886313	
2022/02/15 12:53:07.816331 [INFO] current LH = -7281.704073014605	
2022/02/15 12:53:08.155360 [INFO] current LH = -7281.768932318204	
2022/02/15 12:53:08.493127 [INFO] current LH = -7281.654771398657	
2022/02/15 12:53:08.894547 [INFO] current LH = -7281.59472299701	
2022/02/15 12:53:09.263606 [INFO] current LH = -7281.829565855112	
2022/02/15 12:53:09.636225 [INFO] current LH = -7281.539272755481	
2022/02/15 12:53:10.007741 [INFO] current LH = -7281.885085058033	
2022/02/15 12:53:10.434406 [INFO] current LH = -7281.833755049721	
2022/02/15 12:53:10.795589 [INFO] current LH = -7281.590966453816	
2022/02/15 12:53:11.156539 [INFO] current LH = -7281.684293814797	
2022/02/15 12:53:11.516514 [INFO] current LH = -7281.740958983284	
2022/02/15 12:53:11.878205 [INFO] current LH = -7281.846862211458	
2022/02/15 12:53:12.238654 [INFO] current LH = -7281.577352661502	
2022/02/15 12:53:12.599782 [INFO] current LH = -7281.761893721234	
2022/02/15 12:53:12.960146 [INFO] current LH = -7281.663106973078	
2022/02/15 12:53:13.427935 [INFO] current LH = -7281.815803839686	
2022/02/15 12:53:13.841920 [INFO] current LH = -7281.608569065725	
2022/02/15 12:53:14.256329 [INFO] current LH = -7281.825580214108	
2022/02/15 12:53:14.675750 [INFO] current LH = -7281.599296757484	
2022/02/15 12:53:14.675776 [INFO] Wall time: 7.53682228s User: 0s System: 0.01s

2022/02/15 12:53:14.675785 [INFO] Wtotal time: 478.9322259s User: 0.41s System: 0.41s

2022/02/15 12:53:15.090436 [INFO] current LH = -7281.662558986621	
2022/02/15 12:53:15.385762 [INFO] current LH = -7281.762448707213	
2022/02/15 12:53:15.681858 [INFO] current LH = -7281.701916643207	
2022/02/15 12:53:15.978422 [INFO] current LH = -7281.722569259002	
2022/02/15 12:53:16.274377 [INFO] current LH = -7281.856114374807	
2022/02/15 12:53:16.570125 [INFO] current LH = -7281.569547500795	
2022/02/15 12:53:16.866731 [INFO] current LH = -7281.741738924129	
2022/02/15 12:53:17.161830 [INFO] current LH = -7281.682706763595	
2022/02/15 12:53:17.713898 [INFO] current LH = -7289.035177296272	
2022/02/15 12:53:18.265621 [INFO] current LH = -7290.576673457484	
2022/02/15 12:53:18.579120 [INFO] current LH = -7290.513426441563	
2022/02/15 12:53:18.894090 [INFO] current LH = -7290.636103045474	
2022/02/15 12:53:19.207650 [INFO] current LH = -7290.61239192132	
2022/02/15 12:53:19.521831 [INFO] current LH = -7290.537382963005	
2022/02/15 12:53:19.872285 [INFO] current LH = -7290.466125357611	
2022/02/15 12:53:20.210335 [INFO] current LH = -7290.683435337522	
2022/02/15 12:53:20.547939 [INFO] current LH = -7290.683998206621	
2022/02/15 12:53:20.887320 [INFO] current LH = -7290.469949274293	
2022/02/15 12:53:21.225503 [INFO] current LH = -7290.835539118196	
2022/02/15 12:53:21.563908 [INFO] current LH = -7290.321291117853	
2022/02/15 12:53:21.563935 [INFO] Wall time: 6.88814069s User: 0s System: 0.01s

2022/02/15 12:53:21.563943 [INFO] Wtotal time: 485.8203846s User: 0.41s System: 0.42s

2022/02/15 12:53:21.903479 [INFO] current LH = -7290.572895858339	
2022/02/15 12:53:22.240876 [INFO] current LH = -7290.576671888314	
2022/02/15 12:53:22.578990 [INFO] current LH = -7290.626498920581	
2022/02/15 12:53:22.917649 [INFO] current LH = -7290.522774888087	
2022/02/15 12:53:23.317227 [INFO] current LH = -7290.390574628167	
2022/02/15 12:53:23.686096 [INFO] current LH = -7290.759005442543	
2022/02/15 12:53:24.055812 [INFO] current LH = -7290.456912839498	
2022/02/15 12:53:24.424687 [INFO] current LH = -7290.693030847669	
2022/02/15 12:53:24.854171 [INFO] current LH = -7290.55241439531	
2022/02/15 12:53:25.214829 [INFO] current LH = -7290.597290105281	
2022/02/15 12:53:25.574849 [INFO] current LH = -7290.619914527126	
2022/02/15 12:53:25.935935 [INFO] current LH = -7290.530246181998	
2022/02/15 12:53:26.296314 [INFO] current LH = -7290.544693423957	
2022/02/15 12:53:26.656915 [INFO] current LH = -7290.60487375666	
2022/02/15 12:53:27.018647 [INFO] current LH = -7290.581010100311	
2022/02/15 12:53:27.378701 [INFO] current LH = -7290.568948372669	
2022/02/15 12:53:27.845886 [INFO] current LH = -7290.518317436612	
2022/02/15 12:53:28.260066 [INFO] current LH = -7290.631218045229	
2022/02/15 12:53:28.673880 [INFO] current LH = -7290.670852832483	
2022/02/15 12:53:29.087720 [INFO] current LH = -7290.478786354878	
2022/02/15 12:53:29.087744 [INFO] Wall time: 7.523792055s User: 0.01s System: 0.01s

2022/02/15 12:53:29.087752 [INFO] Wtotal time: 493.3441936s User: 0.42s System: 0.43s

2022/02/15 12:53:29.503156 [INFO] current LH = -7290.505483148219	
2022/02/15 12:53:29.801627 [INFO] current LH = -7290.644233059232	
2022/02/15 12:53:30.097081 [INFO] current LH = -7290.484436843904	
2022/02/15 12:53:30.392481 [INFO] current LH = -7290.665268592396	
2022/02/15 12:53:30.687986 [INFO] current LH = -7290.56430133938	
2022/02/15 12:53:30.985315 [INFO] current LH = -7290.585607650909	
2022/02/15 12:53:31.280921 [INFO] current LH = -7290.651158126441	
2022/02/15 12:53:31.576760 [INFO] current LH = -7290.498619546862	
2022/02/15 12:53:32.128193 [INFO] current LH = -7294.631947287866	
2022/02/15 12:53:32.678608 [INFO] current LH = -7286.941014754553	
2022/02/15 12:53:33.229008 [INFO] current LH = -7294.291733516444	
2022/02/15 12:53:33.781134 [INFO] current LH = -7292.366328767579	
2022/02/15 12:53:34.333656 [INFO] current LH = -7294.570419761852	
2022/02/15 12:53:34.650601 [INFO] current LH = -7294.690046028476	
2022/02/15 12:53:34.970272 [INFO] current LH = -7294.648445079863	
2022/02/15 12:53:35.284905 [INFO] current LH = -7294.611897695574	
2022/02/15 12:53:35.628715 [INFO] current LH = -7294.631285229781	
2022/02/15 12:53:35.966425 [INFO] current LH = -7294.528597616892	
2022/02/15 12:53:36.304436 [INFO] current LH = -7294.650443109721	
2022/02/15 12:53:36.642842 [INFO] current LH = -7294.613325562151	
2022/02/15 12:53:36.642867 [INFO] Wall time: 7.555106249s User: 0s System: 0s

2022/02/15 12:53:36.642885 [INFO] Wtotal time: 500.8993264s User: 0.42s System: 0.43s

2022/02/15 12:53:36.982583 [INFO] current LH = -7294.635214231578	
2022/02/15 12:53:37.321732 [INFO] current LH = -7294.532670507169	
2022/02/15 12:53:37.660859 [INFO] current LH = -7294.636047986193	
2022/02/15 12:53:37.999701 [INFO] current LH = -7294.628247765719	
2022/02/15 12:53:38.338582 [INFO] current LH = -7294.645045377927	
2022/02/15 12:53:38.676827 [INFO] current LH = -7294.622317471699	
2022/02/15 12:53:39.015161 [INFO] current LH = -7294.599345824553	
2022/02/15 12:53:39.353501 [INFO] current LH = -7294.660832984393	
2022/02/15 12:53:39.693479 [INFO] current LH = -7294.720855415956	
2022/02/15 12:53:40.032651 [INFO] current LH = -7294.539343336681	
2022/02/15 12:53:40.431600 [INFO] current LH = -7294.465058375265	
2022/02/15 12:53:40.801291 [INFO] current LH = -7294.79516618734	
2022/02/15 12:53:41.170816 [INFO] current LH = -7294.548801369039	
2022/02/15 12:53:41.539211 [INFO] current LH = -7294.71151315668	
2022/02/15 12:53:41.964606 [INFO] current LH = -7294.616125829085	
2022/02/15 12:53:42.325147 [INFO] current LH = -7294.644182355663	
2022/02/15 12:53:42.685774 [INFO] current LH = -7294.658708064516	
2022/02/15 12:53:43.045940 [INFO] current LH = -7294.601834819685	
2022/02/15 12:53:43.406990 [INFO] current LH = -7294.610648763129	
2022/02/15 12:53:43.767573 [INFO] current LH = -7294.649562493413	
2022/02/15 12:53:43.767598 [INFO] Wall time: 7.124703314s User: 0s System: 0.01s

2022/02/15 12:53:43.767606 [INFO] Wtotal time: 508.0240473s User: 0.42s System: 0.44s

2022/02/15 12:53:44.128492 [INFO] current LH = -7294.633735285282	
2022/02/15 12:53:44.489261 [INFO] current LH = -7294.626653819259	
2022/02/15 12:53:44.957553 [INFO] current LH = -7294.629162762381	
2022/02/15 12:53:45.371955 [INFO] current LH = -7294.631051022021	
2022/02/15 12:53:45.786044 [INFO] current LH = -7294.719519577638	
2022/02/15 12:53:46.200852 [INFO] current LH = -7294.540963167578	
2022/02/15 12:53:46.614792 [INFO] current LH = -7294.592901931796	
2022/02/15 12:53:46.911778 [INFO] current LH = -7294.667523078832	
2022/02/15 12:53:47.207574 [INFO] current LH = -7294.542515812446	
2022/02/15 12:53:47.503116 [INFO] current LH = -7294.717768662531	
2022/02/15 12:53:47.798912 [INFO] current LH = -7294.629608541085	
2022/02/15 12:53:48.095568 [INFO] current LH = -7294.63103785076	
2022/02/15 12:53:48.391375 [INFO] current LH = -7294.652285445134	
2022/02/15 12:53:48.686561 [INFO] current LH = -7294.607929869895	
2022/02/15 12:53:49.238281 [INFO] current LH = -7296.66262103047	
2022/02/15 12:53:49.552098 [INFO] current LH = -7296.613824558865	
2022/02/15 12:53:49.872577 [INFO] current LH = -7296.708025082778	
2022/02/15 12:53:50.187274 [INFO] current LH = -7296.667071407253	
2022/02/15 12:53:50.502242 [INFO] current LH = -7296.654733660746	
2022/02/15 12:53:50.848128 [INFO] current LH = -7296.641678320289	
2022/02/15 12:53:50.848155 [INFO] Wall time: 7.08053904s User: 0s System: 0.01s

2022/02/15 12:53:50.848163 [INFO] Wtotal time: 515.1046042s User: 0.42s System: 0.45s

2022/02/15 12:53:51.220147 [INFO] current LH = -7296.683450573454	
2022/02/15 12:53:51.558099 [INFO] current LH = -7296.544908854113	
2022/02/15 12:53:51.897611 [INFO] current LH = -7296.776538086302	
2022/02/15 12:53:52.235377 [INFO] current LH = -7296.870977309669	
2022/02/15 12:53:52.574096 [INFO] current LH = -7296.501344975171	
2022/02/15 12:53:52.911883 [INFO] current LH = -7296.715268068459	
2022/02/15 12:53:53.250669 [INFO] current LH = -7296.613481669822	
2022/02/15 12:53:53.589640 [INFO] current LH = -7296.635039645824	
2022/02/15 12:53:53.928839 [INFO] current LH = -7296.686751375973	
2022/02/15 12:53:54.268263 [INFO] current LH = -7296.733612267875	
2022/02/15 12:53:54.606265 [INFO] current LH = -7296.588237401324	
2022/02/15 12:53:55.006528 [INFO] current LH = -7296.521617587362	
2022/02/15 12:53:55.374512 [INFO] current LH = -7296.800223969217	
2022/02/15 12:53:55.743285 [INFO] current LH = -7296.628991114653	
2022/02/15 12:53:56.112202 [INFO] current LH = -7296.692853050106	
2022/02/15 12:53:56.538642 [INFO] current LH = -7296.639137730772	
2022/02/15 12:53:56.900846 [INFO] current LH = -7296.682644839564	
2022/02/15 12:53:57.261567 [INFO] current LH = -7296.68389383704	
2022/02/15 12:53:57.622773 [INFO] current LH = -7296.637807944448	
2022/02/15 12:53:57.984649 [INFO] current LH = -7296.65399164089	
2022/02/15 12:53:57.984677 [INFO] Wall time: 7.136503989s User: 0s System: 0s

2022/02/15 12:53:57.984688 [INFO] Wtotal time: 522.241128s User: 0.42s System: 0.45s

2022/02/15 12:53:58.345594 [INFO] current LH = -7296.667826167102	
2022/02/15 12:53:58.704390 [INFO] current LH = -7296.649178863838	
2022/02/15 12:53:59.065041 [INFO] current LH = -7296.67257910697	
2022/02/15 12:53:59.533225 [INFO] current LH = -7296.669879116224	
2022/02/15 12:53:59.952677 [INFO] current LH = -7296.651913833585	
2022/02/15 12:54:00.368821 [INFO] current LH = -7296.726999942482	
2022/02/15 12:54:00.783842 [INFO] current LH = -7296.594778709878	
2022/02/15 12:54:01.198605 [INFO] current LH = -7296.651354077857	
2022/02/15 12:54:01.494448 [INFO] current LH = -7296.670436258178	
2022/02/15 12:54:01.792109 [INFO] Client timing information: 
2022/02/15 12:54:01.792135 [INFO] Client id 0 channel id 0  response time +0 s
2022/02/15 12:54:01.792142 [INFO] Client id 1 channel id 0  response time +0.000562 s
2022/02/15 12:54:01.804950 [INFO] current LH = -7296.587803358554	
2022/02/15 12:54:02.100719 [INFO] current LH = -7296.734056991049	
2022/02/15 12:54:02.396208 [INFO] current LH = -7296.663365881528	
2022/02/15 12:54:02.692184 [INFO] current LH = -7296.658358536364	
2022/02/15 12:54:02.987594 [INFO] current LH = -7296.643388636479	
2022/02/15 12:54:03.283779 [INFO] current LH = -7296.678399519711	
2022/02/15 12:54:03.834544 [INFO] current LH = -7299.358623685901	
2022/02/15 12:54:04.385606 [INFO] current LH = -7301.279370184657	
2022/02/15 12:54:04.704667 [INFO] current LH = -7301.274445610044	
2022/02/15 12:54:05.020047 [INFO] current LH = -7301.281053665268	
2022/02/15 12:54:05.335028 [INFO] current LH = -7301.233715386687	
2022/02/15 12:54:05.335053 [INFO] Wall time: 7.350353923s User: 0.01s System: 0.01s

2022/02/15 12:54:05.335060 [INFO] Wtotal time: 529.5915016s User: 0.43s System: 0.46s

2022/02/15 12:54:05.650472 [INFO] current LH = -7301.321615069146	
2022/02/15 12:54:05.994524 [INFO] current LH = -7301.162043686963	
2022/02/15 12:54:06.333483 [INFO] current LH = -7301.393143329095	
2022/02/15 12:54:06.671028 [INFO] current LH = -7301.333450113015	
2022/02/15 12:54:07.010830 [INFO] current LH = -7301.228829144502	
2022/02/15 12:54:07.349576 [INFO] current LH = -7301.274996633229	
2022/02/15 12:54:07.688885 [INFO] current LH = -7301.280170479299	
2022/02/15 12:54:08.027233 [INFO] current LH = -7301.290845081228	
2022/02/15 12:54:08.365708 [INFO] current LH = -7301.26434654416	
2022/02/15 12:54:08.765810 [INFO] current LH = -7301.176721226452	
2022/02/15 12:54:09.134153 [INFO] current LH = -7301.378640842875	
2022/02/15 12:54:09.502136 [INFO] current LH = -7301.353023046234	
2022/02/15 12:54:09.873681 [INFO] current LH = -7301.202529090949	
2022/02/15 12:54:10.297858 [INFO] current LH = -7301.248870708442	
2022/02/15 12:54:10.658569 [INFO] current LH = -7301.306326914811	
2022/02/15 12:54:11.019661 [INFO] current LH = -7301.25895892074	
2022/02/15 12:54:11.379300 [INFO] current LH = -7301.29621460522	
2022/02/15 12:54:11.741153 [INFO] current LH = -7301.296133261857	
2022/02/15 12:54:12.101517 [INFO] current LH = -7301.259075769361	
2022/02/15 12:54:12.462437 [INFO] current LH = -7301.261874181781	
2022/02/15 12:54:12.462464 [INFO] Wall time: 7.12739427s User: 0s System: 0s

2022/02/15 12:54:12.462472 [INFO] Wtotal time: 536.7189135s User: 0.43s System: 0.46s

2022/02/15 12:54:12.822786 [INFO] current LH = -7301.29336320151	
2022/02/15 12:54:13.290621 [INFO] current LH = -7301.284731102948	
2022/02/15 12:54:13.705239 [INFO] current LH = -7301.270426834682	
2022/02/15 12:54:14.119032 [INFO] current LH = -7301.284358001572	
2022/02/15 12:54:14.533841 [INFO] current LH = -7301.270613172955	
2022/02/15 12:54:14.952064 [INFO] current LH = -7301.343368672105	
2022/02/15 12:54:15.248102 [INFO] current LH = -7301.21195817503	
2022/02/15 12:54:15.543643 [INFO] current LH = -7301.22695538065	
2022/02/15 12:54:15.839473 [INFO] current LH = -7301.328528804568	
2022/02/15 12:54:16.136015 [INFO] current LH = -7301.288916504252	
2022/02/15 12:54:16.431810 [INFO] current LH = -7301.266379749533	
2022/02/15 12:54:16.728772 [INFO] current LH = -7301.198517844567	
2022/02/15 12:54:17.025310 [INFO] current LH = -7301.35670834494	
2022/02/15 12:54:17.575961 [INFO] current LH = -7305.013792850416	
2022/02/15 12:54:18.126016 [INFO] current LH = -7306.827430045251	
2022/02/15 12:54:18.440529 [INFO] current LH = -7306.821186927327	
2022/02/15 12:54:18.754898 [INFO] current LH = -7306.83014363348	
2022/02/15 12:54:19.070691 [INFO] current LH = -7306.753779120345	
2022/02/15 12:54:19.384944 [INFO] current LH = -7306.897824619449	
2022/02/15 12:54:19.735070 [INFO] current LH = -7306.649119921132	
2022/02/15 12:54:19.735095 [INFO] Wall time: 7.272613039s User: 0s System: 0.01s

2022/02/15 12:54:19.735103 [INFO] Wtotal time: 543.9915442s User: 0.43s System: 0.47s

2022/02/15 12:54:20.073799 [INFO] current LH = -7307.002040136669	
2022/02/15 12:54:20.412078 [INFO] current LH = -7306.856255502807	
2022/02/15 12:54:20.749764 [INFO] current LH = -7306.801370112637	
2022/02/15 12:54:21.088882 [INFO] current LH = -7306.8201974778	
2022/02/15 12:54:21.427266 [INFO] current LH = -7306.831077316579	
2022/02/15 12:54:21.766940 [INFO] current LH = -7306.797704260033	
2022/02/15 12:54:22.105462 [INFO] current LH = -7306.853412835761	
2022/02/15 12:54:22.504951 [INFO] current LH = -7306.790807061295	
2022/02/15 12:54:22.874159 [INFO] current LH = -7306.860767220724	
2022/02/15 12:54:23.243089 [INFO] current LH = -7306.849442527685	
2022/02/15 12:54:23.612568 [INFO] current LH = -7306.802278006429	
2022/02/15 12:54:24.037475 [INFO] current LH = -7306.83332854815	
2022/02/15 12:54:24.397178 [INFO] current LH = -7306.81793732462	
2022/02/15 12:54:24.759166 [INFO] current LH = -7306.768368056788	
2022/02/15 12:54:25.119895 [INFO] current LH = -7306.883016617261	
2022/02/15 12:54:25.480310 [INFO] current LH = -7306.7554886185	
2022/02/15 12:54:25.840735 [INFO] current LH = -7306.895644194597	
2022/02/15 12:54:26.201696 [INFO] current LH = -7306.843117820841	
2022/02/15 12:54:26.562733 [INFO] current LH = -7306.808230386005	
2022/02/15 12:54:27.031687 [INFO] current LH = -7306.848038029701	
2022/02/15 12:54:27.031715 [INFO] Wall time: 7.296601548s User: 0s System: 0.01s

2022/02/15 12:54:27.031724 [INFO] Wtotal time: 551.2881651s User: 0.43s System: 0.48s

2022/02/15 12:54:27.446091 [INFO] current LH = -7306.803205876296	
2022/02/15 12:54:27.859633 [INFO] current LH = -7306.840324465486	
2022/02/15 12:54:28.274760 [INFO] current LH = -7306.810664630537	
2022/02/15 12:54:28.688837 [INFO] current LH = -7306.831674780578	
2022/02/15 12:54:28.984803 [INFO] current LH = -7306.819679601942	
2022/02/15 12:54:29.280761 [INFO] current LH = -7306.816353031124	
2022/02/15 12:54:29.576255 [INFO] current LH = -7306.835399313154	
2022/02/15 12:54:29.875857 [INFO] current LH = -7306.807494047775	
2022/02/15 12:54:30.171247 [INFO] current LH = -7306.843901241355	
2022/02/15 12:54:30.466719 [INFO] current LH = -7306.791631695918	
2022/02/15 12:54:30.763564 [INFO] current LH = -7306.859763934955	
2022/02/15 12:54:31.314360 [INFO] current LH = -7308.446474321772	
2022/02/15 12:54:31.866611 [INFO] current LH = -7308.451402924267	
2022/02/15 12:54:32.418360 [INFO] current LH = -7308.451623019957	
2022/02/15 12:54:32.733208 [INFO] current LH = -7308.450371361492	
2022/02/15 12:54:33.047865 [INFO] current LH = -7308.449380387513	
2022/02/15 12:54:33.362310 [INFO] current LH = -7308.39237409311	
2022/02/15 12:54:33.676244 [INFO] current LH = -7308.507423080152	
2022/02/15 12:54:34.020576 [INFO] current LH = -7308.635611645288	
2022/02/15 12:54:34.359272 [INFO] current LH = -7308.264154169055	
2022/02/15 12:54:34.359300 [INFO] Wall time: 7.327565258s User: 0s System: 0.01s

2022/02/15 12:54:34.359318 [INFO] Wtotal time: 558.6157594s User: 0.43s System: 0.49s

2022/02/15 12:54:34.701778 [INFO] current LH = -7308.484293294532	
2022/02/15 12:54:35.040560 [INFO] current LH = -7308.422743325518	
2022/02/15 12:54:35.378735 [INFO] current LH = -7308.443563474863	
2022/02/15 12:54:35.717186 [INFO] current LH = -7308.456183388732	
2022/02/15 12:54:36.055512 [INFO] current LH = -7308.426060748612	
2022/02/15 12:54:36.393544 [INFO] current LH = -7308.47370659906	
2022/02/15 12:54:36.794112 [INFO] current LH = -7308.424208974247	
2022/02/15 12:54:37.164005 [INFO] current LH = -7308.475599312934	
2022/02/15 12:54:37.533056 [INFO] current LH = -7308.462790358325	
2022/02/15 12:54:37.902903 [INFO] current LH = -7308.437090155662	
2022/02/15 12:54:38.329189 [INFO] current LH = -7308.456676219	
2022/02/15 12:54:38.689042 [INFO] current LH = -7308.443052557367	
2022/02/15 12:54:39.049907 [INFO] current LH = -7308.410428909487	
2022/02/15 12:54:39.410148 [INFO] current LH = -7308.489386968136	
2022/02/15 12:54:39.774036 [INFO] current LH = -7308.40633403382	
2022/02/15 12:54:40.134875 [INFO] current LH = -7308.493420546451	
2022/02/15 12:54:40.495713 [INFO] current LH = -7308.451199851214	
2022/02/15 12:54:40.855602 [INFO] current LH = -7308.448606936289	
2022/02/15 12:54:41.323940 [INFO] current LH = -7308.456061307803	
2022/02/15 12:54:41.739360 [INFO] current LH = -7308.443668042778	
2022/02/15 12:54:41.739387 [INFO] Wall time: 7.380058865s User: 0s System: 0s

2022/02/15 12:54:41.739395 [INFO] Wtotal time: 565.9958364s User: 0.43s System: 0.49s

2022/02/15 12:54:42.153762 [INFO] current LH = -7308.465223011964	
2022/02/15 12:54:42.567714 [INFO] current LH = -7308.434433040951	
2022/02/15 12:54:42.982259 [INFO] current LH = -7308.446604677533	
2022/02/15 12:54:43.278104 [INFO] current LH = -7308.453150695892	
2022/02/15 12:54:43.573952 [INFO] current LH = -7308.446045284406	
2022/02/15 12:54:43.870237 [INFO] current LH = -7308.453828522556	
2022/02/15 12:54:44.165664 [INFO] current LH = -7308.441714595763	
2022/02/15 12:54:44.461244 [INFO] current LH = -7308.458093720408	
2022/02/15 12:54:44.760064 [INFO] current LH = -7308.420950455619	
2022/02/15 12:54:45.055744 [INFO] current LH = -7308.478857455259	
2022/02/15 12:54:45.607720 [INFO] current LH = -7309.670342615769	
2022/02/15 12:54:46.159313 [INFO] current LH = -7310.049972555158	
2022/02/15 12:54:46.473931 [INFO] current LH = -7310.066516038612	
2022/02/15 12:54:46.789245 [INFO] current LH = -7310.029880395825	
2022/02/15 12:54:47.103717 [INFO] current LH = -7310.037753785907	
2022/02/15 12:54:47.417925 [INFO] current LH = -7310.0586849826	
2022/02/15 12:54:47.762692 [INFO] current LH = -7310.010268456548	
2022/02/15 12:54:48.100820 [INFO] current LH = -7309.899280631094	
2022/02/15 12:54:48.439354 [INFO] current LH = -7310.070109657298	
2022/02/15 12:54:48.778422 [INFO] current LH = -7310.029781984608	
2022/02/15 12:54:48.778446 [INFO] Wall time: 7.039041868s User: 0s System: 0.01s

2022/02/15 12:54:48.778454 [INFO] Wtotal time: 573.0348956s User: 0.43s System: 0.5s

2022/02/15 12:54:49.116292 [INFO] current LH = -7309.996379837572	
2022/02/15 12:54:49.454336 [INFO] current LH = -7309.885163689019	
2022/02/15 12:54:49.797221 [INFO] current LH = -7310.05360986144	
2022/02/15 12:54:50.136476 [INFO] current LH = -7310.046664572557	
2022/02/15 12:54:50.475043 [INFO] current LH = -7310.062860487026	
2022/02/15 12:54:50.813860 [INFO] current LH = -7310.040478505104	
2022/02/15 12:54:51.152044 [INFO] current LH = -7310.054854319594	
2022/02/15 12:54:51.490652 [INFO] current LH = -7310.041672364944	
2022/02/15 12:54:51.830512 [INFO] current LH = -7310.018555416264	
2022/02/15 12:54:52.168176 [INFO] current LH = -7310.078023921038	
2022/02/15 12:54:52.567757 [INFO] current LH = -7310.004842585497	
2022/02/15 12:54:52.936691 [INFO] current LH = -7310.091694062976	
2022/02/15 12:54:53.305203 [INFO] current LH = -7310.038233480004	
2022/02/15 12:54:53.673757 [INFO] current LH = -7310.058408882112	
2022/02/15 12:54:54.100586 [INFO] current LH = -7310.038047343169	
2022/02/15 12:54:54.460775 [INFO] current LH = -7310.05840485428	
2022/02/15 12:54:54.823600 [INFO] current LH = -7310.040193194713	
2022/02/15 12:54:55.183612 [INFO] current LH = -7310.056298748302	
2022/02/15 12:54:55.545173 [INFO] current LH = -7310.059337707556	
2022/02/15 12:54:55.905620 [INFO] current LH = -7310.03720643328	
2022/02/15 12:54:55.905647 [INFO] Wall time: 7.127183107s User: 0.01s System: 0s

2022/02/15 12:54:55.905658 [INFO] Wtotal time: 580.1620982s User: 0.44s System: 0.5s

2022/02/15 12:54:56.266275 [INFO] current LH = -7310.044671823935	
2022/02/15 12:54:56.626848 [INFO] current LH = -7310.05182704609	
2022/02/15 12:54:57.094513 [INFO] current LH = -7310.010767293992	
2022/02/15 12:54:57.509552 [INFO] current LH = -7310.085721340226	
2022/02/15 12:54:57.925509 [INFO] current LH = -7310.056045884907	
2022/02/15 12:54:58.340325 [INFO] current LH = -7310.040344603462	
2022/02/15 12:54:58.754092 [INFO] current LH = -7310.0368186507	
2022/02/15 12:54:59.050138 [INFO] current LH = -7310.059606868091	
2022/02/15 12:54:59.345678 [INFO] current LH = -7310.04337332734	
2022/02/15 12:54:59.643040 [INFO] current LH = -7310.053196229069	
2022/02/15 12:54:59.942831 [INFO] current LH = -7310.05835128537	
2022/02/15 12:55:00.240128 [INFO] current LH = -7310.038090076539	
2022/02/15 12:55:00.536035 [INFO] current LH = -7310.048479973909	
2022/02/15 12:55:00.831118 [INFO] current LH = -7310.048079863692	
2022/02/15 12:55:01.381911 [INFO] current LH = -7310.766749115689	
2022/02/15 12:55:01.934530 [INFO] current LH = -7311.183174834752	
2022/02/15 12:55:02.484880 [INFO] current LH = -7311.233384705474	
2022/02/15 12:55:02.799571 [INFO] current LH = -7311.240569392102	
2022/02/15 12:55:03.114900 [INFO] current LH = -7311.222708862156	
2022/02/15 12:55:03.429933 [INFO] current LH = -7311.238494424685	
2022/02/15 12:55:03.429957 [INFO] Wall time: 7.524289506s User: 0s System: 0.01s

2022/02/15 12:55:03.429973 [INFO] Wtotal time: 587.6864061s User: 0.44s System: 0.51s

2022/02/15 12:55:03.760736 [INFO] current LH = -7311.224768806299	
2022/02/15 12:55:04.105736 [INFO] current LH = -7311.20627051563	
2022/02/15 12:55:04.443818 [INFO] current LH = -7311.226042485949	
2022/02/15 12:55:04.784510 [INFO] current LH = -7311.224768082594	
2022/02/15 12:55:05.122596 [INFO] current LH = -7311.241998817338	
2022/02/15 12:55:05.461325 [INFO] current LH = -7311.146901300487	
2022/02/15 12:55:05.800224 [INFO] current LH = -7311.166778117238	
2022/02/15 12:55:06.139058 [INFO] current LH = -7311.235025309954	
2022/02/15 12:55:06.477776 [INFO] current LH = -7311.232380186939	
2022/02/15 12:55:06.817714 [INFO] current LH = -7311.238026163791	
2022/02/15 12:55:07.155193 [INFO] current LH = -7311.232128619159	
2022/02/15 12:55:07.494235 [INFO] current LH = -7311.22849396328	
2022/02/15 12:55:07.832683 [INFO] current LH = -7311.234680052929	
2022/02/15 12:55:08.170638 [INFO] current LH = -7311.232305503455	
2022/02/15 12:55:08.507722 [INFO] current LH = -7311.230930611032	
2022/02/15 12:55:08.907642 [INFO] current LH = -7311.232831751766	
2022/02/15 12:55:09.275989 [INFO] current LH = -7311.230460066906	
2022/02/15 12:55:09.646766 [INFO] current LH = -7311.230836815698	
2022/02/15 12:55:10.020053 [INFO] current LH = -7311.23247664149	
2022/02/15 12:55:10.444727 [INFO] current LH = -7311.258815639222	
2022/02/15 12:55:10.444751 [INFO] Wall time: 7.014769256s User: 0s System: 0s

2022/02/15 12:55:10.444758 [INFO] Wtotal time: 594.7011997s User: 0.44s System: 0.51s

2022/02/15 12:55:10.805902 [INFO] current LH = -7311.204430265129	
2022/02/15 12:55:11.165954 [INFO] current LH = -7311.235620346266	
2022/02/15 12:55:11.526560 [INFO] current LH = -7311.22774540082	
2022/02/15 12:55:11.887963 [INFO] current LH = -7311.25398865096	
2022/02/15 12:55:12.249233 [INFO] current LH = -7311.209210844673	
2022/02/15 12:55:12.609487 [INFO] current LH = -7311.215636255003	
2022/02/15 12:55:12.971425 [INFO] current LH = -7311.247649939151	
2022/02/15 12:55:13.438906 [INFO] current LH = -7311.244483280583	
2022/02/15 12:55:13.852794 [INFO] current LH = -7311.218730395663	
2022/02/15 12:55:14.268851 [INFO] Client timing information: 
2022/02/15 12:55:14.268877 [INFO] Client id 0 channel id 0  response time +0 s
2022/02/15 12:55:14.268883 [INFO] Client id 1 channel id 0  response time +0.001751 s
2022/02/15 12:55:14.298663 [INFO] current LH = -7311.231798952757	
2022/02/15 12:55:14.715572 [INFO] current LH = -7311.231481654896	
2022/02/15 12:55:15.129125 [INFO] current LH = -7311.242655720312	
2022/02/15 12:55:15.425307 [INFO] current LH = -7311.220595607801	
2022/02/15 12:55:15.721350 [INFO] current LH = -7311.259187619847	
2022/02/15 12:55:16.017559 [INFO] current LH = -7311.204195584559	
2022/02/15 12:55:16.313505 [INFO] current LH = -7311.271263077101	
2022/02/15 12:55:16.608929 [INFO] current LH = -7311.192149907412	
2022/02/15 12:55:16.906368 [INFO] current LH = -7311.206870601577	
2022/02/15 12:55:17.203185 [INFO] current LH = -7311.256352763452	
2022/02/15 12:55:17.754076 [INFO] current LH = -7311.621873829064	
2022/02/15 12:55:17.754104 [INFO] Wall time: 7.309334843s User: 0.01s System: 0.01s

2022/02/15 12:55:17.754113 [INFO] Wtotal time: 602.0105544s User: 0.45s System: 0.52s

2022/02/15 12:55:18.306325 [INFO] current LH = -7311.666000271758	
2022/02/15 12:55:18.855444 [INFO] current LH = -7311.704773692049	
2022/02/15 12:55:19.169923 [INFO] current LH = -7311.696645455643	
2022/02/15 12:55:19.484857 [INFO] current LH = -7311.709382204348	
2022/02/15 12:55:19.803087 [INFO] current LH = -7311.708400603654	
2022/02/15 12:55:20.116783 [INFO] current LH = -7311.697744953017	
2022/02/15 12:55:20.461369 [INFO] current LH = -7311.717755602385	
2022/02/15 12:55:20.801226 [INFO] current LH = -7311.691780681421	
2022/02/15 12:55:21.139671 [INFO] current LH = -7311.833889869848	
2022/02/15 12:55:21.477859 [INFO] current LH = -7311.574142908527	
2022/02/15 12:55:21.817747 [INFO] current LH = -7311.803805994033	
2022/02/15 12:55:22.155679 [INFO] current LH = -7311.673108718601	
2022/02/15 12:55:22.494310 [INFO] current LH = -7311.722341732712	
2022/02/15 12:55:22.832590 [INFO] current LH = -7311.690798109976	
2022/02/15 12:55:23.171040 [INFO] current LH = -7311.693640528535	
2022/02/15 12:55:23.508630 [INFO] current LH = -7311.712379742086	
2022/02/15 12:55:23.846271 [INFO] current LH = -7311.683361375018	
2022/02/15 12:55:24.184837 [INFO] current LH = -7311.722698867708	
2022/02/15 12:55:24.584501 [INFO] current LH = -7311.714409180136	
2022/02/15 12:55:24.958050 [INFO] current LH = -7311.691707620058	
2022/02/15 12:55:24.958075 [INFO] Wall time: 7.20395198s User: 0s System: 0.01s

2022/02/15 12:55:24.958083 [INFO] Wtotal time: 609.2145241s User: 0.45s System: 0.53s

2022/02/15 12:55:25.326677 [INFO] current LH = -7311.69441497828	
2022/02/15 12:55:25.695645 [INFO] current LH = -7311.711844499376	
2022/02/15 12:55:26.120917 [INFO] current LH = -7311.712162140849	
2022/02/15 12:55:26.481511 [INFO] current LH = -7311.693810994547	
2022/02/15 12:55:26.843255 [INFO] current LH = -7311.717197773006	
2022/02/15 12:55:27.203500 [INFO] current LH = -7311.688840748607	
2022/02/15 12:55:27.564142 [INFO] current LH = -7311.698589968614	
2022/02/15 12:55:27.924436 [INFO] current LH = -7311.707400865334	
2022/02/15 12:55:28.284988 [INFO] current LH = -7311.690706044677	
2022/02/15 12:55:28.645427 [INFO] current LH = -7311.715340894609	
2022/02/15 12:55:29.114060 [INFO] current LH = -7311.709577883726	
2022/02/15 12:55:29.527765 [INFO] current LH = -7311.696421480431	
2022/02/15 12:55:29.946912 [INFO] current LH = -7311.690615417452	
2022/02/15 12:55:30.360145 [INFO] current LH = -7311.715459975119	
2022/02/15 12:55:30.775050 [INFO] current LH = -7311.709694674146	
2022/02/15 12:55:31.070989 [INFO] current LH = -7311.696332988697	
2022/02/15 12:55:31.366937 [INFO] current LH = -7311.729142688163	
2022/02/15 12:55:31.662874 [INFO] current LH = -7311.677073899424	
2022/02/15 12:55:31.959555 [INFO] current LH = -7311.718131544926	
2022/02/15 12:55:32.255218 [INFO] current LH = -7311.687928580488	
2022/02/15 12:55:32.255243 [INFO] Wall time: 7.297151139s User: 0s System: 0s

2022/02/15 12:55:32.255251 [INFO] Wtotal time: 616.5116921s User: 0.45s System: 0.53s

2022/02/15 12:55:32.551418 [INFO] current LH = -7311.704881702622	
2022/02/15 12:55:32.847017 [INFO] current LH = -7311.70121752405	
2022/02/15 12:55:33.397656 [INFO] current LH = -7312.06869942609	
2022/02/15 12:55:33.948330 [INFO] current LH = -7311.687402237117	
2022/02/15 12:55:34.498349 [INFO] current LH = -7312.036626093563	
2022/02/15 12:55:35.052319 [INFO] current LH = -7312.080723249203	
2022/02/15 12:55:35.367270 [INFO] current LH = -7312.071044325537	
2022/02/15 12:55:35.681611 [INFO] current LH = -7312.086905740217	
2022/02/15 12:55:35.997374 [INFO] current LH = -7312.085298952778	
2022/02/15 12:55:36.311216 [INFO] current LH = -7312.072692650414	
2022/02/15 12:55:36.655860 [INFO] current LH = -7311.894915951446	
2022/02/15 12:55:36.996075 [INFO] current LH = -7311.994998466342	
2022/02/15 12:55:37.334016 [INFO] current LH = -7312.059846214409	
2022/02/15 12:55:37.671564 [INFO] current LH = -7312.101564860478	
2022/02/15 12:55:38.010307 [INFO] current LH = -7311.871575609665	
2022/02/15 12:55:38.348178 [INFO] current LH = -7311.971889864586	
2022/02/15 12:55:38.686122 [INFO] current LH = -7312.085666621131	
2022/02/15 12:55:39.024534 [INFO] current LH = -7312.076684906383	
2022/02/15 12:55:39.362607 [INFO] current LH = -7312.091184208232	
2022/02/15 12:55:39.706278 [INFO] current LH = -7312.073707902046	
2022/02/15 12:55:39.706305 [INFO] Wall time: 7.451034782s User: 0s System: 0s

2022/02/15 12:55:39.706315 [INFO] Wtotal time: 623.962756s User: 0.45s System: 0.53s

2022/02/15 12:55:40.045193 [INFO] current LH = -7312.074733196368	
2022/02/15 12:55:40.382927 [INFO] current LH = -7312.083224854988	
2022/02/15 12:55:40.720475 [INFO] current LH = -7312.049918974875	
2022/02/15 12:55:41.059286 [INFO] current LH = -7312.10807093683	
2022/02/15 12:55:41.459029 [INFO] current LH = -7312.089025402224	
2022/02/15 12:55:41.829793 [INFO] current LH = -7312.068954407188	
2022/02/15 12:55:42.198275 [INFO] current LH = -7312.066145760904	
2022/02/15 12:55:42.566119 [INFO] current LH = -7312.09192304008	
2022/02/15 12:55:42.991623 [INFO] current LH = -7312.081776378808	
2022/02/15 12:55:43.351429 [INFO] current LH = -7312.076141629908	
2022/02/15 12:55:43.712479 [INFO] current LH = -7312.095584836541	
2022/02/15 12:55:44.072451 [INFO] current LH = -7312.062356698306	
2022/02/15 12:55:44.431788 [INFO] current LH = -7312.068131201902	
2022/02/15 12:55:44.795181 [INFO] current LH = -7312.089802230168	
2022/02/15 12:55:45.155559 [INFO] current LH = -7312.070765374933	
2022/02/15 12:55:45.516104 [INFO] current LH = -7312.087191623511	
2022/02/15 12:55:45.983760 [INFO] current LH = -7312.080582327295	
2022/02/15 12:55:46.398059 [INFO] current LH = -7312.077353865458	
2022/02/15 12:55:46.814166 [INFO] current LH = -7312.061584401004	
2022/02/15 12:55:47.228126 [INFO] current LH = -7312.096407173954	
2022/02/15 12:55:47.228152 [INFO] Wall time: 7.521826755s User: 0.01s System: 0.01s

2022/02/15 12:55:47.228160 [INFO] Wtotal time: 631.4846015s User: 0.46s System: 0.54s

2022/02/15 12:55:47.643673 [INFO] current LH = -7312.083250845678	
2022/02/15 12:55:47.938647 [INFO] current LH = -7312.074702312468	
2022/02/15 12:55:48.234878 [INFO] current LH = -7312.10441877859	
2022/02/15 12:55:48.530026 [INFO] current LH = -7312.053631329439	
2022/02/15 12:55:48.825781 [INFO] current LH = -7312.086401262288	
2022/02/15 12:55:49.121610 [INFO] current LH = -7312.071576044499	
2022/02/15 12:55:49.417220 [INFO] current LH = -7312.096885651985	
2022/02/15 12:55:49.715540 [INFO] current LH = -7312.061104080844	
2022/02/15 12:55:50.266547 [INFO] current LH = -7312.332876267933	
2022/02/15 12:55:50.819331 [INFO] current LH = -7312.714731107511	
2022/02/15 12:55:51.370105 [INFO] current LH = -7312.780544827463	
2022/02/15 12:55:51.685113 [INFO] current LH = -7312.786099414256	
2022/02/15 12:55:51.999906 [INFO] current LH = -7312.771501580535	
2022/02/15 12:55:52.314684 [INFO] current LH = -7312.794112000436	
2022/02/15 12:55:52.629357 [INFO] current LH = -7312.763491025338	
2022/02/15 12:55:52.973501 [INFO] current LH = -7312.763345913077	
2022/02/15 12:55:53.311808 [INFO] current LH = -7312.797691703668	
2022/02/15 12:55:53.650379 [INFO] current LH = -7312.638380163292	
2022/02/15 12:55:53.988907 [INFO] current LH = -7312.895093667545	
2022/02/15 12:55:54.327522 [INFO] current LH = -7312.730387097811	
2022/02/15 12:55:54.327549 [INFO] Wall time: 7.099378785s User: 0s System: 0.01s

2022/02/15 12:55:54.327557 [INFO] Wtotal time: 638.5839985s User: 0.46s System: 0.55s

2022/02/15 12:55:54.669524 [INFO] current LH = -7312.830298178454	
2022/02/15 12:55:55.008920 [INFO] current LH = -7312.817159171824	
2022/02/15 12:55:55.346991 [INFO] current LH = -7312.752795575801	
2022/02/15 12:55:55.685499 [INFO] current LH = -7312.802625464365	
2022/02/15 12:55:56.023890 [INFO] current LH = -7312.761961156698	
2022/02/15 12:55:56.362161 [INFO] current LH = -7312.804006727785	
2022/02/15 12:55:56.699623 [INFO] current LH = -7312.753532609108	
2022/02/15 12:55:57.039155 [INFO] current LH = -7312.751546142487	
2022/02/15 12:55:57.377516 [INFO] current LH = -7312.806200255101	
2022/02/15 12:55:57.778454 [INFO] current LH = -7312.785490371896	
2022/02/15 12:55:58.149472 [INFO] current LH = -7312.772063297703	
2022/02/15 12:55:58.518139 [INFO] current LH = -7312.763401733378	
2022/02/15 12:55:58.887455 [INFO] current LH = -7312.794375200549	
2022/02/15 12:55:59.312549 [INFO] current LH = -7312.804904337237	
2022/02/15 12:55:59.674474 [INFO] current LH = -7312.752546500913	
2022/02/15 12:56:00.036372 [INFO] current LH = -7312.791369074303	
2022/02/15 12:56:00.396711 [INFO] current LH = -7312.766143666806	
2022/02/15 12:56:00.757470 [INFO] current LH = -7312.79267501256	
2022/02/15 12:56:01.117540 [INFO] current LH = -7312.76481245947	
2022/02/15 12:56:01.477176 [INFO] current LH = -7312.780551094657	
2022/02/15 12:56:01.477203 [INFO] Wall time: 7.149635943s User: 0s System: 0s

2022/02/15 12:56:01.477212 [INFO] Wtotal time: 645.733653s User: 0.46s System: 0.55s

2022/02/15 12:56:01.838663 [INFO] current LH = -7312.777023286919	
2022/02/15 12:56:02.306269 [INFO] current LH = -7312.790700880815	
2022/02/15 12:56:02.719780 [INFO] current LH = -7312.766776500963	
2022/02/15 12:56:03.135522 [INFO] current LH = -7312.757370902618	
2022/02/15 12:56:03.549477 [INFO] current LH = -7312.800303163835	
2022/02/15 12:56:03.963664 [INFO] current LH = -7312.788293358642	
2022/02/15 12:56:04.258774 [INFO] current LH = -7312.769281611461	
2022/02/15 12:56:04.554757 [INFO] current LH = -7312.810421898594	
2022/02/15 12:56:04.855542 [INFO] current LH = -7312.747400631803	
2022/02/15 12:56:05.151501 [INFO] current LH = -7312.809081619387	
2022/02/15 12:56:05.447197 [INFO] current LH = -7312.748659876755	
2022/02/15 12:56:05.743720 [INFO] current LH = -7312.819831313079	
2022/02/15 12:56:06.040294 [INFO] current LH = -7312.737802959709	
2022/02/15 12:56:06.591212 [INFO] current LH = -7313.371429647494	
2022/02/15 12:56:07.143415 [INFO] current LH = -7313.43594556439	
2022/02/15 12:56:07.457197 [INFO] current LH = -7313.428924877923	
2022/02/15 12:56:07.772545 [INFO] current LH = -7313.439454907406	
2022/02/15 12:56:08.087381 [INFO] current LH = -7313.445123273764	
2022/02/15 12:56:08.401938 [INFO] current LH = -7313.423382545266	
2022/02/15 12:56:08.748824 [INFO] current LH = -7313.327563373999	
2022/02/15 12:56:08.748850 [INFO] Wall time: 7.271627908s User: 0s System: 0.01s

2022/02/15 12:56:08.748858 [INFO] Wtotal time: 653.0052992s User: 0.46s System: 0.56s

2022/02/15 12:56:09.087220 [INFO] current LH = -7313.470720236057	
2022/02/15 12:56:09.425168 [INFO] current LH = -7313.412649363016	
2022/02/15 12:56:09.766590 [INFO] current LH = -7313.459079150588	
2022/02/15 12:56:10.104932 [INFO] current LH = -7313.326677891207	
2022/02/15 12:56:10.444353 [INFO] current LH = -7313.469871313903	
2022/02/15 12:56:10.783290 [INFO] current LH = -7313.45131617964	
2022/02/15 12:56:11.122017 [INFO] current LH = -7313.422503074001	
2022/02/15 12:56:11.459329 [INFO] current LH = -7313.434443124808	
2022/02/15 12:56:11.799327 [INFO] current LH = -7313.43391345103	
2022/02/15 12:56:12.137757 [INFO] current LH = -7313.427701344593	
2022/02/15 12:56:12.476347 [INFO] current LH = -7313.440897878235	
2022/02/15 12:56:12.875821 [INFO] current LH = -7313.426758165337	
2022/02/15 12:56:13.244939 [INFO] current LH = -7313.441593465858	
2022/02/15 12:56:13.612872 [INFO] current LH = -7313.432938341666	
2022/02/15 12:56:13.982099 [INFO] current LH = -7313.435521123406	
2022/02/15 12:56:14.407659 [INFO] current LH = -7313.420821152085	
2022/02/15 12:56:14.773563 [INFO] current LH = -7313.447485226309	
2022/02/15 12:56:15.134491 [INFO] current LH = -7313.435419175728	
2022/02/15 12:56:15.494771 [INFO] current LH = -7313.432898862196	
2022/02/15 12:56:15.855917 [INFO] current LH = -7313.429368773014	
2022/02/15 12:56:15.855942 [INFO] Wall time: 7.1070755s User: 0s System: 0.01s

2022/02/15 12:56:15.855950 [INFO] Wtotal time: 660.1123917s User: 0.46s System: 0.57s

2022/02/15 12:56:16.246268 [INFO] current LH = -7313.438997016353	
2022/02/15 12:56:16.606787 [INFO] current LH = -7313.441338140378	
2022/02/15 12:56:16.968402 [INFO] current LH = -7313.426999649448	
2022/02/15 12:56:17.436680 [INFO] current LH = -7313.44269693412	
2022/02/15 12:56:17.850951 [INFO] current LH = -7313.425653331238	
2022/02/15 12:56:18.266138 [INFO] current LH = -7313.414680910259	
2022/02/15 12:56:18.681690 [INFO] current LH = -7313.453818341961	
2022/02/15 12:56:19.095264 [INFO] current LH = -7313.43323297652	
2022/02/15 12:56:19.391052 [INFO] current LH = -7313.435156733994	
2022/02/15 12:56:19.690913 [INFO] current LH = -7313.443425805665	
2022/02/15 12:56:19.986876 [INFO] current LH = -7313.425041221389	
2022/02/15 12:56:20.283423 [INFO] current LH = -7313.432588373797	
2022/02/15 12:56:20.579178 [INFO] current LH = -7313.435815730709	
2022/02/15 12:56:20.875568 [INFO] current LH = -7313.448803739525	
2022/02/15 12:56:21.171619 [INFO] current LH = -7313.419654289512	
2022/02/15 12:56:21.722817 [INFO] current LH = -7313.718734431303	
2022/02/15 12:56:22.275007 [INFO] current LH = -7313.827717765885	
2022/02/15 12:56:22.825821 [INFO] current LH = -7313.845654410123	
2022/02/15 12:56:23.141011 [INFO] current LH = -7313.848436573375	
2022/02/15 12:56:23.454566 [INFO] current LH = -7313.839432130871	
2022/02/15 12:56:23.454591 [INFO] Wall time: 7.598631126s User: 0.01s System: 0s

2022/02/15 12:56:23.454599 [INFO] Wtotal time: 667.7110405s User: 0.47s System: 0.57s

2022/02/15 12:56:23.769251 [INFO] current LH = -7313.845586708146	
2022/02/15 12:56:24.084336 [INFO] current LH = -7313.842216381629	
2022/02/15 12:56:24.429384 [INFO] current LH = -7313.819482730606	
2022/02/15 12:56:24.771276 [INFO] current LH = -7313.835227358568	
2022/02/15 12:56:25.109742 [INFO] current LH = -7313.837591289956	
2022/02/15 12:56:25.447457 [INFO] current LH = -7313.853267808536	
2022/02/15 12:56:25.786468 [INFO] current LH = -7313.823164174976	
2022/02/15 12:56:26.124758 [INFO] current LH = -7313.838895411967	
2022/02/15 12:56:26.463283 [INFO] current LH = -7313.847742130253	
2022/02/15 12:56:26.802655 [INFO] Client timing information: 
2022/02/15 12:56:26.802679 [INFO] Client id 0 channel id 0  response time +0 s
2022/02/15 12:56:26.802686 [INFO] Client id 1 channel id 0  response time +0.000551 s
2022/02/15 12:56:26.835070 [INFO] current LH = -7313.843956565918	
2022/02/15 12:56:27.172974 [INFO] current LH = -7313.852643565144	
2022/02/15 12:56:27.511574 [INFO] current LH = -7313.842067231368	
2022/02/15 12:56:27.849915 [INFO] current LH = -7313.847414973696	
2022/02/15 12:56:28.188338 [INFO] current LH = -7313.840324101824	
2022/02/15 12:56:28.525922 [INFO] current LH = -7313.857923154804	
2022/02/15 12:56:28.863490 [INFO] current LH = -7313.829836280313	
2022/02/15 12:56:29.263274 [INFO] current LH = -7313.848082613714	
2022/02/15 12:56:29.633715 [INFO] current LH = -7313.839699233222	
2022/02/15 12:56:30.005706 [INFO] current LH = -7313.856270676552	
2022/02/15 12:56:30.374511 [INFO] current LH = -7313.831564823177	
2022/02/15 12:56:30.374537 [INFO] Wall time: 6.919928993s User: 0s System: 0.01s

2022/02/15 12:56:30.374545 [INFO] Wtotal time: 674.6309864s User: 0.47s System: 0.58s

2022/02/15 12:56:30.798620 [INFO] current LH = -7313.859093195676	
2022/02/15 12:56:31.159059 [INFO] current LH = -7313.828678675353	
2022/02/15 12:56:31.520573 [INFO] current LH = -7313.831275515083	
2022/02/15 12:56:31.880664 [INFO] current LH = -7313.85654730145	
2022/02/15 12:56:32.241389 [INFO] current LH = -7313.848634192505	
2022/02/15 12:56:32.601294 [INFO] current LH = -7313.839096171361	
2022/02/15 12:56:32.962048 [INFO] current LH = -7313.852435584938	
2022/02/15 12:56:33.322783 [INFO] current LH = -7313.835366315415	
2022/02/15 12:56:33.790416 [INFO] current LH = -7313.846702592707	
2022/02/15 12:56:34.204895 [INFO] current LH = -7313.841024537522	
2022/02/15 12:56:34.618976 [INFO] current LH = -7313.836493398493	
2022/02/15 12:56:35.034864 [INFO] current LH = -7313.85107613757	
2022/02/15 12:56:35.450231 [INFO] current LH = -7313.85277136537	
2022/02/15 12:56:35.745834 [INFO] current LH = -7313.835060791307	
2022/02/15 12:56:36.041667 [INFO] current LH = -7313.859812305998	
2022/02/15 12:56:36.337775 [INFO] current LH = -7313.828049556207	
2022/02/15 12:56:36.634079 [INFO] current LH = -7313.860701620502	
2022/02/15 12:56:36.931103 [INFO] current LH = -7313.827208720212	
2022/02/15 12:56:37.226729 [INFO] current LH = -7313.840162957747	
2022/02/15 12:56:37.522333 [INFO] current LH = -7313.847626098033	
2022/02/15 12:56:37.522356 [INFO] Wall time: 7.147793426s User: 0s System: 0s

2022/02/15 12:56:37.522364 [INFO] Wtotal time: 681.7788052s User: 0.47s System: 0.58s

2022/02/15 12:56:38.072583 [INFO] current LH = -7313.892363080989	
2022/02/15 12:56:38.621314 [INFO] current LH = -7313.891957280061	
2022/02/15 12:56:39.171778 [INFO] current LH = -7313.892519250779	
2022/02/15 12:56:39.485889 [INFO] current LH = -7313.89609956075	
2022/02/15 12:56:39.806739 [INFO] current LH = -7313.885456142261	
2022/02/15 12:56:40.122084 [INFO] current LH = -7313.890021731734	
2022/02/15 12:56:40.437358 [INFO] current LH = -7313.891556687715	
2022/02/15 12:56:40.782002 [INFO] current LH = -7313.900536882752	
2022/02/15 12:56:41.121335 [INFO] current LH = -7313.884488580965	
2022/02/15 12:56:41.459325 [INFO] current LH = -7313.875853910451	
2022/02/15 12:56:41.798154 [INFO] current LH = -7313.81154927027	
2022/02/15 12:56:42.135591 [INFO] current LH = -7313.907659885779	
2022/02/15 12:56:42.474150 [INFO] current LH = -7313.877328029147	
2022/02/15 12:56:42.813369 [INFO] current LH = -7313.920564988464	
2022/02/15 12:56:43.151810 [INFO] current LH = -7313.878546513051	
2022/02/15 12:56:43.490115 [INFO] current LH = -7313.905415283013	
2022/02/15 12:56:43.828181 [INFO] current LH = -7313.883215214564	
2022/02/15 12:56:44.166961 [INFO] current LH = -7313.893675171441	
2022/02/15 12:56:44.505217 [INFO] current LH = -7313.887873494254	
2022/02/15 12:56:44.847494 [INFO] current LH = -7313.908126275221	
2022/02/15 12:56:44.847518 [INFO] Wall time: 7.325144285s User: 0.01s System: 0.01s

2022/02/15 12:56:44.847525 [INFO] Wtotal time: 689.1039668s User: 0.48s System: 0.59s

2022/02/15 12:56:45.185044 [INFO] current LH = -7313.873437399438	
2022/02/15 12:56:45.584845 [INFO] current LH = -7313.900530546827	
2022/02/15 12:56:45.953928 [INFO] current LH = -7313.881033846693	
2022/02/15 12:56:46.323424 [INFO] current LH = -7313.899422563845	
2022/02/15 12:56:46.691537 [INFO] current LH = -7313.882161384397	
2022/02/15 12:56:47.117961 [INFO] current LH = -7313.90077761831	
2022/02/15 12:56:47.477767 [INFO] current LH = -7313.88075732	
2022/02/15 12:56:47.838799 [INFO] current LH = -7313.884841114263	
2022/02/15 12:56:48.200039 [INFO] current LH = -7313.896717367762	
2022/02/15 12:56:48.559291 [INFO] current LH = -7313.893324601548	
2022/02/15 12:56:48.919578 [INFO] current LH = -7313.888217206602	
2022/02/15 12:56:49.279680 [INFO] current LH = -7313.890771217021	
2022/02/15 12:56:49.641998 [INFO] current LH = -7313.890789295781	
2022/02/15 12:56:50.112015 [INFO] current LH = -7313.8933654639	
2022/02/15 12:56:50.527929 [INFO] current LH = -7313.888177547227	
2022/02/15 12:56:50.942248 [INFO] current LH = -7313.887953262944	
2022/02/15 12:56:51.356619 [INFO] current LH = -7313.893608312112	
2022/02/15 12:56:51.770839 [INFO] current LH = -7313.896915723891	
2022/02/15 12:56:52.066870 [INFO] current LH = -7313.884641142551	
2022/02/15 12:56:52.362947 [INFO] current LH = -7313.908870589107	
2022/02/15 12:56:52.362985 [INFO] Wall time: 7.51544608s User: 0s System: 0s

2022/02/15 12:56:52.363002 [INFO] Wtotal time: 696.6194351s User: 0.48s System: 0.59s

2022/02/15 12:56:52.658486 [INFO] current LH = -7313.872714880401	
2022/02/15 12:56:52.954830 [INFO] current LH = -7313.902802258651	
2022/02/15 12:56:53.250087 [INFO] current LH = -7313.878756195203	
2022/02/15 12:56:53.545439 [INFO] current LH = -7313.886387037929	
2022/02/15 12:56:53.840625 [INFO] current LH = -7313.895182491151	
2022/02/15 12:56:54.391066 [INFO] current LH = -7313.940968300665	
2022/02/15 12:56:54.942486 [INFO] current LH = -7313.917588585311	
2022/02/15 12:56:55.492606 [INFO] current LH = -7313.954030130361	
2022/02/15 12:56:55.807983 [INFO] current LH = -7313.957040900418	
2022/02/15 12:56:56.122952 [INFO] current LH = -7313.947526413885	
2022/02/15 12:56:56.438210 [INFO] current LH = -7313.950173566744	
2022/02/15 12:56:56.753554 [INFO] current LH = -7313.954427140126	
2022/02/15 12:56:57.099195 [INFO] current LH = -7313.828230484528	
2022/02/15 12:56:57.439229 [INFO] current LH = -7313.835643563513	
2022/02/15 12:56:57.777626 [INFO] current LH = -7313.939183826837	
2022/02/15 12:56:58.118038 [INFO] current LH = -7313.94641318963	
2022/02/15 12:56:58.456576 [INFO] current LH = -7313.948185741856	
2022/02/15 12:56:58.793547 [INFO] current LH = -7313.955399967956	
2022/02/15 12:56:59.132038 [INFO] current LH = -7313.955501868989	
2022/02/15 12:56:59.470208 [INFO] current LH = -7313.952954926663	
2022/02/15 12:56:59.470236 [INFO] Wall time: 7.107214779s User: 0s System: 0s

2022/02/15 12:56:59.470245 [INFO] Wtotal time: 703.7266862s User: 0.48s System: 0.59s

2022/02/15 12:56:59.812899 [INFO] current LH = -7313.958905356345	
2022/02/15 12:57:00.153427 [INFO] current LH = -7313.952408241735	
2022/02/15 12:57:00.491097 [INFO] current LH = -7313.953716343444	
2022/02/15 12:57:00.829298 [INFO] current LH = -7313.950846443958	
2022/02/15 12:57:01.167852 [INFO] current LH = -7313.968942206817	
2022/02/15 12:57:01.505189 [INFO] current LH = -7313.935639830911	
2022/02/15 12:57:01.906484 [INFO] current LH = -7313.964725399499	
2022/02/15 12:57:02.274949 [INFO] current LH = -7313.939851590073	
2022/02/15 12:57:02.644114 [INFO] current LH = -7313.956266198987	
2022/02/15 12:57:03.013718 [INFO] current LH = -7313.948340141037	
2022/02/15 12:57:03.438985 [INFO] current LH = -7313.954239100124	
2022/02/15 12:57:03.798818 [INFO] current LH = -7313.950312244354	
2022/02/15 12:57:04.160486 [INFO] current LH = -7313.951968494055	
2022/02/15 12:57:04.520708 [INFO] current LH = -7313.952605860421	
2022/02/15 12:57:04.887564 [INFO] current LH = -7313.951159271961	
2022/02/15 12:57:05.247824 [INFO] current LH = -7313.953403498026	
2022/02/15 12:57:05.608266 [INFO] current LH = -7313.948550850175	
2022/02/15 12:57:05.970174 [INFO] current LH = -7313.956025691712	
2022/02/15 12:57:06.438668 [INFO] current LH = -7313.954894792457	
2022/02/15 12:57:06.853838 [INFO] current LH = -7313.949662350691	
2022/02/15 12:57:06.853865 [INFO] Wall time: 7.383609614s User: 0.01s System: 0.01s

2022/02/15 12:57:06.853873 [INFO] Wtotal time: 711.1103148s User: 0.49s System: 0.6s

2022/02/15 12:57:07.268789 [INFO] current LH = -7313.951918741754	
2022/02/15 12:57:07.684261 [INFO] current LH = -7313.952676019088	
2022/02/15 12:57:08.099453 [INFO] current LH = -7313.955626390382	
2022/02/15 12:57:08.394832 [INFO] current LH = -7313.948939454722	
2022/02/15 12:57:08.690472 [INFO] current LH = -7313.970552128715	
2022/02/15 12:57:08.986610 [INFO] current LH = -7313.934043413834	
2022/02/15 12:57:09.282214 [INFO] current LH = -7313.957320755599	
2022/02/15 12:57:09.578048 [INFO] current LH = -7313.947249814109	
2022/02/15 12:57:09.875469 [INFO] current LH = -7313.950914030564	
2022/02/15 12:57:10.171685 [INFO] current LH = -7313.953670561219	
2022/02/15 12:57:10.724706 [INFO] current LH = -7313.980243487536	
2022/02/15 12:57:11.276624 [INFO] current LH = -7313.99473384782	
2022/02/15 12:57:11.828380 [INFO] current LH = -7314.00361147032	
2022/02/15 12:57:12.377862 [INFO] current LH = -7314.013964523974	
2022/02/15 12:57:12.691721 [INFO] current LH = -7314.015864286532	
2022/02/15 12:57:13.006200 [INFO] current LH = -7314.008607698795	
2022/02/15 12:57:13.321313 [INFO] current LH = -7314.009486618746	
2022/02/15 12:57:13.635049 [INFO] current LH = -7314.015006353866	
2022/02/15 12:57:13.978516 [INFO] current LH = -7314.018995240697	
2022/02/15 12:57:14.317231 [INFO] current LH = -7314.008935954764	
2022/02/15 12:57:14.317266 [INFO] Wall time: 7.463382656s User: 0s System: 0.01s

2022/02/15 12:57:14.317274 [INFO] Wtotal time: 718.5737154s User: 0.49s System: 0.61s

2022/02/15 12:57:14.656787 [INFO] current LH = -7314.040571941629	
2022/02/15 12:57:14.995284 [INFO] current LH = -7313.96336150771	
2022/02/15 12:57:15.334080 [INFO] current LH = -7314.033097653444	
2022/02/15 12:57:15.671909 [INFO] current LH = -7313.994748318633	
2022/02/15 12:57:16.010524 [INFO] current LH = -7314.07053148636	
2022/02/15 12:57:16.348308 [INFO] current LH = -7313.994087350034	
2022/02/15 12:57:16.686746 [INFO] current LH = -7314.02976738875	
2022/02/15 12:57:17.026205 [INFO] current LH = -7314.001946512912	
2022/02/15 12:57:17.364318 [INFO] current LH = -7314.012588013574	
2022/02/15 12:57:17.703380 [INFO] current LH = -7314.011833059871	
2022/02/15 12:57:18.041644 [INFO] current LH = -7314.01866692	
2022/02/15 12:57:18.379797 [INFO] current LH = -7314.005748552496	
2022/02/15 12:57:18.779279 [INFO] current LH = -7314.020739966523	
2022/02/15 12:57:19.147183 [INFO] current LH = -7314.003681123796	
2022/02/15 12:57:19.517007 [INFO] current LH = -7314.015754107814	
2022/02/15 12:57:19.892618 [INFO] current LH = -7314.008700523736	
2022/02/15 12:57:20.318017 [INFO] current LH = -7314.015817659457	
2022/02/15 12:57:20.678442 [INFO] current LH = -7314.008588228538	
2022/02/15 12:57:21.039184 [INFO] current LH = -7314.009307430827	
2022/02/15 12:57:21.399860 [INFO] current LH = -7314.015137567213	
2022/02/15 12:57:21.399885 [INFO] Wall time: 7.082601941s User: 0s System: 0s

2022/02/15 12:57:21.399893 [INFO] Wtotal time: 725.6563341s User: 0.49s System: 0.61s

2022/02/15 12:57:21.761034 [INFO] current LH = -7314.009050469151	
2022/02/15 12:57:22.121310 [INFO] current LH = -7314.015353690244	
2022/02/15 12:57:22.482408 [INFO] current LH = -7314.01846643443	
2022/02/15 12:57:22.841781 [INFO] current LH = -7314.005967719994	
2022/02/15 12:57:23.310802 [INFO] current LH = -7314.010982950032	
2022/02/15 12:57:23.726789 [INFO] current LH = -7314.013427370965	
2022/02/15 12:57:24.141594 [INFO] current LH = -7314.014049369846	
2022/02/15 12:57:24.555701 [INFO] current LH = -7314.01037863616	
2022/02/15 12:57:24.972630 [INFO] current LH = -7314.017571875086	
2022/02/15 12:57:25.268599 [INFO] current LH = -7314.006884489792	
2022/02/15 12:57:25.564852 [INFO] current LH = -7314.026294474052	
2022/02/15 12:57:25.859971 [INFO] current LH = -7313.998143435181	
2022/02/15 12:57:26.155844 [INFO] current LH = -7314.016552943495	
2022/02/15 12:57:26.451449 [INFO] current LH = -7314.007934342137	
2022/02/15 12:57:26.748356 [INFO] current LH = -7314.017380072648	
2022/02/15 12:57:27.044377 [INFO] current LH = -7314.007063806588	
2022/02/15 12:57:27.595203 [INFO] current LH = -7314.074556372795	
2022/02/15 12:57:28.147090 [INFO] current LH = -7314.112991064393	
2022/02/15 12:57:28.461801 [INFO] current LH = -7314.113349548382	
2022/02/15 12:57:28.777710 [INFO] current LH = -7314.109142349105	
2022/02/15 12:57:28.777737 [INFO] Wall time: 7.37783393s User: 0s System: 0.01s

2022/02/15 12:57:28.777745 [INFO] Wtotal time: 733.0341863s User: 0.49s System: 0.62s

  no                                  Name                    Value  type                 Error +-            Low          High
   0         L2S2_J0P-1C1Tof2(1270)_etaMag       0.2852986163000674  free                      0.5
   1         L2S2_J0P-1C1Tof2(1270)_etaPhi       0.9819452365934589  free                      0.2
   2       L2S0_f2(1270)Topion0A_pion0BMag                        1 fixed
   3       L2S0_f2(1270)Topion0A_pion0BPhi                        0 fixed
   4                          f2(1270)Mass                    1.275 fixed
   5                         f2(1270)Width                    0.185 fixed
   6  L2S2_J0P-1C1Toa2(1320)0AB_pion0ABMag                        1 fixed
   7  L2S2_J0P-1C1Toa2(1320)0AB_pion0ABPhi                        0 fixed
   8      L2S0_a2(1320)0ABTopion0AB_etaMag                        1 fixed
   9      L2S0_a2(1320)0ABTopion0AB_etaPhi                        0 fixed
  10                       a2(1320)0ABMass                    1.318 fixed
  11                      a2(1320)0ABWidth                    0.107 fixed
  12          L1S2_J1P1C1Tof2(1270)_etaMag    -0.000351131482917883  free       0.3535533905932737
  13          L1S2_J1P1C1Tof2(1270)_etaPhi       -2.601976581426973  free                      0.2
  14          L3S2_J1P1C1Tof2(1270)_etaMag       0.6579785278327194  free       0.3535533905932737
  15          L3S2_J1P1C1Tof2(1270)_etaPhi       0.2748106333159885  free                      0.2
  16   L1S2_J1P1C1Toa2(1320)0AB_pion0ABMag       0.7071067811865475 fixed
  17   L1S2_J1P1C1Toa2(1320)0AB_pion0ABPhi                        0 fixed
  18   L3S2_J1P1C1Toa2(1320)0AB_pion0ABMag       0.6842209248151514  free       0.3535533905932737
  19   L3S2_J1P1C1Toa2(1320)0AB_pion0ABPhi       0.8037973378146134  free                      0.2
  20          L1S2_J2P1C1Tof2(1270)_etaMag        1.624349169281272  free       0.3535533905932737
  21          L1S2_J2P1C1Tof2(1270)_etaPhi       -2.452288127592654  free                      0.2
  22          L3S2_J2P1C1Tof2(1270)_etaMag        1.664165044555161  free       0.3535533905932737
  23          L3S2_J2P1C1Tof2(1270)_etaPhi       -3.470702632934038  free                      0.2
  24   L1S2_J2P1C1Toa2(1320)0AB_pion0ABMag       0.7071067811865475 fixed
  25   L1S2_J2P1C1Toa2(1320)0AB_pion0ABPhi                        0 fixed
  26   L3S2_J2P1C1Toa2(1320)0AB_pion0ABMag       0.3618379104508908  free       0.3535533905932737
  27   L3S2_J2P1C1Toa2(1320)0AB_pion0ABPhi       0.6491895836857149  free                      0.2
  28    channelType1pion0Apion0BetaScaling                        1 fixed
  29                           Iso1J0P-1C1                        0 fixed
  30                            Iso1J1P1C1                        0 fixed
  31                            Iso1J2P1C1                        0 fixed
  32                   J0P-1C1L0S0pbarpMag        1.341190005383359  free       0.2886751345948129
  33                   J0P-1C1L0S0pbarpPhi                        0 fixed
  34                    J1P1C1L1S1pbarpMag       0.5400520933690469  free       0.2886751345948129
  35                    J1P1C1L1S1pbarpPhi                        0 fixed
  36                    J2P1C1L1S1pbarpMag       0.4810536559461199  free       0.2886751345948129
  37                    J2P1C1L1S1pbarpPhi        2.838649291860482  free                      0.2
2022/02/15 12:57:29.108596 [INFO] current LH = -7314.111271383411	
2022/02/15 12:57:29.422663 [INFO] current LH = -7314.111249646832	
2022/02/15 12:57:29.775799 [INFO] current LH = -7314.018301879605	
2022/02/15 12:57:30.113939 [INFO] current LH = -7313.977436652144	
2022/02/15 12:57:30.452989 [INFO] current LH = -7314.129411326324	
2022/02/15 12:57:30.790864 [INFO] current LH = -7314.096516122256	
2022/02/15 12:57:31.130206 [INFO] current LH = -7314.02061874849	
2022/02/15 12:57:31.468668 [INFO] current LH = -7313.979773528852	
2022/02/15 12:57:31.808629 [INFO] current LH = -7314.12055320965	
2022/02/15 12:57:32.146546 [INFO] current LH = -7314.107247740224	
2022/02/15 12:57:32.485314 [INFO] current LH = -7314.115333047384	
2022/02/15 12:57:32.823303 [INFO] current LH = -7314.107123236117	
2022/02/15 12:57:33.162284 [INFO] current LH = -7314.114551264959	
2022/02/15 12:57:33.500311 [INFO] current LH = -7314.107897468911	
2022/02/15 12:57:33.899610 [INFO] current LH = -7314.115950373146	
2022/02/15 12:57:34.268623 [INFO] current LH = -7314.106481346224	
2022/02/15 12:57:34.638678 [INFO] current LH = -7314.122949001186	
2022/02/15 12:57:35.008295 [INFO] current LH = -7314.099507103853	
2022/02/15 12:57:35.433150 [INFO] current LH = -7314.115628435861	
2022/02/15 12:57:35.793676 [INFO] current LH = -7314.106829454216	
2022/02/15 12:57:35.793704 [INFO] Wall time: 7.015948478s User: 0.01s System: 0.01s

2022/02/15 12:57:35.793715 [INFO] Wtotal time: 740.0501547s User: 0.5s System: 0.63s

2022/02/15 12:57:36.154303 [INFO] current LH = -7314.112159601436	
2022/02/15 12:57:36.514253 [INFO] current LH = -7314.110369441775	
2022/02/15 12:57:36.876731 [INFO] current LH = -7314.114079760267	
2022/02/15 12:57:37.237004 [INFO] current LH = -7314.108367612283	
2022/02/15 12:57:37.597768 [INFO] current LH = -7314.107611480808	
2022/02/15 12:57:37.957124 [INFO] current LH = -7314.114904742587	
2022/02/15 12:57:38.424954 [INFO] current LH = -7314.112997208225	
2022/02/15 12:57:38.839977 [INFO] current LH = -7314.109437384578	
2022/02/15 12:57:39.255165 [INFO] current LH = -7314.119359006514	
2022/02/15 12:57:39.670116 [INFO] Client timing information: 
2022/02/15 12:57:39.670141 [INFO] Client id 1 channel id 0  response time +0 s
2022/02/15 12:57:39.670148 [INFO] Client id 0 channel id 0  response time +0.000294 s
2022/02/15 12:57:39.703129 [INFO] current LH = -7314.103164397175	
2022/02/15 12:57:40.118483 [INFO] current LH = -7314.111585524273	
2022/02/15 12:57:40.414466 [INFO] current LH = -7314.110902594144	
2022/02/15 12:57:40.710802 [INFO] current LH = -7314.121678954202	
2022/02/15 12:57:41.005752 [INFO] current LH = -7314.100761760131	
2022/02/15 12:57:41.301888 [INFO] current LH = -7314.116395810794	
2022/02/15 12:57:41.597384 [INFO] current LH = -7314.106154579307	
2022/02/15 12:57:41.894143 [INFO] current LH = -7314.107078248448	
2022/02/15 12:57:42.191099 [INFO] current LH = -7314.11538022036	
2022/02/15 12:57:42.742635 [INFO] current LH = -7314.130111691308	
2022/02/15 12:57:43.293739 [INFO] current LH = -7314.100789009163	
2022/02/15 12:57:43.293766 [INFO] Wall time: 7.500040493s User: 0s System: 0s

2022/02/15 12:57:43.293775 [INFO] Wtotal time: 747.5502164s User: 0.5s System: 0.63s

2022/02/15 12:57:43.843213 [INFO] current LH = -7314.135289276644	
2022/02/15 12:57:44.157732 [INFO] current LH = -7314.131322962707	
2022/02/15 12:57:44.472330 [INFO] current LH = -7314.13575434423	
2022/02/15 12:57:44.793178 [INFO] current LH = -7314.13323470684	
2022/02/15 12:57:45.108318 [INFO] current LH = -7314.133862118948	
2022/02/15 12:57:45.452850 [INFO] current LH = -7314.14148062442	
2022/02/15 12:57:45.790600 [INFO] current LH = -7314.119279234782	
2022/02/15 12:57:46.129088 [INFO] current LH = -7314.144798504091	
2022/02/15 12:57:46.467815 [INFO] current LH = -7314.125752633765	
2022/02/15 12:57:46.807135 [INFO] current LH = -7314.061631288548	
2022/02/15 12:57:47.145768 [INFO] current LH = -7314.0390338705	
2022/02/15 12:57:47.486886 [INFO] current LH = -7314.141466051497	
2022/02/15 12:57:47.824741 [INFO] current LH = -7314.131031179143	
2022/02/15 12:57:48.163341 [INFO] current LH = -7314.131260306299	
2022/02/15 12:57:48.501859 [INFO] current LH = -7314.135818602652	
2022/02/15 12:57:48.840792 [INFO] current LH = -7314.130494271047	
2022/02/15 12:57:49.179267 [INFO] current LH = -7314.136576459322	
2022/02/15 12:57:49.578088 [INFO] current LH = -7314.135896824198	
2022/02/15 12:57:49.953052 [INFO] current LH = -7314.131187468617	
2022/02/15 12:57:50.322948 [INFO] current LH = -7314.14113827508	
2022/02/15 12:57:50.322987 [INFO] Wall time: 7.02919685s User: 0s System: 0.01s

2022/02/15 12:57:50.323004 [INFO] Wtotal time: 754.5794367s User: 0.5s System: 0.64s

2022/02/15 12:57:50.692211 [INFO] current LH = -7314.12593776078	
2022/02/15 12:57:51.117520 [INFO] current LH = -7314.131710671132	
2022/02/15 12:57:51.477907 [INFO] current LH = -7314.135381494775	
2022/02/15 12:57:51.841041 [INFO] current LH = -7314.133599578891	
2022/02/15 12:57:52.201822 [INFO] current LH = -7314.133490452781	
2022/02/15 12:57:52.562764 [INFO] current LH = -7314.130295596327	
2022/02/15 12:57:52.924019 [INFO] current LH = -7314.136799606456	
2022/02/15 12:57:53.284661 [INFO] current LH = -7314.135946175082	
2022/02/15 12:57:53.645120 [INFO] current LH = -7314.131139227969	
2022/02/15 12:57:54.112732 [INFO] current LH = -7314.133547033652	
2022/02/15 12:57:54.526957 [INFO] current LH = -7314.133541984805	
2022/02/15 12:57:54.944116 [INFO] current LH = -7314.138216189641	
2022/02/15 12:57:55.358816 [INFO] current LH = -7314.128869054638	
2022/02/15 12:57:55.773167 [INFO] current LH = -7314.133063152016	
2022/02/15 12:57:56.069545 [INFO] current LH = -7314.134014218174	
2022/02/15 12:57:56.365549 [INFO] current LH = -7314.139652413726	
2022/02/15 12:57:56.661301 [INFO] current LH = -7314.127412924602	
2022/02/15 12:57:56.958266 [INFO] current LH = -7314.132538145672	
2022/02/15 12:57:57.253908 [INFO] current LH = -7314.134526369195	
2022/02/15 12:57:57.549632 [INFO] current LH = -7314.135313549829	
2022/02/15 12:57:57.549656 [INFO] Wall time: 7.226643088s User: 0s System: 0s

2022/02/15 12:57:57.549664 [INFO] Wtotal time: 761.8061051s User: 0.5s System: 0.64s

2022/02/15 12:57:57.845123 [INFO] current LH = -7314.131767852004	
2022/02/15 12:57:58.397856 [INFO] current LH = -7314.145287536522	
2022/02/15 12:57:58.949854 [INFO] current LH = -7314.165876132175	
2022/02/15 12:57:59.500605 [INFO] current LH = -7314.163525154285	
2022/02/15 12:58:00.059239 [INFO] current LH = -7314.165558503708	
2022/02/15 12:58:00.609904 [INFO] current LH = -7314.1669690486	
2022/02/15 12:58:00.924586 [INFO] current LH = -7314.161309874094	
2022/02/15 12:58:01.239799 [INFO] current LH = -7314.164902143637	
2022/02/15 12:58:01.555491 [INFO] current LH = -7314.163352130186	
2022/02/15 12:58:01.902803 [INFO] current LH = -7314.152076349214	
2022/02/15 12:58:02.242238 [INFO] current LH = -7314.153227156115	
2022/02/15 12:58:02.580263 [INFO] current LH = -7314.160870291461	
2022/02/15 12:58:02.919513 [INFO] current LH = -7314.162018949543	
2022/02/15 12:58:03.258763 [INFO] current LH = -7314.162736883241	
2022/02/15 12:58:03.596300 [INFO] current LH = -7314.163885069122	
2022/02/15 12:58:03.934748 [INFO] current LH = -7314.166316886457	
2022/02/15 12:58:04.273379 [INFO] current LH = -7314.165616881238	
2022/02/15 12:58:04.612631 [INFO] current LH = -7314.167303207493	
2022/02/15 12:58:04.952721 [INFO] current LH = -7314.166507082948	
2022/02/15 12:58:05.292870 [INFO] current LH = -7314.167710169758	
2022/02/15 12:58:05.292896 [INFO] Wall time: 7.743222795s User: 0s System: 0.01s

2022/02/15 12:58:05.292905 [INFO] Wtotal time: 769.5493463s User: 0.5s System: 0.65s

2022/02/15 12:58:05.631035 [INFO] current LH = -7314.16055539144	
2022/02/15 12:58:05.969778 [INFO] current LH = -7314.166704090674	
2022/02/15 12:58:06.308511 [INFO] current LH = -7314.161583335445	
2022/02/15 12:58:06.709674 [INFO] current LH = -7314.167841588506	
2022/02/15 12:58:07.079943 [INFO] current LH = -7314.160416840195	
2022/02/15 12:58:07.450361 [INFO] current LH = -7314.17266415054	
2022/02/15 12:58:07.819746 [INFO] current LH = -7314.155604150933	
2022/02/15 12:58:08.246499 [INFO] current LH = -7314.169091988933	
2022/02/15 12:58:08.606407 [INFO] current LH = -7314.15915618664	
2022/02/15 12:58:08.966092 [INFO] current LH = -7314.164737122574	
2022/02/15 12:58:09.328190 [INFO] current LH = -7314.163531372445	
2022/02/15 12:58:09.694055 [INFO] current LH = -7314.167299900883	
2022/02/15 12:58:10.057160 [INFO] current LH = -7314.160944163676	
2022/02/15 12:58:10.418866 [INFO] current LH = -7314.16239621426	
2022/02/15 12:58:10.780009 [INFO] current LH = -7314.165871710386	
2022/02/15 12:58:11.248905 [INFO] current LH = -7314.16680593763	
2022/02/15 12:58:11.663307 [INFO] current LH = -7314.161438186659	
2022/02/15 12:58:12.077877 [INFO] current LH = -7314.169226471805	
2022/02/15 12:58:12.493420 [INFO] current LH = -7314.159028103642	
2022/02/15 12:58:12.906638 [INFO] current LH = -7314.165247733788	
2022/02/15 12:58:12.906676 [INFO] Wall time: 7.613761011s User: 0.01s System: 0.01s

2022/02/15 12:58:12.906686 [INFO] Wtotal time: 777.1631271s User: 0.51s System: 0.66s

2022/02/15 12:58:13.203458 [INFO] current LH = -7314.163026280837	
2022/02/15 12:58:13.499127 [INFO] current LH = -7314.17293232674	
2022/02/15 12:58:13.795045 [INFO] current LH = -7314.155361866493	
2022/02/15 12:58:14.090774 [INFO] current LH = -7314.169360968511	
2022/02/15 12:58:14.387337 [INFO] current LH = -7314.158942155704	
2022/02/15 12:58:14.684255 [INFO] current LH = -7314.162531513245	
2022/02/15 12:58:14.980936 [INFO] current LH = -7314.165735250986	
2022/02/15 12:58:15.532827 [INFO] current LH = -7314.180029280999	
2022/02/15 12:58:16.081153 [INFO] current LH = -7314.185122441126	
2022/02/15 12:58:16.634921 [INFO] current LH = -7314.18999026084	
2022/02/15 12:58:16.950493 [INFO] current LH = -7314.187726038286	
2022/02/15 12:58:17.264691 [INFO] current LH = -7314.188765845161	
2022/02/15 12:58:17.698502 [INFO] current LH = -7314.189018424269	
2022/02/15 12:58:18.013444 [INFO] current LH = -7314.187480604076	
2022/02/15 12:58:18.357967 [INFO] current LH = -7314.187384901289	
2022/02/15 12:58:18.696796 [INFO] current LH = -7314.192597075013	
2022/02/15 12:58:19.034642 [INFO] current LH = -7314.163861008672	
2022/02/15 12:58:19.373595 [INFO] current LH = -7314.190822747088	
2022/02/15 12:58:19.717843 [INFO] current LH = -7314.180306363604	
2022/02/15 12:58:20.055843 [INFO] current LH = -7314.199657433559	
2022/02/15 12:58:20.055869 [INFO] Wall time: 7.149173368s User: 0s System: 0s

2022/02/15 12:58:20.055876 [INFO] Wtotal time: 784.3123177s User: 0.51s System: 0.66s

2022/02/15 12:58:20.393509 [INFO] current LH = -7314.215334318237	
2022/02/15 12:58:20.732218 [INFO] current LH = -7314.218152323118	
2022/02/15 12:58:21.070743 [INFO] current LH = -7314.2055013903	
2022/02/15 12:58:21.408997 [INFO] current LH = -7314.183112812703	
2022/02/15 12:58:21.749096 [INFO] current LH = -7314.199427510086	
2022/02/15 12:58:22.087537 [INFO] current LH = -7314.184164080079	
2022/02/15 12:58:22.426308 [INFO] current LH = -7314.187006038594	
2022/02/15 12:58:22.765620 [INFO] current LH = -7314.189486138059	
2022/02/15 12:58:23.103472 [INFO] current LH = -7314.187996362044	
2022/02/15 12:58:23.441070 [INFO] current LH = -7314.188491930373	
2022/02/15 12:58:23.841213 [INFO] current LH = -7314.187102533221	
2022/02/15 12:58:24.209617 [INFO] current LH = -7314.189378331317	
2022/02/15 12:58:24.577787 [INFO] current LH = -7314.192768451128	
2022/02/15 12:58:24.952343 [INFO] current LH = -7314.183685941436	
2022/02/15 12:58:25.378543 [INFO] current LH = -7314.185978922842	
2022/02/15 12:58:25.739123 [INFO] current LH = -7314.190504375028	
2022/02/15 12:58:26.098634 [INFO] current LH = -7314.189826477741	
2022/02/15 12:58:26.458161 [INFO] current LH = -7314.186672320368	
2022/02/15 12:58:26.819537 [INFO] current LH = -7314.185450129102	
2022/02/15 12:58:27.179440 [INFO] current LH = -7314.191029867025	
2022/02/15 12:58:27.179464 [INFO] Wall time: 7.123578815s User: 0s System: 0.01s

2022/02/15 12:58:27.179471 [INFO] Wtotal time: 791.435913s User: 0.51s System: 0.67s

2022/02/15 12:58:27.540275 [INFO] current LH = -7314.1864962763	
2022/02/15 12:58:27.901659 [INFO] current LH = -7314.189991921375	
2022/02/15 12:58:28.370071 [INFO] current LH = -7314.185995298794	
2022/02/15 12:58:28.785232 [INFO] current LH = -7314.190490968432	
2022/02/15 12:58:29.199844 [INFO] current LH = -7314.189779168635	
2022/02/15 12:58:29.616843 [INFO] current LH = -7314.186699946728	
2022/02/15 12:58:30.033310 [INFO] current LH = -7314.186914164928	
2022/02/15 12:58:30.329810 [INFO] current LH = -7314.189585759644	
2022/02/15 12:58:30.625307 [INFO] current LH = -7314.19032739919	
2022/02/15 12:58:30.921508 [INFO] current LH = -7314.18614428031	
2022/02/15 12:58:31.218110 [INFO] current LH = -7314.185533128387	
2022/02/15 12:58:31.513869 [INFO] current LH = -7314.19095560337	
2022/02/15 12:58:31.811562 [INFO] current LH = -7314.187944489002	
2022/02/15 12:58:32.107344 [INFO] current LH = -7314.188544898683	
2022/02/15 12:58:32.658081 [INFO] current LH = -7314.20561814439	
2022/02/15 12:58:33.210588 [INFO] current LH = -7314.207627291395	
2022/02/15 12:58:33.761712 [INFO] current LH = -7314.209988692163	
2022/02/15 12:58:34.313110 [INFO] current LH = -7314.171762259528	
2022/02/15 12:58:34.870610 [INFO] current LH = -7314.194452671104	
2022/02/15 12:58:35.421560 [INFO] current LH = -7314.204181663295	
2022/02/15 12:58:35.421587 [INFO] Wall time: 8.242105221s User: 0s System: 0.01s

2022/02/15 12:58:35.421594 [INFO] Wtotal time: 799.6780359s User: 0.51s System: 0.68s

2022/02/15 12:58:35.973380 [INFO] current LH = -7314.208642110652	
2022/02/15 12:58:36.526847 [INFO] current LH = -7314.20782688004	
2022/02/15 12:58:36.841793 [INFO] current LH = -7314.208660932825	
2022/02/15 12:58:37.156290 [INFO] current LH = -7314.208559041958	
2022/02/15 12:58:37.471187 [INFO] current LH = -7314.207923265506	
2022/02/15 12:58:37.816258 [INFO] current LH = -7314.116047475227	
2022/02/15 12:58:38.154914 [INFO] current LH = -7314.113141944143	
2022/02/15 12:58:38.493396 [INFO] current LH = -7314.199865364383	
2022/02/15 12:58:38.830829 [INFO] current LH = -7314.19701266043	
2022/02/15 12:58:39.169952 [INFO] current LH = -7314.207797910887	
2022/02/15 12:58:39.508397 [INFO] current LH = -7314.204950224432	
2022/02/15 12:58:39.848255 [INFO] current LH = -7314.210978386265	
2022/02/15 12:58:40.187247 [INFO] current LH = -7314.20936700146	
2022/02/15 12:58:40.524401 [INFO] current LH = -7314.213067454898	
2022/02/15 12:58:40.863039 [INFO] current LH = -7314.209801279121	
2022/02/15 12:58:41.202020 [INFO] current LH = -7314.206061701792	
2022/02/15 12:58:41.540494 [INFO] current LH = -7314.21042063501	
2022/02/15 12:58:41.880220 [INFO] current LH = -7314.20732828674	
2022/02/15 12:58:42.219446 [INFO] current LH = -7314.20916331544	
2022/02/15 12:58:42.619955 [INFO] current LH = -7314.206538189823	
2022/02/15 12:58:42.620002 [INFO] Wall time: 7.198390097s User: 0s System: 0s

2022/02/15 12:58:42.620011 [INFO] Wtotal time: 806.876452s User: 0.51s System: 0.68s

2022/02/15 12:58:43.021463 [INFO] current LH = -7314.209945762221	
2022/02/15 12:58:43.390812 [INFO] current LH = -7314.210366124858	
2022/02/15 12:58:43.760210 [INFO] current LH = -7314.206113651331	
2022/02/15 12:58:44.187223 [INFO] current LH = -7314.20519269356	
2022/02/15 12:58:44.547582 [INFO] current LH = -7314.211288095657	
2022/02/15 12:58:44.909464 [INFO] current LH = -7314.209159815701	
2022/02/15 12:58:45.270976 [INFO] current LH = -7314.207327169848	
2022/02/15 12:58:45.631303 [INFO] current LH = -7314.205357904161	
2022/02/15 12:58:45.991897 [INFO] current LH = -7314.211121162694	
2022/02/15 12:58:46.351783 [INFO] current LH = -7314.207883555826	
2022/02/15 12:58:46.711848 [INFO] current LH = -7314.208601091693	
2022/02/15 12:58:47.182359 [INFO] current LH = -7314.206057473727	
2022/02/15 12:58:47.597074 [INFO] current LH = -7314.21041447245	
2022/02/15 12:58:48.010342 [INFO] current LH = -7314.20845006627	
2022/02/15 12:58:48.433130 [INFO] current LH = -7314.208020033079	
2022/02/15 12:58:48.847863 [INFO] current LH = -7314.207068349672	
2022/02/15 12:58:49.144294 [INFO] current LH = -7314.209414486342	
2022/02/15 12:58:49.440490 [INFO] current LH = -7314.209166708146	
2022/02/15 12:58:49.740399 [INFO] current LH = -7314.207321098869	
2022/02/15 12:58:50.036238 [INFO] current LH = -7314.204760562331	
2022/02/15 12:58:50.036263 [INFO] Wall time: 7.416243259s User: 0.01s System: 0.01s

2022/02/15 12:58:50.036271 [INFO] Wtotal time: 814.2927123s User: 0.52s System: 0.69s

2022/02/15 12:58:50.332937 [INFO] current LH = -7314.211729304131	
2022/02/15 12:58:50.629356 [INFO] current LH = -7314.208842406977	
2022/02/15 12:58:50.924838 [INFO] current LH = -7314.207641720632	
2022/02/15 12:58:51.475904 [INFO] current LH = -7314.215186534136	
2022/02/15 12:58:52.026464 [INFO] current LH = -7314.214928452706	
2022/02/15 12:58:52.577214 [INFO] current LH = -7314.215234465514	
2022/02/15 12:58:53.132086 [INFO] current LH = -7314.215266739762	
2022/02/15 12:58:53.447285 [INFO] current LH = -7314.213908475402	
2022/02/15 12:58:53.761954 [INFO] current LH = -7314.213138800851	
2022/02/15 12:58:54.075529 [INFO] Client timing information: 
2022/02/15 12:58:54.075563 [INFO] Client id 0 channel id 0  response time +0 s
2022/02/15 12:58:54.075570 [INFO] Client id 1 channel id 0  response time +8.7e-05 s
2022/02/15 12:58:54.087847 [INFO] current LH = -7314.213721009921	
2022/02/15 12:58:54.403101 [INFO] current LH = -7314.213316911397	
2022/02/15 12:58:54.750219 [INFO] current LH = -7314.211768453386	
2022/02/15 12:58:55.089194 [INFO] current LH = -7314.213415444414	
2022/02/15 12:58:55.428271 [INFO] current LH = -7314.217164496161	
2022/02/15 12:58:55.766779 [INFO] current LH = -7314.21529983343	
2022/02/15 12:58:56.105515 [INFO] current LH = -7314.211874755872	
2022/02/15 12:58:56.444258 [INFO] current LH = -7314.215173276175	
2022/02/15 12:58:56.783660 [INFO] current LH = -7314.213303058109	
2022/02/15 12:58:57.122077 [INFO] current LH = -7314.213755406583	
2022/02/15 12:58:57.523310 [INFO] current LH = -7314.212693663221	
2022/02/15 12:58:57.523338 [INFO] Wall time: 7.487057661s User: 0s System: 0.01s

2022/02/15 12:58:57.523347 [INFO] Wtotal time: 821.7797881s User: 0.52s System: 0.7s

2022/02/15 12:58:57.892688 [INFO] current LH = -7314.214351359229	
2022/02/15 12:58:58.264201 [INFO] current LH = -7314.21429811323	
2022/02/15 12:58:58.631952 [INFO] current LH = -7314.212744956058	
2022/02/15 12:58:59.056536 [INFO] current LH = -7314.212467771465	
2022/02/15 12:58:59.416893 [INFO] current LH = -7314.21456652221	
2022/02/15 12:58:59.780084 [INFO] current LH = -7314.213780327491	
2022/02/15 12:59:00.142033 [INFO] current LH = -7314.213261533286	
2022/02/15 12:59:00.502961 [INFO] current LH = -7314.21249585923	
2022/02/15 12:59:00.863331 [INFO] current LH = -7314.214538583661	
2022/02/15 12:59:01.222806 [INFO] current LH = -7314.21372612974	
2022/02/15 12:59:01.583809 [INFO] current LH = -7314.213314892343	
2022/02/15 12:59:02.052127 [INFO] current LH = -7314.213051461678	
2022/02/15 12:59:02.466884 [INFO] current LH = -7314.213991302533	
2022/02/15 12:59:02.881209 [INFO] current LH = -7314.212940527751	
2022/02/15 12:59:03.296884 [INFO] current LH = -7314.214106165929	
2022/02/15 12:59:03.710772 [INFO] current LH = -7314.213294359613	
2022/02/15 12:59:04.006403 [INFO] current LH = -7314.213757968602	
2022/02/15 12:59:04.302816 [INFO] current LH = -7314.215152045338	
2022/02/15 12:59:04.599664 [INFO] current LH = -7314.211906333512	
2022/02/15 12:59:04.897383 [INFO] current LH = -7314.211936509102	
2022/02/15 12:59:04.897408 [INFO] Wall time: 7.374051934s User: 0s System: 0s

2022/02/15 12:59:04.897415 [INFO] Wtotal time: 829.1538564s User: 0.52s System: 0.7s

2022/02/15 12:59:05.193171 [INFO] current LH = -7314.215122820928	
2022/02/15 12:59:05.489836 [INFO] current LH = -7314.214141265134	
2022/02/15 12:59:05.785198 [INFO] current LH = -7314.212907231138	
2022/02/15 12:59:06.337389 [INFO] current LH = -7314.215910333471	
2022/02/15 12:59:06.906542 [INFO] current LH = -7314.216539681982	
2022/02/15 12:59:07.459842 [INFO] current LH = -7314.216604634027	
2022/02/15 12:59:08.012229 [INFO] current LH = -7314.215576807087	
2022/02/15 12:59:08.566060 [INFO] current LH = -7314.216689694999	
2022/02/15 12:59:09.118332 [INFO] current LH = -7314.216786853797	
2022/02/15 12:59:09.433530 [INFO] current LH = -7314.21559228332	
2022/02/15 12:59:09.756908 [INFO] current LH = -7314.214494353043	
2022/02/15 12:59:10.073643 [INFO] current LH = -7314.215280503363	
2022/02/15 12:59:10.388437 [INFO] current LH = -7314.214802585596	
2022/02/15 12:59:10.734495 [INFO] current LH = -7314.214158710322	
2022/02/15 12:59:11.072559 [INFO] current LH = -7314.213962517329	
2022/02/15 12:59:11.410349 [INFO] current LH = -7314.217035290253	
2022/02/15 12:59:11.750116 [INFO] current LH = -7314.216873866927	
2022/02/15 12:59:12.087691 [INFO] current LH = -7314.216964958306	
2022/02/15 12:59:12.426173 [INFO] current LH = -7314.216749404442	
2022/02/15 12:59:12.764868 [INFO] current LH = -7314.213911927552	
2022/02/15 12:59:12.764897 [INFO] Wall time: 7.867472552s User: 0s System: 0.01s

2022/02/15 12:59:12.764914 [INFO] Wtotal time: 837.0213556s User: 0.52s System: 0.71s

2022/02/15 12:59:13.102726 [INFO] current LH = -7314.216175313108	
2022/02/15 12:59:13.442167 [INFO] current LH = -7314.215077165298	
2022/02/15 12:59:13.781102 [INFO] current LH = -7314.215012427249	
2022/02/15 12:59:14.180657 [INFO] current LH = -7314.214333078387	
2022/02/15 12:59:14.551041 [INFO] current LH = -7314.215752255749	
2022/02/15 12:59:14.932863 [INFO] current LH = -7314.215603298598	
2022/02/15 12:59:15.302064 [INFO] current LH = -7314.214481519837	
2022/02/15 12:59:15.727185 [INFO] current LH = -7314.214502540705	
2022/02/15 12:59:16.087081 [INFO] current LH = -7314.215589233133	
2022/02/15 12:59:16.447872 [INFO] current LH = -7314.215271691432	
2022/02/15 12:59:16.810277 [INFO] current LH = -7314.214821777246	
2022/02/15 12:59:17.170271 [INFO] current LH = -7314.214474024149	
2022/02/15 12:59:17.530846 [INFO] current LH = -7314.215617796306	
2022/02/15 12:59:17.891019 [INFO] current LH = -7314.215126497371	
2022/02/15 12:59:18.299045 [INFO] current LH = -7314.214966896603	
2022/02/15 12:59:18.766794 [INFO] current LH = -7314.214819867149	
2022/02/15 12:59:19.182006 [INFO] current LH = -7314.215261950185	
2022/02/15 12:59:19.596352 [INFO] current LH = -7314.214358933918	
2022/02/15 12:59:20.012059 [INFO] current LH = -7314.215718977999	
2022/02/15 12:59:20.427188 [INFO] current LH = -7314.214988798034	
2022/02/15 12:59:20.427217 [INFO] Wall time: 7.662291668s User: 0.01s System: 0s

2022/02/15 12:59:20.427229 [INFO] Wtotal time: 844.6836691s User: 0.53s System: 0.71s

2022/02/15 12:59:20.723097 [INFO] current LH = -7314.215094876401	
2022/02/15 12:59:21.018834 [INFO] current LH = -7314.216944638411	
2022/02/15 12:59:21.315536 [INFO] current LH = -7314.213145187391	
2022/02/15 12:59:21.611520 [INFO] current LH = -7314.213897973756	
2022/02/15 12:59:21.907957 [INFO] current LH = -7314.216191242588	
2022/02/15 12:59:22.203246 [INFO] current LH = -7314.215512157547	
2022/02/15 12:59:22.498329 [INFO] current LH = -7314.214575025823	
2022/02/15 12:59:23.049304 [INFO] current LH = -7314.217806401967	
2022/02/15 12:59:23.600642 [INFO] current LH = -7314.217783440629	
2022/02/15 12:59:24.151571 [INFO] current LH = -7314.217849281034	
2022/02/15 12:59:24.466334 [INFO] current LH = -7314.216714387376	
2022/02/15 12:59:24.785843 [INFO] current LH = -7314.21549133806	
2022/02/15 12:59:25.100063 [INFO] current LH = -7314.216435068608	
2022/02/15 12:59:25.414886 [INFO] current LH = -7314.215762820892	
2022/02/15 12:59:25.759650 [INFO] current LH = -7314.215591341907	
2022/02/15 12:59:26.097542 [INFO] current LH = -7314.215631791108	
2022/02/15 12:59:26.435614 [INFO] current LH = -7314.217842315892	
2022/02/15 12:59:26.775938 [INFO] current LH = -7314.217865357358	
2022/02/15 12:59:27.117803 [INFO] current LH = -7314.217886079909	
2022/02/15 12:59:27.456809 [INFO] current LH = -7314.217895415542	
2022/02/15 12:59:27.456837 [INFO] Wall time: 7.029597307s User: 0s System: 0.01s

2022/02/15 12:59:27.456846 [INFO] Wtotal time: 851.7132876s User: 0.53s System: 0.72s

2022/02/15 12:59:27.795375 [INFO] current LH = -7314.21642135158	
2022/02/15 12:59:28.134209 [INFO] current LH = -7314.215794865379	
2022/02/15 12:59:28.473021 [INFO] current LH = -7314.216621521176	
2022/02/15 12:59:28.811464 [INFO] current LH = -7314.215599248197	
2022/02/15 12:59:29.211014 [INFO] current LH = -7314.215606157628	
2022/02/15 12:59:29.579600 [INFO] current LH = -7314.216605568323	
2022/02/15 12:59:29.951468 [INFO] current LH = -7314.216401842012	
2022/02/15 12:59:30.319819 [INFO] current LH = -7314.215807159681	
2022/02/15 12:59:30.744957 [INFO] current LH = -7314.216425340084	
2022/02/15 12:59:31.105214 [INFO] current LH = -7314.215777567496	
2022/02/15 12:59:31.465827 [INFO] current LH = -7314.216360289157	
2022/02/15 12:59:31.827579 [INFO] current LH = -7314.215843237756	
2022/02/15 12:59:32.188026 [INFO] current LH = -7314.216324161984	
2022/02/15 12:59:32.548776 [INFO] current LH = -7314.215878075217	
2022/02/15 12:59:32.910197 [INFO] current LH = -7314.215708347529	
2022/02/15 12:59:33.271100 [INFO] current LH = -7314.21649572897	
2022/02/15 12:59:33.739485 [INFO] current LH = -7314.216118835302	
2022/02/15 12:59:34.154194 [INFO] current LH = -7314.216093073513	
2022/02/15 12:59:34.569448 [INFO] current LH = -7314.215462159233	
2022/02/15 12:59:34.991088 [INFO] current LH = -7314.216750234178	
2022/02/15 12:59:34.991114 [INFO] Wall time: 7.534258215s User: 0s System: 0s

2022/02/15 12:59:34.991122 [INFO] Wtotal time: 859.2475635s User: 0.53s System: 0.72s

2022/02/15 12:59:35.404968 [INFO] current LH = -7314.216310081091	
2022/02/15 12:59:35.700444 [INFO] current LH = -7314.215903482956	
2022/02/15 12:59:35.997172 [INFO] current LH = -7314.218751022468	
2022/02/15 12:59:36.293132 [INFO] current LH = -7314.213466648708	
2022/02/15 12:59:36.588709 [INFO] current LH = -7314.215742825611	
2022/02/15 12:59:36.886569 [INFO] current LH = -7314.21647072415	
2022/02/15 12:59:37.182601 [INFO] current LH = -7314.216110579762	
2022/02/15 12:59:37.478880 [INFO] current LH = -7314.216101768572	
2022/02/15 12:59:38.030589 [INFO] current LH = -7314.218026169221	
2022/02/15 12:59:38.581946 [INFO] current LH = -7314.218011165882	
2022/02/15 12:59:39.132897 [INFO] current LH = -7314.218052951297	
2022/02/15 12:59:39.685871 [INFO] current LH = -7314.218063460949	
2022/02/15 12:59:40.000929 [INFO] current LH = -7314.216487121909	
2022/02/15 12:59:40.315816 [INFO] current LH = -7314.216147838073	
2022/02/15 12:59:40.629579 [INFO] current LH = -7314.216420455653	
2022/02/15 12:59:40.943795 [INFO] current LH = -7314.21621338436	
2022/02/15 12:59:41.289578 [INFO] current LH = -7314.216948778024	
2022/02/15 12:59:41.627292 [INFO] current LH = -7314.216069657581	
2022/02/15 12:59:41.966731 [INFO] current LH = -7314.218069506835	
2022/02/15 12:59:42.305489 [INFO] current LH = -7314.218058178957	
2022/02/15 12:59:42.305519 [INFO] Wall time: 7.314386131s User: 0s System: 0.01s

2022/02/15 12:59:42.305528 [INFO] Wtotal time: 866.5619693s User: 0.53s System: 0.73s

2022/02/15 12:59:42.643746 [INFO] current LH = -7314.216636354808	
2022/02/15 12:59:42.982733 [INFO] current LH = -7314.216001376618	
2022/02/15 12:59:43.321722 [INFO] current LH = -7314.216635785322	
2022/02/15 12:59:43.659937 [INFO] current LH = -7314.216003284166	
2022/02/15 12:59:44.058885 [INFO] current LH = -7314.216366973164	
2022/02/15 12:59:44.428069 [INFO] current LH = -7314.216269701786	
2022/02/15 12:59:44.800179 [INFO] current LH = -7314.216525737673	
2022/02/15 12:59:45.168569 [INFO] current LH = -7314.216111602954	
2022/02/15 12:59:45.595014 [INFO] current LH = -7314.216726502036	
2022/02/15 12:59:45.954593 [INFO] current LH = -7314.21591629198	
2022/02/15 12:59:46.315927 [INFO] current LH = -7314.216327358122	
2022/02/15 12:59:46.676461 [INFO] current LH = -7314.216314098326	
2022/02/15 12:59:47.038567 [INFO] current LH = -7314.216664316861	
2022/02/15 12:59:47.400301 [INFO] current LH = -7314.215980027156	
2022/02/15 12:59:47.759917 [INFO] current LH = -7314.216231002495	
2022/02/15 12:59:48.119841 [INFO] current LH = -7314.216411432167	
2022/02/15 12:59:48.587469 [INFO] current LH = -7314.216569162181	
2022/02/15 12:59:49.001123 [INFO] current LH = -7314.216071193819	
2022/02/15 12:59:49.415750 [INFO] current LH = -7314.215999969709	
2022/02/15 12:59:49.834221 [INFO] current LH = -7314.216635541	
2022/02/15 12:59:49.834247 [INFO] Wall time: 7.528709215s User: 0.01s System: 0.01s

2022/02/15 12:59:49.834255 [INFO] Wtotal time: 874.0906961s User: 0.54s System: 0.74s

2022/02/15 12:59:50.249087 [INFO] current LH = -7314.216617905039	
2022/02/15 12:59:50.545551 [INFO] current LH = -7314.216017776477	
2022/02/15 12:59:50.840800 [INFO] current LH = -7314.219437246426	
2022/02/15 12:59:51.135991 [INFO] current LH = -7314.213202888276	
2022/02/15 12:59:51.433119 [INFO] current LH = -7314.21614189767	
2022/02/15 12:59:51.729929 [INFO] current LH = -7314.216493775966	
2022/02/15 12:59:52.025131 [INFO] current LH = -7314.216259381052	
2022/02/15 12:59:52.321195 [INFO] current LH = -7314.216379445684	
2022/02/15 12:59:52.872804 [INFO] current LH = -7314.219065447194	
2022/02/15 12:59:53.425084 [INFO] current LH = -7314.218033386473	
2022/02/15 12:59:53.977105 [INFO] current LH = -7314.219024965411	
2022/02/15 12:59:54.528299 [INFO] current LH = -7314.219088030708	
2022/02/15 12:59:55.085372 [INFO] current LH = -7314.219024138263	
2022/02/15 12:59:55.637141 [INFO] current LH = -7314.219110854171	
2022/02/15 12:59:56.188563 [INFO] current LH = -7314.219024193864	
2022/02/15 12:59:56.741803 [INFO] current LH = -7314.21910367228	
2022/02/15 12:59:57.294647 [INFO] current LH = -7314.217062160626	
2022/02/15 12:59:57.610009 [INFO] current LH = -7314.217671481138	
2022/02/15 12:59:57.924267 [INFO] current LH = -7314.217275918462	
2022/02/15 12:59:58.241495 [INFO] current LH = -7314.21746071634	
2022/02/15 12:59:58.241519 [INFO] Wall time: 8.407255405s User: 0s System: 0s

2022/02/15 12:59:58.241527 [INFO] Wtotal time: 882.497968s User: 0.54s System: 0.74s

2022/02/15 12:59:58.614629 [INFO] current LH = -7314.217005906569	
2022/02/15 12:59:58.951750 [INFO] current LH = -7314.217074568039	
2022/02/15 12:59:59.289602 [INFO] current LH = -7314.219184148724	
2022/02/15 12:59:59.629317 [INFO] current LH = -7314.21918214255	
2022/02/15 12:59:59.968492 [INFO] current LH = -7314.2178519396	
2022/02/15 13:00:00.308380 [INFO] current LH = -7314.216890692104	
2022/02/15 13:00:00.646819 [INFO] current LH = -7314.217349369092	
2022/02/15 13:00:00.984465 [INFO] current LH = -7314.217394360204	
2022/02/15 13:00:01.384232 [INFO] current LH = -7314.217800393913	
2022/02/15 13:00:01.754955 [INFO] current LH = -7314.216940928293	
2022/02/15 13:00:02.124587 [INFO] current LH = -7314.217590513197	
2022/02/15 13:00:02.494936 [INFO] current LH = -7314.217152101545	
2022/02/15 13:00:02.919776 [INFO] current LH = -7314.217599259698	
2022/02/15 13:00:03.281207 [INFO] current LH = -7314.217135981333	
2022/02/15 13:00:03.641206 [INFO] current LH = -7314.217194878858	
2022/02/15 13:00:04.001886 [INFO] current LH = -7314.217537422181	
2022/02/15 13:00:04.362671 [INFO] current LH = -7314.217576966819	
2022/02/15 13:00:04.731180 [INFO] current LH = -7314.217159631587	
2022/02/15 13:00:05.092027 [INFO] current LH = -7314.217537187496	
2022/02/15 13:00:05.451519 [INFO] current LH = -7314.217196434164	
2022/02/15 13:00:05.451545 [INFO] Wall time: 7.210008923s User: 0s System: 0.01s

2022/02/15 13:00:05.451552 [INFO] Wtotal time: 889.7079937s User: 0.54s System: 0.75s

2022/02/15 13:00:05.919601 [INFO] current LH = -7314.217569355385	
2022/02/15 13:00:06.334692 [INFO] current LH = -7314.217173036214	
2022/02/15 13:00:06.750734 [INFO] current LH = -7314.217530005872	
2022/02/15 13:00:07.165857 [INFO] current LH = -7314.217213599661	
2022/02/15 13:00:07.580538 [INFO] current LH = -7314.217669252813	
2022/02/15 13:00:07.876838 [INFO] current LH = -7314.217071878978	
2022/02/15 13:00:08.172444 [INFO] current LH = -7314.220878146135	
2022/02/15 13:00:08.468665 [INFO] current LH = -7314.213865879531	
2022/02/15 13:00:08.764479 [INFO] current LH = -7314.21713141364	
2022/02/15 13:00:09.060590 [INFO] Client timing information: 
2022/02/15 13:00:09.060612 [INFO] Client id 0 channel id 0  response time +0 s
2022/02/15 13:00:09.060618 [INFO] Client id 1 channel id 0  response time +0.000489 s
2022/02/15 13:00:09.092634 [INFO] current LH = -7314.217606657393	
2022/02/15 13:00:09.388809 [INFO] current LH = -7314.217282157144	
2022/02/15 13:00:09.688371 [INFO] current LH = -7314.217460897944	
2022/02/15 13:00:10.239345 [INFO] current LH = -7314.219592243006	
2022/02/15 13:00:10.791660 [INFO] current LH = -7314.219775099029	
2022/02/15 13:00:11.343091 [INFO] current LH = -7314.219807835308	
2022/02/15 13:00:11.656758 [INFO] current LH = -7314.217081500424	
2022/02/15 13:00:11.972579 [INFO] current LH = -7314.219048450636	
2022/02/15 13:00:12.288213 [INFO] current LH = -7314.217747880453	
2022/02/15 13:00:12.602786 [INFO] current LH = -7314.218378429232	
2022/02/15 13:00:12.946904 [INFO] current LH = -7314.217882429208	
2022/02/15 13:00:12.946930 [INFO] Wall time: 7.49536809s User: 0.01s System: 0s

2022/02/15 13:00:12.946948 [INFO] Wtotal time: 897.2033886s User: 0.55s System: 0.75s

2022/02/15 13:00:13.285338 [INFO] current LH = -7314.218195296316	
2022/02/15 13:00:13.623041 [INFO] current LH = -7314.219812779103	
2022/02/15 13:00:13.961457 [INFO] current LH = -7314.220171986469	
2022/02/15 13:00:14.300455 [INFO] current LH = -7314.21872113112	
2022/02/15 13:00:14.641294 [INFO] current LH = -7314.217408355998	
2022/02/15 13:00:14.980203 [INFO] current LH = -7314.217473355133	
2022/02/15 13:00:15.318431 [INFO] current LH = -7314.21865836712	
2022/02/15 13:00:15.719399 [INFO] current LH = -7314.218932235262	
2022/02/15 13:00:16.087295 [INFO] current LH = -7314.217197923908	
2022/02/15 13:00:16.455390 [INFO] current LH = -7314.218394408401	
2022/02/15 13:00:16.824184 [INFO] current LH = -7314.21774030498	
2022/02/15 13:00:17.248433 [INFO] current LH = -7314.217822013769	
2022/02/15 13:00:17.607790 [INFO] current LH = -7314.218314544514	
2022/02/15 13:00:17.969183 [INFO] current LH = -7314.217731601868	
2022/02/15 13:00:18.329629 [INFO] current LH = -7314.218398147857	
2022/02/15 13:00:18.690430 [INFO] current LH = -7314.217827908799	
2022/02/15 13:00:19.050046 [INFO] current LH = -7314.218309437741	
2022/02/15 13:00:19.410318 [INFO] current LH = -7314.21851067306	
2022/02/15 13:00:19.775892 [INFO] current LH = -7314.217621193879	
2022/02/15 13:00:20.243523 [INFO] current LH = -7314.217941111968	
2022/02/15 13:00:20.243548 [INFO] Wall time: 7.296590393s User: 0s System: 0.01s

2022/02/15 13:00:20.243556 [INFO] Wtotal time: 904.4999974s User: 0.55s System: 0.76s

2022/02/15 13:00:20.657719 [INFO] current LH = -7314.218190435238	
2022/02/15 13:00:21.073277 [INFO] current LH = -7314.219084148855	
2022/02/15 13:00:21.486827 [INFO] current LH = -7314.217042762532	
2022/02/15 13:00:21.902574 [INFO] current LH = -7314.218269040555	
2022/02/15 13:00:22.198405 [INFO] current LH = -7314.217856917627	
2022/02/15 13:00:22.494453 [INFO] current LH = -7314.221875799483	
2022/02/15 13:00:22.789467 [INFO] current LH = -7314.214258060591	
2022/02/15 13:00:23.084741 [INFO] current LH = -7314.217506207194	
2022/02/15 13:00:23.380605 [INFO] current LH = -7314.218617663998	
2022/02/15 13:00:23.675783 [INFO] current LH = -7314.217946601302	
2022/02/15 13:00:23.971484 [INFO] current LH = -7314.218185744685	
2022/02/15 13:00:24.522301 [INFO] current LH = -7314.220619703691	
2022/02/15 13:00:25.072626 [INFO] current LH = -7314.222271628458	
2022/02/15 13:00:25.623211 [INFO] current LH = -7314.224829730765	
2022/02/15 13:00:26.175042 [INFO] current LH = -7314.224981092113	
2022/02/15 13:00:26.489838 [INFO] current LH = -7314.22234584431	
2022/02/15 13:00:26.805318 [INFO] current LH = -7314.224120728554	
2022/02/15 13:00:27.118662 [INFO] current LH = -7314.223301412305	
2022/02/15 13:00:27.433622 [INFO] current LH = -7314.223158701535	
2022/02/15 13:00:27.777641 [INFO] current LH = -7314.223066996112	
2022/02/15 13:00:27.777669 [INFO] Wall time: 7.534103133s User: 0s System: 0s

2022/02/15 13:00:27.777677 [INFO] Wtotal time: 912.0341186s User: 0.55s System: 0.76s

2022/02/15 13:00:28.115600 [INFO] current LH = -7314.226210344907	
2022/02/15 13:00:28.454211 [INFO] current LH = -7314.220658716048	
2022/02/15 13:00:28.792728 [INFO] current LH = -7314.22380414383	
2022/02/15 13:00:29.130563 [INFO] current LH = -7314.227622769869	
2022/02/15 13:00:29.468309 [INFO] current LH = -7314.228529261558	
2022/02/15 13:00:29.812884 [INFO] current LH = -7314.228953720174	
2022/02/15 13:00:30.150725 [INFO] current LH = -7314.225823579755	
2022/02/15 13:00:30.489636 [INFO] current LH = -7314.225594802278	
2022/02/15 13:00:30.827775 [INFO] current LH = -7314.224507452855	
2022/02/15 13:00:31.166710 [INFO] current LH = -7314.222894082695	
2022/02/15 13:00:31.504812 [INFO] current LH = -7314.223539403803	
2022/02/15 13:00:31.844755 [INFO] current LH = -7314.222701315774	
2022/02/15 13:00:32.184569 [INFO] current LH = -7314.223762164139	
2022/02/15 13:00:32.584343 [INFO] current LH = -7314.224754379256	
2022/02/15 13:00:32.953913 [INFO] current LH = -7314.221683259191	
2022/02/15 13:00:33.323410 [INFO] current LH = -7314.222977588905	
2022/02/15 13:00:33.691727 [INFO] current LH = -7314.223494865661	
2022/02/15 13:00:34.117044 [INFO] current LH = -7314.223125773619	
2022/02/15 13:00:34.477499 [INFO] current LH = -7314.223362134965	
2022/02/15 13:00:34.844354 [INFO] current LH = -7314.222343579786	
2022/02/15 13:00:34.844381 [INFO] Wall time: 7.066693876s User: 0.01s System: 0.01s

2022/02/15 13:00:34.844389 [INFO] Wtotal time: 919.100831s User: 0.56s System: 0.77s

2022/02/15 13:00:35.204236 [INFO] current LH = -7314.224128600444	
2022/02/15 13:00:35.564474 [INFO] current LH = -7314.223085471559	
2022/02/15 13:00:35.924799 [INFO] current LH = -7314.223402763329	
2022/02/15 13:00:36.285331 [INFO] current LH = -7314.22407276201	
2022/02/15 13:00:36.645597 [INFO] current LH = -7314.222403026249	
2022/02/15 13:00:37.113240 [INFO] current LH = -7314.223575016477	
2022/02/15 13:00:37.527889 [INFO] current LH = -7314.2229093802	
2022/02/15 13:00:37.941122 [INFO] current LH = -7314.224866648745	
2022/02/15 13:00:38.356320 [INFO] current LH = -7314.221614305894	
2022/02/15 13:00:38.770367 [INFO] current LH = -7314.223693647594	
2022/02/15 13:00:39.066291 [INFO] current LH = -7314.222773153003	
2022/02/15 13:00:39.362225 [INFO] current LH = -7314.225000134392	
2022/02/15 13:00:39.659058 [INFO] current LH = -7314.22148338696	
2022/02/15 13:00:39.955540 [INFO] current LH = -7314.223225051225	
2022/02/15 13:00:40.251545 [INFO] current LH = -7314.223233098587	
2022/02/15 13:00:40.546609 [INFO] current LH = -7314.223135936722	
2022/02/15 13:00:40.842268 [INFO] current LH = -7314.2233286027	
2022/02/15 13:00:41.394926 [INFO] current LH = -7314.226717368917	
2022/02/15 13:00:41.945861 [INFO] current LH = -7314.22655982035	
2022/02/15 13:00:42.497402 [INFO] current LH = -7314.226971200002	
2022/02/15 13:00:42.497430 [INFO] Wall time: 7.65303037s User: 0s System: 0.01s

2022/02/15 13:00:42.497438 [INFO] Wtotal time: 926.7538795s User: 0.56s System: 0.78s

2022/02/15 13:00:42.811869 [INFO] current LH = -7314.225664025771	
2022/02/15 13:00:43.126608 [INFO] current LH = -7314.22478850449	
2022/02/15 13:00:43.441639 [INFO] current LH = -7314.22607061605	
2022/02/15 13:00:43.754878 [INFO] current LH = -7314.224379944043	
2022/02/15 13:00:44.099460 [INFO] current LH = -7314.223532642463	
2022/02/15 13:00:44.438484 [INFO] current LH = -7314.225077817805	
2022/02/15 13:00:44.781422 [INFO] current LH = -7314.227468507918	
2022/02/15 13:00:45.119786 [INFO] current LH = -7314.22664080893	
2022/02/15 13:00:45.459434 [INFO] current LH = -7314.225621008273	
2022/02/15 13:00:45.797397 [INFO] current LH = -7314.224818615589	
2022/02/15 13:00:46.134917 [INFO] current LH = -7314.225326119891	
2022/02/15 13:00:46.473662 [INFO] current LH = -7314.225119169718	
2022/02/15 13:00:46.874357 [INFO] current LH = -7314.224771136941	
2022/02/15 13:00:47.243289 [INFO] current LH = -7314.225666812887	
2022/02/15 13:00:47.613184 [INFO] current LH = -7314.225218632169	
2022/02/15 13:00:47.982462 [INFO] current LH = -7314.22522619613	
2022/02/15 13:00:48.406609 [INFO] current LH = -7314.225065348942	
2022/02/15 13:00:48.766722 [INFO] current LH = -7314.225381871222	
2022/02/15 13:00:49.127800 [INFO] current LH = -7314.22522453503	
2022/02/15 13:00:49.488738 [INFO] current LH = -7314.22522386439	
2022/02/15 13:00:49.488763 [INFO] Wall time: 6.991315115s User: 0s System: 0s

2022/02/15 13:00:49.488779 [INFO] Wtotal time: 933.7452201s User: 0.56s System: 0.78s

2022/02/15 13:00:49.852925 [INFO] current LH = -7314.224805140106	
2022/02/15 13:00:50.212769 [INFO] current LH = -7314.225638300412	
2022/02/15 13:00:50.575174 [INFO] current LH = -7314.224899170199	
2022/02/15 13:00:50.935026 [INFO] current LH = -7314.225547067397	
2022/02/15 13:00:51.401653 [INFO] current LH = -7314.224925785367	
2022/02/15 13:00:51.817719 [INFO] current LH = -7314.225520781046	
2022/02/15 13:00:52.231935 [INFO] current LH = -7314.225469319613	
2022/02/15 13:00:52.649620 [INFO] current LH = -7314.224984920459	
2022/02/15 13:00:53.064228 [INFO] current LH = -7314.225240234446	
2022/02/15 13:00:53.360886 [INFO] current LH = -7314.225210062207	
2022/02/15 13:00:53.656089 [INFO] current LH = -7314.22500659079	
2022/02/15 13:00:53.951672 [INFO] current LH = -7314.225438450904	
2022/02/15 13:00:54.247170 [INFO] current LH = -7314.224884954055	
2022/02/15 13:00:54.543134 [INFO] current LH = -7314.225564502276	
2022/02/15 13:00:54.839995 [INFO] current LH = -7314.225207341213	
2022/02/15 13:00:55.135820 [INFO] current LH = -7314.225234613294	
2022/02/15 13:00:55.687185 [INFO] current LH = -7314.227638510048	
2022/02/15 13:00:56.237914 [INFO] current LH = -7314.225128697461	
2022/02/15 13:00:56.791448 [INFO] current LH = -7314.22784046332	
2022/02/15 13:00:57.342484 [INFO] current LH = -7314.227749337728	
2022/02/15 13:00:57.342512 [INFO] Wall time: 7.853722311s User: 0s System: 0.01s

2022/02/15 13:00:57.342520 [INFO] Wtotal time: 941.5989618s User: 0.56s System: 0.79s

2022/02/15 13:00:57.893302 [INFO] current LH = -7314.227924328485	
2022/02/15 13:00:58.446871 [INFO] current LH = -7314.227826117015	
2022/02/15 13:00:58.999498 [INFO] current LH = -7314.226145494186	
2022/02/15 13:00:59.313431 [INFO] current LH = -7314.22621933736	
2022/02/15 13:00:59.628803 [INFO] current LH = -7314.22645902672	
2022/02/15 13:00:59.946505 [INFO] current LH = -7314.225907935258	
2022/02/15 13:01:00.292738 [INFO] current LH = -7314.225139478562	
2022/02/15 13:01:00.630787 [INFO] current LH = -7314.225183623177	
2022/02/15 13:01:00.969938 [INFO] current LH = -7314.227979418333	
2022/02/15 13:01:01.309014 [INFO] current LH = -7314.227959297496	
2022/02/15 13:01:01.647858 [INFO] current LH = -7314.226052001643	
2022/02/15 13:01:01.988079 [INFO] current LH = -7314.226318850141	
2022/02/15 13:01:02.326974 [INFO] current LH = -7314.226222181657	
2022/02/15 13:01:02.666371 [INFO] current LH = -7314.226147871801	
2022/02/15 13:01:03.066309 [INFO] current LH = -7314.226405645677	
2022/02/15 13:01:03.435334 [INFO] current LH = -7314.225964347685	
2022/02/15 13:01:03.805066 [INFO] current LH = -7314.226132370327	
2022/02/15 13:01:04.174520 [INFO] current LH = -7314.226236548633	
2022/02/15 13:01:04.600026 [INFO] current LH = -7314.226208030716	
2022/02/15 13:01:04.965341 [INFO] current LH = -7314.226159344849	
2022/02/15 13:01:04.965367 [INFO] Wall time: 7.622836074s User: 0.01s System: 0s

2022/02/15 13:01:04.965375 [INFO] Wtotal time: 949.2218165s User: 0.57s System: 0.79s

2022/02/15 13:01:05.325853 [INFO] current LH = -7314.225977292073	
2022/02/15 13:01:05.686301 [INFO] current LH = -7314.226392284074	
2022/02/15 13:01:06.047192 [INFO] current LH = -7314.226163348438	
2022/02/15 13:01:06.408137 [INFO] current LH = -7314.22620625666	
2022/02/15 13:01:06.770244 [INFO] current LH = -7314.226230048265	
2022/02/15 13:01:07.131261 [INFO] current LH = -7314.226139376014	
2022/02/15 13:01:07.600752 [INFO] current LH = -7314.226237505265	
2022/02/15 13:01:08.017085 [INFO] current LH = -7314.226128772596	
2022/02/15 13:01:08.430956 [INFO] current LH = -7314.226510928438	
2022/02/15 13:01:08.846107 [INFO] current LH = -7314.225853860133	
2022/02/15 13:01:09.260912 [INFO] current LH = -7314.226298204318	
2022/02/15 13:01:09.556731 [INFO] current LH = -7314.226069721693	
2022/02/15 13:01:09.853922 [INFO] current LH = -7314.226401712995	
2022/02/15 13:01:10.150720 [INFO] current LH = -7314.225969019891	
2022/02/15 13:01:10.447492 [INFO] current LH = -7314.22618131292	
2022/02/15 13:01:10.743741 [INFO] current LH = -7314.226189188378	
2022/02/15 13:01:11.039821 [INFO] current LH = -7314.226124291413	
2022/02/15 13:01:11.335059 [INFO] current LH = -7314.226246909978	
2022/02/15 13:01:11.886548 [INFO] current LH = -7314.227883650441	
2022/02/15 13:01:12.438029 [INFO] current LH = -7314.227946757754	
2022/02/15 13:01:12.438058 [INFO] Wall time: 7.472673291s User: 0s System: 0.01s

2022/02/15 13:01:12.438067 [INFO] Wtotal time: 956.6945086s User: 0.57s System: 0.8s

2022/02/15 13:01:13.007027 [INFO] current LH = -7314.227939605218	
2022/02/15 13:01:13.557068 [INFO] current LH = -7314.227950720465	
2022/02/15 13:01:14.107348 [INFO] current LH = -7314.227390623802	
2022/02/15 13:01:14.661218 [INFO] current LH = -7314.227704797556	
2022/02/15 13:01:15.215164 [INFO] current LH = -7314.227842056681	
2022/02/15 13:01:15.765658 [INFO] current LH = -7314.227905729112	
2022/02/15 13:01:16.318451 [INFO] current LH = -7314.227936326149	
2022/02/15 13:01:16.869775 [INFO] current LH = -7314.227951314847	
2022/02/15 13:01:17.183827 [INFO] current LH = -7314.226172638796	
2022/02/15 13:01:17.497634 [INFO] current LH = -7314.226230927662	
2022/02/15 13:01:17.812306 [INFO] current LH = -7314.22646493542	
2022/02/15 13:01:18.125976 [INFO] current LH = -7314.225936253553	
2022/02/15 13:01:18.469926 [INFO] current LH = -7314.225733148784	
2022/02/15 13:01:18.807858 [INFO] current LH = -7314.225738964647	
2022/02/15 13:01:19.145948 [INFO] current LH = -7314.227947169948	
2022/02/15 13:01:19.484124 [INFO] current LH = -7314.227947811871	
2022/02/15 13:01:19.826490 [INFO] current LH = -7314.226084868118	
2022/02/15 13:01:20.164880 [INFO] current LH = -7314.22631633129	
2022/02/15 13:01:20.503228 [INFO] current LH = -7314.226233144224	
2022/02/15 13:01:20.841115 [INFO] current LH = -7314.226168166537	
2022/02/15 13:01:20.841139 [INFO] Wall time: 8.40306251s User: 0s System: 0.01s

2022/02/15 13:01:20.841146 [INFO] Wtotal time: 965.097588s User: 0.57s System: 0.81s

2022/02/15 13:01:21.241145 [INFO] current LH = -7314.226402926702	
2022/02/15 13:01:21.610475 [INFO] current LH = -7314.225997446259	
2022/02/15 13:01:21.980118 [INFO] current LH = -7314.226150756045	
2022/02/15 13:01:22.349333 [INFO] current LH = -7314.226249544072	
2022/02/15 13:01:22.774322 [INFO] current LH = -7314.226227039366	
2022/02/15 13:01:23.134658 [INFO] current LH = -7314.226185302234	
2022/02/15 13:01:23.495405 [INFO] current LH = -7314.226012843335	
2022/02/15 13:01:23.855876 [INFO] current LH = -7314.226399716729	
2022/02/15 13:01:24.216114 [INFO] current LH = -7314.226178826359	
2022/02/15 13:01:24.576257 [INFO] Client timing information: 
2022/02/15 13:01:24.576289 [INFO] Client id 0 channel id 0  response time +0 s
2022/02/15 13:01:24.576295 [INFO] Client id 1 channel id 0  response time +0.000166 s
2022/02/15 13:01:24.605470 [INFO] current LH = -7314.226233779335	
2022/02/15 13:01:24.967550 [INFO] current LH = -7314.226247115109	
2022/02/15 13:01:25.329177 [INFO] current LH = -7314.226165428999	
2022/02/15 13:01:25.796280 [INFO] current LH = -7314.226256970389	
2022/02/15 13:01:26.211111 [INFO] current LH = -7314.226151502296	
2022/02/15 13:01:26.625132 [INFO] current LH = -7314.226509997978	
2022/02/15 13:01:27.039622 [INFO] current LH = -7314.225892644982	
2022/02/15 13:01:27.455328 [INFO] current LH = -7314.226308365211	
2022/02/15 13:01:27.750848 [INFO] current LH = -7314.226093320757	
2022/02/15 13:01:28.046581 [INFO] current LH = -7314.226400839967	
2022/02/15 13:01:28.343044 [INFO] current LH = -7314.226000043988	
2022/02/15 13:01:28.343072 [INFO] Wall time: 7.501915417s User: 0.01s System: 0s

2022/02/15 13:01:28.343081 [INFO] Wtotal time: 972.5995224s User: 0.58s System: 0.81s

2022/02/15 13:01:28.639198 [INFO] current LH = -7314.226192791515	
2022/02/15 13:01:28.934548 [INFO] current LH = -7314.226207962427	
2022/02/15 13:01:29.230244 [INFO] current LH = -7314.226143872249	
2022/02/15 13:01:29.526135 [INFO] current LH = -7314.226256937716	
2022/02/15 13:01:30.077777 [INFO] current LH = -7314.227933126329	
2022/02/15 13:01:30.628791 [INFO] current LH = -7314.227957574276	
2022/02/15 13:01:31.180429 [INFO] current LH = -7314.227958638188	
2022/02/15 13:01:31.495201 [INFO] current LH = -7314.226201345364	
2022/02/15 13:01:31.810941 [INFO] current LH = -7314.226236764554	
2022/02/15 13:01:32.124484 [INFO] current LH = -7314.226418821	
2022/02/15 13:01:32.439935 [INFO] current LH = -7314.226018890939	
2022/02/15 13:01:32.784213 [INFO] current LH = -7314.226038540927	
2022/02/15 13:01:33.122315 [INFO] current LH = -7314.22599441456	
2022/02/15 13:01:33.460092 [INFO] current LH = -7314.228009612164	
2022/02/15 13:01:33.798883 [INFO] current LH = -7314.227995652682	
2022/02/15 13:01:34.137778 [INFO] current LH = -7314.226150337778	
2022/02/15 13:01:34.476080 [INFO] current LH = -7314.22628683672	
2022/02/15 13:01:34.820972 [INFO] current LH = -7314.22624053218	
2022/02/15 13:01:35.159141 [INFO] current LH = -7314.22619703425	
2022/02/15 13:01:35.557988 [INFO] current LH = -7314.226355662904	
2022/02/15 13:01:35.558023 [INFO] Wall time: 7.214931463s User: 0s System: 0.01s

2022/02/15 13:01:35.558031 [INFO] Wtotal time: 979.8144722s User: 0.58s System: 0.82s

2022/02/15 13:01:35.927214 [INFO] current LH = -7314.226086939093	
2022/02/15 13:01:36.295764 [INFO] current LH = -7314.226185074837	
2022/02/15 13:01:36.663339 [INFO] current LH = -7314.226259072186	
2022/02/15 13:01:37.089042 [INFO] current LH = -7314.226229606805	
2022/02/15 13:01:37.450677 [INFO] current LH = -7314.22620127458	
2022/02/15 13:01:37.810916 [INFO] current LH = -7314.226079156495	
2022/02/15 13:01:38.171510 [INFO] current LH = -7314.226349287416	
2022/02/15 13:01:38.532049 [INFO] current LH = -7314.22618536	
2022/02/15 13:01:38.891720 [INFO] current LH = -7314.226243205996	
2022/02/15 13:01:39.251944 [INFO] current LH = -7314.226237084648	
2022/02/15 13:01:39.612185 [INFO] current LH = -7314.226191262453	
2022/02/15 13:01:40.087301 [INFO] current LH = -7314.226237394386	
2022/02/15 13:01:40.502377 [INFO] current LH = -7314.226196242261	
2022/02/15 13:01:40.916594 [INFO] current LH = -7314.226441485706	
2022/02/15 13:01:41.330935 [INFO] current LH = -7314.22599768943	
2022/02/15 13:01:41.746862 [INFO] current LH = -7314.226293945164	
2022/02/15 13:01:42.043737 [INFO] current LH = -7314.226145275357	
2022/02/15 13:01:42.339986 [INFO] current LH = -7314.226351350981	
2022/02/15 13:01:42.635719 [INFO] current LH = -7314.226088314425	
2022/02/15 13:01:42.933109 [INFO] current LH = -7314.22620961365	
2022/02/15 13:01:42.933137 [INFO] Wall time: 7.375096794s User: 0s System: 0s

2022/02/15 13:01:42.933146 [INFO] Wtotal time: 987.189587s User: 0.58s System: 0.82s

2022/02/15 13:01:43.228845 [INFO] current LH = -7314.226229615924	
2022/02/15 13:01:43.525169 [INFO] current LH = -7314.226180043082	
2022/02/15 13:01:43.821271 [INFO] current LH = -7314.226259389899	
2022/02/15 13:01:44.373875 [INFO] current LH = -7314.228002249893	
2022/02/15 13:01:44.928858 [INFO] current LH = -7314.227760619051	
2022/02/15 13:01:45.477732 [INFO] current LH = -7314.228004496553	
2022/02/15 13:01:46.028829 [INFO] current LH = -7314.227999519066	
2022/02/15 13:01:46.579652 [INFO] current LH = -7314.226278389362	
2022/02/15 13:01:46.894581 [INFO] current LH = -7314.226247621988	
2022/02/15 13:01:47.208571 [INFO] current LH = -7314.226267694567	
2022/02/15 13:01:47.523477 [INFO] current LH = -7314.226263519937	
2022/02/15 13:01:47.867143 [INFO] current LH = -7314.226152205213	
2022/02/15 13:01:48.205945 [INFO] current LH = -7314.226150851456	
2022/02/15 13:01:48.543653 [INFO] current LH = -7314.228011745589	
2022/02/15 13:01:48.881960 [INFO] current LH = -7314.228011368957	
2022/02/15 13:01:49.219882 [INFO] current LH = -7314.226301168916	
2022/02/15 13:01:49.558302 [INFO] current LH = -7314.226233004953	
2022/02/15 13:01:49.898529 [INFO] current LH = -7314.226261046134	
2022/02/15 13:01:50.237569 [INFO] current LH = -7314.226274058376	
2022/02/15 13:01:50.637712 [INFO] current LH = -7314.226240998906	
2022/02/15 13:01:50.637739 [INFO] Wall time: 7.70458344s User: 0s System: 0.01s

2022/02/15 13:01:50.637747 [INFO] Wtotal time: 994.8941887s User: 0.58s System: 0.83s

2022/02/15 13:01:51.007138 [INFO] current LH = -7314.226286257374	
2022/02/15 13:01:51.375725 [INFO] current LH = -7314.226260872854	
2022/02/15 13:01:51.745723 [INFO] current LH = -7314.226267151997	
2022/02/15 13:01:52.170964 [INFO] current LH = -7314.226253894858	
2022/02/15 13:01:52.531705 [INFO] current LH = -7314.226271854646	
2022/02/15 13:01:52.892614 [INFO] current LH = -7314.22627979908	
2022/02/15 13:01:53.253168 [INFO] current LH = -7314.226248742991	
2022/02/15 13:01:53.614426 [INFO] current LH = -7314.226247079871	
2022/02/15 13:01:53.973999 [INFO] current LH = -7314.226281710312	
2022/02/15 13:01:54.334162 [INFO] current LH = -7314.226255965596	
2022/02/15 13:01:54.697814 [INFO] current LH = -7314.226272318554	
2022/02/15 13:01:55.166444 [INFO] current LH = -7314.226267497658	
2022/02/15 13:01:55.581891 [INFO] current LH = -7314.226262871211	
2022/02/15 13:01:55.996021 [INFO] current LH = -7314.226249816233	
2022/02/15 13:01:56.411345 [INFO] current LH = -7314.226283620434	
2022/02/15 13:01:56.827430 [INFO] current LH = -7314.226261448493	
2022/02/15 13:01:57.122231 [INFO] current LH = -7314.22627178251	
2022/02/15 13:01:57.419124 [INFO] current LH = -7314.226241678864	
2022/02/15 13:01:57.714087 [INFO] current LH = -7314.226292536482	
2022/02/15 13:01:58.010873 [INFO] current LH = -7314.226258994832	
2022/02/15 13:01:58.010900 [INFO] Wall time: 7.373142859s User: 0.01s System: 0s

2022/02/15 13:01:58.010907 [INFO] Wtotal time: 1002.267349s User: 0.59s System: 0.83s

2022/02/15 13:01:58.307202 [INFO] current LH = -7314.22627430304	
2022/02/15 13:01:58.603245 [INFO] current LH = -7314.226273789278	
2022/02/15 13:01:58.899141 [INFO] current LH = -7314.226259939703	
2022/02/15 13:01:59.194038 [INFO] current LH = -7314.228011530532	
2022/02/15 13:01:59.509005 [INFO] current LH = -7314.226284512701	
2022/02/15 13:01:59.827641 [INFO] current LH = -7314.226247621988	
2022/02/15 13:02:00.143322 [INFO] current LH = -7314.226267694567	
2022/02/15 13:02:00.458291 [INFO] current LH = -7314.226263519937	
2022/02/15 13:02:00.802665 [INFO] current LH = -7314.226152205213	
2022/02/15 13:02:01.140707 [INFO] current LH = -7314.226150851456	
2022/02/15 13:02:01.479574 [INFO] current LH = -7314.228011745589	
2022/02/15 13:02:01.818292 [INFO] current LH = -7314.228011368957	
2022/02/15 13:02:02.157044 [INFO] current LH = -7314.228013823788	
2022/02/15 13:02:02.495076 [INFO] current LH = -7314.228011196286	
2022/02/15 13:02:02.833228 [INFO] current LH = -7314.228014099132	
2022/02/15 13:02:03.173095 [INFO] current LH = -7314.228011452613	
2022/02/15 13:02:03.512085 [INFO] current LH = -7314.22801238489	
2022/02/15 13:02:03.849945 [INFO] current LH = -7314.228014421965	
2022/02/15 13:02:04.188274 [INFO] current LH = -7314.228014394303	
2022/02/15 13:02:04.526090 [INFO] current LH = -7314.228012709693	
2022/02/15 13:02:04.526115 [INFO] Wall time: 6.515197785s User: 0s System: 0.01s

2022/02/15 13:02:04.526122 [INFO] Wtotal time: 1008.782564s User: 0.59s System: 0.84s

2022/02/15 13:02:04.867665 [INFO] current LH = -7314.226301168916	
2022/02/15 13:02:05.205817 [INFO] current LH = -7314.226233004953	
2022/02/15 13:02:05.544798 [INFO] current LH = -7314.226261046134	
2022/02/15 13:02:05.883103 [INFO] current LH = -7314.226274058376	
2022/02/15 13:02:06.283624 [INFO] current LH = -7314.226240998906	
2022/02/15 13:02:06.652498 [INFO] current LH = -7314.226286257374	
2022/02/15 13:02:07.022520 [INFO] current LH = -7314.226260872854	
2022/02/15 13:02:07.392054 [INFO] current LH = -7314.226267151997	
2022/02/15 13:02:07.818137 [INFO] current LH = -7314.226253894858	
2022/02/15 13:02:08.178843 [INFO] current LH = -7314.226271854646	
2022/02/15 13:02:08.539705 [INFO] current LH = -7314.22627979908	
2022/02/15 13:02:08.900448 [INFO] current LH = -7314.226248742991	
2022/02/15 13:02:09.260797 [INFO] current LH = -7314.226247079871	
2022/02/15 13:02:09.621170 [INFO] current LH = -7314.226281710312	
2022/02/15 13:02:09.981776 [INFO] current LH = -7314.226255965596	
2022/02/15 13:02:10.342935 [INFO] current LH = -7314.226272318554	
2022/02/15 13:02:10.812242 [INFO] current LH = -7314.226267497658	
2022/02/15 13:02:11.226818 [INFO] current LH = -7314.226262871211	
2022/02/15 13:02:11.640955 [INFO] current LH = -7314.226249816233	
2022/02/15 13:02:12.055896 [INFO] current LH = -7314.226283620434	
2022/02/15 13:02:12.055919 [INFO] Wall time: 7.529788699s User: 0s System: 0s

2022/02/15 13:02:12.055927 [INFO] Wtotal time: 1016.312368s User: 0.59s System: 0.84s

2022/02/15 13:02:12.470085 [INFO] current LH = -7314.226261448493	
2022/02/15 13:02:12.765448 [INFO] current LH = -7314.22627178251	
2022/02/15 13:02:13.061541 [INFO] current LH = -7314.226241678864	
2022/02/15 13:02:13.356731 [INFO] current LH = -7314.226292536482	
2022/02/15 13:02:13.652984 [INFO] current LH = -7314.226258994832	
2022/02/15 13:02:13.948355 [INFO] current LH = -7314.22627430304	
2022/02/15 13:02:14.244332 [INFO] current LH = -7314.226273789278	
2022/02/15 13:02:14.540541 [INFO] current LH = -7314.226259939703	
2022/02/15 13:02:14.857102 [INFO] current LH = -7314.227944877155	
2022/02/15 13:02:15.171245 [INFO] current LH = -7314.227936799659	
2022/02/15 13:02:15.485563 [INFO] current LH = -7314.228008639853	
2022/02/15 13:02:15.799651 [INFO] current LH = -7314.228007018731	
2022/02/15 13:02:16.113819 [INFO] current LH = -7314.227941516484	
2022/02/15 13:02:16.428239 [INFO] current LH = -7314.227940123566	
2022/02/15 13:02:16.743821 [INFO] current LH = -7314.228007970045	
2022/02/15 13:02:17.058089 [INFO] current LH = -7314.228007686967	
2022/02/15 13:02:17.403044 [INFO] current LH = -7314.227640822586	
2022/02/15 13:02:17.740534 [INFO] current LH = -7314.22763946957	
2022/02/15 13:02:18.078807 [INFO] current LH = -7314.227939395809	
2022/02/15 13:02:18.420423 [INFO] current LH = -7314.227937133209	
2022/02/15 13:02:18.420448 [INFO] Wall time: 6.364512137s User: 0s System: 0s

2022/02/15 13:02:18.420456 [INFO] Wtotal time: 1022.676897s User: 0.59s System: 0.85s

2022/02/15 13:02:18.759031 [INFO] current LH = -7314.228013802344	
2022/02/15 13:02:19.097441 [INFO] current LH = -7314.228011181654	
2022/02/15 13:02:19.436674 [INFO] current LH = -7314.228014192937	
2022/02/15 13:02:19.775668 [INFO] current LH = -7314.228013289377	
2022/02/15 13:02:20.114436 [INFO] current LH = -7314.227948839815	
2022/02/15 13:02:20.452429 [INFO] current LH = -7314.227934695174	
2022/02/15 13:02:20.791463 [INFO] current LH = -7314.22794065626	
2022/02/15 13:02:21.129099 [INFO] current LH = -7314.227942916063	
2022/02/15 13:02:21.468416 [INFO] current LH = -7314.228008530927	
2022/02/15 13:02:21.807371 [INFO] current LH = -7314.228008980075	
2022/02/15 13:02:22.206976 [INFO] current LH = -7314.227936145192	
2022/02/15 13:02:22.575648 [INFO] current LH = -7314.227944634385	
2022/02/15 13:02:22.943830 [INFO] current LH = -7314.228006604313	
2022/02/15 13:02:23.312875 [INFO] current LH = -7314.228008300835	
2022/02/15 13:02:23.682412 [INFO] current LH = -7314.227939953932	
2022/02/15 13:02:24.050585 [INFO] current LH = -7314.227940841462	
2022/02/15 13:02:24.419591 [INFO] current LH = -7314.228007365971	
2022/02/15 13:02:24.796813 [INFO] current LH = -7314.22800754044	
2022/02/15 13:02:25.221691 [INFO] current LH = -7314.227935019134	
2022/02/15 13:02:25.581774 [INFO] current LH = -7314.227939449886	
2022/02/15 13:02:25.581801 [INFO] Wall time: 7.161335113s User: 0s System: 0.01s

2022/02/15 13:02:25.581808 [INFO] Wtotal time: 1029.83825s User: 0.59s System: 0.86s

2022/02/15 13:02:25.974474 [INFO] current LH = -7314.228004536611	
2022/02/15 13:02:26.334789 [INFO] current LH = -7314.228005164576	
2022/02/15 13:02:26.695809 [INFO] current LH = -7314.227941214644	
2022/02/15 13:02:27.056854 [INFO] current LH = -7314.227934598177	
2022/02/15 13:02:27.417821 [INFO] current LH = -7314.228005515163	
2022/02/15 13:02:27.777814 [INFO] current LH = -7314.228004188524	
2022/02/15 13:02:28.138431 [INFO] current LH = -7314.22793454256	
2022/02/15 13:02:28.498567 [INFO] current LH = -7314.227941280094	
2022/02/15 13:02:28.859746 [INFO] current LH = -7314.227936162724	
2022/02/15 13:02:29.220513 [INFO] current LH = -7314.227939639717	
2022/02/15 13:02:29.579923 [INFO] current LH = -7314.228004503071	
2022/02/15 13:02:29.941646 [INFO] current LH = -7314.228005200102	
2022/02/15 13:02:30.408248 [INFO] current LH = -7314.227937857199	
2022/02/15 13:02:30.823279 [INFO] current LH = -7314.227939905808	
2022/02/15 13:02:31.237855 [INFO] current LH = -7314.228007958792	
2022/02/15 13:02:31.654087 [INFO] current LH = -7314.228007589523	
2022/02/15 13:02:32.070658 [INFO] current LH = -7314.227937485395	
2022/02/15 13:02:32.484683 [INFO] current LH = -7314.227944134052	
2022/02/15 13:02:32.899284 [INFO] current LH = -7314.227939918082	
2022/02/15 13:02:33.195046 [INFO] current LH = -7314.227942621517	
2022/02/15 13:02:33.195069 [INFO] Wall time: 7.613252243s User: 0s System: 0s

2022/02/15 13:02:33.195077 [INFO] Wtotal time: 1037.451518s User: 0.59s System: 0.86s

2022/02/15 13:02:33.490781 [INFO] current LH = -7314.228008566259	
2022/02/15 13:02:33.785978 [INFO] current LH = -7314.228008912472	
2022/02/15 13:02:34.082780 [INFO] current LH = -7314.227936869723	
2022/02/15 13:02:34.378421 [INFO] current LH = -7314.227946637261	
2022/02/15 13:02:34.678285 [INFO] current LH = -7314.227940277719	
2022/02/15 13:02:34.973451 [INFO] current LH = -7314.22794319271	
2022/02/15 13:02:35.268469 [INFO] current LH = -7314.228008447737	
2022/02/15 13:02:35.564198 [INFO] current LH = -7314.228009029595	
2022/02/15 13:02:35.861051 [INFO] current LH = -7314.22794316607	
2022/02/15 13:02:36.156201 [INFO] Client timing information: 
2022/02/15 13:02:36.156227 [INFO] Client id 0 channel id 0  response time +0 s
2022/02/15 13:02:36.156235 [INFO] Client id 1 channel id 0  response time +0.000197 s
2022/02/15 13:02:36.170818 [INFO] current LH = -7314.227940321564	
2022/02/15 13:02:36.485327 [INFO] current LH = -7314.224414856036	
2022/02/15 13:02:36.831859 [INFO] current LH = -7314.224414498969	
2022/02/15 13:02:37.170347 [INFO] current LH = -7314.226286642547	
2022/02/15 13:02:37.509160 [INFO] current LH = -7314.223109542941	
2022/02/15 13:02:37.848801 [INFO] current LH = -7314.224097610308	
2022/02/15 13:02:38.247764 [INFO] current LH = -7314.224213519927	
2022/02/15 13:02:38.615765 [INFO] current LH = -7314.224830835708	
2022/02/15 13:02:39.041489 [INFO] current LH = -7314.223543380285	
2022/02/15 13:02:39.401552 [INFO] current LH = -7314.224224121869	
2022/02/15 13:02:39.769989 [INFO] current LH = -7314.223332755234	
2022/02/15 13:02:39.770033 [INFO] Wall time: 6.574946379s User: 0.01s System: 0.01s

2022/02/15 13:02:39.770050 [INFO] Wtotal time: 1044.026491s User: 0.6s System: 0.87s

2022/02/15 13:02:40.130850 [INFO] current LH = -7314.224806709256	
2022/02/15 13:02:40.598453 [INFO] current LH = -7314.224088760347	
2022/02/15 13:02:41.012738 [INFO] current LH = -7314.224751190229	
2022/02/15 13:02:41.428893 [INFO] current LH = -7314.223118820396	
2022/02/15 13:02:41.724196 [INFO] current LH = -7314.223622874315	
2022/02/15 13:02:42.021102 [INFO] current LH = -7314.223238918153	
2022/02/15 13:02:42.318269 [INFO] current LH = -7314.224671713415	
2022/02/15 13:02:42.663741 [INFO] current LH = -7314.224406723312	
2022/02/15 13:02:43.003036 [INFO] current LH = -7314.226270222317	
2022/02/15 13:02:43.341181 [INFO] current LH = -7314.224155866369	
2022/02/15 13:02:43.680009 [INFO] current LH = -7314.224641069409	
2022/02/15 13:02:44.081223 [INFO] current LH = -7314.225260099138	
2022/02/15 13:02:44.452379 [INFO] current LH = -7314.224768945703	
2022/02/15 13:02:44.881304 [INFO] current LH = -7314.224825049269	
2022/02/15 13:02:45.247671 [INFO] current LH = -7314.224042693628	
2022/02/15 13:02:45.607929 [INFO] current LH = -7314.2245198295	
2022/02/15 13:02:45.967557 [INFO] current LH = -7314.225077198173	
2022/02/15 13:02:46.435336 [INFO] current LH = -7314.225172602593	
2022/02/15 13:02:46.850500 [INFO] current LH = -7314.224287676602	
2022/02/15 13:02:47.265520 [INFO] current LH = -7314.225338075821	
2022/02/15 13:02:47.265549 [INFO] Wall time: 7.495487957s User: 0s System: 0.01s

2022/02/15 13:02:47.265558 [INFO] Wtotal time: 1051.521999s User: 0.6s System: 0.88s

2022/02/15 13:02:47.560945 [INFO] current LH = -7314.224653962406	
2022/02/15 13:02:47.856124 [INFO] current LH = -7314.224682244379	
2022/02/15 13:02:48.151773 [INFO] current LH = -7314.224581246584	
2022/02/15 13:02:48.498062 [INFO] current LH = -7314.230833084231	
2022/02/15 13:02:48.836338 [INFO] current LH = -7314.224427806258	
2022/02/15 13:02:49.174016 [INFO] current LH = -7314.224412329553	
2022/02/15 13:02:49.574515 [INFO] current LH = -7314.224402144244	
2022/02/15 13:02:49.950525 [INFO] current LH = -7314.224404295437	
2022/02/15 13:02:50.374439 [INFO] current LH = -7314.224410476894	
2022/02/15 13:02:50.734856 [INFO] current LH = -7314.224433016977	
2022/02/15 13:02:51.095262 [INFO] current LH = -7314.224392090463	
2022/02/15 13:02:51.455411 [INFO] current LH = -7314.224374351781	
2022/02/15 13:02:51.924313 [INFO] current LH = -7314.224418557776	
2022/02/15 13:02:52.340245 [INFO] current LH = -7314.224395420193	
2022/02/15 13:02:52.755714 [INFO] current LH = -7314.22440318009	
2022/02/15 13:02:53.051597 [INFO] current LH = -7314.224386629789	
2022/02/15 13:02:53.346830 [INFO] current LH = -7314.224409613186	
2022/02/15 13:02:53.642694 [INFO] current LH = -7314.224400880033	
2022/02/15 13:02:53.981664 [INFO] current LH = -7314.226304034331	
2022/02/15 13:02:54.319662 [INFO] current LH = -7314.226263890872	
2022/02/15 13:02:54.319687 [INFO] Wall time: 7.054120038s User: 0s System: 0s

2022/02/15 13:02:54.319695 [INFO] Wtotal time: 1058.576136s User: 0.6s System: 0.88s

2022/02/15 13:02:54.723206 [INFO] current LH = -7314.226243824158	
2022/02/15 13:02:55.092377 [INFO] current LH = -7314.226264165704	
2022/02/15 13:02:55.518243 [INFO] current LH = -7314.226257167788	
2022/02/15 13:02:55.878781 [INFO] current LH = -7314.226283080766	
2022/02/15 13:02:56.238875 [INFO] current LH = -7314.226250367617	
2022/02/15 13:02:56.599137 [INFO] current LH = -7314.226259277387	
2022/02/15 13:02:57.067399 [INFO] current LH = -7314.226270778448	
2022/02/15 13:02:57.482897 [INFO] current LH = -7314.226253099449	
2022/02/15 13:02:57.896828 [INFO] current LH = -7314.226264740239	
2022/02/15 13:02:58.194776 [INFO] current LH = -7314.226244967726	
2022/02/15 13:02:58.490078 [INFO] current LH = -7314.226262275361	
2022/02/15 13:02:58.785590 [INFO] current LH = -7314.2262770913	
2022/02/15 13:02:59.124053 [INFO] current LH = -7314.22472920578	
2022/02/15 13:02:59.523745 [INFO] current LH = -7314.224726226232	
2022/02/15 13:02:59.899034 [INFO] current LH = -7314.224345710784	
2022/02/15 13:03:00.326574 [INFO] current LH = -7314.223610640924	
2022/02/15 13:03:00.686867 [INFO] current LH = -7314.22357444657	
2022/02/15 13:03:01.047393 [INFO] current LH = -7314.22390603947	
2022/02/15 13:03:01.408075 [INFO] current LH = -7314.225489177916	
2022/02/15 13:03:01.878752 [INFO] current LH = -7314.224786119627	
2022/02/15 13:03:01.878780 [INFO] Wall time: 7.55907509s User: 0s System: 0.01s

2022/02/15 13:03:01.878789 [INFO] Wtotal time: 1066.13523s User: 0.6s System: 0.89s

2022/02/15 13:03:02.293518 [INFO] current LH = -7314.224225348715	
2022/02/15 13:03:02.707564 [INFO] current LH = -7314.223797230698	
2022/02/15 13:03:03.002850 [INFO] current LH = -7314.22304552962	
2022/02/15 13:03:03.299197 [INFO] current LH = -7314.223701314363	
2022/02/15 13:03:03.595079 [INFO] current LH = -7314.224147016938	
2022/02/15 13:03:03.995977 [INFO] current LH = -7314.22345262599	
2022/02/15 13:03:04.365280 [INFO] current LH = -7314.224633526764	
2022/02/15 13:03:04.791558 [INFO] current LH = -7314.224061152118	
2022/02/15 13:03:05.152287 [INFO] current LH = -7314.223797019094	
2022/02/15 13:03:05.512409 [INFO] current LH = -7314.223988416788	
2022/02/15 13:03:05.873434 [INFO] current LH = -7314.226141367734	
2022/02/15 13:03:06.341319 [INFO] current LH = -7314.223993216185	
2022/02/15 13:03:06.758951 [INFO] current LH = -7314.223558224916	
2022/02/15 13:03:07.173930 [INFO] current LH = -7314.224140335141	
2022/02/15 13:03:07.470650 [INFO] current LH = -7314.223656012832	
2022/02/15 13:03:07.767041 [INFO] current LH = -7314.223974470096	
2022/02/15 13:03:08.063472 [INFO] current LH = -7314.226029866392	
2022/02/15 13:03:08.464247 [INFO] current LH = -7314.224852717068	
2022/02/15 13:03:08.890034 [INFO] current LH = -7314.223047662558	
2022/02/15 13:03:09.250933 [INFO] current LH = -7314.224785786341	
2022/02/15 13:03:09.250957 [INFO] Wall time: 7.372158884s User: 0.01s System: 0s

2022/02/15 13:03:09.250973 [INFO] Wtotal time: 1073.507406s User: 0.61s System: 0.89s

2022/02/15 13:03:09.611450 [INFO] current LH = -7314.223720512475	
2022/02/15 13:03:09.977569 [INFO] current LH = -7314.224602148516	
2022/02/15 13:03:10.447323 [INFO] current LH = -7314.222805985974	
2022/02/15 13:03:10.863887 [INFO] current LH = -7314.223363828246	
2022/02/15 13:03:11.276994 [INFO] current LH = -7314.223022277792	
2022/02/15 13:03:11.572603 [INFO] current LH = -7314.221850863897	
2022/02/15 13:03:11.870546 [INFO] current LH = -7314.223075409113	
2022/02/15 13:03:12.166297 [INFO] current LH = -7314.225135413343	
2022/02/15 13:03:12.590467 [INFO] current LH = -7314.224875711929	
2022/02/15 13:03:12.950670 [INFO] current LH = -7314.224996044334	
2022/02/15 13:03:13.311186 [INFO] current LH = -7314.224674054098	
2022/02/15 13:03:13.672612 [INFO] current LH = -7314.225123614286	
2022/02/15 13:03:14.141164 [INFO] current LH = -7314.22481374957	
2022/02/15 13:03:14.556128 [INFO] current LH = -7314.225320053547	
2022/02/15 13:03:14.979718 [INFO] current LH = -7314.224026017951	
2022/02/15 13:03:15.275527 [INFO] current LH = -7314.224913689779	
2022/02/15 13:03:15.570890 [INFO] current LH = -7314.224845787528	
2022/02/15 13:03:15.866752 [INFO] current LH = -7314.22669092432	
2022/02/15 13:03:16.293620 [INFO] current LH = -7314.225630395003	
2022/02/15 13:03:16.654662 [INFO] current LH = -7314.22271022259	
2022/02/15 13:03:16.654690 [INFO] Wall time: 7.403706165s User: 0s System: 0.01s

2022/02/15 13:03:16.654700 [INFO] Wtotal time: 1080.911141s User: 0.61s System: 0.9s

2022/02/15 13:03:17.015616 [INFO] current LH = -7314.223472809342	
2022/02/15 13:03:17.484696 [INFO] current LH = -7314.222800217263	
2022/02/15 13:03:17.902775 [INFO] current LH = -7314.224088227775	
2022/02/15 13:03:18.317643 [INFO] current LH = -7314.223488583269	
2022/02/15 13:03:18.613997 [INFO] current LH = -7314.222661843777	
2022/02/15 13:03:18.910073 [INFO] current LH = -7314.221412989464	
2022/02/15 13:03:19.206034 [INFO] current LH = -7314.224321243986	
2022/02/15 13:03:19.568089 [INFO] current LH = -7314.224303625475	
2022/02/15 13:03:19.929412 [INFO] current LH = -7314.227022857966	
2022/02/15 13:03:20.397438 [INFO] current LH = -7314.225414908615	
2022/02/15 13:03:20.812383 [INFO] current LH = -7314.224725752795	
2022/02/15 13:03:21.228283 [INFO] current LH = -7314.224235618954	
2022/02/15 13:03:21.524294 [INFO] current LH = -7314.224306380542	
2022/02/15 13:03:21.821356 [INFO] current LH = -7314.225116889273	
2022/02/15 13:03:22.117076 [INFO] current LH = -7314.223901050933	
2022/02/15 13:03:22.477333 [INFO] current LH = -7314.224640040651	
2022/02/15 13:03:22.944993 [INFO] current LH = -7314.223618975813	
2022/02/15 13:03:23.360631 [INFO] current LH = -7314.224595820071	
2022/02/15 13:03:23.776049 [INFO] current LH = -7314.22355474519	
2022/02/15 13:03:24.072062 [INFO] current LH = -7314.223352891166	
2022/02/15 13:03:24.072088 [INFO] Wall time: 7.417378243s User: 0s System: 0s

2022/02/15 13:03:24.072096 [INFO] Wtotal time: 1088.328538s User: 0.61s System: 0.9s

2022/02/15 13:03:24.367686 [INFO] current LH = -7314.221628689636	
2022/02/15 13:03:24.667589 [INFO] current LH = -7314.224769889396	
2022/02/15 13:03:25.136094 [INFO] current LH = -7314.223784968354	
2022/02/15 13:03:25.551305 [INFO] current LH = -7314.22496704409	
2022/02/15 13:03:25.966635 [INFO] current LH = -7314.224390174932	
2022/02/15 13:03:26.262217 [INFO] current LH = -7314.224729110636	
2022/02/15 13:03:26.558483 [INFO] current LH = -7314.223777788595	
2022/02/15 13:03:26.855842 [INFO] current LH = -7314.223287267693	
2022/02/15 13:03:27.324409 [INFO] current LH = -7314.224389260336	
2022/02/15 13:03:27.739003 [INFO] current LH = -7314.223626731336	
2022/02/15 13:03:28.035703 [INFO] current LH = -7314.223027584432	
2022/02/15 13:03:28.331673 [INFO] current LH = -7314.222796550939	
2022/02/15 13:03:28.629345 [INFO] current LH = -7314.225095779339	
2022/02/15 13:03:29.044133 [INFO] current LH = -7314.224434084432	
2022/02/15 13:03:29.339649 [INFO] current LH = -7314.22329707859	
2022/02/15 13:03:29.637440 [INFO] current LH = -7314.224328757768	
2022/02/15 13:03:29.933202 [INFO] current LH = -7314.224621956535	
2022/02/15 13:03:30.347913 [INFO] current LH = -7314.22289649655	
2022/02/15 13:03:30.644334 [INFO] current LH = -7314.22318379906	
2022/02/15 13:03:30.940238 [INFO] current LH = -7314.224568629264	
2022/02/15 13:03:30.940265 [INFO] Wall time: 6.868158708s User: 0.01s System: 0.01s

2022/02/15 13:03:30.940274 [INFO] Wtotal time: 1095.196715s User: 0.62s System: 0.91s

2022/02/15 13:03:31.236789 [INFO] current LH = -7314.222651733704	
2022/02/15 13:03:31.532378 [INFO] current LH = -7314.224643446942	
2022/02/15 13:03:31.830123 [INFO] current LH = -7314.224498595904	
2022/02/15 13:03:31.830278 [INFO] start migrad 
2022/02/15 13:03:31.830294 [INFO] 

********************** Final fit parameters *************************
  no                                  Name                    Value  type                 Error +-            Low          High
   0         L2S2_J0P-1C1Tof2(1270)_etaMag       0.2910324502741497  free      0.02979142184006612
   1         L2S2_J0P-1C1Tof2(1270)_etaPhi       0.9766141616362191  free       0.1514739385050283
   2       L2S0_f2(1270)Topion0A_pion0BMag                        1 fixed
   3       L2S0_f2(1270)Topion0A_pion0BPhi                        0 fixed
   4                          f2(1270)Mass                    1.275 fixed
   5                         f2(1270)Width                    0.185 fixed
   6  L2S2_J0P-1C1Toa2(1320)0AB_pion0ABMag                        1 fixed
   7  L2S2_J0P-1C1Toa2(1320)0AB_pion0ABPhi                        0 fixed
   8      L2S0_a2(1320)0ABTopion0AB_etaMag                        1 fixed
   9      L2S0_a2(1320)0ABTopion0AB_etaPhi                        0 fixed
  10                       a2(1320)0ABMass                    1.318 fixed
  11                      a2(1320)0ABWidth                    0.107 fixed
  12          L1S2_J1P1C1Tof2(1270)_etaMag   -2.031358233308774e-08  free     0.000547721952880551
  13          L1S2_J1P1C1Tof2(1270)_etaPhi       -2.574839795858952  free        1.414212148161655
  14          L3S2_J1P1C1Tof2(1270)_etaMag       0.6500316156493606  free      0.05860752389382373
  15          L3S2_J1P1C1Tof2(1270)_etaPhi        0.279933976122749  free       0.1069409785861807
  16   L1S2_J1P1C1Toa2(1320)0AB_pion0ABMag       0.7071067811865475 fixed
  17   L1S2_J1P1C1Toa2(1320)0AB_pion0ABPhi                        0 fixed
  18   L3S2_J1P1C1Toa2(1320)0AB_pion0ABMag       0.6794202433847203  free      0.06866392011759305
  19   L3S2_J1P1C1Toa2(1320)0AB_pion0ABPhi       0.8360255246093645  free       0.0986235303348095
  20          L1S2_J2P1C1Tof2(1270)_etaMag        1.618746881157351  free      0.08675843165108436
  21          L1S2_J2P1C1Tof2(1270)_etaPhi       -2.450422269086348  free      0.05779343090266498
  22          L3S2_J2P1C1Tof2(1270)_etaMag        1.660250929852854  free      0.07530646973196235
  23          L3S2_J2P1C1Tof2(1270)_etaPhi       -3.470866433293672  free      0.05583162917648889
  24   L1S2_J2P1C1Toa2(1320)0AB_pion0ABMag       0.7071067811865475 fixed
  25   L1S2_J2P1C1Toa2(1320)0AB_pion0ABPhi                        0 fixed
  26   L3S2_J2P1C1Toa2(1320)0AB_pion0ABMag        0.362111947720049  free      0.02969441503803944
  27   L3S2_J2P1C1Toa2(1320)0AB_pion0ABPhi       0.6633881883929222  free      0.08074207771922295
  28    channelType1pion0Apion0BetaScaling                        1 fixed
  29                           Iso1J0P-1C1                        0 fixed
  30                            Iso1J1P1C1                        0 fixed
  31                            Iso1J2P1C1                        0 fixed
  32                   J0P-1C1L0S0pbarpMag        1.336733674835764  free      0.02137347134166782
  33                   J0P-1C1L0S0pbarpPhi                        0 fixed
  34                    J1P1C1L1S1pbarpMag       0.5451794401565691  free      0.02883494559302468
  35                    J1P1C1L1S1pbarpPhi                        0 fixed
  36                    J2P1C1L1S1pbarpMag       0.4824727364562421  free      0.02175076582558187
  37                    J2P1C1L1S1pbarpPhi        2.849838240580689  free      0.06999673291915472
2022/02/15 13:03:31.831207 [INFO] 

**************** Minuit FunctionMinimum information ******************
2022/02/15 13:03:31.831220 [INFO] 
 Function minimum is valid.
2022/02/15 13:03:31.831224 [INFO] 
 Covariance matrix is valid.
2022/02/15 13:03:31.831229 [INFO] 
 Final LH: -7314.228004

2022/02/15 13:03:31.831233 [INFO]  # of function calls: 2983
2022/02/15 13:03:31.831238 [INFO]  minimum edm: 1.277760445e-06
2022/02/15 13:03:31.831248 [INFO] noOfFreeFitParams:	18
2022/02/15 13:03:31.831253 [INFO] evtWeightSumData:	15000
2022/02/15 13:03:31.831258 [INFO] BIC:	-14455.37151
2022/02/15 13:03:31.831263 [INFO] AIC:	-14592.45601
2022/02/15 13:03:31.831268 [INFO] AICc:	-14592.41035
2022/02/15 13:03:31.833364 [INFO] Diagonal sqrt(cov) element (0, 0) / param error: 0.02979142184 / 0.02979142184
2022/02/15 13:03:31.833401 [INFO] Diagonal sqrt(cov) element (1, 1) / param error: 0.1514739385 / 0.1514739385
2022/02/15 13:03:31.833415 [INFO] Diagonal sqrt(cov) element (12, 12) / param error: 0.0005477219529 / 0.0005477219529
2022/02/15 13:03:31.833427 [INFO] Diagonal sqrt(cov) element (13, 13) / param error: 1.414212148 / 1.414212148
2022/02/15 13:03:31.833438 [INFO] Diagonal sqrt(cov) element (14, 14) / param error: 0.05860752389 / 0.05860752389
2022/02/15 13:03:31.833448 [INFO] Diagonal sqrt(cov) element (15, 15) / param error: 0.1069409786 / 0.1069409786
2022/02/15 13:03:31.833459 [INFO] Diagonal sqrt(cov) element (18, 18) / param error: 0.06866392012 / 0.06866392012
2022/02/15 13:03:31.833470 [INFO] Diagonal sqrt(cov) element (19, 19) / param error: 0.09862353033 / 0.09862353033
2022/02/15 13:03:31.833481 [INFO] Diagonal sqrt(cov) element (20, 20) / param error: 0.08675843165 / 0.08675843165
2022/02/15 13:03:31.833492 [INFO] Diagonal sqrt(cov) element (21, 21) / param error: 0.0577934309 / 0.0577934309
2022/02/15 13:03:31.833502 [INFO] Diagonal sqrt(cov) element (22, 22) / param error: 0.07530646973 / 0.07530646973
2022/02/15 13:03:31.833513 [INFO] Diagonal sqrt(cov) element (23, 23) / param error: 0.05583162918 / 0.05583162918
2022/02/15 13:03:31.833524 [INFO] Diagonal sqrt(cov) element (26, 26) / param error: 0.02969441504 / 0.02969441504
2022/02/15 13:03:31.833535 [INFO] Diagonal sqrt(cov) element (27, 27) / param error: 0.08074207772 / 0.08074207772
2022/02/15 13:03:31.833546 [INFO] Diagonal sqrt(cov) element (32, 32) / param error: 0.02137347134 / 0.02137347134
2022/02/15 13:03:31.833557 [INFO] Diagonal sqrt(cov) element (34, 34) / param error: 0.02883494559 / 0.02883494559
2022/02/15 13:03:31.833568 [INFO] Diagonal sqrt(cov) element (36, 36) / param error: 0.02175076583 / 0.02175076583
2022/02/15 13:03:31.833578 [INFO] Diagonal sqrt(cov) element (37, 37) / param error: 0.06999673292 / 0.06999673292
2022/02/15 13:03:31.879330 [INFO] Closing server.
