INFO: /data/jollyj/bertram/NewPawian151023/Pawian/bin/singleChannelApp
INFO: --epemFiles
INFO: /data/jollyj/bertram/NewPawian151023/Pawian/Examples/benchmark/epem/TensorFit/JpsiGamOmegaOmegaTensor.cfg
INFO: --mode
INFO: server
INFO: !
INFO: 
                                       MMMMM
                                      M8NO  +M
                                    NO       M         ,MM
                                    MM     ?MN,   D8MMMO  :NMM
                               :MZ            ZM  MZ            NM,  M
                              M,          :M   MMN            DMMN M  ~
                             M        8MMM M  M,    7O: :M, M+     N:
                            M  =NMZ M     ,M8 M    ,O     MM   :    M
                            D  DM   M    $8        I= MM  $M   7    M
                           Z~ M M  O 8   8          M     N MM    DM
                           8, O    MM    M           :MM8,     ,, MMD
                           O:       M    87MMO ,  MM~                ,M,
                           I=O  M   M   M        M                     M
                           :M   M   N   M N,     M                    M~
                           :M  ?~  N    8I+  M    MMMMMMMMMMMMMMMOM? 7,
                            M  ++  M   8MZ7  M     M                MM
                            M   D  M  N   N   M,    ND          DM8,
                            M   M  M M~M               DMNM88= 8,
                            M    8  ?M?       M                 M~
                            M      N~8       ?$    :             M
                            NN      M     M  M     M             8:
                            D M    M   DDM   M     M               M,
                            D     ,D  D?M    N     M                 ND
                            M     M  ,O8$   ,7     M    M    M         M~
                            NN  8IO  M M    I=     =    M    M          ,M
                                 M  M                   M    M I          M
                                ~M ?8                 M M    M +M   MM     N
        N+I8MMM~                MM M ,      M         M D    M   M   MON   ~$
        M       NM              M8   M      O     D   M Z+  M:    M,  M M   M
         ,MMMD    88            8M   N     M      M         M      ~M  M M+  M
               7M, MI          +ZM  M      M      M        I$ $NI    M ,O M8 ?O
                 ?N M          I:   M      M       8       M     ,    M M     M
                  M +?         8,          N       M       N    :MMMMM7D M    M
                   D M         8,                  N,     ,$   M       M 8    8:
                   N,D,        ?:    =MMMMMZ               D  M         M  M  8ZMM
                    M ND       :Z=MO,                      N    MM8ZN8  M  M  M+ ,:~MMM 8~
                     M  DMMMMMNZ             D    ~MM        :MM        M   M MM    MNMM M
                     $7           DMMZZNOMMNMZ       M     =M       MZ  :7 MM   MM$ M8   N$ M
                       MO      MMZ        Z                +   ,MMD   +  D M~8  N  M       M
                          ?I=    D         8                        ,NMMMMO MM M 8  M     ID
                                  8        D                     MN,     M  ~,  MM       8N
     ,MNZ,  ,8MM         :~ZMMM,  :8       D                   8         ,M      N
   88           :M   M+         M  ,D       D                $            M      M
  M:       M      M ,7           D  8N$     8~             :D             M      M ?M,
  M    7   M      M M   +MM?     M ,8  D8    D=          ,D              Z?     ,O
  $I~ ~?  Z8     M  M      M     M 7+  M  :,   D$      8Z  M? M          M$D+M  7M?
   Z:  MMN       N, M     M?     M D   M          =$~   M :+  D,      NMMMMM OMM  MM          MMM
   O:           :M $Z    D8      M M   M          M     M O:  N      M     ,O     M M        M   N
   $~          M:  M  D  DM      O N   M   MM     M    :N M   M     +7      M     M  M       D   D
   ~=  MNMMMM8    D: $     M    ?Z M   D   M M    M    M  M   M     M M M   7,    M   M     D~   7=
   ~I     M       N  O     :$   N  M   D   8 Z=   M   M~  M   M     Z   N    M    M   D,    M    Z
    M     M      M   D     $~   M  M   N   M  M   M   M   Z   M    M         D    M    N    M    M
    M     M      O   M     M    M  M   M  M     ,M   Z7  N~   N    M  NM     M    N    M    M    M
 M  M     M     M    M     D    M  M   MMM   M M     M   M    M    N M  N    M   7$     D   M    M
  MMM7  MN     O$   M     M    N   M          +      M   M    $   N +I  ~+   M   M  ,   M   M    M
                MMM+      M    M   M       M,        N   M   O=   M M   ~?   M   M M~NN  M  8    M
                           N  $$   7M      M+       D    8   M    M M   D,   M   M M  M  ,N 8    D
                            D8:     M      OM      MN    D   M  , M M   M    M   O $  +~  $MZ    D
                                     :M88DM  N +MM+      MMM$M  N~+~N   D,   M  :8  D  M         N
                                                                 MMM     M   M  Z=  M  M         D

//************************************************************************//
//									  //
//  Copyright 2013 Bertram Kopf (bertram@ep1.rub.de)			  //
//  	      	   Julian Pychy (julian@ep1.rub.de)			  //
//          	   - Ruhr-Universität Bochum 				  //
//									  //
//  Pawian is free software: you can redistribute it and/or modify	  //
//  it under the terms of the GNU General Public License as published by  //
//  the Free Software Foundation, either version 3 of the License, or 	  //
//  (at your option) any later version.	 	      	  	   	  //
//									  //
//  Pawian is distributed in the hope that it will be useful,		  //
//  but WITHOUT ANY WARRANTY; without even the implied warranty of	  //
//  MERCHANTABILITY or FITNESS FOR A PARTICULAR PURPOSE.  See the	  //
//  GNU General Public License for more details.	      		  //
//									  //
//  You should have received a copy of the GNU General Public License     //
//  along with Pawian.  If not, see <http://www.gnu.org/licenses/>.	  //
//									  //
//************************************************************************//

   
INFO: Compiled Oct 30 2015 11:55:27

Running with the following options using /data/jollyj/bertram/NewPawian151023/Pawian/ConfigParser/global.cfg:

Error log mode: 1

data file: 

mc file: 

chosen unit in input file: GEV

chosen order in file: Px Py Pz E

file with start parameters for fit or qa: ./defaultparams.dat

startHypo: base

mode: server

number of threads: 2

ratioMcToData: 100000

cache amplitudes: 1

use data event weight: 0

use Monte Carlo event weight: 0

use phase space hyp: 0

prefit with free scaling factor: 0

pdg table: /Particle/pdtNew.table

minimumTolerance: 0.1


epem channel configuration file: /data/jollyj/bertram/NewPawian151023/Pawian/Examples/benchmark/epem/TensorFit/JpsiGamOmegaOmegaTensor.cfg



the final state particles are:

decay system:

decay dynamics:

replaced suffix for fit parameter name

replaced mass key

replaced prod key

production system:

production formalism:	Cano
fitqRProduction:	0

histograms inv mass for systems

histograms decay angles for systems

mass range cuts:

2Dhistogram decay angles for systems

random seed:	44123

generate with model:	1

number of generated events:	10000

number of data events:	1000000
INFO: numReactions: 1
INFO: __argv[0]: /data/jollyj/bertram/NewPawian151023/Pawian/bin/singleChannelApp
INFO: __argv[1]: --epemFiles
INFO: __argv[3]: --mode
INFO: __argv[4]: server
INFO: __argv[5]: !
INFO: argvWCfgFile[0]= /data/jollyj/bertram/NewPawian151023/Pawian/bin/singleChannelApp
INFO: argvWCfgFile[1]= -c
INFO: argvWCfgFile[2]= /data/jollyj/bertram/NewPawian151023/Pawian/Examples/benchmark/epem/TensorFit/JpsiGamOmegaOmegaTensor.cfg
INFO: argvWCfgFile[3]= --mode
INFO: argvWCfgFile[4]= server
INFO: argvWCfgFile[5]= !

Running with the following options using /data/jollyj/bertram/NewPawian151023/Pawian/Examples/benchmark/epem/TensorFit/JpsiGamOmegaOmegaTensor.cfg:

Error log mode: 1

data file: ../toyDataSignal.dat

mc file: ../toyMC.dat

chosen unit in input file: GEV

chosen order in file: Px Py Pz E

file with start parameters for fit or qa: ./startparamsTensor.dat

startHypo: base

mode: server

number of threads: 2

ratioMcToData: 6

cache amplitudes: 1

use data event weight: 0

use Monte Carlo event weight: 0

use phase space hyp: 0

prefit with free scaling factor: 0

pdg table: /Particle/pdtNew.table

minimumTolerance: 0.1


clone particles: pion+ pion1+
clone particles: pion- pion1-
clone particles: pion0 pion10
clone particles: pion+ pion2+
clone particles: pion- pion2-
clone particles: pion0 pion20
clone particles: omega omega1
clone particles: omega omega2

minuit parameter	_J1P-1C-1Tophoton_eta(2225)_1Phi	 fixed
minuit parameter	L1S1_eta(2225)Toomega1_omega2Mag	 fixed
minuit parameter	L1S1_eta(2225)Toomega1_omega2Phi	 fixed
minuit parameter	L0S2_f2(1910)Toomega1_omega2Mag	 fixed
minuit parameter	L0S2_f2(1910)Toomega1_omega2Phi	 fixed
minuit parameter	L1S0_omega1Topion1+_pion1-_pion10Mag	 fixed
minuit parameter	L1S0_omega1Topion1+_pion1-_pion10Phi	 fixed
minuit parameter	L1S0_omega2Topion2+_pion2-_pion20Mag	 fixed
minuit parameter	L1S0_omega2Topion2+_pion2-_pion20Phi	 fixed


the final state particles are:
photon
pion1+
pion1-
pion10
pion2+
pion2-
pion20

decay system:
Tensor omega1 To pion1+ pion1- pion10
Tensor omega2 To pion2+ pion2- pion20
Tensor eta(2225) To omega1 omega2
Tensor f2(1910) To omega1 omega2

decay dynamics:
eta(2225) BreitWignerBlattWTensorRel
f2(1910) BreitWignerBlattWTensorRel

replaced suffix for fit parameter name

replaced mass key

replaced prod key

production system:
eta(2225) photon BlattWBarrierTensor 0.66
f2(1910) photon BlattWBarrierTensor 0.66

production formalism:	Tensor
fitqRProduction:	0

histograms inv mass for systems
pion1+ pion1- pion10
pion1+ pion1- pion10 pion2+ pion2- pion20
photon pion1+ pion1- pion10
photon pion2+ pion2- pion20

histograms decay angles for systems
photon from pion1+ pion1- pion10 pion2+ pion2- pion20 photon
pion1+ pion1- pion10 from pion1+ pion1- pion10 pion2+ pion2- pion20
pion1+ and pion1- from pion1+ pion1- pion10
pion2+ and pion2- from pion2+ pion2- pion20

mass range cuts:
1.4 3.2 pion1+ pion1- pion10 pion2+ pion2- pion20
0.762 0.802 pion1+ pion1- pion10
0.762 0.802 pion2+ pion2- pion20

2Dhistogram decay angles for systems

random seed:	44123

generate with model:	1

number of generated events:	10000

number of data events:	5000

cms mass:	3.09692

spin density matrix calculation for particles

productionTensorRadType: Zou

INFO: Now replace the parser!!!
INFO: added decay omega1Topion1+_pion1-_pion10 to decay list
INFO: added decay omega2Topion2+_pion2-_pion20 to decay list

JPCLS tensor amplitudes for decay	eta(2225)Toomega1_omega2:
suffix for fit parameter name:	eta(2225)Toomega1_omega2
JPC=0-+	L,S=1,1	preFactorLS=0
with further decay:
LS amplitudes for decay	omega1Topion1+_pion1-_pion10:
suffix for fit parameter name:	omega1Topion1+_pion1-_pion10
	L,S=1,0


with further decay:
LS amplitudes for decay	omega2Topion2+_pion2-_pion20:
suffix for fit parameter name:	omega2Topion2+_pion2-_pion20
	L,S=1,0




INFO: added decay eta(2225)Toomega1_omega2 to decay list

JPCLS tensor amplitudes for decay	f2(1910)Toomega1_omega2:
suffix for fit parameter name:	f2(1910)Toomega1_omega2
JPC=2++	L,S=2,0	preFactorLS=0
JPC=2++	L,S=0,2	preFactorLS=0
JPC=2++	L,S=2,2	preFactorLS=0
JPC=2++	L,S=4,2	preFactorLS=0
with further decay:
LS amplitudes for decay	omega1Topion1+_pion1-_pion10:
suffix for fit parameter name:	omega1Topion1+_pion1-_pion10
	L,S=1,0


with further decay:
LS amplitudes for decay	omega2Topion2+_pion2-_pion20:
suffix for fit parameter name:	omega2Topion2+_pion2-_pion20
	L,S=1,0




INFO: added decay f2(1910)Toomega1_omega2 to decay list

***ProdChannelInfo***
***ProdChannelInfo***
particle1: eta(2225)	particle2: photon
with production barrier: 1
prod barrier type: BlattWBarrierTensor
with qR = 0.66

***ProdChannelInfo***
***ProdChannelInfo***
particle1: f2(1910)	particle2: photon
with production barrier: 1
prod barrier type: BlattWBarrierTensor
with qR = 0.66
INFO: 
MassRangeCont:	1.4
INFO: 
MassRangeCont:	3.2
INFO: 
MassRangeCont:	pion1+
INFO: 
MassRangeCont:	pion1-
INFO: 
MassRangeCont:	pion10
INFO: 
MassRangeCont:	pion2+
INFO: 
MassRangeCont:	pion2-
INFO: 
MassRangeCont:	pion20
INFO: mass cut on inv mass of the final state particles:
INFO: pion1+
INFO: pion1-
INFO: pion10
INFO: pion2+
INFO: pion2-
INFO: pion20
INFO: 	massMin = 1.4	massmax = 3.2
INFO: 
MassRangeCont:	0.762
INFO: 
MassRangeCont:	0.802
INFO: 
MassRangeCont:	pion1+
INFO: 
MassRangeCont:	pion1-
INFO: 
MassRangeCont:	pion10
INFO: mass cut on inv mass of the final state particles:
INFO: pion1+
INFO: pion1-
INFO: pion10
INFO: 	massMin = 0.762	massmax = 0.802
INFO: 
MassRangeCont:	0.762
INFO: 
MassRangeCont:	0.802
INFO: 
MassRangeCont:	pion2+
INFO: 
MassRangeCont:	pion2-
INFO: 
MassRangeCont:	pion20
INFO: mass cut on inv mass of the final state particles:
INFO: pion2+
INFO: pion2-
INFO: pion20
INFO: 	massMin = 0.762	massmax = 0.802
eta(2225)	mass=2.23+0-0	width=0.15+0-0	3*q=0	2*J=0	P=-1	p=-2	C=1	c=-2	G=-2	theGParity=1	2*I=0	2*I3=0	charm=0	strange=0
photon	mass=0+0-0	width=0+0-0	3*q=0	2*J=2	P=-1	p=-2	C=-1	c=-2	G=-2	theGParity=1	2*I=0	2*I3=0	charm=0	strange=0

JPCLS amplitudes for decay	I0G-1J1P-1C-1Toeta(2225)_photon:
suffix for fit parameter name:	J1P-1C-1Toeta(2225)_photon
JPC=1--	L,S=1,1	preFactorLS=0
with further decay:
JPCLS tensor amplitudes for decay	eta(2225)Toomega1_omega2:
suffix for fit parameter name:	eta(2225)Toomega1_omega2
JPC=0-+	L,S=1,1	preFactorLS=0
with further decay:
LS amplitudes for decay	omega1Topion1+_pion1-_pion10:
suffix for fit parameter name:	omega1Topion1+_pion1-_pion10
	L,S=1,0


with further decay:
LS amplitudes for decay	omega2Topion2+_pion2-_pion20:
suffix for fit parameter name:	omega2Topion2+_pion2-_pion20
	L,S=1,0






eta(2225)	mass=2.23+0-0	width=0.15+0-0	3*q=0	2*J=0	P=-1	p=-2	C=1	c=-2	G=-2	theGParity=1	2*I=0	2*I3=0	charm=0	strange=0
photon	mass=0+0-0	width=0+0-0	3*q=0	2*J=2	P=-1	p=-2	C=-1	c=-2	G=-2	theGParity=1	2*I=0	2*I3=0	charm=0	strange=0

JPCLS tensor amplitudes for decay	I0G-1J1P-1C-1Toeta(2225)_photon:
suffix for fit parameter name:	J1P-1C-1Toeta(2225)_photon
JPC=1--	L,S=1,1	preFactorLS=0
with further decay:
JPCLS tensor amplitudes for decay	eta(2225)Toomega1_omega2:
suffix for fit parameter name:	eta(2225)Toomega1_omega2
JPC=0-+	L,S=1,1	preFactorLS=0
with further decay:
LS amplitudes for decay	omega1Topion1+_pion1-_pion10:
suffix for fit parameter name:	omega1Topion1+_pion1-_pion10
	L,S=1,0


with further decay:
LS amplitudes for decay	omega2Topion2+_pion2-_pion20:
suffix for fit parameter name:	omega2Topion2+_pion2-_pion20
	L,S=1,0






photon	mass=0+0-0	width=0+0-0	3*q=0	2*J=2	P=-1	p=-2	C=-1	c=-2	G=-2	theGParity=1	2*I=0	2*I3=0	charm=0	strange=0
eta(2225)	mass=2.23+0-0	width=0.15+0-0	3*q=0	2*J=0	P=-1	p=-2	C=1	c=-2	G=-2	theGParity=1	2*I=0	2*I3=0	charm=0	strange=0
INFO: daughter2->twoJ()%2 = 0_XisEven: 1  daughter2->theParity(): -1

JPCLS tensor amplitudes for decay	I0G-1J1P-1C-1Tophoton_eta(2225):
suffix for fit parameter name:	J1P-1C-1Tophoton_eta(2225)
JPC=1--	L,S=1,1	preFactorLS=0
with further decay:
JPCLS tensor amplitudes for decay	eta(2225)Toomega1_omega2:
suffix for fit parameter name:	eta(2225)Toomega1_omega2
JPC=0-+	L,S=1,1	preFactorLS=0
with further decay:
LS amplitudes for decay	omega1Topion1+_pion1-_pion10:
suffix for fit parameter name:	omega1Topion1+_pion1-_pion10
	L,S=1,0


with further decay:
LS amplitudes for decay	omega2Topion2+_pion2-_pion20:
suffix for fit parameter name:	omega2Topion2+_pion2-_pion20
	L,S=1,0






eta(2225)	mass=2.23+0-0	width=0.15+0-0	3*q=0	2*J=0	P=-1	p=-2	C=1	c=-2	G=-2	theGParity=1	2*I=0	2*I3=0	charm=0	strange=0
photon	mass=0+0-0	width=0+0-0	3*q=0	2*J=2	P=-1	p=-2	C=-1	c=-2	G=-2	theGParity=1	2*I=0	2*I3=0	charm=0	strange=0

JPClamlam amplitudes for decay	I0G-1J1P-1C-1Toeta(2225)_photon:
suffix for fit parameter name:	J1P-1C-1Toeta(2225)_photon
JPC=1--	Lam1,Lam2=0,1	parityFactor=1
with further decay:
JPCLS tensor amplitudes for decay	eta(2225)Toomega1_omega2:
suffix for fit parameter name:	eta(2225)Toomega1_omega2
JPC=0-+	L,S=1,1	preFactorLS=0
with further decay:
LS amplitudes for decay	omega1Topion1+_pion1-_pion10:
suffix for fit parameter name:	omega1Topion1+_pion1-_pion10
	L,S=1,0


with further decay:
LS amplitudes for decay	omega2Topion2+_pion2-_pion20:
suffix for fit parameter name:	omega2Topion2+_pion2-_pion20
	L,S=1,0






photon	mass=0+0-0	width=0+0-0	3*q=0	2*J=2	P=-1	p=-2	C=-1	c=-2	G=-2	theGParity=1	2*I=0	2*I3=0	charm=0	strange=0
eta(2225)	mass=2.23+0-0	width=0.15+0-0	3*q=0	2*J=0	P=-1	p=-2	C=1	c=-2	G=-2	theGParity=1	2*I=0	2*I3=0	charm=0	strange=0

JPClamlam amplitudes for decay	I0G-1J1P-1C-1Tophoton_eta(2225):
suffix for fit parameter name:	J1P-1C-1Tophoton_eta(2225)
JPC=1--	Lam1,Lam2=1,0	parityFactor=1
with further decay:
JPCLS tensor amplitudes for decay	eta(2225)Toomega1_omega2:
suffix for fit parameter name:	eta(2225)Toomega1_omega2
JPC=0-+	L,S=1,1	preFactorLS=0
with further decay:
LS amplitudes for decay	omega1Topion1+_pion1-_pion10:
suffix for fit parameter name:	omega1Topion1+_pion1-_pion10
	L,S=1,0


with further decay:
LS amplitudes for decay	omega2Topion2+_pion2-_pion20:
suffix for fit parameter name:	omega2Topion2+_pion2-_pion20
	L,S=1,0






f2(1910)	mass=1.941+0-0	width=0.17+0-0	3*q=0	2*J=4	P=1	p=-2	C=1	c=-2	G=-2	theGParity=1	2*I=0	2*I3=0	charm=0	strange=0
photon	mass=0+0-0	width=0+0-0	3*q=0	2*J=2	P=-1	p=-2	C=-1	c=-2	G=-2	theGParity=1	2*I=0	2*I3=0	charm=0	strange=0

JPCLS amplitudes for decay	I0G-1J1P-1C-1Tof2(1910)_photon:
suffix for fit parameter name:	J1P-1C-1Tof2(1910)_photon
JPC=1--	L,S=0,1	preFactorLS=0
JPC=1--	L,S=2,1	preFactorLS=0
JPC=1--	L,S=2,2	preFactorLS=0
JPC=1--	L,S=2,3	preFactorLS=0
JPC=1--	L,S=4,3	preFactorLS=0
with further decay:
JPCLS tensor amplitudes for decay	f2(1910)Toomega1_omega2:
suffix for fit parameter name:	f2(1910)Toomega1_omega2
JPC=2++	L,S=2,0	preFactorLS=0
JPC=2++	L,S=0,2	preFactorLS=0
JPC=2++	L,S=2,2	preFactorLS=0
JPC=2++	L,S=4,2	preFactorLS=0
with further decay:
LS amplitudes for decay	omega1Topion1+_pion1-_pion10:
suffix for fit parameter name:	omega1Topion1+_pion1-_pion10
	L,S=1,0


with further decay:
LS amplitudes for decay	omega2Topion2+_pion2-_pion20:
suffix for fit parameter name:	omega2Topion2+_pion2-_pion20
	L,S=1,0






f2(1910)	mass=1.941+0-0	width=0.17+0-0	3*q=0	2*J=4	P=1	p=-2	C=1	c=-2	G=-2	theGParity=1	2*I=0	2*I3=0	charm=0	strange=0
photon	mass=0+0-0	width=0+0-0	3*q=0	2*J=2	P=-1	p=-2	C=-1	c=-2	G=-2	theGParity=1	2*I=0	2*I3=0	charm=0	strange=0

JPCLS tensor amplitudes for decay	I0G-1J1P-1C-1Tof2(1910)_photon:
suffix for fit parameter name:	J1P-1C-1Tof2(1910)_photon
JPC=1--	L,S=0,1	preFactorLS=0
JPC=1--	L,S=2,1	preFactorLS=0
JPC=1--	L,S=2,2	preFactorLS=0
JPC=1--	L,S=2,3	preFactorLS=0
JPC=1--	L,S=4,3	preFactorLS=0
with further decay:
JPCLS tensor amplitudes for decay	f2(1910)Toomega1_omega2:
suffix for fit parameter name:	f2(1910)Toomega1_omega2
JPC=2++	L,S=2,0	preFactorLS=0
JPC=2++	L,S=0,2	preFactorLS=0
JPC=2++	L,S=2,2	preFactorLS=0
JPC=2++	L,S=4,2	preFactorLS=0
with further decay:
LS amplitudes for decay	omega1Topion1+_pion1-_pion10:
suffix for fit parameter name:	omega1Topion1+_pion1-_pion10
	L,S=1,0


with further decay:
LS amplitudes for decay	omega2Topion2+_pion2-_pion20:
suffix for fit parameter name:	omega2Topion2+_pion2-_pion20
	L,S=1,0






photon	mass=0+0-0	width=0+0-0	3*q=0	2*J=2	P=-1	p=-2	C=-1	c=-2	G=-2	theGParity=1	2*I=0	2*I3=0	charm=0	strange=0
f2(1910)	mass=1.941+0-0	width=0.17+0-0	3*q=0	2*J=4	P=1	p=-2	C=1	c=-2	G=-2	theGParity=1	2*I=0	2*I3=0	charm=0	strange=0
INFO: daughter2->twoJ()%2 = 0_XisEven: 1  daughter2->theParity(): 1

JPCLS tensor amplitudes for decay	I0G-1J1P-1C-1Tophoton_f2(1910):
suffix for fit parameter name:	J1P-1C-1Tophoton_f2(1910)
JPC=1--	L,S=0,1	preFactorLS=0
JPC=1--	L,S=2,1	preFactorLS=0
JPC=1--	L,S=2,2	preFactorLS=0
JPC=1--	L,S=2,3	preFactorLS=0
JPC=1--	L,S=4,3	preFactorLS=0
with further decay:
JPCLS tensor amplitudes for decay	f2(1910)Toomega1_omega2:
suffix for fit parameter name:	f2(1910)Toomega1_omega2
JPC=2++	L,S=2,0	preFactorLS=0
JPC=2++	L,S=0,2	preFactorLS=0
JPC=2++	L,S=2,2	preFactorLS=0
JPC=2++	L,S=4,2	preFactorLS=0
with further decay:
LS amplitudes for decay	omega1Topion1+_pion1-_pion10:
suffix for fit parameter name:	omega1Topion1+_pion1-_pion10
	L,S=1,0


with further decay:
LS amplitudes for decay	omega2Topion2+_pion2-_pion20:
suffix for fit parameter name:	omega2Topion2+_pion2-_pion20
	L,S=1,0






f2(1910)	mass=1.941+0-0	width=0.17+0-0	3*q=0	2*J=4	P=1	p=-2	C=1	c=-2	G=-2	theGParity=1	2*I=0	2*I3=0	charm=0	strange=0
photon	mass=0+0-0	width=0+0-0	3*q=0	2*J=2	P=-1	p=-2	C=-1	c=-2	G=-2	theGParity=1	2*I=0	2*I3=0	charm=0	strange=0

JPClamlam amplitudes for decay	I0G-1J1P-1C-1Tof2(1910)_photon:
suffix for fit parameter name:	J1P-1C-1Tof2(1910)_photon
JPC=1--	Lam1,Lam2=2,1	parityFactor=1
JPC=1--	Lam1,Lam2=1,1	parityFactor=1
JPC=1--	Lam1,Lam2=0,1	parityFactor=1
with further decay:
JPCLS tensor amplitudes for decay	f2(1910)Toomega1_omega2:
suffix for fit parameter name:	f2(1910)Toomega1_omega2
JPC=2++	L,S=2,0	preFactorLS=0
JPC=2++	L,S=0,2	preFactorLS=0
JPC=2++	L,S=2,2	preFactorLS=0
JPC=2++	L,S=4,2	preFactorLS=0
with further decay:
LS amplitudes for decay	omega1Topion1+_pion1-_pion10:
suffix for fit parameter name:	omega1Topion1+_pion1-_pion10
	L,S=1,0


with further decay:
LS amplitudes for decay	omega2Topion2+_pion2-_pion20:
suffix for fit parameter name:	omega2Topion2+_pion2-_pion20
	L,S=1,0






photon	mass=0+0-0	width=0+0-0	3*q=0	2*J=2	P=-1	p=-2	C=-1	c=-2	G=-2	theGParity=1	2*I=0	2*I3=0	charm=0	strange=0
f2(1910)	mass=1.941+0-0	width=0.17+0-0	3*q=0	2*J=4	P=1	p=-2	C=1	c=-2	G=-2	theGParity=1	2*I=0	2*I3=0	charm=0	strange=0

JPClamlam amplitudes for decay	I0G-1J1P-1C-1Tophoton_f2(1910):
suffix for fit parameter name:	J1P-1C-1Tophoton_f2(1910)
JPC=1--	Lam1,Lam2=1,0	parityFactor=1
JPC=1--	Lam1,Lam2=1,1	parityFactor=1
JPC=1--	Lam1,Lam2=1,2	parityFactor=1
with further decay:
JPCLS tensor amplitudes for decay	f2(1910)Toomega1_omega2:
suffix for fit parameter name:	f2(1910)Toomega1_omega2
JPC=2++	L,S=2,0	preFactorLS=0
JPC=2++	L,S=0,2	preFactorLS=0
JPC=2++	L,S=2,2	preFactorLS=0
JPC=2++	L,S=4,2	preFactorLS=0
with further decay:
LS amplitudes for decay	omega1Topion1+_pion1-_pion10:
suffix for fit parameter name:	omega1Topion1+_pion1-_pion10
	L,S=1,0


with further decay:
LS amplitudes for decay	omega2Topion2+_pion2-_pion20:
suffix for fit parameter name:	omega2Topion2+_pion2-_pion20
	L,S=1,0






INFO: use productionTensorRadType Zou
INFO: Barrier factors for production amplitude I0G-1J1P-1C-1Tophoton_eta(2225) enabled!
INFO: BlattWBarrierDynamics for I0G-1J1P-1C-1Tophoton_eta(2225)
INFO: add dynamics for I0G-1J1P-1C-1Tophoton_eta(2225)
INFO: Barrier factors for production amplitude I0G-1J1P-1C-1Tophoton_f2(1910) enabled!
INFO: BlattWBarrierDynamics for I0G-1J1P-1C-1Tophoton_f2(1910)
INFO: add dynamics for I0G-1J1P-1C-1Tophoton_f2(1910)
INFO: AmpName: eta(2225)Toomega1_omega2  radius for barrier factor qr= 0.1973
INFO: BreitWignerRelDynamics for eta(2225)Toomega1_omega2 with  mass key daughter1 pion1+pion1-pion10pion2+pion2-pion20pion1+pion1-pion10 and mass key daughter2 pion1+pion1-pion10pion2+pion2-pion20pion2+pion2-pion20
INFO: add dynamics for eta(2225)Toomega1_omega2
INFO: AmpName: f2(1910)Toomega1_omega2  radius for barrier factor qr= 0.1973
INFO: BreitWignerRelDynamics for f2(1910)Toomega1_omega2 with  mass key daughter1 pion1+pion1-pion10pion2+pion2-pion20pion1+pion1-pion10 and mass key daughter2 pion1+pion1-pion10pion2+pion2-pion20pion2+pion2-pion20
INFO: add dynamics for f2(1910)Toomega1_omega2
INFO: I0G-1J1P-1C-1Tophoton_eta(2225) set decay level to 0
INFO: eta(2225)Toomega1_omega2 set decay level to 1
INFO: omega1Topion1+_pion1-_pion10 set decay level to 2
INFO: omega2Topion2+_pion2-_pion20 set decay level to 2
INFO: I0G-1J1P-1C-1Tophoton_f2(1910) set decay level to 0
INFO: f2(1910)Toomega1_omega2 set decay level to 1
INFO: Dynamics	I0G-1J1P-1C-1Tophoton_eta(2225)	found!!!
INFO: Dynamics	eta(2225)Toomega1_omega2	found!!!
WARN: /AbsXdecAmp.cc:77: no dynamics for	omega1Topion1+_pion1-_pion10
INFO: add dynamics for omega1Topion1+_pion1-_pion10
WARN: /AbsXdecAmp.cc:88: no dynamics for	omega2Topion2+_pion2-_pion20
INFO: add dynamics for omega2Topion2+_pion2-_pion20
INFO: Dynamics	I0G-1J1P-1C-1Tophoton_f2(1910)	found!!!
INFO: Dynamics	f2(1910)Toomega1_omega2	found!!!
WARN: /AbsXdecAmp.cc:77: no dynamics for	omega1Topion1+_pion1-_pion10
WARN: /AbsXdecAmp.cc:88: no dynamics for	omega2Topion2+_pion2-_pion20
INFO: _J1P-1C-1Tophoton_eta(2225)Mag1	1	0.5
INFO: paramName: _J1P-1C-1Tophoton_eta(2225)Mag1	val: 1	err:0.5	min:0	max:-1
INFO: _J1P-1C-1Tophoton_eta(2225)_1Phi	0	0.2
INFO: paramName: _J1P-1C-1Tophoton_eta(2225)_1Phi	val: 0	err:0.2	min:0	max:-1
INFO: L1S1_eta(2225)Toomega1_omega2Mag	1	0.5
INFO: paramName: L1S1_eta(2225)Toomega1_omega2Mag	val: 1	err:0.5	min:0	max:-1
INFO: L1S1_eta(2225)Toomega1_omega2Phi	0	0.2
INFO: paramName: L1S1_eta(2225)Toomega1_omega2Phi	val: 0	err:0.2	min:0	max:-1
INFO: eta(2225)Mass	2.15	0.03	2.08	2.38
INFO: paramName: eta(2225)Mass	val: 2.15	err:0.03	min:2.08	max:2.38
INFO: eta(2225)Width	0.14	0.03	0.04	0.3
INFO: paramName: eta(2225)Width	val: 0.14	err:0.03	min:0.04	max:0.3
INFO: L1S0_omega1Topion1+_pion1-_pion10Mag	1	0.5
INFO: paramName: L1S0_omega1Topion1+_pion1-_pion10Mag	val: 1	err:0.5	min:0	max:-1
INFO: L1S0_omega1Topion1+_pion1-_pion10Phi	0	0.2
INFO: paramName: L1S0_omega1Topion1+_pion1-_pion10Phi	val: 0	err:0.2	min:0	max:-1
INFO: L1S0_omega2Topion2+_pion2-_pion20Mag	1	0.5
INFO: paramName: L1S0_omega2Topion2+_pion2-_pion20Mag	val: 1	err:0.5	min:0	max:-1
INFO: L1S0_omega2Topion2+_pion2-_pion20Phi	0	0.2
INFO: paramName: L1S0_omega2Topion2+_pion2-_pion20Phi	val: 0	err:0.2	min:0	max:-1
INFO: _J1P-1C-1Tophoton_f2(1910)Mag1	1	0.5
INFO: paramName: _J1P-1C-1Tophoton_f2(1910)Mag1	val: 1	err:0.5	min:0	max:-1
INFO: _J1P-1C-1Tophoton_f2(1910)_1Phi	0	0.2
INFO: paramName: _J1P-1C-1Tophoton_f2(1910)_1Phi	val: 0	err:0.2	min:0	max:-1
INFO: _J1P-1C-1Tophoton_f2(1910)Mag2	1	0.5
INFO: paramName: _J1P-1C-1Tophoton_f2(1910)Mag2	val: 1	err:0.5	min:0	max:-1
INFO: _J1P-1C-1Tophoton_f2(1910)_2Phi	0	0.2
INFO: paramName: _J1P-1C-1Tophoton_f2(1910)_2Phi	val: 0	err:0.2	min:0	max:-1
INFO: _J1P-1C-1Tophoton_f2(1910)Mag3	1	0.5
INFO: paramName: _J1P-1C-1Tophoton_f2(1910)Mag3	val: 1	err:0.5	min:0	max:-1
INFO: _J1P-1C-1Tophoton_f2(1910)_3Phi	0	0.2
INFO: paramName: _J1P-1C-1Tophoton_f2(1910)_3Phi	val: 0	err:0.2	min:0	max:-1
INFO: L2S0_f2(1910)Toomega1_omega2Mag	0.5	0.25
INFO: paramName: L2S0_f2(1910)Toomega1_omega2Mag	val: 0.5	err:0.25	min:0	max:-1
INFO: L2S0_f2(1910)Toomega1_omega2Phi	0	0.2
INFO: paramName: L2S0_f2(1910)Toomega1_omega2Phi	val: 0	err:0.2	min:0	max:-1
INFO: L0S2_f2(1910)Toomega1_omega2Mag	0.5	0.25
INFO: paramName: L0S2_f2(1910)Toomega1_omega2Mag	val: 0.5	err:0.25	min:0	max:-1
INFO: L0S2_f2(1910)Toomega1_omega2Phi	0	0.2
INFO: paramName: L0S2_f2(1910)Toomega1_omega2Phi	val: 0	err:0.2	min:0	max:-1
INFO: L2S2_f2(1910)Toomega1_omega2Mag	0.5	0.25
INFO: paramName: L2S2_f2(1910)Toomega1_omega2Mag	val: 0.5	err:0.25	min:0	max:-1
INFO: L2S2_f2(1910)Toomega1_omega2Phi	0	0.2
INFO: paramName: L2S2_f2(1910)Toomega1_omega2Phi	val: 0	err:0.2	min:0	max:-1
INFO: L4S2_f2(1910)Toomega1_omega2Mag	0.5	0.25
INFO: paramName: L4S2_f2(1910)Toomega1_omega2Mag	val: 0.5	err:0.25	min:0	max:-1
INFO: L4S2_f2(1910)Toomega1_omega2Phi	0	0.2
INFO: paramName: L4S2_f2(1910)Toomega1_omega2Phi	val: 0	err:0.2	min:0	max:-1
INFO: f2(1910)Mass	1.97	0.03	1.791	2.091
INFO: paramName: f2(1910)Mass	val: 1.97	err:0.03	min:1.791	max:2.091
INFO: f2(1910)Width	0.16	0.034	0.08	0.34
INFO: paramName: f2(1910)Width	val: 0.16	err:0.034	min:0.08	max:0.34
INFO: channelType2photonpion1+pion1-pion10pion2+pion2-pion20Scaling	1	0.01	0	20
INFO: paramName: channelType2photonpion1+pion1-pion10pion2+pion2-pion20Scaling	val: 1	err:0.01	min:0	max:20


 parameters in pawianParams are: 

_J1P-1C-1Tophoton_eta(2225)Mag1	1	0.5
_J1P-1C-1Tophoton_eta(2225)_1Phi	0	0.2
L1S1_eta(2225)Toomega1_omega2Mag	1	0.5
L1S1_eta(2225)Toomega1_omega2Phi	0	0.2
eta(2225)Mass	2.15	0.03	2.08	2.38
eta(2225)Width	0.14	0.03	0.04	0.3
L1S0_omega1Topion1+_pion1-_pion10Mag	1	0.5
L1S0_omega1Topion1+_pion1-_pion10Phi	0	0.2
L1S0_omega2Topion2+_pion2-_pion20Mag	1	0.5
L1S0_omega2Topion2+_pion2-_pion20Phi	0	0.2
_J1P-1C-1Tophoton_f2(1910)Mag1	1	0.5
_J1P-1C-1Tophoton_f2(1910)_1Phi	0	0.2
_J1P-1C-1Tophoton_f2(1910)Mag2	1	0.5
_J1P-1C-1Tophoton_f2(1910)_2Phi	0	0.2
_J1P-1C-1Tophoton_f2(1910)Mag3	1	0.5
_J1P-1C-1Tophoton_f2(1910)_3Phi	0	0.2
L2S0_f2(1910)Toomega1_omega2Mag	0.5	0.25
L2S0_f2(1910)Toomega1_omega2Phi	0	0.2
L0S2_f2(1910)Toomega1_omega2Mag	0.5	0.25
L0S2_f2(1910)Toomega1_omega2Phi	0	0.2
L2S2_f2(1910)Toomega1_omega2Mag	0.5	0.25
L2S2_f2(1910)Toomega1_omega2Phi	0	0.2
L4S2_f2(1910)Toomega1_omega2Mag	0.5	0.25
L4S2_f2(1910)Toomega1_omega2Phi	0	0.2
f2(1910)Mass	1.97	0.03	1.791	2.091
f2(1910)Width	0.16	0.034	0.08	0.34
channelType2photonpion1+pion1-pion10pion2+pion2-pion20Scaling	1	0.01	0	20


**************** Fit parameter **************************
_J1P-1C-1Tophoton_eta(2225)Mag1	1	0.5
_J1P-1C-1Tophoton_eta(2225)_1Phi	0	0.2
L1S1_eta(2225)Toomega1_omega2Mag	1	0.5
L1S1_eta(2225)Toomega1_omega2Phi	0	0.2
eta(2225)Mass	2.15	0.03	2.08	2.38
eta(2225)Width	0.14	0.03	0.04	0.3
L1S0_omega1Topion1+_pion1-_pion10Mag	1	0.5
L1S0_omega1Topion1+_pion1-_pion10Phi	0	0.2
L1S0_omega2Topion2+_pion2-_pion20Mag	1	0.5
L1S0_omega2Topion2+_pion2-_pion20Phi	0	0.2
_J1P-1C-1Tophoton_f2(1910)Mag1	1	0.5
_J1P-1C-1Tophoton_f2(1910)_1Phi	0	0.2
_J1P-1C-1Tophoton_f2(1910)Mag2	1	0.5
_J1P-1C-1Tophoton_f2(1910)_2Phi	0	0.2
_J1P-1C-1Tophoton_f2(1910)Mag3	1	0.5
_J1P-1C-1Tophoton_f2(1910)_3Phi	0	0.2
L2S0_f2(1910)Toomega1_omega2Mag	0.5	0.25
L2S0_f2(1910)Toomega1_omega2Phi	0	0.2
L0S2_f2(1910)Toomega1_omega2Mag	0.5	0.25
L0S2_f2(1910)Toomega1_omega2Phi	0	0.2
L2S2_f2(1910)Toomega1_omega2Mag	0.5	0.25
L2S2_f2(1910)Toomega1_omega2Phi	0	0.2
L4S2_f2(1910)Toomega1_omega2Mag	0.5	0.25
L4S2_f2(1910)Toomega1_omega2Phi	0	0.2
f2(1910)Mass	1.97	0.03	1.791	2.091
f2(1910)Width	0.16	0.034	0.08	0.34
channelType2photonpion1+pion1-pion10pion2+pion2-pion20Scaling	1	0.01	0	20
INFO: Fixing scaling parameter channelType2photonpion1+pion1-pion10pion2+pion2-pion20Scaling
INFO: data file: ../toyDataSignal.dat
INFO: mc file: ../toyMC.dat
INFO: 
File has 5000 events. Each event has 7 final state particles.

INFO: 

INFO: {Rank = 1 ( 0.828506,-0.822296,-0.0558318,-0.0844656) } 	m = -nan

INFO: {Rank = 1 ( 0.198786,-0.111887,0.0645689,0.057863) } 	m = 0.13957

INFO: {Rank = 1 ( 0.531265,0.299653,-0.369917,0.190086) } 	m = 0.13957

INFO: {Rank = 1 ( 0.313005,-0.0210905,-0.09619,0.264679) } 	m = 0.13498

INFO: {Rank = 1 ( 0.206927,-0.059017,0.036835,-0.136011) } 	m = 0.13957

INFO: {Rank = 1 ( 0.297685,0.180724,0.17538,0.0756097) } 	m = 0.13957

INFO: {Rank = 1 ( 0.721002,0.533913,0.285154,-0.36776) } 	m = 0.13498

INFO: 

INFO: 

INFO: {Rank = 1 ( 0.645691,-0.404247,0.172397,0.473055) } 	m = 0.000272958

INFO: {Rank = 1 ( 0.387388,0.32432,0.136372,0.0825185) } 	m = 0.13957

INFO: {Rank = 1 ( 0.325194,0.264189,0.00710824,-0.128161) } 	m = 0.13957

INFO: {Rank = 1 ( 0.488736,0.223044,-0.0205375,0.412884) } 	m = 0.13498

INFO: {Rank = 1 ( 0.20516,-0.0743298,-0.109734,0.0710226) } 	m = 0.13957

INFO: {Rank = 1 ( 0.686987,-0.136551,-0.136737,-0.644304) } 	m = 0.13957

INFO: {Rank = 1 ( 0.358019,-0.196424,-0.00886753,-0.267015) } 	m = 0.13498

INFO: 

INFO: 

INFO: {Rank = 1 ( 0.761275,-0.429694,0.525208,-0.34505) } 	m = 0.00025895

INFO: {Rank = 1 ( 0.360562,0.00783304,0.165166,0.288416) } 	m = 0.13957

INFO: {Rank = 1 ( 0.617786,0.39168,-0.066419,0.452056) } 	m = 0.13957

INFO: {Rank = 1 ( 0.335633,0.11019,-0.232337,0.168248) } 	m = 0.13498

INFO: {Rank = 1 ( 0.442473,-0.200412,-0.322696,-0.1789) } 	m = 0.13957

INFO: {Rank = 1 ( 0.155086,-0.0587153,-0.0228142,-0.0245746) } 	m = 0.13957

INFO: {Rank = 1 ( 0.42436,0.179118,-0.00610729,-0.360196) } 	m = 0.13498

INFO: 

INFO: 

INFO: {Rank = 1 ( 1.01811,0.94145,0.385188,0.0430919) } 	m = -nan

INFO: {Rank = 1 ( 0.235898,0.133591,-0.0463494,0.127174) } 	m = 0.13957

INFO: {Rank = 1 ( 0.363953,-0.112548,-0.28359,0.141037) } 	m = 0.13957

INFO: {Rank = 1 ( 0.212792,-0.0164612,0.140579,-0.0838279) } 	m = 0.13498

INFO: {Rank = 1 ( 0.283174,-0.0640223,-0.227919,-0.0682768) } 	m = 0.13957

INFO: {Rank = 1 ( 0.54462,-0.486611,0.182442,-0.084001) } 	m = 0.13957

INFO: {Rank = 1 ( 0.438624,-0.395398,-0.110351,-0.0751972) } 	m = 0.13498

INFO: 

INFO: 

INFO: {Rank = 1 ( 0.788139,0.467838,0.472927,-0.422648) } 	m = -nan

INFO: {Rank = 1 ( 0.322321,0.141547,0.251591,0.0328315) } 	m = 0.13957

INFO: {Rank = 1 ( 0.171038,-0.0618922,0.0024429,0.0770567) } 	m = 0.13957

INFO: {Rank = 1 ( 0.427869,-0.201533,0.217106,-0.277673) } 	m = 0.13498

INFO: {Rank = 1 ( 0.309201,-0.222572,-0.0214295,0.161642) } 	m = 0.13957

INFO: {Rank = 1 ( 0.51764,0.0250003,-0.491286,0.0805261) } 	m = 0.13957

INFO: {Rank = 1 ( 0.560965,-0.148388,-0.39135,0.348264) } 	m = 0.13498

INFO: 

INFO: 

INFO: {Rank = 1 ( 0.835868,0.0737384,-0.100785,-0.826487) } 	m = -nan

INFO: {Rank = 1 ( 0.550484,-0.0993631,0.490439,0.18207) } 	m = 0.13957

INFO: {Rank = 1 ( 0.188646,0.069782,-0.0190354,0.104286) } 	m = 0.13957

INFO: {Rank = 1 ( 0.447307,0.296999,0.241957,0.187382) } 	m = 0.13498

INFO: {Rank = 1 ( 0.404659,-0.0224646,-0.376199,-0.0473095) } 	m = 0.13957

INFO: {Rank = 1 ( 0.437604,-0.152451,-0.224462,0.313676) } 	m = 0.13957

INFO: {Rank = 1 ( 0.232607,-0.166241,0.0280858,0.0863811) } 	m = 0.13498

INFO: 

INFO: 

INFO: {Rank = 1 ( 0.915255,-0.756047,0.133869,-0.498161) } 	m = 0.000244141

INFO: {Rank = 1 ( 0.244782,0.0767254,0.0020127,0.18587) } 	m = 0.13957

INFO: {Rank = 1 ( 0.420405,0.387213,-0.0674337,-0.0527212) } 	m = 0.13957

INFO: {Rank = 1 ( 0.689473,0.481403,0.162876,0.445955) } 	m = 0.13498

INFO: {Rank = 1 ( 0.148019,0.0304432,0.0218562,0.0320207) } 	m = 0.13957

INFO: {Rank = 1 ( 0.328501,-0.129111,0.0600417,-0.261072) } 	m = 0.13957

INFO: {Rank = 1 ( 0.35074,-0.0906266,-0.273221,0.148108) } 	m = 0.13498

INFO: 

INFO: 

INFO: {Rank = 1 ( 0.78439,-0.138904,-0.723086,-0.270406) } 	m = 0.000172633

INFO: {Rank = 1 ( 0.253355,0.0107637,0.166106,0.13039) } 	m = 0.13957

INFO: {Rank = 1 ( 0.316817,0.280133,0.0433157,0.0232974) } 	m = 0.13957

INFO: {Rank = 1 ( 0.564123,0.25051,-0.163627,0.458788) } 	m = 0.13498

INFO: {Rank = 1 ( 0.426566,-0.151762,0.229621,-0.294485) } 	m = 0.13957

INFO: {Rank = 1 ( 0.294245,-0.148214,0.0882671,-0.193241) } 	m = 0.13957

INFO: {Rank = 1 ( 0.457678,-0.102527,0.399402,0.145656) } 	m = 0.13498

INFO: 

INFO: 

INFO: {Rank = 1 ( 0.773546,0.554757,0.230454,0.487349) } 	m = -nan

INFO: {Rank = 1 ( 0.291334,-0.156069,-0.110349,-0.169886) } 	m = 0.13957

INFO: {Rank = 1 ( 0.199374,-0.110986,0.0358131,0.0816689) } 	m = 0.13957

INFO: {Rank = 1 ( 0.928514,-0.714142,-0.167362,-0.553092) } 	m = 0.13498

INFO: {Rank = 1 ( 0.509407,0.404456,-0.167142,0.220216) } 	m = 0.13957

INFO: {Rank = 1 ( 0.242906,0.0610329,0.18849,-0.0164379) } 	m = 0.13957

INFO: {Rank = 1 ( 0.152092,-0.039048,0.0300953,-0.0498184) } 	m = 0.13498

INFO: 

INFO: 

INFO: {Rank = 1 ( 0.75222,0.618658,0.400225,-0.151383) } 	m = 0.000167152

INFO: {Rank = 1 ( 0.280949,-0.11035,0.00186224,0.21742) } 	m = 0.13957

INFO: {Rank = 1 ( 0.460479,-0.343417,0.220537,-0.161213) } 	m = 0.13957

INFO: {Rank = 1 ( 0.513397,-0.459945,0.0966507,0.156414) } 	m = 0.13498

INFO: {Rank = 1 ( 0.426754,-0.0835052,-0.375949,-0.119703) } 	m = 0.13957

INFO: {Rank = 1 ( 0.526625,0.387959,-0.322911,0.0554202) } 	m = 0.13957

INFO: {Rank = 1 ( 0.136751,-0.00939914,0.0195847,0.00304392) } 	m = 0.13498

INFO: 

INFO: 4vec calculation for event 0
INFO: 4vec all in lab system
 px: 0	 py: 0.04	 pz: 0	 e : 3.09717	 m : 3.09692
weight: 1
INFO: 4vec calculation for event 500
INFO: 4vec calculation for event 1000
INFO: 4vec calculation for event 1500
INFO: 4vec calculation for event 2000
INFO: 4vec calculation for event 2500
INFO: 4vec calculation for event 3000
INFO: 4vec calculation for event 3500
INFO: 4vec calculation for event 4000
INFO: 4vec calculation for event 4500
INFO: 
File has 30000 events. Each event has 7 final state particles.

INFO: 

INFO: {Rank = 1 ( 0.993071,-0.988404,0.0716432,-0.0641566) } 	m = -nan

INFO: {Rank = 1 ( 0.284326,-0.144769,-0.137783,-0.146353) } 	m = 0.13957

INFO: {Rank = 1 ( 0.397285,0.251602,0.0884462,-0.259286) } 	m = 0.13957

INFO: {Rank = 1 ( 0.176928,-0.00724506,0.0810219,0.0804167) } 	m = 0.13498

INFO: {Rank = 1 ( 0.351626,0.0993939,0.168634,0.256601) } 	m = 0.13957

INFO: {Rank = 1 ( 0.310488,0.241348,-0.134964,0.0214179) } 	m = 0.13957

INFO: {Rank = 1 ( 0.583451,0.548074,-0.0969989,0.11136) } 	m = 0.13498

INFO: 

INFO: 

INFO: {Rank = 1 ( 0.117567,-0.0991835,-0.0203352,0.0597589) } 	m = 3.41197e-05

INFO: {Rank = 1 ( 0.494739,0.00408478,0.391599,0.26818) } 	m = 0.13957

INFO: {Rank = 1 ( 0.516193,0.155084,0.433949,-0.186044) } 	m = 0.13957

INFO: {Rank = 1 ( 0.506754,0.143461,0.373508,0.280162) } 	m = 0.13498

INFO: {Rank = 1 ( 0.276729,-0.118173,-0.126809,-0.16448) } 	m = 0.13957

INFO: {Rank = 1 ( 0.952657,-0.191947,-0.912416,-0.136852) } 	m = 0.13957

INFO: {Rank = 1 ( 0.232536,0.106674,-0.099496,-0.120725) } 	m = 0.13498

INFO: 

INFO: 

INFO: {Rank = 1 ( 0.933144,-0.367474,0.372375,0.772695) } 	m = -nan

INFO: {Rank = 1 ( 0.515612,0.213951,0.0404016,-0.44606) } 	m = 0.13957

INFO: {Rank = 1 ( 0.348315,0.261933,0.17291,-0.0577689) } 	m = 0.13957

INFO: {Rank = 1 ( 0.20993,-0.0181831,0.15614,0.0337736) } 	m = 0.13498

INFO: {Rank = 1 ( 0.602313,0.144941,-0.560291,-0.0914771) } 	m = 0.13957

INFO: {Rank = 1 ( 0.156493,-0.0530739,0.0272214,-0.0381107) } 	m = 0.13957

INFO: {Rank = 1 ( 0.331366,-0.182094,-0.168757,-0.173052) } 	m = 0.13498

INFO: 

INFO: 

INFO: {Rank = 1 ( 0.93226,0.444729,-0.55871,-0.599307) } 	m = 0.000244141

INFO: {Rank = 1 ( 0.27683,0.138253,0.00175103,0.195034) } 	m = 0.13957

INFO: {Rank = 1 ( 0.226265,0.0334471,0.0959014,-0.146289) } 	m = 0.13957

INFO: {Rank = 1 ( 0.519654,0.146582,0.172643,0.447805) } 	m = 0.13498

INFO: {Rank = 1 ( 0.499261,-0.369723,0.0420622,0.302188) } 	m = 0.13957

INFO: {Rank = 1 ( 0.313296,-0.217286,0.176438,0.0181982) } 	m = 0.13957

INFO: {Rank = 1 ( 0.329606,-0.176002,0.109914,-0.21763) } 	m = 0.13498

INFO: 

INFO: 

INFO: {Rank = 1 ( 0.833679,-0.234453,-0.773007,-0.206184) } 	m = 6.10352e-05

INFO: {Rank = 1 ( 0.291179,0.112338,0.20953,-0.0937169) } 	m = 0.13957

INFO: {Rank = 1 ( 0.147707,0.0238223,0.00113789,-0.0420554) } 	m = 0.13957

INFO: {Rank = 1 ( 0.457975,0.0890468,-0.377197,-0.203261) } 	m = 0.13498

INFO: {Rank = 1 ( 0.180032,-0.0652277,0.0691176,-0.0624484) } 	m = 0.13957

INFO: {Rank = 1 ( 0.522169,0.164847,0.448008,0.159043) } 	m = 0.13957

INFO: {Rank = 1 ( 0.664434,-0.0903728,0.46241,0.448623) } 	m = 0.13498

INFO: 

INFO: 

INFO: {Rank = 1 ( 0.555584,-0.292726,-0.279998,-0.380244) } 	m = -nan

INFO: {Rank = 1 ( 0.25953,-0.065807,0.0702878,-0.196482) } 	m = 0.13957

INFO: {Rank = 1 ( 0.466722,-0.102672,0.282155,-0.328932) } 	m = 0.13957

INFO: {Rank = 1 ( 0.355778,-0.201187,-0.240563,-0.100059) } 	m = 0.13498

INFO: {Rank = 1 ( 0.361322,0.289996,0.13224,0.0974096) } 	m = 0.13957

INFO: {Rank = 1 ( 0.192185,-0.00358735,0.0915139,0.0952243) } 	m = 0.13957

INFO: {Rank = 1 ( 0.906053,0.375983,-0.0156352,0.813084) } 	m = 0.13498

INFO: 

INFO: 

INFO: {Rank = 1 ( 0.308593,0.0669855,-0.169051,-0.249328) } 	m = 0.000105716

INFO: {Rank = 1 ( 0.28008,-0.187188,0.0112262,0.154271) } 	m = 0.13957

INFO: {Rank = 1 ( 0.843288,-0.38738,0.186885,0.711804) } 	m = 0.13957

INFO: {Rank = 1 ( 0.401656,-0.0422091,0.341979,0.156129) } 	m = 0.13498

INFO: {Rank = 1 ( 0.387675,0.0846502,0.123427,-0.32926) } 	m = 0.13957

INFO: {Rank = 1 ( 0.502605,0.289977,-0.16978,-0.346727) } 	m = 0.13957

INFO: {Rank = 1 ( 0.373277,0.175164,-0.284686,-0.0968886) } 	m = 0.13498

INFO: 

INFO: 

INFO: {Rank = 1 ( 1.04089,0.59529,-0.0751921,-0.850551) } 	m = -nan

INFO: {Rank = 1 ( 0.267242,-0.00808274,-0.0785535,-0.213782) } 	m = 0.13957

INFO: {Rank = 1 ( 0.379397,-0.244795,0.155947,0.200545) } 	m = 0.13957

INFO: {Rank = 1 ( 0.308773,-0.256481,-0.0120746,0.105798) } 	m = 0.13498

INFO: {Rank = 1 ( 0.21485,-0.03079,0.114362,0.112489) } 	m = 0.13957

INFO: {Rank = 1 ( 0.642715,0.0611649,0.0986406,0.616548) } 	m = 0.13957

INFO: {Rank = 1 ( 0.243303,-0.116307,-0.16313,0.0289517) } 	m = 0.13498

INFO: 

INFO: 

INFO: {Rank = 1 ( 1.02352,0.549008,0.64665,0.572743) } 	m = -nan

INFO: {Rank = 1 ( 0.208077,-0.0801221,-0.129182,0.0266266) } 	m = 0.13957

INFO: {Rank = 1 ( 0.322481,0.26025,0.124457,-0.0359765) } 	m = 0.13957

INFO: {Rank = 1 ( 0.296164,-0.0730944,-0.24903,0.0462019) } 	m = 0.13498

INFO: {Rank = 1 ( 0.162914,-0.0791197,-0.0222872,0.0174522) } 	m = 0.13957

INFO: {Rank = 1 ( 0.868299,-0.542027,-0.166731,-0.64255) } 	m = 0.13957

INFO: {Rank = 1 ( 0.215716,-0.0348955,-0.163877,0.0155034) } 	m = 0.13498

INFO: 

INFO: 

INFO: {Rank = 1 ( 1.12353,-0.500071,0.943047,-0.350577) } 	m = -nan

INFO: {Rank = 1 ( 0.161073,0.0608035,-0.0525926,0.00128989) } 	m = 0.13957

INFO: {Rank = 1 ( 0.19553,0.00924841,0.0933658,-0.0997474) } 	m = 0.13957

INFO: {Rank = 1 ( 0.613949,0.395664,-0.35007,0.282162) } 	m = 0.13498

INFO: {Rank = 1 ( 0.250668,0.171869,-0.085621,0.0805265) } 	m = 0.13957

INFO: {Rank = 1 ( 0.571987,-0.24157,-0.498555,0.0278705) } 	m = 0.13957

INFO: {Rank = 1 ( 0.180439,0.104056,-0.00957404,0.0584758) } 	m = 0.13498

INFO: 

INFO: ************* Server mode ****************
INFO: Listening on port 50003
INFO: Number of clients for channel 0 : 2
INFO: Waiting for 2 clients ...
INFO: Client pc14 logged in (ID 0).
INFO: Client pc14 logged in (ID 1).
INFO: All clients ready.
INFO: start migrad 
INFO: current LH = 7920829.215105669	
INFO: current LH = 38628029.00828502	
INFO: current LH = 596139.0159418345	
INFO: current LH = 9568433.59739081	
INFO: current LH = 6497889.413420863	
INFO: current LH = 8075112.934546308	
INFO: current LH = 7768791.165727953	
INFO: current LH = 9139316.373029785	
INFO: current LH = 6982734.581214541	
INFO: current LH = 8030804.977246871	
INFO: current LH = 7813713.319367829	
INFO: current LH = 10999483.05641413	
INFO: current LH = 5323266.333682095	
INFO: current LH = 8210450.061066005	
INFO: current LH = 7636094.644527336	
INFO: current LH = 8693120.688666191	
INFO: current LH = 7444667.475024145	
INFO: current LH = 7984203.09226292	
INFO: current LH = 7860405.208660132	
INFO: current LH = 7917675.52119183	
INFO: Wall time: 373.487s User: 0.61s System: 0.03s

INFO: current LH = 7917786.751179035	
INFO: current LH = 7920792.519887092	
INFO: current LH = 7920803.716241262	
INFO: current LH = 8031782.201688568	
INFO: current LH = 7889711.910111081	
INFO: current LH = 7928312.883670336	
INFO: current LH = 7914142.933484577	
INFO: current LH = 7925262.16297277	
INFO: current LH = 7923406.369872247	
INFO: Client timing information: 
INFO: Client id 0 channel id 0  response time +0 s
INFO: Client id 1 channel id 0  response time +0.016294 s
INFO: current LH = 7920957.73958974	
INFO: current LH = 7920770.993057554	
INFO: current LH = 8081105.415361217	
INFO: current LH = 7827341.539120693	
INFO: current LH = 7933824.823372841	
INFO: current LH = 7908500.79590416	
INFO: current LH = 7920203.118946113	
INFO: current LH = 7921832.934164	
INFO: current LH = 7920749.053905291	
INFO: current LH = 7920913.142764462	
INFO: current LH = 8001266.655476109	
INFO: Wall time: 11.6509s User: 0s System: 0s

INFO: current LH = 7913169.182037016	
INFO: current LH = 7925587.343502245	
INFO: current LH = 7916797.997904835	
INFO: current LH = 7929116.626386953	
INFO: current LH = 7920607.24135904	
INFO: current LH = 7921297.812360987	
INFO: current LH = 7920441.509415826	
INFO: current LH = 7927645.237171082	
INFO: current LH = 7922538.172232789	
INFO: current LH = 7921127.107698898	
INFO: current LH = 7920616.541812597	
INFO: current LH = 7923500.466299347	
INFO: current LH = 7919313.342561363	
INFO: current LH = 7921045.737135582	
INFO: current LH = 7920624.265769405	
INFO: current LH = 7921996.604132013	
INFO: current LH = 7928042.331791396	
INFO: current LH = 7920568.894477968	
INFO: current LH = 7921173.310869554	
INFO: current LH = 7921615.74092046	
INFO: Wall time: 41.3716s User: 0s System: 0.01s

INFO: current LH = 7921619.328148603	
INFO: current LH = 7920836.933665243	
INFO: current LH = 7920837.2955724	
INFO: current LH = 7892410.771702333	
INFO: current LH = 7948420.130441054	
INFO: current LH = 7918060.320941109	
INFO: current LH = 7923586.224122261	
INFO: current LH = 8082034.248557208	
INFO: current LH = 7773196.837350728	
INFO: current LH = 7936583.986040575	
INFO: current LH = 7905210.082649214	
INFO: current LH = 7920792.521169585	
INFO: current LH = 7920024.745545588	
INFO: current LH = 7913805.686215407	
INFO: current LH = 7861905.300257199	
INFO: current LH = 7627581.360859324	
INFO: current LH = 7728471.392084245	
INFO: current LH = 7802432.433849804	
INFO: current LH = 7702523.99770272	
INFO: current LH = 7642622.093839668	
INFO: Wall time: 30.6244s User: 0.01s System: 0s

INFO: current LH = 7612562.929161219	
INFO: current LH = 7638248.068624435	
INFO: current LH = 7616942.85252239	
INFO: current LH = 7655790.222115798	
INFO: current LH = 7599421.42334693	
INFO: current LH = 7632215.604450737	
INFO: current LH = 7622975.08615664	
INFO: current LH = 7629249.302396952	
INFO: current LH = 7625917.056810023	
INFO: current LH = 7627269.096020152	
INFO: current LH = 7627896.859273608	
INFO: current LH = 7628322.78219013	
INFO: current LH = 7626847.768125993	
INFO: current LH = 7627592.321132905	
INFO: current LH = 7627573.794942458	
INFO: current LH = 7627332.189697855	
INFO: current LH = 7627836.982516214	
INFO: current LH = 7627393.65504335	
INFO: current LH = 7627772.703789371	
INFO: current LH = 7628881.945257981	
INFO: Wall time: 9.11249s User: 0s System: 0s

INFO: current LH = 7626399.956242654	
INFO: current LH = 7627799.986038051	
INFO: current LH = 7627366.372901598	
INFO: current LH = 7627854.721396926	
INFO: current LH = 7627312.42574427	
INFO: current LH = 7627629.543187222	
INFO: current LH = 7627535.381853209	
INFO: current LH = 7627611.283975645	
INFO: current LH = 7627553.632960782	
INFO: current LH = 7627659.550831209	
INFO: current LH = 7627505.406041555	
INFO: current LH = 7627553.394847652	
INFO: current LH = 7627611.45953639	
INFO: current LH = 7627582.305541349	
INFO: current LH = 7627582.481343595	
INFO: current LH = 7626160.983835793	
INFO: current LH = 7629002.635490295	
INFO: current LH = 7624723.05793735	
INFO: current LH = 7630443.341720573	
INFO: current LH = 7629217.053767998	
INFO: Wall time: 38.0994s User: 0.01s System: 0.01s

INFO: current LH = 7625948.079339253	
INFO: current LH = 91854.07186173777	
INFO: current LH = 356420.4033104003	
INFO: current LH = 140294.5260506963	
INFO: current LH = 91884.13112240079	
INFO: current LH = 91824.01978736867	
INFO: current LH = 91928.29464042823	
INFO: current LH = 91779.89275092899	
INFO: current LH = 91857.57016291753	
INFO: current LH = 91850.58259257233	
INFO: current LH = 91861.78756782375	
INFO: current LH = 91846.40003346067	
INFO: current LH = 91847.73377143929	
INFO: current LH = 91860.44483393483	
INFO: current LH = 91855.58172080053	
INFO: current LH = 91852.57008062094	
INFO: current LH = 91857.59998279221	
INFO: current LH = 91850.58692302377	
INFO: current LH = 91854.68665722809	
INFO: current LH = 91853.45885619077	
INFO: Wall time: 16.7498s User: 0s System: 0s

INFO: current LH = 91857.12697735672	
INFO: current LH = 91851.05341384209	
INFO: current LH = 91853.87648482414	
INFO: current LH = 91854.28007892401	
INFO: current LH = 91853.72069215222	
INFO: current LH = 91854.46609831798	
INFO: current LH = 91855.52484086234	
INFO: current LH = 91852.62304407082	
INFO: current LH = 91858.79937490098	
INFO: current LH = 91849.38525380145	
INFO: current LH = 91863.42256949378	
INFO: current LH = 91844.72778448249	
INFO: current LH = 91878.11732272028	
INFO: current LH = 91830.0684969673	
INFO: current LH = 91852.53799152789	
INFO: current LH = 91855.6088502632	
INFO: current LH = 91848.33730978545	
INFO: current LH = 91859.84624901564	
INFO: current LH = 91853.579242159	
INFO: current LH = 91854.5655307065	
INFO: Wall time: 13.4287s User: 0.01s System: 0.01s

INFO: current LH = 91850.90244112301	
INFO: current LH = 91857.27436973494	
INFO: current LH = 91854.16579928456	
INFO: current LH = 91853.97894703639	
INFO: current LH = 91854.69962410875	
INFO: current LH = 91853.47690189067	
INFO: current LH = 91853.45809559141	
INFO: current LH = 91854.68659168651	
INFO: current LH = 91849.94710855134	
INFO: current LH = 91858.22872769221	
INFO: current LH = 91853.95649322354	
INFO: current LH = 91854.18897038857	
INFO: current LH = 91853.50742033706	
INFO: current LH = 91854.6737469662	
INFO: current LH = 91854.44108797351	
INFO: current LH = 91853.70385115067	
INFO: current LH = 91856.30178439867	
INFO: current LH = 91851.87652749322	
INFO: current LH = 91854.02901040411	
INFO: current LH = 91854.11546536213	
INFO: Wall time: 40.9849s User: 0s System: 0.01s

INFO: current LH = 91853.75640659893	
INFO: current LH = 91854.41606966406	
INFO: current LH = 91860.54879377194	
INFO: current LH = 91847.61135463446	
INFO: current LH = 91864.65685902463	
INFO: current LH = 91843.53021748931	
INFO: current LH = 91850.84479798548	
INFO: current LH = 91857.29797611588	
INFO: current LH = 91832.12811731294	
INFO: current LH = 91875.95971278161	
INFO: current LH = 84968.51716648071	
INFO: current LH = 65893.3072498624	
INFO: current LH = 53221.94587181517	
INFO: current LH = 32444.51695500036	
INFO: current LH = 20983.86835681333	
INFO: current LH = 17359.14278181367	
INFO: current LH = 23961.27034077419	
INFO: current LH = 12683.90718287144	
INFO: current LH = 24047.86904689307	
INFO: current LH = 16588.85528534282	
INFO: Wall time: 45.0121s User: 0.01s System: 0.01s

INFO: current LH = 12690.32927451509	
INFO: current LH = 12677.48749130085	
INFO: current LH = 12694.10325832452	
INFO: current LH = 12673.71713380132	
INFO: current LH = 12683.82958279537	
INFO: current LH = 12683.9855678337	
INFO: current LH = 12683.69370657023	
INFO: current LH = 12684.12671857266	
INFO: current LH = 12684.36952135731	
INFO: current LH = 12683.44564506426	
INFO: current LH = 12685.17983570748	
INFO: current LH = 12682.64058918462	
INFO: current LH = 12684.50826636325	
INFO: current LH = 12683.30709709946	
INFO: current LH = 12685.38893485562	
INFO: current LH = 12682.43154312969	
INFO: current LH = 12683.6066082855	
INFO: current LH = 12684.20831329382	
INFO: current LH = 12682.91802500649	
INFO: current LH = 12684.90288310113	
INFO: Wall time: 8.72621s User: 0s System: 0.01s

INFO: current LH = 12684.01198954272	
INFO: current LH = 12683.80329141645	
INFO: current LH = 12684.17860169655	
INFO: current LH = 12683.64209281958	
INFO: current LH = 12681.92719533328	
INFO: current LH = 12685.88841683825	
INFO: current LH = 12679.54730086954	
INFO: current LH = 12688.27330585625	
INFO: current LH = 12681.04855500556	
INFO: Client timing information: 
INFO: Client id 1 channel id 0  response time +0 s
INFO: Client id 0 channel id 0  response time +0.016965 s
INFO: current LH = 12686.76690344243	
INFO: current LH = 12677.18350910312	
INFO: current LH = 12690.63713175038	
INFO: current LH = 12685.75252604351	
INFO: current LH = 12682.06285459262	
INFO: current LH = 12688.41401154383	
INFO: current LH = 12679.40665052408	
INFO: current LH = 12683.86791810031	
INFO: current LH = 12683.94783525446	
INFO: current LH = 12683.82692111372	
INFO: current LH = 12683.99377131032	
INFO: Wall time: 16.9036s User: 0s System: 0s

INFO: current LH = 12683.85311434857	
INFO: current LH = 12683.96276490208	
INFO: current LH = 12683.80073168769	
INFO: current LH = 12684.01993069663	
INFO: current LH = 12683.68716521773	
INFO: current LH = 12684.12895056676	
INFO: current LH = 12683.49965365569	
INFO: current LH = 12684.32096397682	
INFO: current LH = 12683.80021484087	
INFO: current LH = 12684.01721273822	
INFO: current LH = 12683.77152079892	
INFO: current LH = 12684.04349490516	
INFO: current LH = 12683.49571776983	
INFO: current LH = 12684.32538451497	
INFO: current LH = 12683.93966052997	
INFO: current LH = 12683.87563454527	
INFO: current LH = 12683.9921040719	
INFO: current LH = 12683.82876640237	
INFO: current LH = 12684.18590497765	
INFO: current LH = 12683.63256329998	
INFO: Wall time: 41.5666s User: 0.01s System: 0.01s

INFO: current LH = 12679.64853227427	
INFO: current LH = 12688.18252503952	
INFO: current LH = 12681.341602963	
INFO: current LH = 12686.47877137419	
INFO: current LH = 11829.79884195818	
INFO: current LH = 11838.99530510655	
INFO: current LH = 11820.6076400745	
INFO: current LH = 11829.55306177507	
INFO: current LH = 11830.04956304026	
INFO: current LH = 11830.99405442648	
INFO: current LH = 11828.60865009649	
INFO: current LH = 11831.19045060037	
INFO: current LH = 11828.41226102502	
INFO: current LH = 11828.50599786651	
INFO: current LH = 11831.09897082564	
INFO: current LH = 11829.7810978505	
INFO: current LH = 11829.82184786483	
INFO: current LH = 11825.20311291452	
INFO: current LH = 11834.40037648779	
INFO: current LH = 11822.57647905303	
INFO: Wall time: 17.4784s User: 0s System: 0s

INFO: current LH = 11837.02732386764	
INFO: current LH = 11834.59863082687	
INFO: current LH = 11825.00515901325	
INFO: current LH = 11830.06086849527	
INFO: current LH = 11829.54656851544	
INFO: current LH = 11829.99720514592	
INFO: current LH = 11829.60606873707	
INFO: current LH = 11829.53780973695	
INFO: current LH = 11830.06879446567	
INFO: current LH = 11829.52497810328	
INFO: current LH = 11830.08208096447	
INFO: current LH = 11829.53306298497	
INFO: current LH = 11830.07327605892	
INFO: current LH = 11829.09147519796	
INFO: current LH = 11830.51654646002	
INFO: current LH = 11829.27528252912	
INFO: current LH = 11830.32798738719	
INFO: current LH = 11829.95966960501	
INFO: current LH = 11829.6482885917	
INFO: current LH = 11829.91699962139	
INFO: Wall time: 36.1851s User: 0.01s System: 0.01s

INFO: current LH = 11829.68627071862	
INFO: current LH = 11827.64181088915	
INFO: current LH = 11831.96555574793	
INFO: current LH = 11828.15152494208	
INFO: current LH = 11831.45174821325	
INFO: current LH = 11827.69394785701	
INFO: current LH = 11831.91133531454	
INFO: current LH = 11160.66548467986	
INFO: current LH = 8901.820973813257	
INFO: current LH = 5320.781050830576	
INFO: current LH = 3834.019567514175	
INFO: current LH = 2752.202304436599	
INFO: current LH = 2163.837062871691	
INFO: current LH = 2005.736039930009	
INFO: current LH = 2006.997068214072	
INFO: current LH = 2004.475446992338	
INFO: current LH = 2007.605502916322	
INFO: current LH = 2003.867510313045	
INFO: current LH = 2005.712679192822	
INFO: current LH = 2005.759486516841	
INFO: Wall time: 33.3853s User: 0s System: 0.01s

INFO: current LH = 2005.658403106525	
INFO: current LH = 2005.814653599346	
INFO: current LH = 2005.832002887783	
INFO: current LH = 2005.64022200269	
INFO: current LH = 2005.982799666588	
INFO: current LH = 2005.490247984816	
INFO: current LH = 2005.236319714025	
INFO: current LH = 2006.23681195265	
INFO: current LH = 2005.298900997943	
INFO: current LH = 2006.17654776211	
INFO: current LH = 2005.502664972151	
INFO: current LH = 2005.970347186038	
INFO: current LH = 2004.734267489001	
INFO: current LH = 2006.739224582567	
INFO: current LH = 2006.035405982865	
INFO: current LH = 2005.437922610973	
INFO: current LH = 2002.886256621618	
INFO: current LH = 2008.587946698411	
INFO: current LH = 2005.697406497481	
INFO: current LH = 2005.776141970153	
INFO: Wall time: 8.92575s User: 0s System: 0s

INFO: current LH = 2006.57568754416	
INFO: current LH = 2004.898566650417	
INFO: current LH = 2006.292733069454	
INFO: current LH = 2005.18029143451	
INFO: current LH = 2005.780876778429	
INFO: current LH = 2005.692402358437	
INFO: current LH = 2006.041598870859	
INFO: current LH = 2005.432107177042	
INFO: current LH = 2005.970251395965	
INFO: current LH = 2005.502776286774	
INFO: current LH = 2005.893425146302	
INFO: current LH = 2005.579815090034	
INFO: current LH = 2005.019065064635	
INFO: current LH = 2006.456573261997	
INFO: current LH = 2005.36383995649	
INFO: current LH = 2006.109180879398	
INFO: current LH = 2005.847789046286	
INFO: current LH = 2005.627196134829	
INFO: current LH = 2005.799801844772	
INFO: current LH = 2005.673220286415	
INFO: Wall time: 41.1132s User: 0.01s System: 0s

INFO: current LH = 2005.026857332341	
INFO: current LH = 2006.446105515131	
INFO: current LH = 2006.715514772336	
INFO: current LH = 2004.756768314746	
INFO: current LH = 2007.861417982077	
INFO: current LH = 2003.611667126246	
INFO: current LH = 561.5107871236123	
INFO: current LH = 655.6060968717941	
INFO: current LH = 505.1228660585152	
INFO: current LH = 224.8325578355141	
INFO: current LH = 1439.392635892408	
INFO: current LH = -646.0374046662273	
INFO: current LH = 1426.430796241542	
INFO: current LH = 337.6439857948469	
INFO: current LH = -679.6269487182851	
INFO: current LH = -724.6409867404666	
INFO: current LH = -724.0165566766138	
INFO: current LH = -725.2651953802676	
INFO: current LH = -724.6495098307348	
INFO: current LH = -724.6323677521145	
INFO: Wall time: 38.3893s User: 0.01s System: 0.01s

INFO: current LH = -724.6570892005061	
INFO: current LH = -724.6245388201301	
INFO: current LH = -724.6180212488823	
INFO: current LH = -724.6638663592564	
INFO: current LH = -724.5948168006448	
INFO: current LH = -724.6868112708696	
INFO: current LH = -724.7592513046909	
INFO: current LH = -724.5225565183418	
INFO: current LH = -724.811797571678	
INFO: current LH = -724.4698317436969	
INFO: current LH = -724.6591320605744	
INFO: current LH = -724.6228637260404	
INFO: current LH = -724.7125392481855	
INFO: current LH = -724.5697443127945	
INFO: current LH = -724.5801945325463	
INFO: current LH = -724.7016485057379	
INFO: current LH = -724.5419409481813	
INFO: current LH = -724.7396826954978	
INFO: current LH = -724.6564588268757	
INFO: current LH = -724.6254205344194	
INFO: Wall time: 8.95002s User: 0s System: 0s

INFO: current LH = -724.6705562233431	
INFO: current LH = -724.6110649024522	
INFO: current LH = -724.5416239428012	
INFO: current LH = -724.7402693360098	
INFO: current LH = -724.4345798572826	
INFO: current LH = -724.8470396994353	
INFO: current LH = -724.6007940743564	
INFO: current LH = -724.6810992960907	
INFO: current LH = -724.5573907553855	
INFO: current LH = -724.7242287890713	
INFO: current LH = -724.6091831402096	
INFO: current LH = -724.6727366171208	
INFO: current LH = -724.5602010461755	
INFO: current LH = -724.7214346123405	
INFO: current LH = -724.6810055613712	
INFO: current LH = -724.601019305418	
INFO: current LH = -724.7449060258296	
INFO: current LH = -724.5374216042833	
INFO: current LH = -724.7404667139904	
INFO: current LH = -724.5414836677608	
INFO: Wall time: 25.5217s User: 0.01s System: 0.01s

INFO: current LH = -725.0257551798634	
INFO: current LH = -724.2558929608165	
INFO: current LH = -724.6440948323655	
INFO: current LH = -724.6378174584622	
INFO: current LH = -724.6482780925248	
INFO: current LH = -724.6333564174286	
INFO: current LH = -724.6509492420353	
INFO: current LH = -724.6310109770889	
INFO: current LH = -724.691745958778	
INFO: Client timing information: 
INFO: Client id 1 channel id 0  response time +0 s
INFO: Client id 0 channel id 0  response time +0.060903 s
INFO: current LH = -724.5899184283221	
INFO: current LH = -724.6281213609479	
INFO: current LH = -724.6539553630298	
INFO: current LH = -724.6175224815004	
INFO: current LH = -724.664800207159	
INFO: current LH = -724.7607993512581	
INFO: current LH = -724.5211012101461	
INFO: current LH = -724.9017871080594	
INFO: current LH = -724.379825234178	
INFO: current LH = -724.8895684603847	
INFO: current LH = -724.3922416195874	
INFO: Wall time: 42.6852s User: 0s System: 0.01s

INFO: current LH = -725.0025384877194	
INFO: current LH = -724.2790846361856	
INFO: current LH = -1287.830404650319	
INFO: current LH = -1558.873613660609	
INFO: current LH = -1588.104203614871	
INFO: current LH = -1587.331872700591	
INFO: current LH = -1588.875924536784	
INFO: current LH = -1588.095423595872	
INFO: current LH = -1588.113201781787	
INFO: current LH = -1588.088018525276	
INFO: current LH = -1588.121147033387	
INFO: current LH = -1588.086824308375	
INFO: current LH = -1588.12139141861	
INFO: current LH = -1588.069450550529	
INFO: current LH = -1588.138200144213	
INFO: current LH = -1588.885214621274	
INFO: current LH = -1587.321520710779	
INFO: current LH = -1588.630105910469	
INFO: current LH = -1587.577557329318	
INFO: current LH = -1588.131662361024	
INFO: Wall time: 16.164s User: 0s System: 0s

INFO: current LH = -1588.075804162916	
INFO: current LH = -1587.57488437681	
INFO: current LH = -1588.63171760982	
INFO: current LH = -1587.761534290538	
INFO: current LH = -1588.446125571617	
INFO: current LH = -1588.019893911398	
INFO: current LH = -1588.188000095087	
INFO: current LH = -1587.48639772501	
INFO: current LH = -1588.72144717637	
INFO: current LH = -1588.186169670838	
INFO: current LH = -1588.021579449074	
INFO: current LH = -1587.876245355929	
INFO: current LH = -1588.329747273505	
INFO: current LH = -1587.976826669546	
INFO: current LH = -1588.230834448317	
INFO: current LH = -1588.305114608499	
INFO: current LH = -1587.9021102301	
INFO: current LH = -1589.10729389877	
INFO: current LH = -1587.097048497651	
INFO: current LH = -1588.537734529508	
INFO: Wall time: 24.7607s User: 0.01s System: 0.01s

INFO: current LH = -1587.669928703431	
INFO: current LH = -1588.045234058766	
INFO: current LH = -1588.16066994014	
INFO: current LH = -1588.072080456252	
INFO: current LH = -1588.135580846416	
INFO: current LH = -1588.376069564005	
INFO: current LH = -1587.825071120024	
INFO: current LH = -1588.192773825253	
INFO: current LH = -1588.014890753587	
INFO: current LH = -1588.094222213063	
INFO: current LH = -1588.114449298067	
INFO: current LH = -1588.087444570451	
INFO: current LH = -1588.12168908654	
INFO: current LH = -1587.74007459358	
INFO: current LH = -1588.466063714381	
INFO: current LH = -1587.894089698316	
INFO: current LH = -1588.313571679246	
INFO: current LH = -1588.129402098733	
INFO: current LH = -1588.078639265838	
INFO: current LH = -1588.140337191466	
INFO: Wall time: 41.9412s User: 0s System: 0.01s

INFO: current LH = -1588.067293806424	
INFO: current LH = -1699.427437710391	
INFO: current LH = -1847.87646574051	
INFO: current LH = -1846.989262282313	
INFO: current LH = -1848.762846393631	
INFO: current LH = -1847.864711064675	
INFO: current LH = -1847.888768522767	
INFO: current LH = -1847.814413764058	
INFO: current LH = -1847.937199710351	
INFO: current LH = -1848.667663169179	
INFO: current LH = -1847.084247846396	
INFO: current LH = -1847.821061518686	
INFO: current LH = -1847.929889160445	
INFO: current LH = -1847.839730663597	
INFO: current LH = -1847.912322700582	
INFO: current LH = -1847.336036663596	
INFO: current LH = -1848.415909050172	
INFO: current LH = -1847.491115220249	
INFO: current LH = -1848.260592171815	
INFO: current LH = -1847.307842758291	
INFO: Wall time: 14.2156s User: 0s System: 0s

INFO: current LH = -1848.44313768274	
INFO: current LH = -1847.494498834556	
INFO: current LH = -1848.2575544904	
INFO: current LH = -1848.22496836653	
INFO: current LH = -1847.526649153327	
INFO: current LH = -1847.568279621434	
INFO: current LH = -1848.183347535833	
INFO: current LH = -1848.012788399412	
INFO: current LH = -1847.738334010034	
INFO: current LH = -1847.971811803251	
INFO: current LH = -1847.780242510946	
INFO: current LH = -1848.300364598594	
INFO: current LH = -1847.451088049653	
INFO: current LH = -1847.789284586565	
INFO: current LH = -1847.962389670643	
INFO: current LH = -1848.100803084267	
INFO: current LH = -1847.650443509156	
INFO: current LH = -1848.038890175506	
INFO: current LH = -1847.713163844849	
INFO: current LH = -1847.822705180824	
INFO: Wall time: 35.2176s User: 0.01s System: 0.01s

INFO: current LH = -1847.927420680788	
INFO: current LH = -1847.846681949621	
INFO: current LH = -1847.905373823074	
INFO: current LH = -1848.238909689886	
INFO: current LH = -1847.513034470709	
INFO: current LH = -1847.744130833161	
INFO: current LH = -1848.00839152724	
INFO: current LH = -1847.682087741426	
INFO: current LH = -1848.06995669118	
INFO: current LH = -1928.41237778548	
INFO: current LH = -2138.826165828184	
INFO: current LH = -2197.319828938439	
INFO: current LH = -2205.109335016989	
INFO: current LH = -2206.733636825231	
INFO: current LH = -2206.293676410836	
INFO: current LH = -2207.172907680446	
INFO: current LH = -2206.682174383192	
INFO: current LH = -2206.787761447262	
INFO: current LH = -2206.700968160631	
INFO: current LH = -2206.767355118688	
INFO: Wall time: 32.9557s User: 0s System: 0s

INFO: current LH = -2206.733595525585	
INFO: current LH = -2206.733681097256	
INFO: current LH = -2206.733662464633	
INFO: current LH = -2206.734377099969	
INFO: current LH = -2207.889093632444	
INFO: current LH = -2205.576780020456	
INFO: current LH = -2206.565692824038	
INFO: current LH = -2206.899532875553	
INFO: current LH = -2206.613449346352	
INFO: current LH = -2206.852773612854	
INFO: current LH = -2206.020285579496	
INFO: current LH = -2207.445627497261	
INFO: current LH = -2206.296047705465	
INFO: current LH = -2207.170624068267	
INFO: current LH = -2206.39583723467	
INFO: current LH = -2207.069732958734	
INFO: current LH = -2207.166820784098	
INFO: current LH = -2206.299548885286	
INFO: current LH = -2206.21614472832	
INFO: current LH = -2207.249489239776	
INFO: Wall time: 13.428s User: 0s System: 0.01s

INFO: current LH = -2206.727308957825	
INFO: current LH = -2206.738298710545	
INFO: current LH = -2207.047769654378	
INFO: current LH = -2206.417474249506	
INFO: current LH = -2206.960048046859	
INFO: current LH = -2206.506176679509	
INFO: current LH = -2206.52883910079	
INFO: current LH = -2206.936856346298	
INFO: current LH = -2207.11831947148	
INFO: current LH = -2206.347169773396	
INFO: current LH = -2207.029234171649	
INFO: current LH = -2206.436990026416	
INFO: current LH = -2206.752254850706	
INFO: current LH = -2206.711799746301	
INFO: current LH = -2206.744679359286	
INFO: current LH = -2206.721546791826	
INFO: current LH = -2206.674208151433	
INFO: current LH = -2206.791722635618	
INFO: current LH = -2206.834457905917	
INFO: current LH = -2206.63479398754	
INFO: Wall time: 45.4288s User: 0s System: 0.01s

INFO: current LH = -2206.806981320986	
INFO: current LH = -2206.6613449048	
INFO: current LH = -2522.585186163979	
INFO: current LH = -2861.720867327637	
INFO: current LH = -2884.561917317443	
INFO: current LH = -2884.149803285522	
INFO: current LH = -2884.973033667221	
INFO: current LH = -2884.543673581529	
INFO: current LH = -2884.580775175061	
INFO: current LH = -2884.534840593486	
INFO: current LH = -2884.590375514857	
INFO: current LH = -2884.414901714596	
INFO: current LH = -2884.683970407449	
INFO: current LH = -2884.529621677992	
INFO: current LH = -2884.592832418201	
INFO: current LH = -2885.497504425514	
INFO: current LH = -2883.6252602073	
INFO: current LH = -2884.347036992683	
INFO: current LH = -2884.774219365494	
INFO: current LH = -2884.405209515571	
INFO: Wall time: 18.155s User: 0.01s System: 0.01s

INFO: current LH = -2884.717249341066	
INFO: current LH = -2883.748364734069	
INFO: current LH = -2885.374333329008	
INFO: current LH = -2883.030769907239	
INFO: current LH = -2886.091188977685	
INFO: current LH = -2885.402391869874	
INFO: current LH = -2883.718758279915	
INFO: current LH = -2885.16385785189	
INFO: current LH = -2883.958601001968	
INFO: Client timing information: 
INFO: Client id 0 channel id 0  response time +0 s
INFO: Client id 1 channel id 0  response time +0.046095 s
INFO: current LH = -2885.688920219156	
INFO: current LH = -2883.4324316409	
INFO: current LH = -2885.401070380666	
INFO: current LH = -2883.721388479517	
INFO: current LH = -2883.623189863424	
INFO: current LH = -2885.498586174095	
INFO: current LH = -2884.437956680121	
INFO: current LH = -2884.683938196655	
INFO: current LH = -2884.396722648935	
INFO: current LH = -2884.724928443785	
INFO: current LH = -2884.297872072896	
INFO: Wall time: 23.1001s User: 0s System: 0s

INFO: current LH = -2884.823974155752	
INFO: current LH = -2885.112488217852	
INFO: current LH = -2884.008818073125	
INFO: current LH = -2884.968283807721	
INFO: current LH = -2884.154172796046	
INFO: current LH = -2884.510178216149	
INFO: current LH = -2884.610225771467	
INFO: current LH = -2884.529550452467	
INFO: current LH = -2884.592905422253	
INFO: current LH = -2884.882535641903	
INFO: current LH = -2884.240315532408	
INFO: current LH = -2885.095056120332	
INFO: current LH = -2884.029764895809	
INFO: current LH = -3242.073541343451	
INFO: current LH = -3368.611713271302	
INFO: current LH = -3379.21855328162	
INFO: current LH = -3378.976857565591	
INFO: current LH = -3379.459200969816	
INFO: current LH = -3379.182859515618	
INFO: current LH = -3379.256071465611	
INFO: Wall time: 36.2213s User: 0.01s System: 0.01s

INFO: current LH = -3379.224676511261	
INFO: current LH = -3379.212768951496	
INFO: current LH = -3379.232332088779	
INFO: current LH = -3379.206348360135	
INFO: current LH = -3379.786013683035	
INFO: current LH = -3378.650012468244	
INFO: current LH = -3379.345001383013	
INFO: current LH = -3379.091089802169	
INFO: current LH = -3378.734515587896	
INFO: current LH = -3379.701545525657	
INFO: current LH = -3378.45454638768	
INFO: current LH = -3379.981438791393	
INFO: current LH = -3379.625279699395	
INFO: current LH = -3378.810291307642	
INFO: current LH = -3379.564405661478	
INFO: current LH = -3378.871615096134	
INFO: current LH = -3378.688637696607	
INFO: current LH = -3379.74730519286	
INFO: current LH = -3379.242073088883	
INFO: current LH = -3379.19417654578	
INFO: Wall time: 15.208s User: 0s System: 0s

INFO: current LH = -3379.357389528061	
INFO: current LH = -3379.078484029531	
INFO: current LH = -3379.134474752756	
INFO: current LH = -3379.30124863438	
INFO: current LH = -3379.466839434019	
INFO: current LH = -3378.969164185628	
INFO: current LH = -3379.200513064698	
INFO: current LH = -3379.235649189051	
INFO: current LH = -3378.717222273538	
INFO: current LH = -3379.718368140496	
INFO: current LH = -3379.439548125322	
INFO: current LH = -3378.996429836138	
INFO: current LH = -3460.03592381406	
INFO: current LH = -3543.501078679229	
INFO: current LH = -3542.892532140356	
INFO: current LH = -3544.107037246554	
INFO: current LH = -3543.457790626562	
INFO: current LH = -3543.54660331902	
INFO: current LH = -3543.464553526811	
INFO: current LH = -3543.534193559072	
INFO: Wall time: 31.5676s User: 0s System: 0.01s

INFO: current LH = -3543.475717921353	
INFO: current LH = -3543.524754584814	
INFO: current LH = -3543.888304022618	
INFO: current LH = -3543.112698784517	
INFO: current LH = -3543.746068548428	
INFO: current LH = -3543.255228778304	
INFO: current LH = -3543.20692661749	
INFO: current LH = -3543.794171673304	
INFO: current LH = -3542.63902420811	
INFO: current LH = -3544.361077731077	
INFO: current LH = -3544.184957853752	
INFO: current LH = -3542.815249302238	
INFO: current LH = -3543.843690296903	
INFO: current LH = -3543.157024468733	
INFO: current LH = -3542.820601717965	
INFO: current LH = -3544.179742699874	
INFO: current LH = -3543.607560385062	
INFO: current LH = -3543.39352154214	
INFO: current LH = -3543.566537875746	
INFO: current LH = -3543.43378142621	
INFO: Wall time: 19.7838s User: 0.01s System: 0.01s

INFO: current LH = -3543.507132727246	
INFO: current LH = -3543.49354293773	
INFO: current LH = -3543.717014647435	
INFO: current LH = -3543.283146332004	
INFO: current LH = -3543.440687698815	
INFO: current LH = -3543.559761110537	
INFO: current LH = -3543.316272991241	
INFO: current LH = -3543.684947989925	
INFO: current LH = -3543.678208289984	
INFO: current LH = -3543.324866418414	
INFO: current LH = -3662.013294140186	
INFO: current LH = -3665.595106767596	
INFO: current LH = -3665.103087801006	
INFO: current LH = -3666.085327769615	
INFO: current LH = -3665.536540540305	
INFO: current LH = -3665.656429759726	
INFO: current LH = -3665.657125561461	
INFO: current LH = -3665.538163605002	
INFO: current LH = -3665.630883151305	
INFO: current LH = -3665.561074990095	
INFO: Wall time: 27.6059s User: 0.01s System: 0.01s

INFO: current LH = -3665.825591077897	
INFO: current LH = -3665.36339619908	
INFO: current LH = -3666.145995528505	
INFO: current LH = -3665.044200518639	
INFO: current LH = -3671.097542242767	
INFO: current LH = -3660.091224770988	
INFO: current LH = -3665.504028190636	
INFO: current LH = -3665.685221537956	
INFO: current LH = -3665.309487038679	
INFO: current LH = -3665.879167729544	
INFO: current LH = -3665.705694078571	
INFO: current LH = -3665.483154751288	
INFO: current LH = -3665.532290514666	
INFO: current LH = -3665.656793233681	
INFO: current LH = -3665.276469360613	
INFO: current LH = -3665.912830576061	
INFO: current LH = -3665.789238346616	
INFO: current LH = -3665.401319475718	
INFO: current LH = -3666.032962570456	
INFO: current LH = -3665.15895115789	
INFO: Wall time: 20.5039s User: 0s System: 0s

INFO: current LH = -3666.01601596669	
INFO: current LH = -3665.173188439696	
INFO: current LH = -3665.690107964594	
INFO: current LH = -3665.499048545981	
INFO: current LH = -3665.703821534699	
INFO: current LH = -3665.485645636968	
INFO: current LH = -3665.761177087358	
INFO: current LH = -3665.427272346143	
INFO: current LH = -3665.609370343879	
INFO: current LH = -3665.580914354594	
INFO: current LH = -3665.666299630413	
INFO: current LH = -3665.525372725277	
INFO: current LH = -3665.31419287061	
INFO: current LH = -3665.873984263003	
INFO: current LH = -3665.536322422575	
INFO: current LH = -3665.651737958785	
INFO: current LH = -3729.31604923239	
INFO: current LH = -3805.362781542245	
INFO: current LH = -3805.344072373036	
INFO: current LH = -3805.380843057454	
INFO: Wall time: 39.4232s User: 0s System: 0.01s

INFO: current LH = -3805.331093214077	
INFO: current LH = -3805.392649153242	
INFO: current LH = -3805.336235238136	
INFO: current LH = -3805.3902249175	
INFO: current LH = -3805.398335137356	
INFO: current LH = -3805.32884218667	
INFO: current LH = -3805.384934277354	
INFO: current LH = -3805.339380057105	
INFO: current LH = -3814.4095332239	
INFO: current LH = -3796.282809008715	
INFO: current LH = -3807.481704611396	
INFO: current LH = -3803.242034783089	
INFO: current LH = -3805.381429888175	
INFO: current LH = -3805.343211293203	
INFO: current LH = -3805.294744567077	
INFO: current LH = -3805.430175209743	
INFO: current LH = -3805.248139089627	
INFO: current LH = -3805.475605664084	
INFO: current LH = -3805.215894513623	
INFO: current LH = -3805.508092409784	
INFO: Wall time: 9.02155s User: 0.01s System: 0s

INFO: current LH = -3804.918846920637	
INFO: current LH = -3805.805797328424	
INFO: current LH = -3805.048382560592	
INFO: current LH = -3805.676189124331	
INFO: current LH = -3805.763195785078	
INFO: current LH = -3804.971483350757	
INFO: current LH = -3805.540337721769	
INFO: current LH = -3805.187038284046	
INFO: current LH = -3806.100824015503	
INFO: current LH = -3804.623201536385	
INFO: current LH = -3805.520611162805	
INFO: current LH = -3805.203801679479	
INFO: current LH = -3805.491184224007	
INFO: current LH = -3805.233891171472	
INFO: current LH = -3805.61005119743	
INFO: current LH = -3805.113702734882	
INFO: current LH = -3805.813800114624	
INFO: current LH = -3804.949854656082	
INFO: current LH = -3805.457993930069	
INFO: current LH = -3805.269382881868	
INFO: Wall time: 38.0377s User: 0s System: 0.02s

INFO: current LH = -3805.136860321895	
INFO: current LH = -3805.586602320049	
INFO: current LH = -3804.648933289416	
INFO: current LH = -3806.069485998258	
INFO: current LH = -3805.003884538132	
INFO: current LH = -3805.719863947806	
INFO: current LH = -3843.192887652526	
INFO: current LH = -3860.539484797596	
INFO: current LH = -3861.013285066794	
INFO: Client timing information: 
INFO: Client id 0 channel id 0  response time +0 s
INFO: Client id 1 channel id 0  response time +0.048676 s
INFO: current LH = -3860.909778927893	
INFO: current LH = -3861.114474463147	
INFO: current LH = -3860.980919869661	
INFO: current LH = -3861.047216739046	
INFO: current LH = -3861.045033441128	
INFO: current LH = -3860.983036056945	
INFO: current LH = -3861.017300669358	
INFO: current LH = -3861.008906827924	
INFO: current LH = -3861.02185504584	
INFO: current LH = -3861.002897474546	
INFO: current LH = -3862.759518881564	
INFO: Wall time: 24.3232s User: 0s System: 0s

INFO: current LH = -3859.269853610142	
INFO: current LH = -3861.07159499712	
INFO: current LH = -3860.95431521194	
INFO: current LH = -3861.110316455838	
INFO: current LH = -3860.914423436006	
INFO: current LH = -3860.882674530314	
INFO: current LH = -3861.143107261697	
INFO: current LH = -3860.813360197752	
INFO: current LH = -3861.211376950874	
INFO: current LH = -3861.113803025719	
INFO: current LH = -3860.910487696101	
INFO: current LH = -3860.529335998383	
INFO: current LH = -3861.496668446441	
INFO: current LH = -3860.139774434845	
INFO: current LH = -3861.884968509152	
INFO: current LH = -3860.458268604537	
INFO: current LH = -3861.566095416071	
INFO: current LH = -3861.130290622491	
INFO: current LH = -3860.898969329509	
INFO: current LH = -3861.597561126366	
INFO: Wall time: 18.7864s User: 0s System: 0.01s

INFO: current LH = -3860.426613800907	
INFO: current LH = -3861.212675046181	
INFO: current LH = -3860.813657688876	
INFO: current LH = -3861.110493958739	
INFO: current LH = -3860.912224448193	
INFO: current LH = -3861.08090698964	
INFO: current LH = -3860.943817897583	
INFO: current LH = -3861.152997035	
INFO: current LH = -3860.87588318382	
INFO: current LH = -3861.093075283432	
INFO: current LH = -3860.932141220056	
INFO: current LH = -3860.787028297314	
INFO: current LH = -3861.238070134425	
INFO: current LH = -3876.569798162956	
INFO: current LH = -3930.281538644795	
INFO: current LH = -4055.428756245111	
INFO: current LH = -2072.886180161945	
INFO: current LH = -3765.09449636483	
INFO: current LH = -3919.471712523315	
INFO: current LH = -4068.12579692372	
INFO: Wall time: 44.9489s User: 0.01s System: 0.01s

INFO: current LH = -4053.625647432838	
INFO: current LH = -4068.082942033558	
INFO: current LH = -4068.167686204597	
INFO: current LH = -4068.112234643728	
INFO: current LH = -4068.140081293392	
INFO: current LH = -4068.103937090687	
INFO: current LH = -4068.149591621912	
INFO: current LH = -4068.138055256458	
INFO: current LH = -4068.114189151728	
INFO: current LH = -4068.147372631877	
INFO: current LH = -4068.106154946187	
INFO: current LH = -4068.885425050836	
INFO: current LH = -4067.352924744904	
INFO: current LH = -4068.418110361968	
INFO: current LH = -4067.83154098482	
INFO: current LH = -4068.127235952144	
INFO: current LH = -4068.12441794871	
INFO: current LH = -4068.13481648966	
INFO: current LH = -4068.118804016166	
INFO: current LH = -4067.694606128154	
INFO: Wall time: 11.6056s User: 0s System: 0.01s

INFO: current LH = -4068.556997513793	
INFO: current LH = -4063.83009858645	
INFO: current LH = -4072.42131790321	
INFO: current LH = -4067.905730626095	
INFO: current LH = -4068.335541350814	
INFO: current LH = -4068.141177489053	
INFO: current LH = -4068.1081897914	
INFO: current LH = -4068.321925662321	
INFO: current LH = -4067.923342969765	
INFO: current LH = -4068.235198094097	
INFO: current LH = -4068.014453755789	
INFO: current LH = -4068.347852342336	
INFO: current LH = -4067.900684840583	
INFO: current LH = -4068.17057338686	
INFO: current LH = -4068.080367958683	
INFO: current LH = -4068.202611932073	
INFO: current LH = -4068.047065101829	
INFO: current LH = -4068.69699144221	
INFO: current LH = -4067.552448709066	
INFO: current LH = -4069.570590106301	
INFO: Wall time: 24.9473s User: 0.01s System: 0s

INFO: current LH = -4066.61864789042	
INFO: current LH = -4068.385132063975	
INFO: current LH = -4067.864510351553	
INFO: current LH = -4067.63210508136	
INFO: current LH = -4068.612263221547	
INFO: current LH = -4067.870879421769	
INFO: current LH = -4068.378765728248	
INFO: current LH = -4068.199455561746	
INFO: current LH = -4068.051069908113	
INFO: current LH = -4068.434568828885	
INFO: current LH = -4067.814886028702	
INFO: current LH = -4067.692947402466	
INFO: current LH = -4068.555909496163	
INFO: current LH = -1816.029750577836	
INFO: current LH = -4039.701958900914	
INFO: current LH = -4067.204745467502	
INFO: current LH = -4070.857227500138	
INFO: current LH = -4070.792741688358	
INFO: current LH = -4070.919766550248	
INFO: current LH = -4070.83578532875	
INFO: Wall time: 37.1536s User: 0s System: 0.01s

INFO: current LH = -4070.880572091717	
INFO: current LH = -4070.877841105801	
INFO: current LH = -4070.838467694635	
INFO: current LH = -4070.579575506497	
INFO: current LH = -4070.805299674705	
INFO: current LH = -4070.829555407677	
INFO: current LH = -4070.884879682583	
INFO: current LH = -4070.583070500463	
INFO: current LH = -4070.808773622231	
INFO: current LH = -4070.857433616475	
INFO: current LH = -4070.857096677491	
INFO: current LH = -4070.859040344751	
INFO: current LH = -4070.857334677326	
INFO: current LH = -4056.757540761643	
INFO: current LH = -4084.440335803542	
INFO: current LH = -4070.754993512047	
INFO: current LH = -4070.957415056094	
INFO: current LH = -4070.88234824779	
INFO: current LH = -4070.83016044087	
INFO: current LH = -4070.97496078758	
INFO: Wall time: 9.94306s User: 0s System: 0.01s

INFO: current LH = -4070.737454089991	
INFO: current LH = -4071.048327970455	
INFO: current LH = -4070.664168131244	
INFO: current LH = -4070.939277175579	
INFO: current LH = -4070.773198804878	
INFO: current LH = -4071.3984532326	
INFO: current LH = -4070.314060930183	
INFO: current LH = -4071.124706621377	
INFO: current LH = -4070.587768290019	
INFO: current LH = -4070.590488206544	
INFO: current LH = -4071.122012566836	
INFO: current LH = -4070.943208741906	
INFO: current LH = -4070.769241467099	
INFO: current LH = -4071.154835685395	
INFO: current LH = -4070.557671351437	
INFO: current LH = -4070.496165713963	
INFO: current LH = -4071.216345810981	
INFO: current LH = -4081.712343563851	
INFO: current LH = -4081.873663043189	
INFO: current LH = -4081.859383282311	
INFO: Wall time: 40.4956s User: 0.01s System: 0s

INFO: current LH = -4081.88641138305	
INFO: current LH = -4081.851487241508	
INFO: current LH = -4081.89785932572	
INFO: current LH = -4081.901838745875	
INFO: current LH = -4081.848086129093	
INFO: current LH = -4081.833610654514	
INFO: current LH = -4081.913697399401	
INFO: current LH = -4081.472400203006	
INFO: current LH = -4081.783874643467	
INFO: current LH = -4081.833610672573	
INFO: current LH = -4081.913697399401	
INFO: current LH = -4081.878601559052	
INFO: current LH = -4081.871412383327	
INFO: current LH = -4080.166595900744	
INFO: current LH = -4083.599150550691	
INFO: current LH = -4081.316487044291	
INFO: current LH = -4082.43278594827	
INFO: current LH = -4081.897365640453	
INFO: current LH = -4081.848101851171	
INFO: current LH = -4081.718953742439	
INFO: Wall time: 8.92072s User: 0s System: 0.01s

  no                                                           Name                    Value  type                 Error +-            Low          High
   0                                _J1P-1C-1Tophoton_eta(2225)Mag1      0.02464715361551273  free                      0.5
   1                               _J1P-1C-1Tophoton_eta(2225)_1Phi                        0 fixed
   2                               L1S1_eta(2225)Toomega1_omega2Mag                        1 fixed
   3                               L1S1_eta(2225)Toomega1_omega2Phi                        0 fixed
   4                                                  eta(2225)Mass        2.080744771182707  free                     0.03           2.08           2.38
   5                                                 eta(2225)Width      0.04037830948828581  free                     0.03           0.04            0.3
   6                           L1S0_omega1Topion1+_pion1-_pion10Mag                        1 fixed
   7                           L1S0_omega1Topion1+_pion1-_pion10Phi                        0 fixed
   8                           L1S0_omega2Topion2+_pion2-_pion20Mag                        1 fixed
   9                           L1S0_omega2Topion2+_pion2-_pion20Phi                        0 fixed
  10                                 _J1P-1C-1Tophoton_f2(1910)Mag1    0.0001535135862195479  free                      0.5
  11                                _J1P-1C-1Tophoton_f2(1910)_1Phi        3.041491775033282  free                      0.2
  12                                 _J1P-1C-1Tophoton_f2(1910)Mag2      -0.2163993158773775  free                      0.5
  13                                _J1P-1C-1Tophoton_f2(1910)_2Phi       0.7543734016412414  free                      0.2
  14                                 _J1P-1C-1Tophoton_f2(1910)Mag3      -0.9026258334971115  free                      0.5
  15                                _J1P-1C-1Tophoton_f2(1910)_3Phi      -0.5125833888934821  free                      0.2
  16                                L2S0_f2(1910)Toomega1_omega2Mag       0.1851964364243218  free                     0.25
  17                                L2S0_f2(1910)Toomega1_omega2Phi     -0.03940614996395167  free                      0.2
  18                                L0S2_f2(1910)Toomega1_omega2Mag                      0.5 fixed
  19                                L0S2_f2(1910)Toomega1_omega2Phi                        0 fixed
  20                                L2S2_f2(1910)Toomega1_omega2Mag         1.77457274465733  free                     0.25
  21                                L2S2_f2(1910)Toomega1_omega2Phi       -0.251652924210054  free                      0.2
  22                                L4S2_f2(1910)Toomega1_omega2Mag        0.851148706505219  free                     0.25
  23                                L4S2_f2(1910)Toomega1_omega2Phi      0.01732375918907818  free                      0.2
  24                                                   f2(1910)Mass        2.088440218086235  free                     0.03          1.791          2.091
  25                                                  f2(1910)Width       0.3119247742525706  free                    0.034           0.08           0.34
  26  channelType2photonpion1+pion1-pion10pion2+pion2-pion20Scaling                        1 fixed
INFO: current LH = -4082.026590586934	
INFO: current LH = -4081.865512827964	
INFO: current LH = -4081.879955067504	
INFO: current LH = -4082.050060900569	
INFO: current LH = -4081.695506328995	
INFO: current LH = -4081.931274232428	
INFO: current LH = -4081.8145156865	
INFO: current LH = -4082.498265445092	
INFO: current LH = -4081.247300211143	
INFO: current LH = -4082.110948041902	
INFO: current LH = -4081.634631168515	
INFO: current LH = -4081.688274565397	
INFO: current LH = -4082.057306207479	
INFO: current LH = -4082.004139578531	
INFO: current LH = -4081.74177387058	
INFO: current LH = -4082.1100841026	
INFO: current LH = -4081.635326611324	
INFO: current LH = -4081.428415429506	
INFO: current LH = -4082.316875535477	
INFO: current LH = -4084.95428020642	
INFO: Wall time: 38.7064s User: 0.01s System: 0.01s

INFO: current LH = -4084.461582841333	
INFO: current LH = -4087.200706338901	
INFO: current LH = -4087.913809338926	
INFO: current LH = -4087.927075865836	
INFO: current LH = -4087.899237973497	
INFO: current LH = -4087.895588530987	
INFO: current LH = -4087.933643949694	
INFO: current LH = -4087.934414273435	
INFO: current LH = -4087.894855324052	
INFO: Client timing information: 
INFO: Client id 1 channel id 0  response time +0 s
INFO: Client id 0 channel id 0  response time +0.059022 s
INFO: current LH = -4088.359304047273	
INFO: current LH = -4087.467155489171	
INFO: current LH = -4088.28773585448	
INFO: current LH = -4087.674706545964	
INFO: current LH = -4087.95179954854	
INFO: current LH = -4087.877773814284	
INFO: current LH = -4087.336291121426	
INFO: current LH = -4088.493523986227	
INFO: current LH = -4087.953534967175	
INFO: current LH = -4087.872217127483	
INFO: current LH = -4087.710108712794	
INFO: Wall time: 14.5932s User: 0s System: 0s

INFO: current LH = -4088.115594518981	
INFO: current LH = -4087.883206610627	
INFO: current LH = -4087.942554122651	
INFO: current LH = -4088.066914214534	
INFO: current LH = -4087.75884239399	
INFO: current LH = -4087.959109193219	
INFO: current LH = -4087.866880745019	
INFO: current LH = -4088.557951879037	
INFO: current LH = -4087.26776357809	
INFO: current LH = -4088.125923320801	
INFO: current LH = -4087.699903370113	
INFO: current LH = -4087.749251514123	
INFO: current LH = -4088.076469588007	
INFO: current LH = -4088.119949687386	
INFO: current LH = -4087.705844622488	
INFO: current LH = -4088.033410342757	
INFO: current LH = -4087.792397294565	
INFO: current LH = -4087.441088464238	
INFO: current LH = -4088.384470651749	
INFO: current LH = -4105.824032559906	
INFO: Wall time: 37.3468s User: 0.01s System: 0.01s

INFO: current LH = -4122.515673541154	
INFO: current LH = -4122.918010437113	
INFO: current LH = -4122.826403786003	
INFO: current LH = -4123.006039691916	
INFO: current LH = -4122.850446079325	
INFO: current LH = -4122.983613157755	
INFO: current LH = -4122.90206994824	
INFO: current LH = -4122.935511952419	
INFO: current LH = -4122.930207995919	
INFO: current LH = -4122.906883714416	
INFO: current LH = -4123.22100661577	
INFO: current LH = -4122.612380883822	
INFO: current LH = -4122.928717320695	
INFO: current LH = -4122.908532352767	
INFO: current LH = -4122.534674306728	
INFO: current LH = -4123.298864468075	
INFO: current LH = -4122.701598187911	
INFO: current LH = -4123.132060915275	
INFO: current LH = -4123.090820089325	
INFO: current LH = -4122.742790592531	
INFO: Wall time: 11.5849s User: 0s System: 0.01s

INFO: current LH = -4123.146560965438	
INFO: current LH = -4122.687063964194	
INFO: current LH = -4123.10109970777	
INFO: current LH = -4122.732525802651	
INFO: current LH = -4122.983084928492	
INFO: current LH = -4122.85027656267	
INFO: current LH = -4123.315127162538	
INFO: current LH = -4122.518479748494	
INFO: current LH = -4123.110882972841	
INFO: current LH = -4122.722738617816	
INFO: current LH = -4122.564040564032	
INFO: current LH = -4123.269419030801	
INFO: current LH = -4123.09944284945	
INFO: current LH = -4122.732120722106	
INFO: current LH = -4123.039017387838	
INFO: current LH = -4122.795035885322	
INFO: current LH = -4122.982413589594	
INFO: current LH = -4122.852131811825	
INFO: current LH = -4122.660409601679	
INFO: current LH = -4123.173884104828	
INFO: Wall time: 38.4777s User: 0s System: 0s

INFO: current LH = -4156.268171441207	
INFO: current LH = -4221.007121420926	
INFO: current LH = -4221.025963760162	
INFO: current LH = -4220.702495736405	
INFO: current LH = -4221.343775790975	
INFO: current LH = -4220.833674632624	
INFO: current LH = -4221.216241565568	
INFO: current LH = -4220.986529517147	
INFO: current LH = -4221.070647887768	
INFO: current LH = -4221.000945968191	
INFO: current LH = -4221.052995789706	
INFO: current LH = -4221.10746900485	
INFO: current LH = -4220.954584443456	
INFO: current LH = -4221.061048833151	
INFO: current LH = -4220.992894162952	
INFO: current LH = -4221.400917858957	
INFO: current LH = -4220.650443503253	
INFO: current LH = -4221.732469270582	
INFO: current LH = -4220.317422346593	
INFO: current LH = -4221.106753033505	
INFO: Wall time: 12.8421s User: 0.01s System: 0.01s

INFO: current LH = -4220.948629257392	
INFO: current LH = -4221.087325499251	
INFO: current LH = -4220.9666188985	
INFO: current LH = -4220.562973556134	
INFO: current LH = -4221.491601323025	
INFO: current LH = -4221.037845491669	
INFO: current LH = -4221.01239320979	
INFO: current LH = -4220.989983395996	
INFO: current LH = -4221.059860918383	
INFO: current LH = -4221.027224875692	
INFO: current LH = -4221.022976340319	
INFO: current LH = -4221.217530657416	
INFO: current LH = -4220.832679358397	
INFO: current LH = -4221.000481808756	
INFO: current LH = -4221.050365306228	
INFO: current LH = -4221.378007663675	
INFO: current LH = -4220.672229014723	
INFO: current LH = -4220.94477825321	
INFO: current LH = -4221.104985601596	
INFO: current LH = -4220.786714896261	
INFO: Wall time: 23.9962s User: 0s System: 0s

INFO: current LH = -4221.26350611881	
INFO: current LH = -4221.269695456613	
INFO: current LH = -4220.779783807912	
INFO: current LH = -4220.927236935201	
INFO: current LH = -4221.122970491043	
INFO: current LH = -4220.90180701306	
INFO: current LH = -4221.149195447552	
INFO: current LH = -4220.842489070189	
INFO: current LH = -4221.207425014155	
INFO: current LH = -4232.883073314638	
INFO: current LH = -4237.648491520206	
INFO: current LH = -4237.754362343965	
INFO: current LH = -4237.556128425144	
INFO: current LH = -4237.950743337689	
INFO: current LH = -4237.7356246277	
INFO: current LH = -4237.774639323053	
INFO: current LH = -4237.774436993532	
INFO: current LH = -4237.735434427778	
INFO: current LH = -4238.186255856884	
INFO: current LH = -4237.317751643572	
INFO: Wall time: 30.2833s User: 0s System: 0.01s

INFO: current LH = -4238.037599552339	
INFO: current LH = -4237.469102681845	
INFO: current LH = -4237.759613515293	
INFO: current LH = -4237.749706040084	
INFO: current LH = -4237.764502567327	
INFO: current LH = -4237.746248662556	
INFO: current LH = -4237.387447235266	
INFO: current LH = -4238.120048362749	
INFO: current LH = -4237.569678175863	
INFO: current LH = -4237.936241694318	
INFO: current LH = -4237.953642849656	
INFO: current LH = -4237.552793179035	
INFO: current LH = -4237.956534725099	
INFO: current LH = -4237.549413681806	
INFO: current LH = -4237.994016000155	
INFO: current LH = -4237.512451202081	
INFO: current LH = -4237.697051877269	
INFO: current LH = -4237.809502685838	
INFO: current LH = -4237.95960472748	
INFO: current LH = -4237.546834030686	
INFO: Wall time: 19.7617s User: 0.01s System: 0.01s

INFO: current LH = -4237.574336157489	
INFO: current LH = -4237.931784314242	
INFO: current LH = -4237.38038512796	
INFO: current LH = -4238.126085096633	
INFO: current LH = -4237.962079167547	
INFO: current LH = -4237.543935905685	
INFO: current LH = -4237.642474500933	
INFO: current LH = -4237.864573129272	
INFO: current LH = -4237.637366650933	
INFO: current LH = -4237.869827234294	
INFO: current LH = -4246.707182810085	
INFO: current LH = -4266.458026390645	
INFO: current LH = -4269.011333120523	
INFO: current LH = -4271.828980551862	
INFO: current LH = -4273.00242261001	
INFO: current LH = -4272.924707723775	
INFO: current LH = -4273.078776844559	
INFO: current LH = -4272.983857153446	
INFO: current LH = -4273.022729207167	
INFO: current LH = -4273.03473234402	
INFO: Wall time: 34.6011s User: 0s System: 0.01s

INFO: current LH = -4272.972515835141	
INFO: current LH = -4272.548713693579	
INFO: current LH = -4273.457725972152	
INFO: current LH = -4273.349949221534	
INFO: current LH = -4272.668972714857	
INFO: current LH = -4273.13302193701	
INFO: current LH = -4272.873854473563	
INFO: current LH = -4272.418518474366	
INFO: current LH = -4273.578843525227	
INFO: current LH = -4272.698634238606	
INFO: current LH = -4273.304167552405	
INFO: current LH = -4272.933560296361	
INFO: current LH = -4273.067952020036	
INFO: current LH = -4272.954571542205	
INFO: current LH = -4273.048437725523	
INFO: current LH = -4273.062034081806	
INFO: current LH = -4272.939421659627	
INFO: current LH = -4273.181969861527	
INFO: current LH = -4272.821215463402	
INFO: current LH = -4272.972219800434	
INFO: Wall time: 15.2632s User: 0.01s System: 0s

INFO: current LH = -4273.031784176365	
INFO: current LH = -4272.955046714344	
INFO: current LH = -4273.047751825347	
INFO: current LH = -4273.274133814615	
INFO: current LH = -4272.729033083583	
INFO: current LH = -4272.822827377112	
INFO: current LH = -4273.180031047568	
INFO: current LH = -4272.786967278537	
INFO: current LH = -4273.216289598904	
INFO: Client timing information: 
INFO: Client id 0 channel id 0  response time +0 s
INFO: Client id 1 channel id 0  response time +0.105716 s
INFO: current LH = -4273.147382807289	
INFO: current LH = -4272.85558105222	
INFO: current LH = -4272.796089475932	
INFO: current LH = -4273.205977871771	
INFO: current LH = -4272.714414344074	
INFO: current LH = -4273.287239040629	
INFO: current LH = -4286.942054587971	
INFO: current LH = -4312.389625642317	
INFO: current LH = -4314.408462021603	
INFO: current LH = -4314.701733765883	
INFO: current LH = -4314.545898983786	
INFO: Wall time: 41.7685s User: 0s System: 0.01s

INFO: current LH = -4314.855209821913	
INFO: current LH = -4314.68551744348	
INFO: current LH = -4314.719666722998	
INFO: current LH = -4314.724596922833	
INFO: current LH = -4314.680439053652	
INFO: current LH = -4314.519981072659	
INFO: current LH = -4314.887908930243	
INFO: current LH = -4314.577275596563	
INFO: current LH = -4314.828246821713	
INFO: current LH = -4315.079889740286	
INFO: current LH = -4314.325487758635	
INFO: current LH = -4314.521800016337	
INFO: current LH = -4314.877820823031	
INFO: current LH = -4314.57050839963	
INFO: current LH = -4314.830899046418	
INFO: current LH = -4314.504380841282	
INFO: current LH = -4314.895768523603	
INFO: current LH = -4314.809273176338	
INFO: current LH = -4314.592042193995	
INFO: current LH = -4314.855874717665	
INFO: Wall time: 9.36461s User: 0s System: 0.01s

INFO: current LH = -4314.544031494284	
INFO: current LH = -4314.81922235616	
INFO: current LH = -4314.582185313859	
INFO: current LH = -4314.803088861802	
INFO: current LH = -4314.598428882025	
INFO: current LH = -4314.712152873588	
INFO: current LH = -4314.690556027488	
INFO: current LH = -4314.718488864692	
INFO: current LH = -4314.682920012986	
INFO: current LH = -4314.779122974122	
INFO: current LH = -4314.622165284133	
INFO: current LH = -4314.603431408541	
INFO: current LH = -4314.798313069015	
INFO: current LH = -4314.465420026536	
INFO: current LH = -4314.935935638107	
INFO: current LH = -4314.687014081907	
INFO: current LH = -4314.71462807441	
INFO: current LH = -4314.857203556423	
INFO: current LH = -4314.544457002965	
INFO: current LH = -4314.572055340479	
INFO: Wall time: 37.692s User: 0.01s System: 0.01s

INFO: current LH = -4314.829976309815	
INFO: current LH = -4331.10396875009	
INFO: current LH = -4332.991482404436	
INFO: current LH = -4340.247843589251	
INFO: current LH = -4340.06285135409	
INFO: current LH = -4340.430590945639	
INFO: current LH = -4340.230127594221	
INFO: current LH = -4340.26771100335	
INFO: current LH = -4340.271664641333	
INFO: current LH = -4340.225926972436	
INFO: current LH = -4340.300300230094	
INFO: current LH = -4340.197091315417	
INFO: current LH = -4340.945617588895	
INFO: current LH = -4339.545210605698	
INFO: current LH = -4340.703837820259	
INFO: current LH = -4339.789782121346	
INFO: current LH = -4340.361425009983	
INFO: current LH = -4340.130225109891	
INFO: current LH = -4340.329582370081	
INFO: current LH = -4340.164037283365	
INFO: Wall time: 17.1257s User: 0s System: 0s

INFO: current LH = -4339.947596300365	
INFO: current LH = -4340.545266651818	
INFO: current LH = -4340.350757665262	
INFO: current LH = -4340.142871222985	
INFO: current LH = -4340.470877658336	
INFO: current LH = -4340.02175462787	
INFO: current LH = -4340.236621605466	
INFO: current LH = -4340.257569456937	
INFO: current LH = -4340.248770707245	
INFO: current LH = -4340.246863196808	
INFO: current LH = -4340.252501649416	
INFO: current LH = -4340.240617802353	
INFO: current LH = -4340.208410344752	
INFO: current LH = -4340.285415568033	
INFO: current LH = -4340.011126871556	
INFO: current LH = -4340.482454265501	
INFO: current LH = -4340.091717256781	
INFO: current LH = -4340.402502663153	
INFO: current LH = -4340.110521792178	
INFO: current LH = -4340.383319041566	
INFO: Wall time: 32.455s User: 0s System: 0.01s

INFO: current LH = -4340.46037199633	
INFO: current LH = -4340.032921900867	
INFO: current LH = -4340.158176787831	
INFO: current LH = -4340.335978078416	
INFO: current LH = -4348.052144760776	
INFO: current LH = -4348.064059523002	
INFO: current LH = -4347.877165159277	
INFO: current LH = -4348.248752601646	
INFO: current LH = -4348.045972623588	
INFO: current LH = -4348.084352561695	
INFO: current LH = -4348.096503317878	
INFO: current LH = -4348.03433289507	
INFO: current LH = -4348.175855996124	
INFO: current LH = -4347.9542201919	
INFO: current LH = -4348.704760016558	
INFO: current LH = -4347.420744114435	
INFO: current LH = -4348.125096729206	
INFO: current LH = -4348.000812986069	
INFO: current LH = -4347.879943934743	
INFO: current LH = -4348.246122675891	
INFO: Wall time: 19.2049s User: 0s System: 0.01s

INFO: current LH = -4348.034331306545	
INFO: current LH = -4348.091862750826	
INFO: current LH = -4348.158723588575	
INFO: current LH = -4347.967302059487	
INFO: current LH = -4348.133473793322	
INFO: current LH = -4347.993181806293	
INFO: current LH = -4348.093382296398	
INFO: current LH = -4348.040596011191	
INFO: current LH = -4348.080800733089	
INFO: current LH = -4348.049392023115	
INFO: current LH = -4348.09085528125	
INFO: current LH = -4348.03545218432	
INFO: current LH = -4347.847192065729	
INFO: current LH = -4348.279208047397	
INFO: current LH = -4347.979546039507	
INFO: current LH = -4348.147060943144	
INFO: current LH = -4347.878263321958	
INFO: current LH = -4348.248122188291	
INFO: current LH = -4348.274582653851	
INFO: current LH = -4347.851242532274	
INFO: Wall time: 34.8951s User: 0.01s System: 0s

INFO: current LH = -4347.968871546351	
INFO: current LH = -4348.156724954159	
INFO: current LH = -4354.02309724132	
INFO: current LH = -4356.633867860664	
INFO: current LH = -4356.510308931618	
INFO: current LH = -4356.755639535872	
INFO: current LH = -4356.619106048409	
INFO: current LH = -4356.65038856766	
INFO: current LH = -4356.664018115845	
INFO: current LH = -4356.605929405947	
INFO: current LH = -4356.741691305031	
INFO: current LH = -4356.528912816511	
INFO: current LH = -4357.256277930031	
INFO: current LH = -4356.010371176888	
INFO: current LH = -4356.623752777597	
INFO: current LH = -4356.642063523892	
INFO: current LH = -4356.510343662142	
INFO: current LH = -4356.755487727936	
INFO: current LH = -4356.520610626901	
INFO: current LH = -4356.745136264029	
INFO: Wall time: 15.8825s User: 0s System: 0.01s

INFO: current LH = -4356.664775653033	
INFO: current LH = -4356.601091853368	
INFO: current LH = -4356.661216143767	
INFO: current LH = -4356.604140803695	
INFO: current LH = -4356.662057532917	
INFO: current LH = -4356.605661672202	
INFO: current LH = -4356.909898579678	
INFO: current LH = -4356.354145027468	
INFO: current LH = -4356.757684267304	
INFO: current LH = -4356.508014579398	
INFO: current LH = -4356.476255253032	
INFO: current LH = -4356.789383800887	
INFO: current LH = -4356.547878813306	
INFO: current LH = -4356.71733697948	
INFO: current LH = -4356.477126255628	
INFO: current LH = -4356.788383255532	
INFO: current LH = -4356.725025145205	
INFO: current LH = -4356.540795958435	
INFO: current LH = -4356.4858482961	
INFO: current LH = -4356.779353359056	
INFO: Wall time: 40.5313s User: 0.01s System: 0s

INFO: current LH = -4361.153342988103	
INFO: current LH = -4365.454807956888	
INFO: current LH = -4365.686607594816	
INFO: current LH = -4365.564486420584	
INFO: current LH = -4365.806934098278	
INFO: current LH = -4365.675955499586	
INFO: current LH = -4365.698676717198	
INFO: current LH = -4365.705274093303	
INFO: current LH = -4365.66926320767	
INFO: current LH = -4365.824697656693	
INFO: current LH = -4365.549696400372	
INFO: current LH = -4366.592512980443	
INFO: current LH = -4364.77517851718	
INFO: current LH = -4366.243446969256	
INFO: current LH = -4365.127690666715	
INFO: current LH = -4365.8496671877	
INFO: current LH = -4365.520897762272	
INFO: current LH = -4365.413466459951	
INFO: current LH = -4365.957397789385	
INFO: current LH = -4365.637637012972	
INFO: Wall time: 14.3315s User: 0s System: 0.01s

INFO: current LH = -4365.733468559423	
INFO: current LH = -4365.843199050957	
INFO: current LH = -4365.527577491313	
INFO: current LH = -4365.782302605246	
INFO: current LH = -4365.589035766325	
INFO: current LH = -4366.693175245415	
INFO: current LH = -4364.778746413324	
INFO: current LH = -4365.827895463867	
INFO: current LH = -4365.547423508568	
INFO: Client timing information: 
INFO: Client id 0 channel id 0  response time +0 s
INFO: Client id 1 channel id 0  response time +0.450783 s
INFO: current LH = -4365.708358257542	
INFO: current LH = -4365.662641029114	
INFO: current LH = -4365.602951047122	
INFO: current LH = -4365.767845672915	
INFO: current LH = -4365.606489581844	
INFO: current LH = -4365.764715084757	
INFO: current LH = -4365.444860643855	
INFO: current LH = -4365.925671664323	
INFO: current LH = -4365.77300772342	
INFO: current LH = -4365.598053808873	
INFO: current LH = -4365.544064284296	
INFO: Wall time: 38.6847s User: 0.01s System: 0.01s

INFO: current LH = -4365.827201948407	
INFO: current LH = -4369.31402288873	
INFO: current LH = -4378.734948412022	
INFO: current LH = -4380.334935044468	
INFO: current LH = -4380.138384710399	
INFO: current LH = -4380.528867110393	
INFO: current LH = -4380.323295783493	
INFO: current LH = -4380.348609781868	
INFO: current LH = -4380.361861195396	
INFO: current LH = -4380.31040883181	
INFO: current LH = -4380.538368718418	
INFO: current LH = -4380.133104892126	
INFO: current LH = -4380.912022939015	
INFO: current LH = -4379.755401290993	
INFO: current LH = -4380.389032901396	
INFO: current LH = -4380.279057641286	
INFO: current LH = -4380.167053915904	
INFO: current LH = -4380.500660938141	
INFO: current LH = -4380.303744259365	
INFO: current LH = -4380.364084196774	
INFO: Wall time: 16.3984s User: 0.01s System: 0.01s

INFO: current LH = -4380.39968591426	
INFO: current LH = -4380.268014529438	
INFO: current LH = -4380.403602490982	
INFO: current LH = -4380.263846970153	
INFO: current LH = -4380.635295270049	
INFO: current LH = -4380.033184282135	
INFO: current LH = -4380.373939744646	
INFO: current LH = -4380.293799493224	
INFO: current LH = -4380.451132954457	
INFO: current LH = -4380.216042916576	
INFO: current LH = -4380.212205690274	
INFO: current LH = -4380.455197120688	
INFO: current LH = -4380.050397384632	
INFO: current LH = -4380.616827153684	
INFO: current LH = -4380.481574151022	
INFO: current LH = -4380.186212299059	
INFO: current LH = -4380.229672253778	
INFO: current LH = -4380.438233725559	
INFO: current LH = -4388.013503372764	
INFO: current LH = -4388.67547082291	
INFO: Wall time: 40.8572s User: 0s System: 0.01s

INFO: current LH = -4388.426495547165	
INFO: current LH = -4388.921959743342	
INFO: current LH = -4388.667139944958	
INFO: current LH = -4388.685626854213	
INFO: current LH = -4388.699305223748	
INFO: current LH = -4388.653672298446	
INFO: current LH = -4388.93974489642	
INFO: current LH = -4388.412250164674	
INFO: current LH = -4389.204957490098	
INFO: current LH = -4388.142973562384	
INFO: current LH = -4388.740278100098	
INFO: current LH = -4388.608481067716	
INFO: current LH = -4388.507873683277	
INFO: current LH = -4388.840885706645	
INFO: current LH = -4388.683136460298	
INFO: current LH = -4388.665654930412	
INFO: current LH = -4388.743494660769	
INFO: current LH = -4388.605209409685	
INFO: current LH = -4388.824198380593	
INFO: current LH = -4388.524755402041	
INFO: Wall time: 12.1984s User: 0s System: 0.01s

INFO: current LH = -4389.350689729778	
INFO: current LH = -4388.000455354269	
INFO: current LH = -4390.834117555224	
INFO: current LH = -4386.519256653231	
INFO: current LH = -4388.64146242113	
INFO: current LH = -4388.707353626075	
INFO: current LH = -4388.775399321014	
INFO: current LH = -4388.573422317487	
INFO: current LH = -4388.570751087424	
INFO: current LH = -4388.778322091433	
INFO: current LH = -4388.367885064302	
INFO: current LH = -4388.98065958059	
INFO: current LH = -4388.706103397335	
INFO: current LH = -4388.643043995989	
INFO: current LH = -4388.635036688156	
INFO: current LH = -4388.714125834903	
INFO: current LH = -4391.497986107835	
INFO: current LH = -4398.981489012378	
INFO: current LH = -4400.782495811174	
INFO: current LH = -4400.598904470627	
INFO: Wall time: 42.1811s User: 0s System: 0s

INFO: current LH = -4400.964278231751	
INFO: current LH = -4400.774109182718	
INFO: current LH = -4400.792681354895	
INFO: current LH = -4400.798913535717	
INFO: current LH = -4400.767485655309	
INFO: current LH = -4401.121632073376	
INFO: current LH = -4400.443782771759	
INFO: current LH = -4401.537989620171	
INFO: current LH = -4400.029096972616	
INFO: current LH = -4401.149909681679	
INFO: current LH = -4400.412374725179	
INFO: current LH = -4400.898383629115	
INFO: current LH = -4400.664456303119	
INFO: current LH = -4400.535953625294	
INFO: current LH = -4401.026812794726	
INFO: current LH = -4400.903251190369	
INFO: current LH = -4400.659535482235	
INFO: current LH = -4400.933563149541	
INFO: current LH = -4400.629171723154	
INFO: current LH = -4400.913074846166	
INFO: Wall time: 10.689s User: 0.01s System: 0.01s

INFO: current LH = -4400.649733271461	
INFO: current LH = -4402.550386117339	
INFO: current LH = -4398.97236264946	
INFO: current LH = -4401.181165241334	
INFO: current LH = -4400.381718478664	
INFO: current LH = -4400.664651898906	
INFO: current LH = -4400.898080242598	
INFO: current LH = -4400.840018804639	
INFO: current LH = -4400.722985936207	
INFO: current LH = -4400.63606801937	
INFO: current LH = -4400.926701786701	
INFO: current LH = -4400.547350473406	
INFO: current LH = -4401.015673706467	
INFO: current LH = -4400.682490203571	
INFO: current LH = -4400.880490687455	
INFO: current LH = -4400.706093267433	
INFO: current LH = -4400.857137832337	
INFO: current LH = -4416.263988011782	
INFO: current LH = -4444.471593467578	
INFO: current LH = -4444.232121594098	
INFO: Wall time: 43.5674s User: 0s System: 0.01s

INFO: current LH = -4444.70882524773	
INFO: current LH = -4444.457419190654	
INFO: current LH = -4444.488427209539	
INFO: current LH = -4444.478496579264	
INFO: current LH = -4444.465471931378	
INFO: current LH = -4444.483390319928	
INFO: current LH = -4444.461910366098	
INFO: current LH = -4444.108325437288	
INFO: current LH = -4444.762117278837	
INFO: current LH = -4444.414792741639	
INFO: current LH = -4444.526271110809	
INFO: current LH = -4444.64599254092	
INFO: current LH = -4444.290936059534	
INFO: current LH = -4444.57384796697	
INFO: current LH = -4444.367217023244	
INFO: current LH = -4444.58150833965	
INFO: current LH = -4444.359663326823	
INFO: current LH = -4444.353945686577	
INFO: current LH = -4444.586723134606	
INFO: current LH = -4444.681749952115	
INFO: Wall time: 8.95538s User: 0s System: 0s

INFO: current LH = -4444.259486330518	
INFO: current LH = -4444.544516474606	
INFO: current LH = -4444.395771013898	
INFO: current LH = -4444.662602942099	
INFO: current LH = -4444.278743105105	
INFO: current LH = -4445.078021344409	
INFO: current LH = -4443.858100191698	
INFO: current LH = -4444.80460762416	
INFO: current LH = -4444.13646211181	
INFO: current LH = -4444.270282204104	
INFO: current LH = -4444.670596991587	
INFO: current LH = -4444.545691501149	
INFO: current LH = -4444.395815885746	
INFO: current LH = -4444.388579605852	
INFO: current LH = -4444.553044337158	
INFO: current LH = -4444.308302942287	
INFO: current LH = -4444.633093454483	
INFO: current LH = -4444.339499867667	
INFO: current LH = -4444.601227506562	
INFO: current LH = -4444.431263325827	
INFO: Wall time: 38.093s User: 0.01s System: 0.01s

INFO: current LH = -4444.510442598707	
INFO: current LH = -4463.142310861865	
INFO: current LH = -4463.48890057904	
INFO: current LH = -4463.581229088256	
INFO: current LH = -4463.435718022766	
INFO: current LH = -4463.725014627041	
INFO: current LH = -4463.561315919618	
INFO: current LH = -4463.604105772595	
INFO: current LH = -4463.616401643087	
INFO: current LH = -4463.551781546576	
INFO: current LH = -4463.601985694394	
INFO: current LH = -4463.562599540801	
INFO: current LH = -4463.662292252718	
INFO: current LH = -4463.498557684738	
INFO: current LH = -4463.823715915179	
INFO: current LH = -4463.337021268567	
INFO: current LH = -4463.546871389505	
INFO: current LH = -4463.613930357623	
INFO: current LH = -4463.636928848512	
INFO: current LH = -4463.523667127516	
INFO: Wall time: 16.8518s User: 0s System: 0.01s

INFO: current LH = -4463.60243524962	
INFO: current LH = -4463.558154459264	
INFO: current LH = -4463.463997729837	
INFO: current LH = -4463.696624658827	
INFO: current LH = -4463.706030008639	
INFO: current LH = -4463.454826815939	
INFO: current LH = -4463.708287762915	
INFO: current LH = -4463.456206178586	
INFO: current LH = -4463.611595752675	
INFO: Client timing information: 
INFO: Client id 0 channel id 0  response time +0 s
INFO: Client id 1 channel id 0  response time +0.208967 s
INFO: current LH = -4463.549115422477	
INFO: current LH = -4463.588891086112	
INFO: current LH = -4463.572737426787	
INFO: current LH = -4463.593107531314	
INFO: current LH = -4463.567228516516	
INFO: current LH = -4463.570431865441	
INFO: current LH = -4463.590199148723	
INFO: current LH = -4463.51432728891	
INFO: current LH = -4463.647661813973	
INFO: current LH = -4463.438139348262	
INFO: current LH = -4463.722204809534	
INFO: Wall time: 36.6372s User: 0.01s System: 0s

INFO: current LH = -4463.536959207037	
INFO: current LH = -4463.623084268664	
INFO: current LH = -4463.431405068658	
INFO: current LH = -4463.726910412621	
INFO: current LH = -4463.474254566901	
INFO: current LH = -4463.68607524558	
INFO: current LH = -4469.297918859093	
INFO: current LH = -4469.661274527723	
INFO: current LH = -4469.538463731859	
INFO: current LH = -4469.782354539962	
INFO: current LH = -4469.646667778238	
INFO: current LH = -4469.677647136115	
INFO: current LH = -4469.675465160303	
INFO: current LH = -4469.648533269073	
INFO: current LH = -4469.640653202883	
INFO: current LH = -4469.678993795207	
INFO: current LH = -4469.901714682348	
INFO: current LH = -4469.418313418842	
INFO: current LH = -4469.71671009577	
INFO: current LH = -4469.603272451515	
INFO: Wall time: 23.6538s User: 0s System: 0.01s

INFO: current LH = -4469.689760331775	
INFO: current LH = -4469.630600872409	
INFO: current LH = -4469.646386529275	
INFO: current LH = -4469.674127876703	
INFO: current LH = -4469.567095161077	
INFO: current LH = -4469.753197677472	
INFO: current LH = -4469.809392358225	
INFO: current LH = -4469.511313842815	
INFO: current LH = -4469.834242105038	
INFO: current LH = -4469.490883368217	
INFO: current LH = -4469.710575622083	
INFO: current LH = -4469.609823173749	
INFO: current LH = -4469.680932019845	
INFO: current LH = -4469.639620043095	
INFO: current LH = -4469.676070164635	
INFO: current LH = -4469.644753125687	
INFO: current LH = -4469.497718153931	
INFO: current LH = -4469.82389966518	
INFO: current LH = -4469.413456585737	
INFO: current LH = -4469.906951611538	
INFO: Wall time: 32.5876s User: 0s System: 0.01s

INFO: current LH = -4469.641882189129	
INFO: current LH = -4469.678184086533	
INFO: current LH = -4469.509223295115	
INFO: current LH = -4469.810982956562	
INFO: current LH = -4471.458036044	
INFO: current LH = -4471.889848672185	
INFO: current LH = -4472.133305789604	
INFO: current LH = -4472.011769883993	
INFO: current LH = -4472.252826243357	
INFO: current LH = -4472.117998663678	
INFO: current LH = -4472.150675232325	
INFO: current LH = -4472.150421159693	
INFO: current LH = -4472.118273186561	
INFO: current LH = -4472.109790238579	
INFO: current LH = -4472.154620827735	
INFO: current LH = -4472.329020379696	
INFO: current LH = -4471.935385347507	
INFO: current LH = -4472.181793761036	
INFO: current LH = -4472.082712486	
INFO: current LH = -4472.14776892119	
INFO: Wall time: 20.9954s User: 0.01s System: 0.02s

INFO: current LH = -4472.116713154846	
INFO: current LH = -4472.142971122154	
INFO: current LH = -4472.121462788456	
INFO: current LH = -4472.060637497017	
INFO: current LH = -4472.203833288069	
INFO: current LH = -4472.280722947154	
INFO: current LH = -4471.983447078559	
INFO: current LH = -4472.261751610872	
INFO: current LH = -4472.003979393104	
INFO: current LH = -4472.33276088961	
INFO: current LH = -4471.931728463874	
INFO: current LH = -4472.168445981002	
INFO: current LH = -4472.095973688726	
INFO: current LH = -4472.061524063176	
INFO: current LH = -4472.20043836394	
INFO: current LH = -4472.085200963977	
INFO: current LH = -4472.179274109058	
INFO: current LH = -4472.11359320112	
INFO: current LH = -4472.150684968974	
INFO: current LH = -4471.939750683562	
INFO: Wall time: 35.2854s User: 0s System: 0s

INFO: current LH = -4472.31804527815	
INFO: current LH = -4472.039170678904	
INFO: current LH = -4472.225303207335	
INFO: current LH = -4472.064503860196	
INFO: current LH = -4472.20002107653	
INFO: current LH = -4471.987690863668	
INFO: current LH = -4472.276840662822	
INFO: current LH = -4473.048184122303	
INFO: current LH = -4473.116535156709	
INFO: current LH = -4472.989127897235	
INFO: current LH = -4473.241746935615	
INFO: current LH = -4473.100318992733	
INFO: current LH = -4473.134974358899	
INFO: current LH = -4473.135053601215	
INFO: current LH = -4473.100279583004	
INFO: current LH = -4473.089681800997	
INFO: current LH = -4473.141219257807	
INFO: current LH = -4473.301578498198	
INFO: current LH = -4472.929321210147	
INFO: current LH = -4473.148200813365	
INFO: Wall time: 23.8402s User: 0.01s System: 0.01s

INFO: current LH = -4473.082803887093	
INFO: current LH = -4473.144230575383	
INFO: current LH = -4473.086714511423	
INFO: current LH = -4473.136141812869	
INFO: current LH = -4473.094782682154	
INFO: current LH = -4473.036019907864	
INFO: current LH = -4473.194915559386	
INFO: current LH = -4473.253508075604	
INFO: current LH = -4472.977274704604	
INFO: current LH = -4473.246680126626	
INFO: current LH = -4472.980269066521	
INFO: current LH = -4473.194140378809	
INFO: current LH = -4473.036797328505	
INFO: current LH = -4473.146800422336	
INFO: current LH = -4473.084124390175	
INFO: current LH = -4473.02657571714	
INFO: current LH = -4473.203663263658	
INFO: current LH = -4473.089299618296	
INFO: current LH = -4473.141520397476	
INFO: current LH = -4473.058383331808	
INFO: Wall time: 30.5513s User: 0s System: 0s

INFO: current LH = -4473.171419117155	
INFO: current LH = -4473.091493095661	
INFO: current LH = -4473.139504509149	
INFO: current LH = -4472.97980700459	
INFO: current LH = -4473.251214390232	
INFO: current LH = -4473.82499979058	
INFO: current LH = -4475.402192968049	
INFO: current LH = -4475.520391335767	
INFO: current LH = -4475.530016715244	
INFO: current LH = -4475.389546719161	
INFO: current LH = -4475.668204913763	
INFO: current LH = -4475.51258888945	
INFO: current LH = -4475.549794235803	
INFO: current LH = -4475.551103301246	
INFO: current LH = -4475.511463985038	
INFO: current LH = -4475.544590160759	
INFO: current LH = -4475.513448721791	
INFO: current LH = -4475.746199018427	
INFO: current LH = -4475.31180195012	
INFO: current LH = -4475.526360204066	
INFO: Wall time: 24.1668s User: 0s System: 0.01s

INFO: current LH = -4475.531634433671	
INFO: current LH = -4475.593617394291	
INFO: current LH = -4475.464339410883	
INFO: current LH = -4475.510750850851	
INFO: current LH = -4475.547186119393	
INFO: current LH = -4475.410626248674	
INFO: current LH = -4475.647343393126	
INFO: current LH = -4475.651931310053	
INFO: current LH = -4475.406297304866	
INFO: current LH = -4475.659375039382	
INFO: current LH = -4475.400989987603	
INFO: current LH = -4475.858596299081	
INFO: current LH = -4475.20359977591	
INFO: current LH = -4475.595542738321	
INFO: current LH = -4475.462446649716	
INFO: current LH = -4475.517790125685	
INFO: current LH = -4475.541036355771	
INFO: current LH = -4475.53975389179	
INFO: current LH = -4475.518437145163	
INFO: current LH = -4475.444957286002	
INFO: Wall time: 31.301s User: 0.01s System: 0.01s

INFO: current LH = -4475.614259685022	
INFO: current LH = -4475.392097004667	
INFO: current LH = -4475.665810107572	
INFO: current LH = -4475.545202672823	
INFO: current LH = -4475.512661459148	
INFO: current LH = -4475.398205727477	
INFO: current LH = -4475.659590602141	
INFO: current LH = -4476.205150551679	
INFO: current LH = -4478.782845732663	
INFO: current LH = -4484.360641351157	
INFO: current LH = -4493.492268763527	
INFO: current LH = -4493.944299640651	
INFO: current LH = -4493.802514900863	
INFO: current LH = -4494.083966885785	
INFO: current LH = -4493.932179538306	
INFO: current LH = -4493.958018795796	
INFO: current LH = -4493.961840948858	
INFO: current LH = -4493.928738549514	
INFO: current LH = -4493.94448309247	
INFO: current LH = -4493.941358930125	
INFO: Wall time: 29.8348s User: 0s System: 0.01s

INFO: current LH = -4494.102886099427	
INFO: current LH = -4493.783414532772	
INFO: current LH = -4493.900366720969	
INFO: current LH = -4493.985918986055	
INFO: current LH = -4494.031963287154	
INFO: current LH = -4493.854736857967	
INFO: current LH = -4493.795551245917	
INFO: current LH = -4494.090901679059	
INFO: current LH = -4493.82626771374	
INFO: Client timing information: 
INFO: Client id 0 channel id 0  response time +0 s
INFO: Client id 1 channel id 0  response time +0.040445 s
INFO: current LH = -4494.060386112276	
INFO: current LH = -4494.058429464413	
INFO: current LH = -4493.828043245874	
INFO: current LH = -4494.295215695158	
INFO: current LH = -4493.593281369517	
INFO: current LH = -4495.538374845648	
INFO: current LH = -4492.34938104635	
INFO: current LH = -4494.072330886349	
INFO: current LH = -4493.814188030283	
INFO: current LH = -4493.993400219317	
INFO: current LH = -4493.892365893924	
INFO: Wall time: 25.7798s User: 0.01s System: 0s

INFO: current LH = -4494.082711590554	
INFO: current LH = -4493.804580054212	
INFO: current LH = -4493.821926673038	
INFO: current LH = -4494.063561866866	
INFO: current LH = -4493.873812177921	
INFO: current LH = -4494.012308057623	
INFO: current LH = -4493.873717978166	
INFO: current LH = -4494.012380026679	
INFO: current LH = -4505.237791930773	
INFO: current LH = -4508.687189076927	
INFO: current LH = -4508.590033654206	
INFO: current LH = -4508.782722759213	
INFO: current LH = -4508.679077113194	
INFO: current LH = -4508.696504062083	
INFO: current LH = -4508.694986736643	
INFO: current LH = -4508.680297519104	
INFO: current LH = -4508.699585512927	
INFO: current LH = -4508.676945267997	
INFO: current LH = -4508.63325468103	
INFO: current LH = -4508.738756269609	
INFO: Wall time: 25.1526s User: 0s System: 0.01s

INFO: current LH = -4508.700528850003	
INFO: current LH = -4508.671656624118	
INFO: current LH = -4508.683627174457	
INFO: current LH = -4508.68854021135	
INFO: current LH = -4508.659548550891	
INFO: current LH = -4508.712599295165	
INFO: current LH = -4508.701771199627	
INFO: current LH = -4508.670128858465	
INFO: current LH = -4508.708264579272	
INFO: current LH = -4508.663902722612	
INFO: current LH = -4508.85208768962	
INFO: current LH = -4508.518946044957	
INFO: current LH = -4509.560893124259	
INFO: current LH = -4507.97315110649	
INFO: current LH = -4508.780397194419	
INFO: current LH = -4508.596140850766	
INFO: current LH = -4508.651955815541	
INFO: current LH = -4508.719912328558	
INFO: current LH = -4508.62672969188	
INFO: current LH = -4508.744342245372	
INFO: Wall time: 26.4938s User: 0s System: 0.01s

INFO: current LH = -4508.847321872432	
INFO: current LH = -4508.523820330964	
INFO: current LH = -4508.73593256568	
INFO: current LH = -4508.634213679179	
INFO: current LH = -4508.722362240337	
INFO: current LH = -4508.649862128253	
INFO: current LH = -4508.69492311019	
INFO: current LH = -4508.677592615709	
INFO: current LH = -4508.601870737895	
INFO: current LH = -4508.770744906024	
INFO: current LH = -4509.652659043203	
INFO: current LH = -4509.746498947788	
INFO: current LH = -4509.640416884262	
INFO: current LH = -4509.850530018774	
INFO: current LH = -4509.735905138222	
INFO: current LH = -4509.759214570709	
INFO: current LH = -4509.758741129434	
INFO: current LH = -4509.736381093145	
INFO: current LH = -4509.737340220804	
INFO: current LH = -4509.753638637429	
INFO: Wall time: 29.9582s User: 0s System: 0s

INFO: current LH = -4509.781721345232	
INFO: current LH = -4509.70920601908	
INFO: current LH = -4509.723122665038	
INFO: current LH = -4509.767793500419	
INFO: current LH = -4509.723723940908	
INFO: current LH = -4509.767143397039	
INFO: current LH = -4509.754930264315	
INFO: current LH = -4509.735895494238	
INFO: current LH = -4509.755712545087	
INFO: current LH = -4509.735174083645	
INFO: current LH = -4509.848650299696	
INFO: current LH = -4509.642400822539	
INFO: current LH = -4509.866618543738	
INFO: current LH = -4509.627979228399	
INFO: current LH = -4509.730555423571	
INFO: current LH = -4509.76034526452	
INFO: current LH = -4509.741042756294	
INFO: current LH = -4509.750055027964	
INFO: current LH = -4509.874029563512	
INFO: current LH = -4509.617024381769	
INFO: Wall time: 25.7676s User: 0.01s System: 0.01s

INFO: current LH = -4509.745381304788	
INFO: current LH = -4509.745811372953	
INFO: current LH = -4509.751836654226	
INFO: current LH = -4509.73904244449	
INFO: current LH = -4509.644784013994	
INFO: current LH = -4509.845968792945	
INFO: current LH = -4509.973639853311	
INFO: current LH = -4510.040703312759	
INFO: current LH = -4509.937073189992	
INFO: current LH = -4510.142268767962	
INFO: current LH = -4510.030620233693	
INFO: current LH = -4510.052789702743	
INFO: current LH = -4510.051562654461	
INFO: current LH = -4510.031744190655	
INFO: current LH = -4510.019081144592	
INFO: current LH = -4510.060110699074	
INFO: current LH = -4510.062356508379	
INFO: current LH = -4510.016887458836	
INFO: current LH = -4510.006779773355	
INFO: current LH = -4510.072523898043	
INFO: Wall time: 23.9297s User: 0.01s System: 0s

INFO: current LH = -4510.028566960072	
INFO: current LH = -4510.050717096648	
INFO: current LH = -4510.044869428105	
INFO: current LH = -4510.03439511369	
INFO: current LH = -4510.046328204059	
INFO: current LH = -4510.032948991642	
INFO: current LH = -4510.142778186666	
INFO: current LH = -4509.936457546694	
INFO: current LH = -4510.179076886249	
INFO: current LH = -4509.904473729888	
INFO: current LH = -4510.027422876498	
INFO: current LH = -4510.051825132716	
INFO: current LH = -4510.047197841785	
INFO: current LH = -4510.032093316247	
INFO: current LH = -4510.181981551405	
INFO: current LH = -4509.897318228918	
INFO: current LH = -4510.040003910651	
INFO: current LH = -4510.03924701382	
INFO: current LH = -4510.033039335077	
INFO: current LH = -4510.046195577311	
INFO: Wall time: 33.4834s User: 0s System: 0.01s

INFO: current LH = -4509.938861761324	
INFO: current LH = -4510.140363533914	
INFO: current LH = -4510.258598469301	
INFO: current LH = -4510.5346746624	
INFO: current LH = -4510.446568064974	
INFO: current LH = -4510.620881625224	
INFO: current LH = -4510.524744219975	
INFO: current LH = -4510.546610701072	
INFO: current LH = -4510.545288476254	
INFO: current LH = -4510.5260061013	
INFO: current LH = -4510.529955126402	
INFO: current LH = -4510.53729787809	
INFO: current LH = -4510.5701015329	
INFO: current LH = -4510.497147446818	
INFO: current LH = -4510.485240517301	
INFO: current LH = -4510.58202496135	
INFO: current LH = -4510.537227017851	
INFO: current LH = -4510.53001718671	
INFO: current LH = -4510.515376123554	
INFO: current LH = -4510.551859689956	
INFO: Wall time: 16.0095s User: 0s System: 0.01s

INFO: current LH = -4510.522730607036	
INFO: current LH = -4510.54451731168	
INFO: current LH = -4510.62340260833	
INFO: current LH = -4510.443906284948	
INFO: current LH = -4510.632473906512	
INFO: current LH = -4510.438406348788	
INFO: current LH = -4510.549221298359	
INFO: current LH = -4510.518041890783	
INFO: current LH = -4510.521718182378	
INFO: current LH = -4510.545389374003	
INFO: current LH = -4510.675829677113	
INFO: current LH = -4510.391379861917	
INFO: current LH = -4510.551888603497	
INFO: current LH = -4510.515164479322	
INFO: current LH = -4510.531038918009	
INFO: current LH = -4510.536122089535	
INFO: current LH = -4510.413197832998	
INFO: current LH = -4510.653876847068	
INFO: current LH = -4511.194878883809	
INFO: current LH = -4512.792408723125	
INFO: Wall time: 39.6366s User: 0.01s System: 0.01s

  no                                                           Name                    Value  type                 Error +-            Low          High
   0                                _J1P-1C-1Tophoton_eta(2225)Mag1      0.01210851282998437  free                      0.5
   1                               _J1P-1C-1Tophoton_eta(2225)_1Phi                        0 fixed
   2                               L1S1_eta(2225)Toomega1_omega2Mag                        1 fixed
   3                               L1S1_eta(2225)Toomega1_omega2Phi                        0 fixed
   4                                                  eta(2225)Mass         2.08075103489689  free                     0.03           2.08           2.38
   5                                                 eta(2225)Width        0.040376410708483  free                     0.03           0.04            0.3
   6                           L1S0_omega1Topion1+_pion1-_pion10Mag                        1 fixed
   7                           L1S0_omega1Topion1+_pion1-_pion10Phi                        0 fixed
   8                           L1S0_omega2Topion2+_pion2-_pion20Mag                        1 fixed
   9                           L1S0_omega2Topion2+_pion2-_pion20Phi                        0 fixed
  10                                 _J1P-1C-1Tophoton_f2(1910)Mag1       0.1896043341177649  free                      0.5
  11                                _J1P-1C-1Tophoton_f2(1910)_1Phi        3.758231352807761  free                      0.2
  12                                 _J1P-1C-1Tophoton_f2(1910)Mag2       -0.511944394237235  free                      0.5
  13                                _J1P-1C-1Tophoton_f2(1910)_2Phi       0.2942721481712515  free                      0.2
  14                                 _J1P-1C-1Tophoton_f2(1910)Mag3      -0.7053971620797822  free                      0.5
  15                                _J1P-1C-1Tophoton_f2(1910)_3Phi      -0.5571178281751294  free                      0.2
  16                                L2S0_f2(1910)Toomega1_omega2Mag     -0.01898829158477115  free                     0.25
  17                                L2S0_f2(1910)Toomega1_omega2Phi      0.08608458437991827  free                      0.2
  18                                L0S2_f2(1910)Toomega1_omega2Mag                      0.5 fixed
  19                                L0S2_f2(1910)Toomega1_omega2Phi                        0 fixed
  20                                L2S2_f2(1910)Toomega1_omega2Mag        3.179483578423775  free                     0.25
  21                                L2S2_f2(1910)Toomega1_omega2Phi      -0.1903091853253545  free                      0.2
  22                                L4S2_f2(1910)Toomega1_omega2Mag       0.7010537849916461  free                     0.25
  23                                L4S2_f2(1910)Toomega1_omega2Phi      -0.4453036424748414  free                      0.2
  24                                                   f2(1910)Mass        2.090979934304375  free                     0.03          1.791          2.091
  25                                                  f2(1910)Width       0.3380847414046721  free                    0.034           0.08           0.34
  26  channelType2photonpion1+pion1-pion10pion2+pion2-pion20Scaling                        1 fixed
INFO: current LH = -4512.970928960513	
INFO: current LH = -4512.887754714997	
INFO: current LH = -4513.052025845437	
INFO: current LH = -4512.961916175153	
INFO: current LH = -4512.981749723504	
INFO: current LH = -4512.9783021855	
INFO: current LH = -4512.964965344816	
INFO: current LH = -4512.918982251692	
INFO: current LH = -4513.020639570905	
INFO: current LH = -4512.966492289486	
INFO: current LH = -4512.973102924576	
INFO: current LH = -4512.945184742485	
INFO: current LH = -4512.994485742706	
INFO: current LH = -4512.962070751516	
INFO: current LH = -4512.977530886328	
INFO: current LH = -4512.996214465107	
INFO: current LH = -4512.943481968821	
INFO: current LH = -4512.981743447092	
INFO: current LH = -4512.957850092213	
INFO: current LH = -4513.016466555119	
INFO: Wall time: 14.1368s User: 0s System: 0.01s

INFO: current LH = -4512.923525941729	
INFO: current LH = -4513.042128314807	
INFO: current LH = -4512.900048176351	
INFO: current LH = -4513.156290631645	
INFO: current LH = -4512.78770395394	
INFO: current LH = -4512.964729631374	
INFO: current LH = -4512.974984862967	
INFO: current LH = -4512.979729045153	
INFO: current LH = -4512.960094505556	
INFO: Client timing information: 
INFO: Client id 0 channel id 0  response time +0 s
INFO: Client id 1 channel id 0  response time +0.417082 s
INFO: current LH = -4513.048902161806	
INFO: current LH = -4512.890497277755	
INFO: current LH = -4512.97330918807	
INFO: current LH = -4512.966418502155	
INFO: current LH = -4513.001871156031	
INFO: current LH = -4512.937853809711	
INFO: current LH = -4512.848789947448	
INFO: current LH = -4513.091043297774	
INFO: current LH = -4515.765481987445	
INFO: current LH = -4520.460327503058	
INFO: current LH = -4520.340091082954	
INFO: Wall time: 50.3794s User: 0s System: 0.01s

INFO: current LH = -4520.577958704847	
INFO: current LH = -4520.44986109979	
INFO: current LH = -4520.473296819687	
INFO: current LH = -4520.47505348345	
INFO: current LH = -4520.44906866987	
INFO: current LH = -4520.430831616954	
INFO: current LH = -4520.487644679207	
INFO: current LH = -4520.454546375334	
INFO: current LH = -4520.464170270995	
INFO: current LH = -4520.434674631835	
INFO: current LH = -4520.483514552717	
INFO: current LH = -4520.44390569563	
INFO: current LH = -4520.474585223546	
INFO: current LH = -4520.469093342134	
INFO: current LH = -4520.449355150139	
INFO: current LH = -4520.479374847299	
INFO: current LH = -4520.439186235165	
INFO: current LH = -4520.428998808565	
INFO: current LH = -4520.489733614329	
INFO: current LH = -4520.543253124109	
INFO: Wall time: 13.7546s User: 0.01s System: 0.01s

INFO: current LH = -4520.376443425261	
INFO: current LH = -4520.583953316539	
INFO: current LH = -4520.334562859919	
INFO: current LH = -4520.467177496188	
INFO: current LH = -4520.451483471051	
INFO: current LH = -4520.447964298282	
INFO: current LH = -4520.470504638763	
INFO: current LH = -4520.462621209653	
INFO: current LH = -4520.45548457506	
INFO: current LH = -4520.48475009773	
INFO: current LH = -4520.433472842993	
INFO: current LH = -4520.449428329881	
INFO: current LH = -4520.469141194695	
INFO: current LH = -4520.438951552181	
INFO: current LH = -4520.479732288439	
INFO: current LH = -4520.856835240712	
INFO: current LH = -4520.748064199494	
INFO: current LH = -4520.963454209786	
INFO: current LH = -4520.848076020447	
INFO: current LH = -4520.867520009804	
INFO: Wall time: 35.3088s User: 0s System: 0.01s

INFO: current LH = -4520.866655785284	
INFO: current LH = -4520.848887680089	
INFO: current LH = -4520.810829188412	
INFO: current LH = -4520.900633233468	
INFO: current LH = -4520.843562014986	
INFO: current LH = -4520.867947275842	
INFO: current LH = -4520.868129731753	
INFO: current LH = -4520.843224969727	
INFO: current LH = -4520.813554992767	
INFO: current LH = -4520.897927125364	
INFO: current LH = -4520.864581539397	
INFO: current LH = -4520.8469265692	
INFO: current LH = -4520.90016105616	
INFO: current LH = -4520.811324475917	
INFO: current LH = -4520.822960376717	
INFO: current LH = -4520.888596072656	
INFO: current LH = -4521.0180678845	
INFO: current LH = -4520.692500116308	
INFO: current LH = -4520.85513141264	
INFO: current LH = -4520.856364062074	
INFO: Wall time: 19.3251s User: 0s System: 0.01s

INFO: current LH = -4520.856491755904	
INFO: current LH = -4520.855110881887	
INFO: current LH = -4520.857812724229	
INFO: current LH = -4520.853706166153	
INFO: current LH = -4520.869526282449	
INFO: current LH = -4520.842075614226	
INFO: current LH = -4520.853218030305	
INFO: current LH = -4520.858256634134	
INFO: current LH = -4520.834633773326	
INFO: current LH = -4520.87690564169	
INFO: current LH = -4520.926371585617	
INFO: current LH = -4521.024247510264	
INFO: current LH = -4520.924053778489	
INFO: current LH = -4521.122378152882	
INFO: current LH = -4521.015738028477	
INFO: current LH = -4521.034712107886	
INFO: current LH = -4521.033430499579	
INFO: current LH = -4521.016918839498	
INFO: current LH = -4520.978815868819	
INFO: current LH = -4521.067541547603	
INFO: Wall time: 29.0692s User: 0.01s System: 0s

INFO: current LH = -4521.00636468195	
INFO: current LH = -4521.03998929375	
INFO: current LH = -4521.037216101719	
INFO: current LH = -4521.009123411184	
INFO: current LH = -4520.974806913786	
INFO: current LH = -4521.071521774246	
INFO: current LH = -4521.045556645231	
INFO: current LH = -4521.000772426066	
INFO: current LH = -4521.073719344383	
INFO: current LH = -4520.972614353643	
INFO: current LH = -4520.979236797487	
INFO: current LH = -4521.066981330984	
INFO: current LH = -4521.160516415827	
INFO: current LH = -4520.881704720374	
INFO: current LH = -4521.011032762531	
INFO: current LH = -4521.035292660019	
INFO: current LH = -4521.010191821894	
INFO: current LH = -4521.036012588829	
INFO: current LH = -4521.009664523615	
INFO: current LH = -4521.036584233272	
INFO: Wall time: 25.3801s User: 0.01s System: 0s

INFO: current LH = -4521.055473566325	
INFO: current LH = -4520.990623860387	
INFO: current LH = -4521.021870782932	
INFO: current LH = -4521.024510724798	
INFO: current LH = -4520.997311955985	
INFO: current LH = -4521.049085782705	
INFO: current LH = -4521.087732722257	
INFO: current LH = -4521.322560604401	
INFO: current LH = -4521.777114636512	
INFO: current LH = -4522.131495163334	
INFO: current LH = -4522.034460577115	
INFO: current LH = -4522.226483450328	
INFO: current LH = -4522.12236698482	
INFO: current LH = -4522.142829735779	
INFO: current LH = -4522.142175604411	
INFO: current LH = -4522.123127128588	
INFO: current LH = -4522.123187934338	
INFO: current LH = -4522.13775144586	
INFO: current LH = -4522.153555273101	
INFO: current LH = -4522.107325900772	
INFO: Wall time: 26.2884s User: 0s System: 0.01s

INFO: current LH = -4522.12219401513	
INFO: current LH = -4522.13860733943	
INFO: current LH = -4522.11965582144	
INFO: current LH = -4522.141156786769	
INFO: current LH = -4522.123187204467	
INFO: current LH = -4522.137698134969	
INFO: current LH = -4522.136250109728	
INFO: current LH = -4522.124585811999	
INFO: current LH = -4522.096853213173	
INFO: current LH = -4522.164248449106	
INFO: current LH = -4522.279986557227	
INFO: current LH = -4521.978732936921	
INFO: current LH = -4522.237542910253	
INFO: current LH = -4522.023286278695	
INFO: current LH = -4522.147340961064	
INFO: current LH = -4522.113573936404	
INFO: current LH = -4522.15274605769	
INFO: current LH = -4522.108512771749	
INFO: current LH = -4522.125229564715	
INFO: current LH = -4522.13567028896	
INFO: Wall time: 30.0194s User: 0.01s System: 0.01s

INFO: current LH = -4522.125647915326	
INFO: current LH = -4522.135616965639	
INFO: current LH = -4522.127861436355	
INFO: current LH = -4522.132948672498	
INFO: current LH = -4522.120910033414	
INFO: current LH = -4522.139779545346	
INFO: current LH = -4522.975078843364	
INFO: current LH = -4523.806855663236	
INFO: current LH = -4523.756279811771	
INFO: current LH = -4523.855799551695	
INFO: current LH = -4523.803073329955	
INFO: current LH = -4523.81146462115	
INFO: current LH = -4523.801131436138	
INFO: current LH = -4523.814739334674	
INFO: current LH = -4523.809748777462	
INFO: current LH = -4523.804565481324	
INFO: current LH = -4523.812853790995	
INFO: current LH = -4523.803009555503	
INFO: current LH = -4523.797646538784	
INFO: current LH = -4523.813870841101	
INFO: Wall time: 21.2869s User: 0s System: 0s

INFO: current LH = -4523.830416947775	
INFO: current LH = -4523.781157891636	
INFO: current LH = -4523.8160980946	
INFO: current LH = -4523.795247407609	
INFO: current LH = -4523.794104051908	
INFO: current LH = -4523.817371444841	
INFO: current LH = -4523.798518281665	
INFO: current LH = -4523.813028332003	
INFO: current LH = -4523.808788366498	
INFO: current LH = -4523.80271452846	
INFO: current LH = -4523.739980221443	
INFO: current LH = -4523.871366239984	
INFO: current LH = -4523.960518017261	
INFO: current LH = -4523.650660513103	
INFO: current LH = -4523.803408022171	
INFO: current LH = -4523.808112796248	
INFO: current LH = -4523.83490739668	
INFO: current LH = -4523.776519510947	
INFO: current LH = -4523.801515781136	
INFO: current LH = -4523.81006036841	
INFO: Wall time: 25.5274s User: 0s System: 0.01s

INFO: current LH = -4523.816808215588	
INFO: current LH = -4523.794355963718	
INFO: current LH = -4523.807788481127	
INFO: current LH = -4523.803760846104	
INFO: current LH = -4523.770463189793	
INFO: current LH = -4523.841084587018	
INFO: current LH = -4524.743349089744	
INFO: current LH = -4525.386841116968	
INFO: current LH = -4525.343747919727	
INFO: Client timing information: 
INFO: Client id 1 channel id 0  response time +0 s
INFO: Client id 0 channel id 0  response time +0.007033 s
INFO: current LH = -4525.427824358515	
INFO: current LH = -4525.381668660318	
INFO: current LH = -4525.393995159143	
INFO: current LH = -4525.39300548452	
INFO: current LH = -4525.382851475809	
INFO: current LH = -4525.388808991177	
INFO: current LH = -4525.382725569093	
INFO: current LH = -4525.421621331822	
INFO: current LH = -4525.349875038542	
INFO: current LH = -4525.389946248463	
INFO: current LH = -4525.381511388948	
INFO: Wall time: 23.691s User: 0.01s System: 0.01s

INFO: current LH = -4525.392995909629	
INFO: current LH = -4525.378474511185	
INFO: current LH = -4525.387354215501	
INFO: current LH = -4525.384167806566	
INFO: current LH = -4525.369102927083	
INFO: current LH = -4525.402377604556	
INFO: current LH = -4525.344754795211	
INFO: current LH = -4525.426785571154	
INFO: current LH = -4525.427761046641	
INFO: current LH = -4525.346509520205	
INFO: current LH = -4525.465595421706	
INFO: current LH = -4525.310223291455	
INFO: current LH = -4525.376923194494	
INFO: current LH = -4525.394623576047	
INFO: current LH = -4525.378453573197	
INFO: current LH = -4525.392874200316	
INFO: current LH = -4525.386909976689	
INFO: current LH = -4525.384734563729	
INFO: current LH = -4525.396405608841	
INFO: current LH = -4525.375217743642	
INFO: Wall time: 32.6404s User: 0s System: 0.01s

INFO: current LH = -4525.374522477263	
INFO: current LH = -4525.397010741405	
INFO: current LH = -4525.346114243423	
INFO: current LH = -4525.425432460916	
INFO: current LH = -4525.6211039736	
INFO: current LH = -4525.574050945826	
INFO: current LH = -4525.665962987553	
INFO: current LH = -4525.61553080694	
INFO: current LH = -4525.628963756591	
INFO: current LH = -4525.62798237555	
INFO: current LH = -4525.616655430331	
INFO: current LH = -4525.621485332365	
INFO: current LH = -4525.618517078496	
INFO: current LH = -4525.650648464256	
INFO: current LH = -4525.589430314199	
INFO: current LH = -4525.626799141873	
INFO: current LH = -4525.613201535391	
INFO: current LH = -4525.621984803366	
INFO: current LH = -4525.618073338282	
INFO: current LH = -4525.616819858895	
INFO: Wall time: 18.3041s User: 0s System: 0.01s

INFO: current LH = -4525.623209750373	
INFO: current LH = -4525.609767958476	
INFO: current LH = -4525.630299050509	
INFO: current LH = -4525.567167733277	
INFO: current LH = -4525.672803238138	
INFO: current LH = -4525.694314494192	
INFO: current LH = -4525.551688127935	
INFO: current LH = -4525.676012194865	
INFO: current LH = -4525.568351421668	
INFO: current LH = -4525.604648255608	
INFO: current LH = -4525.635372929303	
INFO: current LH = -4525.610790718903	
INFO: current LH = -4525.62918032478	
INFO: current LH = -4525.637707814573	
INFO: current LH = -4525.602436062855	
INFO: current LH = -4525.633452200281	
INFO: current LH = -4525.606545309063	
INFO: current LH = -4525.612268238589	
INFO: current LH = -4525.627771461065	
INFO: current LH = -4525.594540350524	
INFO: Wall time: 37.3677s User: 0.01s System: 0.01s

INFO: current LH = -4525.645491951949	
INFO: current LH = -4525.641234408162	
INFO: current LH = -4525.641893301045	
INFO: current LH = -4525.593290107532	
INFO: current LH = -4525.688283954219	
INFO: current LH = -4525.636171014698	
INFO: current LH = -4525.649872386286	
INFO: current LH = -4525.648638251122	
INFO: current LH = -4525.637409005912	
INFO: current LH = -4525.637503553679	
INFO: current LH = -4525.64411632589	
INFO: current LH = -4525.667755712693	
INFO: current LH = -4525.613865651967	
INFO: current LH = -4525.65076190072	
INFO: current LH = -4525.630863112262	
INFO: current LH = -4525.641832501411	
INFO: current LH = -4525.639793954092	
INFO: current LH = -4525.641881087308	
INFO: current LH = -4525.639752254818	
INFO: current LH = -4525.632697275591	
INFO: Wall time: 15.5365s User: 0s System: 0.01s

INFO: current LH = -4525.648927869604	
INFO: current LH = -4525.592047351308	
INFO: current LH = -4525.689609731381	
INFO: current LH = -4525.694261998891	
INFO: current LH = -4525.591445709198	
INFO: current LH = -4525.621944840776	
INFO: current LH = -4525.659688181164	
INFO: current LH = -4525.636002256591	
INFO: current LH = -4525.645671663115	
INFO: current LH = -4525.655349777599	
INFO: current LH = -4525.62627810741	
INFO: current LH = -4525.649741897205	
INFO: current LH = -4525.631942757179	
INFO: current LH = -4525.633179217657	
INFO: current LH = -4525.648451915804	
INFO: current LH = -4525.618622880899	
INFO: current LH = -4525.663025786374	
INFO: current LH = -4525.648136031671	
INFO: current LH = -4525.668133797638	
INFO: current LH = -4525.684434146752	
INFO: Wall time: 42.2631s User: 0.01s System: 0.01s

INFO: current LH = -4525.634219290538	
INFO: current LH = -4525.732486418555	
INFO: current LH = -4525.678393685123	
INFO: current LH = -4525.692805397474	
INFO: current LH = -4525.691509169404	
INFO: current LH = -4525.679691770883	
INFO: current LH = -4525.679472364846	
INFO: current LH = -4525.687233310291	
INFO: current LH = -4525.706138038498	
INFO: current LH = -4525.660564227675	
INFO: current LH = -4525.684879170415	
INFO: current LH = -4525.681868184513	
INFO: current LH = -4525.687762044655	
INFO: current LH = -4525.678950158073	
INFO: current LH = -4525.690184249623	
INFO: current LH = -4525.676515290716	
INFO: current LH = -4525.673988576154	
INFO: current LH = -4525.69272133987	
INFO: current LH = -4525.634887986311	
INFO: current LH = -4525.731807560361	
INFO: Wall time: 12.1805s User: 0s System: 0s

INFO: current LH = -4525.73637385832	
INFO: current LH = -4525.63455518173	
INFO: current LH = -4525.662576208575	
INFO: current LH = -4525.704126199622	
INFO: current LH = -4525.678012990683	
INFO: current LH = -4525.688687493082	
INFO: current LH = -4525.697138914241	
INFO: current LH = -4525.669564272158	
INFO: current LH = -4525.693111255901	
INFO: current LH = -4525.673598432692	
INFO: current LH = -4525.677344088705	
INFO: current LH = -4525.689384959891	
INFO: current LH = -4525.663031699447	
INFO: current LH = -4525.703691136907	
INFO: current LH = -4525.690486975958	
INFO: current LH = -4525.714483856576	
INFO: current LH = -4525.772976883638	
INFO: current LH = -4525.935652941426	
INFO: current LH = -4526.309687579179	
INFO: current LH = -4526.56163982306	
INFO: Wall time: 43.3471s User: 0s System: 0.01s

INFO: current LH = -4526.533639549444	
INFO: current LH = -4526.587635202276	
INFO: current LH = -4526.559578377967	
INFO: current LH = -4526.564451286602	
INFO: current LH = -4526.55854210303	
INFO: current LH = -4526.566907673143	
INFO: current LH = -4526.563766895278	
INFO: current LH = -4526.560189909614	
INFO: current LH = -4526.565929454198	
INFO: current LH = -4526.559503637404	
INFO: current LH = -4526.549922709802	
INFO: current LH = -4526.571162392464	
INFO: current LH = -4526.556528010867	
INFO: current LH = -4526.56467414731	
INFO: current LH = -4526.547009687962	
INFO: current LH = -4526.57418279669	
INFO: current LH = -4526.556248986141	
INFO: current LH = -4526.564905040354	
INFO: current LH = -4526.584707079214	
INFO: current LH = -4526.536371243642	
INFO: Wall time: 7.40856s User: 0.01s System: 0.01s

INFO: current LH = -4526.56629519712	
INFO: current LH = -4526.554872682585	
INFO: current LH = -4526.527647595521	
INFO: current LH = -4526.59357142711	
INFO: current LH = -4526.592165549678	
INFO: current LH = -4526.532092595879	
INFO: current LH = -4526.607252070351	
INFO: current LH = -4526.518185675022	
INFO: current LH = -4526.534859682301	
INFO: current LH = -4526.586268934469	
INFO: current LH = -4526.546679488676	
INFO: current LH = -4526.574473123515	
INFO: current LH = -4526.551811226958	
INFO: current LH = -4526.569247202408	
INFO: current LH = -4526.56589764869	
INFO: current LH = -4526.555332866254	
INFO: current LH = -4526.564884230429	
INFO: current LH = -4526.556294033282	
INFO: current LH = -4526.558612638604	
INFO: current LH = -4526.562565655042	
INFO: Wall time: 40.118s User: 0s System: 0.01s

INFO: current LH = -4526.912608404973	
INFO: current LH = -4526.904703718481	
INFO: current LH = -4526.932394855274	
INFO: current LH = -4526.890697034209	
INFO: current LH = -4526.911327739838	
INFO: current LH = -4526.914776333555	
INFO: current LH = -4526.91094569941	
INFO: current LH = -4526.91646530903	
INFO: current LH = -4526.914316255949	
INFO: Client timing information: 
INFO: Client id 1 channel id 0  response time +0 s
INFO: Client id 0 channel id 0  response time +0.038632 s
INFO: current LH = -4526.911759165355	
INFO: current LH = -4526.915742014918	
INFO: current LH = -4526.911635335722	
INFO: current LH = -4526.901637154559	
INFO: current LH = -4526.921391833454	
INFO: current LH = -4526.910485966643	
INFO: current LH = -4526.912585234294	
INFO: current LH = -4526.900433595037	
INFO: current LH = -4526.922568750175	
INFO: current LH = -4526.911731524333	
INFO: current LH = -4526.911321854312	
INFO: Wall time: 14.3519s User: 0.01s System: 0.01s

INFO: current LH = -4526.920388858274	
INFO: current LH = -4526.902676504335	
INFO: current LH = -4526.912025005427	
INFO: current LH = -4526.911036118674	
INFO: current LH = -4526.884450721979	
INFO: current LH = -4526.938724858058	
INFO: current LH = -4526.952504739033	
INFO: current LH = -4526.874159748236	
INFO: current LH = -4526.897597526667	
INFO: current LH = -4526.925500646189	
INFO: current LH = -4526.905861300593	
INFO: current LH = -4526.917326966119	
INFO: current LH = -4526.906117875395	
INFO: current LH = -4526.91698207371	
INFO: current LH = -4526.907833140078	
INFO: current LH = -4526.915373978747	
INFO: current LH = -4526.912337690563	
INFO: current LH = -4526.910676755445	
INFO: current LH = -4526.906930148882	
INFO: current LH = -4526.916070162818	
INFO: Wall time: 36.9002s User: 0s System: 0s

INFO: current LH = -4526.984228859076	
INFO: current LH = -4526.987669688046	
INFO: current LH = -4526.990519149313	
INFO: current LH = -4526.993579120895	
INFO: current LH = -4526.977918124553	
INFO: current LH = -4526.976789477488	
INFO: current LH = -4526.990482507086	
INFO: current LH = -4526.989454623524	
INFO: current LH = -4526.992354302974	
INFO: current LH = -4526.991342296883	
INFO: current LH = -4526.993558551992	
INFO: current LH = -4526.993631397931	
INFO: current LH = -4526.994357188496	
INFO: current LH = -4526.997429132318	
INFO: current LH = -4526.993715960789	
INFO: current LH = -4526.994787859415	
INFO: current LH = -4526.993621119601	
INFO: current LH = -4526.993568077552	
INFO: current LH = -4526.994531539083	
INFO: current LH = -4526.994036227727	
INFO: Wall time: 12.6719s User: 0.01s System: 0.01s

INFO: current LH = -4526.983472704994	
INFO: current LH = -4527.001527944862	
INFO: current LH = -4526.996612575185	
INFO: current LH = -4526.988378791114	
INFO: current LH = -4526.983618574979	
INFO: current LH = -4527.001370928333	
INFO: current LH = -4526.995265040865	
INFO: current LH = -4526.989740814559	
INFO: current LH = -4526.992606190218	
INFO: current LH = -4526.992409504765	
INFO: current LH = -4526.98881105247	
INFO: current LH = -4526.996191374765	
INFO: current LH = -4526.968614257156	
INFO: current LH = -4527.016428847465	
INFO: current LH = -4527.027396039623	
INFO: current LH = -4526.961144022108	
INFO: current LH = -4526.985779735484	
INFO: current LH = -4526.999222850737	
INFO: current LH = -4526.989418525785	
INFO: current LH = -4526.995625617704	
INFO: Wall time: 23.7741s User: 0s System: 0.01s

INFO: current LH = -4526.990868957659	
INFO: current LH = -4526.994140437743	
INFO: current LH = -4526.984008848909	
INFO: current LH = -4527.00106341565	
INFO: current LH = -4526.99054238058	
INFO: current LH = -4526.994429792697	
INFO: current LH = -4526.989486924398	
INFO: current LH = -4526.995484620462	
INFO: current LH = -4526.997735625921	
INFO: current LH = -4526.999503138027	
INFO: current LH = -4526.9959440036	
INFO: current LH = -4526.985879232962	
INFO: current LH = -4526.979707944358	
INFO: current LH = -4526.998726015544	
INFO: current LH = -4526.993124834933	
INFO: current LH = -4526.999849822962	
INFO: current LH = -4527.011519306697	
INFO: current LH = -4526.99764429755	
INFO: current LH = -4526.998717200534	
INFO: current LH = -4526.997881741869	
INFO: Wall time: 21.168s User: 0.01s System: 0s

INFO: current LH = -4527.00036796334	
INFO: current LH = -4527.002939193727	
INFO: current LH = -4527.000228839383	
INFO: current LH = -4526.999247223867	
INFO: current LH = -4526.998095026057	
INFO: current LH = -4526.987155079955	
INFO: current LH = -4527.006157880767	
INFO: current LH = -4527.001048961179	
INFO: current LH = -4526.992261362039	
INFO: current LH = -4526.988884475661	
INFO: current LH = -4527.004426676534	
INFO: current LH = -4526.99901355279	
INFO: current LH = -4526.994298829489	
INFO: current LH = -4526.996199637513	
INFO: current LH = -4526.997115026631	
INFO: current LH = -4526.993224224597	
INFO: current LH = -4527.000087484832	
INFO: current LH = -4526.974444637032	
INFO: current LH = -4527.018890950467	
INFO: current LH = -4527.028085158953	
INFO: Wall time: 14.0674s User: 0s System: 0.01s

INFO: current LH = -4526.968916203959	
INFO: current LH = -4526.990656862968	
INFO: current LH = -4527.002662258684	
INFO: current LH = -4526.99474302306	
INFO: current LH = -4526.998598429746	
INFO: current LH = -4526.995324242031	
INFO: current LH = -4526.997995937969	
INFO: current LH = -4526.98607793764	
INFO: current LH = -4527.007280216583	
INFO: current LH = -4526.994194662802	
INFO: current LH = -4526.999113883181	
INFO: current LH = -4526.992755031605	
INFO: current LH = -4527.000556642341	
INFO: current LH = -4527.00000497982	
INFO: current LH = -4527.001018751462	
INFO: current LH = -4527.001661537131	
INFO: current LH = -4526.9956489741	
INFO: current LH = -4526.999173077228	
INFO: current LH = -4527.000630291316	
INFO: current LH = -4526.998198064821	
INFO: Wall time: 43.8818s User: 0s System: 0.01s

INFO: current LH = -4526.998429901659	
INFO: current LH = -4526.999709076501	
INFO: current LH = -4526.999936306602	
INFO: current LH = -4527.001664900039	
INFO: current LH = -4527.001743072416	
INFO: current LH = -4527.001839423543	
INFO: current LH = -4527.002533905913	
INFO: current LH = -4527.001734632309	
INFO: current LH = -4527.001682249635	
INFO: current LH = -4527.0018785968	
INFO: current LH = -4527.001766475065	
INFO: current LH = -4526.990887484662	
INFO: current LH = -4527.010281037723	
INFO: current LH = -4527.005239146073	
INFO: current LH = -4526.995926602697	
INFO: current LH = -4526.993318322508	
INFO: current LH = -4527.007849562996	
INFO: current LH = -4527.00276769319	
INFO: current LH = -4526.99839995621	
INFO: current LH = -4526.999872483572	
INFO: Wall time: 7.27119s User: 0.01s System: 0.01s

INFO: current LH = -4527.001296466047	
INFO: current LH = -4526.997185152753	
INFO: current LH = -4527.003981844717	
INFO: current LH = -4526.979395370302	
INFO: current LH = -4527.021783679312	
INFO: current LH = -4527.028843236021	
INFO: current LH = -4526.97609579076	
INFO: current LH = -4526.994994159414	
INFO: current LH = -4527.006175240599	
INFO: current LH = -4526.999333911624	
INFO: current LH = -4527.001849122327	
INFO: current LH = -4526.999500629658	
INFO: current LH = -4527.001669733686	
INFO: current LH = -4526.988755735681	
INFO: current LH = -4527.012437854312	
INFO: current LH = -4526.997863929309	
INFO: current LH = -4527.003298177369	
INFO: current LH = -4526.996336375468	
INFO: current LH = -4527.004827568895	
INFO: current LH = -4527.004193265008	
INFO: Wall time: 39.3058s User: 0s System: 0.01s

INFO: current LH = -4527.00506827682	
INFO: current LH = -4527.006424559252	
INFO: current LH = -4527.006579657898	
INFO: current LH = -4527.008084608491	
INFO: current LH = -4527.005042299502	
INFO: current LH = -4527.001147266281	
INFO: current LH = -4526.993512229629	
INFO: current LH = -4527.009405057845	
INFO: current LH = -4527.002256563752	
INFO: current LH = -4527.012070000859	
INFO: current LH = -4527.033681674963	
INFO: current LH = -4527.006411578795	
INFO: current LH = -4527.007441544097	
INFO: current LH = -4527.006659073919	
INFO: current LH = -4527.009297741316	
INFO: current LH = -4527.013303468285	
INFO: current LH = -4527.009798580742	
INFO: current LH = -4527.008127035007	
INFO: current LH = -4527.006858837226	
INFO: current LH = -4526.995966962773	
INFO: Wall time: 11.3124s User: 0.01s System: 0.01s

INFO: current LH = -4527.015036413656	
INFO: current LH = -4527.010778946747	
INFO: current LH = -4527.000220201298	
INFO: current LH = -4526.998623569845	
INFO: current LH = -4527.012377740499	
INFO: current LH = -4527.007847245629	
INFO: current LH = -4527.003152480971	
INFO: current LH = -4527.004248272559	
INFO: current LH = -4527.00675418996	
INFO: Client timing information: 
INFO: Client id 1 channel id 0  response time +0 s
INFO: Client id 0 channel id 0  response time +0.039739 s
INFO: current LH = -4527.001780990202	
INFO: current LH = -4527.009218497647	
INFO: current LH = -4526.987428211361	
INFO: current LH = -4526.987795590941	
INFO: current LH = -4527.002207492267	
INFO: current LH = -4527.002545284729	
INFO: current LH = -4527.00438089557	
INFO: current LH = -4527.004714128296	
INFO: current LH = -4527.006794543337	
INFO: current LH = -4527.006386161743	
INFO: current LH = -4527.007032541824	
INFO: Wall time: 24.8701s User: 0s System: 0.01s

INFO: current LH = -4527.006785781072	
INFO: current LH = -4527.006091618478	
INFO: current LH = -4527.007204385201	
INFO: current LH = -4527.001118647651	
INFO: current LH = -4527.009892462114	
INFO: current LH = -4527.006235992971	
INFO: current LH = -4527.00481372276	
INFO: current LH = -4527.00516608293	
INFO: current LH = -4527.005848218312	
INFO: current LH = -4526.990585018709	
INFO: current LH = -4527.020494077663	
INFO: current LH = -4527.002490829067	
INFO: current LH = -4527.008505906562	
INFO: current LH = -4527.000583558537	
INFO: current LH = -4527.010414995863	
INFO: current LH = -4527.006848551238	
INFO: current LH = -4527.007118838174	
INFO: current LH = -4527.007128156596	
INFO: current LH = -4527.007199514973	
INFO: current LH = -4527.001944404104	
INFO: Wall time: 39.0876s User: 0s System: 0.01s

INFO: current LH = -4527.008959983933	
INFO: current LH = -4527.003782099234	
INFO: current LH = -4527.007108348348	
INFO: current LH = -4527.008584544083	
INFO: current LH = -4527.008430064106	
INFO: current LH = -4527.007408301474	
INFO: current LH = -4526.996594627787	
INFO: current LH = -4527.015495110456	
INFO: current LH = -4527.011233591062	
INFO: current LH = -4527.000857146817	
INFO: current LH = -4526.999037585745	
INFO: current LH = -4527.013052167695	
INFO: current LH = -4527.008325613702	
INFO: current LH = -4527.003764495032	
INFO: current LH = -4527.004924456711	
INFO: current LH = -4527.007164905832	
INFO: current LH = -4527.002405073723	
INFO: current LH = -4527.009685208178	
INFO: current LH = -4527.00543374888	
INFO: current LH = -4527.008810473968	
INFO: Wall time: 12.4334s User: 0.01s System: 0.01s

INFO: current LH = -4526.989415398952	
INFO: current LH = -4527.011338000317	
INFO: current LH = -4527.000246657276	
INFO: current LH = -4527.01374878887	
INFO: current LH = -4527.0544160994	
INFO: current LH = -4526.99330853118	
INFO: current LH = -4526.977730015374	
INFO: current LH = -4527.0440777005	
INFO: current LH = -4527.0377316448	
INFO: current LH = -4527.015511270329	
INFO: current LH = -4527.00132596196	
INFO: current LH = -4527.010767776941	
INFO: current LH = -4527.006313457597	
INFO: current LH = -4527.005769411286	
INFO: current LH = -4527.005405881145	
INFO: current LH = -4527.006686054201	
INFO: current LH = -4526.991729199352	
INFO: current LH = -4527.020342373211	
INFO: current LH = -4527.00318449605	
INFO: current LH = -4527.00891422043	
INFO: Wall time: 42.3102s User: 0s System: 0s

INFO: current LH = -4527.00134403591	
INFO: current LH = -4527.010753779264	
INFO: current LH = -4527.011389473973	
INFO: current LH = -4527.008523891127	
INFO: current LH = -4527.011977966433	
INFO: current LH = -4527.012269496789	
INFO: current LH = -4527.012364449331	
INFO: current LH = -4527.012167989199	
INFO: current LH = -4527.012464264803	
INFO: current LH = -4527.012162022019	
INFO: current LH = -4527.012533647995	
INFO: current LH = -4527.012158174062	
INFO: current LH = -4527.012551096977	
INFO: current LH = -4527.008648296923	
INFO: current LH = -4527.00881345375	
INFO: current LH = -4527.010491734862	
INFO: current LH = -4527.010654336506	
INFO: current LH = -4527.012552706864	
INFO: current LH = -4527.012624508621	
INFO: current LH = -4527.012675730633	
INFO: Wall time: 31.9443s User: 0.01s System: 0.02s

INFO: current LH = -4527.013175026059	
INFO: current LH = -4527.012604178334	
INFO: current LH = -4527.01256442747	
INFO: current LH = -4527.012703912546	
INFO: current LH = -4527.012623188519	
INFO: current LH = -4527.001724401524	
INFO: current LH = -4527.02122514525	
INFO: current LH = -4527.016208287981	
INFO: current LH = -4527.006743052812	
INFO: current LH = -4527.004368774143	
INFO: current LH = -4527.01858247473	
INFO: current LH = -4527.013744370632	
INFO: current LH = -4527.009207065025	
INFO: current LH = -4527.010706841475	
INFO: current LH = -4527.012243837745	
INFO: current LH = -4527.007980585945	
INFO: current LH = -4527.014970875862	
INFO: current LH = -4526.991590043867	
INFO: current LH = -4527.012189508237	
INFO: current LH = -4527.006120038086	
INFO: Wall time: 13.4797s User: 0s System: 0.01s

INFO: current LH = -4527.018755169565	
INFO: current LH = -4526.992001922309	
INFO: current LH = -4527.012560799077	
INFO: current LH = -4527.038179348886	
INFO: current LH = -4526.990948831039	
INFO: current LH = -4527.031579823893	
INFO: current LH = -4526.995717399082	
INFO: current LH = -4527.006278807997	
INFO: current LH = -4527.016654921261	
INFO: current LH = -4527.010713124304	
INFO: current LH = -4527.012204956188	
INFO: current LH = -4527.010878276581	
INFO: current LH = -4527.012056663215	
INFO: current LH = -4526.998277116671	
INFO: current LH = -4527.024637393573	
INFO: current LH = -4527.008618635895	
INFO: current LH = -4527.014325376279	
INFO: current LH = -4527.007217311803	
INFO: current LH = -4527.015727279921	
INFO: current LH = -4527.014289477739	
INFO: Wall time: 44.9674s User: 0.01s System: 0s

INFO: current LH = -4527.014113684306	
INFO: current LH = -4527.016232976919	
INFO: current LH = -4527.014640154945	
INFO: current LH = -4527.017808811712	
INFO: current LH = -4526.999380292719	
INFO: current LH = -4527.014208069866	
INFO: current LH = -4527.010761156359	
INFO: current LH = -4527.021476753517	
INFO: current LH = -4527.026707973806	
INFO: current LH = -4527.067974555886	
INFO: current LH = -4527.015910648728	
INFO: current LH = -4527.017224130139	
INFO: current LH = -4527.016036972542	
INFO: current LH = -4527.018889811122	
INFO: current LH = -4527.029124580287	
INFO: current LH = -4527.022410511565	
INFO: current LH = -4527.017944020543	
INFO: current LH = -4527.016302237987	
INFO: current LH = -4527.004852427121	
INFO: current LH = -4527.025444191144	
INFO: Wall time: 9.13187s User: 0s System: 0.01s

INFO: current LH = -4527.01889695893	
INFO: current LH = -4527.0114042979	
INFO: current LH = -4527.007781979763	
INFO: current LH = -4527.022517383776	
INFO: current LH = -4527.017308663849	
INFO: current LH = -4527.012991098771	
INFO: current LH = -4527.015244849124	
INFO: current LH = -4527.015053206271	
INFO: current LH = -4527.012136052502	
INFO: current LH = -4527.018164297574	
INFO: current LH = -4527.009297182155	
INFO: current LH = -4527.022941970388	
INFO: current LH = -4526.994105642792	
INFO: current LH = -4527.021306716618	
INFO: current LH = -4527.00860716674	
INFO: current LH = -4527.023585626154	
INFO: current LH = -4527.039284551593	
INFO: current LH = -4526.996054005018	
INFO: current LH = -4527.008792773844	
INFO: current LH = -4527.0215132188	
INFO: Wall time: 26.0039s User: 0s System: 0.01s

INFO: current LH = -4527.011856062019	
INFO: current LH = -4527.018407558228	
INFO: current LH = -4527.014607942881	
INFO: current LH = -4527.015698975477	
INFO: current LH = -4527.005184149017	
INFO: current LH = -4527.025064453264	
INFO: current LH = -4527.012443009672	
INFO: current LH = -4527.017866567092	
INFO: current LH = -4527.012223075088	
INFO: current LH = -4527.018087119826	
INFO: current LH = -4527.019393215075	
INFO: current LH = -4527.031778927741	
INFO: current LH = -4527.051995319307	
INFO: current LH = -4527.055339108246	
INFO: current LH = -4527.054778583955	
INFO: current LH = -4527.056760290017	
INFO: current LH = -4527.037051464096	
INFO: current LH = -4527.074278768515	
INFO: current LH = -4527.056021544114	
INFO: current LH = -4527.064089550426	
INFO: Wall time: 36.9977s User: 0.01s System: 0.01s

INFO: current LH = -4527.055754237883	
INFO: current LH = -4527.059690526876	
INFO: current LH = -4527.063065728736	
INFO: current LH = -4527.057286016844	
INFO: current LH = -4527.059322092548	
INFO: current LH = -4527.056288162656	
INFO: current LH = -4527.047884978821	
INFO: current LH = -4527.063489065824	
INFO: current LH = -4527.061718388819	
INFO: Client timing information: 
INFO: Client id 0 channel id 0  response time +0 s
INFO: Client id 1 channel id 0  response time +0.02865 s
INFO: current LH = -4527.049646581159	
INFO: current LH = -4527.049684729587	
INFO: current LH = -4527.061670576749	
INFO: current LH = -4527.057382245998	
INFO: current LH = -4527.053970076662	
INFO: current LH = -4527.055189165982	
INFO: current LH = -4527.056171714736	
INFO: current LH = -4527.052376264729	
INFO: current LH = -4527.058979187042	
INFO: current LH = -4527.078648283284	
INFO: current LH = -4527.032691813104	
INFO: Wall time: 11.8982s User: 0s System: 0.01s

INFO: current LH = -4527.096640956309	
INFO: current LH = -4527.021290839457	
INFO: current LH = -4527.084617411374	
INFO: current LH = -4527.031077439621	
INFO: current LH = -4527.049868624041	
INFO: current LH = -4527.061485590996	
INFO: current LH = -4527.052199139827	
INFO: current LH = -4527.059138108151	
INFO: current LH = -4527.058177930444	
INFO: current LH = -4527.053188327405	
INFO: current LH = -4527.048135146902	
INFO: current LH = -4527.06318836873	
INFO: current LH = -4527.053163730956	
INFO: current LH = -4527.058194837983	
INFO: current LH = -4527.055487800665	
INFO: current LH = -4527.055871734486	
INFO: current LH = -4527.079565813014	
INFO: current LH = -4527.096776842849	
INFO: current LH = -4527.075039407319	
INFO: current LH = -4527.11635414686	
INFO: Wall time: 39.5017s User: 0s System: 0.01s

INFO: current LH = -4527.095229918853	
INFO: current LH = -4527.101608766971	
INFO: current LH = -4527.100654752247	
INFO: current LH = -4527.096090466964	
INFO: current LH = -4527.087702542435	
INFO: current LH = -4527.103715270778	
INFO: current LH = -4527.102055041112	
INFO: current LH = -4527.089345355909	
INFO: current LH = -4527.090782794237	
INFO: current LH = -4527.100633850347	
INFO: current LH = -4527.097005160304	
INFO: current LH = -4527.094395502296	
INFO: current LH = -4527.095257805428	
INFO: current LH = -4527.096152053225	
INFO: current LH = -4527.09271215823	
INFO: current LH = -4527.098687486459	
INFO: current LH = -4527.111797312564	
INFO: current LH = -4527.079647113943	
INFO: current LH = -4527.123051565436	
INFO: current LH = -4527.071867380868	
INFO: Wall time: 15.3698s User: 0s System: 0s

INFO: current LH = -4527.094052471983	
INFO: current LH = -4527.097342212613	
INFO: current LH = -4527.097377656893	
INFO: current LH = -4527.094096149427	
INFO: current LH = -4527.09340197607	
INFO: current LH = -4527.097940641824	
INFO: current LH = -4527.085220241428	
INFO: current LH = -4527.106257722052	
INFO: current LH = -4527.093238880093	
INFO: current LH = -4527.098152379164	
INFO: current LH = -4527.096489245467	
INFO: current LH = -4527.094910683442	
INFO: current LH = -4527.12972616266	
INFO: current LH = -4527.192137374082	
INFO: current LH = -4527.16698229815	
INFO: current LH = -4527.215116431189	
INFO: current LH = -4527.18975002714	
INFO: current LH = -4527.197995745514	
INFO: current LH = -4527.19694296934	
INFO: current LH = -4527.190869688003	
INFO: Wall time: 32.6146s User: 0s System: 0.01s

INFO: current LH = -4527.186440074693	
INFO: current LH = -4527.195703738956	
INFO: current LH = -4527.197994160243	
INFO: current LH = -4527.1841577133	
INFO: current LH = -4527.1902389202	
INFO: current LH = -4527.191863594575	
INFO: current LH = -4527.189225277372	
INFO: current LH = -4527.192883355569	
INFO: current LH = -4527.192301949979	
INFO: current LH = -4527.189817487356	
INFO: current LH = -4527.190655083085	
INFO: current LH = -4527.191464525839	
INFO: current LH = -4527.197221287394	
INFO: current LH = -4527.172047359075	
INFO: current LH = -4527.199180912082	
INFO: current LH = -4527.184785640447	
INFO: current LH = -4527.197149240767	
INFO: current LH = -4527.171964122632	
INFO: current LH = -4527.208882078792	
INFO: current LH = -4527.176924813	
INFO: Wall time: 23.2165s User: 0.01s System: 0.01s

INFO: current LH = -4527.187105624215	
INFO: current LH = -4527.195019036913	
INFO: current LH = -4527.188628706746	
INFO: current LH = -4527.193389700897	
INFO: current LH = -4527.190069861688	
INFO: current LH = -4527.192037409435	
INFO: current LH = -4527.19302476139	
INFO: current LH = -4527.188920226014	
INFO: current LH = -4527.190027900314	
INFO: current LH = -4527.192090206928	
INFO: current LH = -4527.198723754799	
INFO: current LH = -4527.183396355545	
INFO: current LH = -4527.225259342995	
INFO: current LH = -4527.198573902106	
INFO: current LH = -4527.228058795655	
INFO: current LH = -4527.229065942247	
INFO: current LH = -4527.206619951424	
INFO: current LH = -4527.249356350016	
INFO: current LH = -4527.22777831599	
INFO: current LH = -4527.231624742708	
INFO: Wall time: 35.291s User: 0s System: 0s

INFO: current LH = -4527.231086195717	
INFO: current LH = -4527.228310709409	
INFO: current LH = -4527.227123950896	
INFO: current LH = -4527.228865652113	
INFO: current LH = -4527.237442595644	
INFO: current LH = -4527.218552525901	
INFO: current LH = -4527.225672101251	
INFO: current LH = -4527.230305243634	
INFO: current LH = -4527.226897854251	
INFO: current LH = -4527.229085728046	
INFO: current LH = -4527.227056987739	
INFO: current LH = -4527.228922932308	
INFO: current LH = -4527.225980115417	
INFO: current LH = -4527.230006667101	
INFO: current LH = -4527.221008652013	
INFO: current LH = -4527.236792704959	
INFO: current LH = -4527.207840205901	
INFO: current LH = -4527.244833080784	
INFO: current LH = -4527.215960906485	
INFO: current LH = -4527.241331813201	
INFO: Wall time: 20.0887s User: 0.01s System: 0.01s

INFO: current LH = -4527.257332396623	
INFO: current LH = -4527.203946992343	
INFO: current LH = -4527.224673304098	
INFO: current LH = -4527.231278326495	
INFO: current LH = -4527.22758518218	
INFO: current LH = -4527.228380468428	
INFO: current LH = -4527.229885048525	
INFO: current LH = -4527.226082164859	
INFO: current LH = -4527.229326376532	
INFO: current LH = -4527.226632340419	
INFO: current LH = -4527.227476199024	
INFO: current LH = -4527.228496675238	
INFO: current LH = -4527.233798457873	
INFO: current LH = -4527.22216049033	
INFO: current LH = -4527.259219108884	
INFO: current LH = -4527.229656304377	
INFO: current LH = -4527.280735970806	
INFO: current LH = -4527.277231410204	
INFO: current LH = -4527.261447914017	
INFO: current LH = -4527.286235868394	
INFO: Wall time: 37.5271s User: 0s System: 0.01s

INFO: current LH = -4527.27502684426	
INFO: current LH = -4527.277442389007	
INFO: current LH = -4527.261678641475	
INFO: current LH = -4527.280434437173	
INFO: current LH = -4527.281478104864	
INFO: current LH = -4527.280575102007	
INFO: current LH = -4527.283468047778	
INFO: current LH = -4527.281308346333	
INFO: current LH = -4527.280585503889	
INFO: current LH = -4527.282784458742	
INFO: current LH = -4527.280976005198	
INFO: current LH = -4527.278938701604	
INFO: current LH = -4527.280377619908	
INFO: current LH = -4527.288605682685	
INFO: current LH = -4527.270711126808	
INFO: current LH = -4527.276438820742	
INFO: current LH = -4527.282880323243	
INFO: current LH = -4527.279298762692	
INFO: current LH = -4527.28001480584	
INFO: current LH = -4527.278525480513	
INFO: Wall time: 7.53485s User: 0s System: 0s

  no                                                           Name                    Value  type                 Error +-            Low          High
   0                                _J1P-1C-1Tophoton_eta(2225)Mag1   -0.0001459636424509674  free                      0.5
   1                               _J1P-1C-1Tophoton_eta(2225)_1Phi                        0 fixed
   2                               L1S1_eta(2225)Toomega1_omega2Mag                        1 fixed
   3                               L1S1_eta(2225)Toomega1_omega2Phi                        0 fixed
   4                                                  eta(2225)Mass        2.080787543728862  free                     0.03           2.08           2.38
   5                                                 eta(2225)Width      0.04038814650339634  free                     0.03           0.04            0.3
   6                           L1S0_omega1Topion1+_pion1-_pion10Mag                        1 fixed
   7                           L1S0_omega1Topion1+_pion1-_pion10Phi                        0 fixed
   8                           L1S0_omega2Topion2+_pion2-_pion20Mag                        1 fixed
   9                           L1S0_omega2Topion2+_pion2-_pion20Phi                        0 fixed
  10                                 _J1P-1C-1Tophoton_f2(1910)Mag1       0.1622897719686025  free                      0.5
  11                                _J1P-1C-1Tophoton_f2(1910)_1Phi        3.905157030512735  free                      0.2
  12                                 _J1P-1C-1Tophoton_f2(1910)Mag2       -0.552743730486061  free                      0.5
  13                                _J1P-1C-1Tophoton_f2(1910)_2Phi       0.2261711502994563  free                      0.2
  14                                 _J1P-1C-1Tophoton_f2(1910)Mag3      -0.6671510749993511  free                      0.5
  15                                _J1P-1C-1Tophoton_f2(1910)_3Phi      -0.5650202039681148  free                      0.2
  16                                L2S0_f2(1910)Toomega1_omega2Mag    0.0008077904548540372  free                     0.25
  17                                L2S0_f2(1910)Toomega1_omega2Phi       0.1112716127700541  free                      0.2
  18                                L0S2_f2(1910)Toomega1_omega2Mag                      0.5 fixed
  19                                L0S2_f2(1910)Toomega1_omega2Phi                        0 fixed
  20                                L2S2_f2(1910)Toomega1_omega2Mag        3.339720471588811  free                     0.25
  21                                L2S2_f2(1910)Toomega1_omega2Phi      -0.1814073794712782  free                      0.2
  22                                L4S2_f2(1910)Toomega1_omega2Mag       0.8266835205752258  free                     0.25
  23                                L4S2_f2(1910)Toomega1_omega2Phi       -0.403268051446317  free                      0.2
  24                                                   f2(1910)Mass        2.090999993743526  free                     0.03          1.791          2.091
  25                                                  f2(1910)Width       0.3399986110653192  free                    0.034           0.08           0.34
  26  channelType2photonpion1+pion1-pion10pion2+pion2-pion20Scaling                        1 fixed
INFO: current LH = -4527.28078951476	
INFO: current LH = -4527.276998690029	
INFO: current LH = -4527.28231562799	
INFO: current LH = -4527.263270212543	
INFO: current LH = -4527.290184218754	
INFO: current LH = -4527.271933849378	
INFO: current LH = -4527.288973173349	
INFO: current LH = -4527.263001935183	
INFO: current LH = -4527.28996438934	
INFO: current LH = -4527.301608500337	
INFO: current LH = -4527.261404492545	
INFO: current LH = -4527.278638015642	
INFO: current LH = -4527.280689821556	
INFO: current LH = -4527.282116314136	
INFO: current LH = -4527.277263460758	
INFO: current LH = -4527.27897016423	
INFO: current LH = -4527.280337475444	
INFO: current LH = -4527.277614792896	
INFO: current LH = -4527.281776922076	
INFO: current LH = -4527.279254700049	
INFO: Wall time: 38.4781s User: 0.01s System: 0.01s

INFO: current LH = -4527.280057138867	
INFO: current LH = -4527.283171756229	
INFO: current LH = -4527.276140896219	
INFO: current LH = -4527.304713764907	
INFO: current LH = -4527.195247315155	
INFO: current LH = -4527.310689155041	
INFO: current LH = -4527.298212972589	
INFO: current LH = -4527.30645421894	
INFO: current LH = -4527.305180101826	
INFO: Client timing information: 
INFO: Client id 0 channel id 0  response time +0 s
INFO: Client id 1 channel id 0  response time +0.007735 s
INFO: current LH = -4527.309369534681	
INFO: current LH = -4527.308120984957	
INFO: current LH = -4527.3100223707	
INFO: current LH = -4527.308779416851	
INFO: current LH = -4527.310669654045	
INFO: current LH = -4527.310886937888	
INFO: current LH = -4527.311526236577	
INFO: current LH = -4527.314879063981	
INFO: current LH = -4527.310812263823	
INFO: current LH = -4527.311835536188	
INFO: current LH = -4527.310854397425	
INFO: Wall time: 21.1779s User: 0s System: 0s

INFO: current LH = -4527.310705803888	
INFO: current LH = -4527.311686404159	
INFO: current LH = -4527.311161561669	
INFO: current LH = -4527.308501052002	
INFO: current LH = -4527.310716680605	
INFO: current LH = -4527.31731553787	
INFO: current LH = -4527.301906292821	
INFO: current LH = -4527.30883087409	
INFO: current LH = -4527.31037440312	
INFO: current LH = -4527.307873573904	
INFO: current LH = -4527.311331752753	
INFO: current LH = -4527.30985142683	
INFO: current LH = -4527.309361143679	
INFO: current LH = -4527.308461191938	
INFO: current LH = -4527.310748104007	
INFO: current LH = -4527.302740947933	
INFO: current LH = -4527.302705510152	
INFO: current LH = -4527.307849079523	
INFO: current LH = -4527.307815141294	
INFO: current LH = -4527.310722761303	
INFO: Wall time: 17.8796s User: 0.01s System: 0.01s

INFO: current LH = -4527.310660779925	
INFO: current LH = -4527.31064400838	
INFO: current LH = -4527.310781414028	
INFO: current LH = -4527.310667154589	
INFO: current LH = -4527.310770036801	
INFO: current LH = -4527.308108454281	
INFO: current LH = -4527.311110864803	
INFO: current LH = -4527.309978825821	
INFO: current LH = -4527.309204385768	
INFO: current LH = -4527.307510310017	
INFO: current LH = -4527.311688655076	
INFO: current LH = -4527.312294500826	
INFO: current LH = -4527.306870059633	
INFO: current LH = -4527.30952352089	
INFO: current LH = -4527.309694697548	
INFO: current LH = -4527.316879799555	
INFO: current LH = -4527.302346649355	
INFO: current LH = -4527.310244838006	
INFO: current LH = -4527.310808659176	
INFO: current LH = -4527.310824595829	
INFO: Wall time: 42.2661s User: 0s System: 0.01s

INFO: current LH = -4527.311892318799	
INFO: current LH = -4527.309072330974	
INFO: current LH = -4527.31054323506	
INFO: current LH = -4527.307696812587	
INFO: current LH = -4527.311726173125	
INFO: current LH = -4527.316820507149	
INFO: current LH = -4527.310876698159	
INFO: current LH = -4527.311901467803	
INFO: current LH = -4527.313099144237	
INFO: current LH = -4527.311903944512	
INFO: current LH = -4527.308734940754	
INFO: current LH = -4527.310750847248	
INFO: current LH = -4527.317505964112	
INFO: current LH = -4527.301980806547	
INFO: current LH = -4527.308940361397	
INFO: current LH = -4527.310545080452	
INFO: current LH = -4527.307996078698	
INFO: current LH = -4527.311490282194	
INFO: current LH = -4527.309903631201	
INFO: current LH = -4527.309582228735	
INFO: Wall time: 7.18139s User: 0.01s System: 0s

INFO: current LH = -4527.308610016784	
INFO: current LH = -4527.310876506162	
INFO: current LH = -4527.309502944684	
INFO: current LH = -4527.309012144267	
INFO: current LH = -4527.310905660779	
INFO: current LH = -4527.311667295665	
INFO: current LH = -4527.308046987119	
INFO: current LH = -4527.311430718801	
INFO: current LH = -4527.310009439381	
INFO: current LH = -4527.309465673559	
INFO: current LH = -4527.308115829348	
INFO: current LH = -4527.31136575226	
INFO: current LH = -4527.312513200369	
INFO: current LH = -4527.30696182068	
INFO: current LH = -4527.309646532806	
INFO: current LH = -4527.309843632379	
INFO: current LH = -4527.316947400486	
INFO: current LH = -4527.302542017281	
INFO: current LH = -4527.31163236572	
INFO: current LH = -4527.311795868686	
INFO: Wall time: 40.8952s User: 0s System: 0.01s

INFO: current LH = -4527.311820776174	
INFO: current LH = -4527.311830513861	
INFO: current LH = -4527.31133458661	
INFO: current LH = -4527.309357220996	
INFO: current LH = -4527.312033826687	
INFO: current LH = -4527.313703839764	
INFO: current LH = -4527.312844319335	
INFO: current LH = -4527.312228462647	
INFO: current LH = -4527.309980399184	
INFO: current LH = -4527.311519130974	
INFO: current LH = -4527.318693320004	
INFO: current LH = -4527.302807595582	
INFO: current LH = -4527.309842045477	
INFO: current LH = -4527.311656902378	
INFO: current LH = -4527.308981467293	
INFO: current LH = -4527.312519152833	
INFO: current LH = -4527.31072116011	
INFO: current LH = -4527.310778387254	
INFO: current LH = -4527.309571945562	
INFO: current LH = -4527.311928826884	
INFO: Wall time: 12.3449s User: 0s System: 0.01s

INFO: current LH = -4527.310261413331	
INFO: current LH = -4527.310880884164	
INFO: current LH = -4527.310846060413	
INFO: current LH = -4527.313207434801	
INFO: current LH = -4527.308730023793	
INFO: current LH = -4527.31278855506	
INFO: current LH = -4527.310835167487	
INFO: current LH = -4527.310678952739	
INFO: current LH = -4527.310025721597	
INFO: current LH = -4527.311500215553	
INFO: current LH = -4527.31365539308	
INFO: current LH = -4527.307858940721	
INFO: current LH = -4527.31062678265	
INFO: current LH = -4527.310875218531	
INFO: current LH = -4527.317789803519	
INFO: current LH = -4527.303710625822	
INFO: current LH = -4527.311431914621	
INFO: current LH = -4527.312257598448	
INFO: current LH = -4527.312208692475	
INFO: current LH = -4527.311351919594	
INFO: Wall time: 43.8509s User: 0.01s System: 0.01s

INFO: current LH = -4527.310154709637	
INFO: current LH = -4527.312387779081	
INFO: current LH = -4527.31345736664	
INFO: current LH = -4527.313199653096	
INFO: current LH = -4527.312699361475	
INFO: current LH = -4527.310475037607	
INFO: current LH = -4527.311888575377	
INFO: current LH = -4527.319183993015	
INFO: current LH = -4527.303179766612	
INFO: current LH = -4527.310249930404	
INFO: current LH = -4527.312113537925	
INFO: current LH = -4527.309413535184	
INFO: current LH = -4527.312950203594	
INFO: current LH = -4527.311099193886	
INFO: current LH = -4527.311264364151	
INFO: current LH = -4527.309980435877	
INFO: current LH = -4527.312383321731	
INFO: current LH = -4527.311354402037	
INFO: current LH = -4527.310789947043	
INFO: current LH = -4527.312733427695	
INFO: Wall time: 14.027s User: 0s System: 0s

INFO: current LH = -4527.311832977664	
INFO: current LH = -4527.309081405682	
INFO: current LH = -4527.313272978253	
INFO: current LH = -4527.311220268742	
INFO: current LH = -4527.311133400995	
INFO: current LH = -4527.310692872959	
INFO: current LH = -4527.311663546471	
INFO: current LH = -4527.314077802978	
INFO: current LH = -4527.30827628858	
INFO: current LH = -4527.311038032195	
INFO: current LH = -4527.311318045686	
INFO: current LH = -4527.318185712781	
INFO: current LH = -4527.304170056485	
INFO: current LH = -4527.311933416821	
INFO: current LH = -4527.31217023771	
INFO: current LH = -4527.312231417774	
INFO: current LH = -4527.312249492358	
INFO: current LH = -4527.31225506296	
INFO: current LH = -4527.31225680284	
INFO: current LH = -4527.312257348542	
INFO: Wall time: 45.3591s User: 0s System: 0.01s

INFO: current LH = -4527.312257519939	
INFO: current LH = -4527.312257573785	
INFO: current LH = -4527.312257590704	
INFO: current LH = -4527.312257596032	
INFO: current LH = -4527.312257598443	
INFO: current LH = -4527.311347477914	
INFO: current LH = -4527.310154709637	
INFO: current LH = -4527.312387779081	
INFO: current LH = -4527.31345736664	
INFO: current LH = -4527.313199653096	
INFO: current LH = -4527.312699361475	
INFO: current LH = -4527.310475037607	
INFO: current LH = -4527.311888575377	
INFO: current LH = -4527.319183993015	
INFO: current LH = -4527.303179766612	
INFO: current LH = -4527.310249930404	
INFO: current LH = -4527.312113537925	
INFO: current LH = -4527.309413535184	
INFO: current LH = -4527.312950203594	
INFO: current LH = -4527.311099193886	
INFO: Wall time: 18.0789s User: 0s System: 0.01s

INFO: current LH = -4527.311264364151	
INFO: current LH = -4527.309980435877	
INFO: current LH = -4527.312383321731	
INFO: current LH = -4527.311354402037	
INFO: current LH = -4527.310789947043	
INFO: current LH = -4527.312733427695	
INFO: current LH = -4527.311832977664	
INFO: current LH = -4527.309081405682	
INFO: current LH = -4527.313272978253	
INFO: Client timing information: 
INFO: Client id 1 channel id 0  response time +0 s
INFO: Client id 0 channel id 0  response time +0.414796 s
INFO: current LH = -4527.311220268742	
INFO: current LH = -4527.311133400995	
INFO: current LH = -4527.310692872959	
INFO: current LH = -4527.311663546471	
INFO: current LH = -4527.314077802978	
INFO: current LH = -4527.30827628858	
INFO: current LH = -4527.311038032195	
INFO: current LH = -4527.311318045686	
INFO: current LH = -4527.318185712781	
INFO: current LH = -4527.304170056485	
INFO: current LH = -4527.312673609098	
INFO: Wall time: 37.6133s User: 0.01s System: 0.01s

INFO: current LH = -4527.311835919903	
INFO: current LH = -4527.312336457163	
INFO: current LH = -4527.31216980761	
INFO: current LH = -4527.312230013386	
INFO: current LH = -4527.312302782265	
INFO: current LH = -4527.312246613465	
INFO: current LH = -4527.312260731609	
INFO: current LH = -4527.312308425528	
INFO: current LH = -4527.312241752552	
INFO: current LH = -4527.312260466992	
INFO: current LH = -4527.312247575162	
INFO: current LH = -4527.312074826277	
INFO: current LH = -4527.312357027875	
INFO: current LH = -4527.313816319829	
INFO: current LH = -4527.310615540193	
INFO: current LH = -4527.312029363673	
INFO: current LH = -4527.312402484778	
INFO: current LH = -4527.31186230336	
INFO: current LH = -4527.312569555917	
INFO: current LH = -4527.312199327724	
INFO: Wall time: 7.2395s User: 0s System: 0.01s

INFO: current LH = -4527.312232524334	
INFO: current LH = -4527.311975605414	
INFO: current LH = -4527.312456254619	
INFO: current LH = -4527.312527379576	
INFO: current LH = -4527.311968054307	
INFO: current LH = -4527.312319393769	
INFO: current LH = -4527.312202387917	
INFO: current LH = -4527.313593218733	
INFO: current LH = -4527.311357337381	
INFO: current LH = -4527.312574488469	
INFO: current LH = -4527.311967149725	
INFO: current LH = -4527.31179850887	
INFO: current LH = -4527.312636602658	
INFO: current LH = -4527.31222701697	
INFO: current LH = -4527.312208065944	
INFO: current LH = -4527.312261071153	
INFO: current LH = -4527.312257268329	
INFO: current LH = -4527.312120893505	
INFO: current LH = -4527.312314299525	
INFO: current LH = -4527.312796612136	
INFO: Wall time: 36.4115s User: 0s System: 0s

INFO: current LH = -4527.311638487051	
INFO: current LH = -4527.312186415035	
INFO: current LH = -4527.312242417469	
INFO: current LH = -4527.313615957131	
INFO: current LH = -4527.310812863401	
INFO: current LH = -4527.311692547059	
INFO: current LH = -4527.313744659479	
INFO: current LH = -4527.309568275849	
INFO: current LH = -4527.318278693051	
INFO: current LH = -4527.309345318642	
INFO: current LH = -4527.308506023441	
INFO: current LH = -4527.31019366595	
INFO: current LH = -4527.309082854801	
INFO: current LH = -4527.310448585913	
INFO: current LH = -4527.3118277488	
INFO: current LH = -4527.308176525942	
INFO: current LH = -4527.310321572356	
INFO: current LH = -4527.309788192623	
INFO: current LH = -4527.313170317207	
INFO: current LH = -4527.31013236431	
INFO: Wall time: 32.2106s User: 0.01s System: 0.01s

INFO: current LH = -4527.317280017637	
INFO: current LH = -4527.313528998974	
INFO: current LH = -4527.310609610331	
INFO: current LH = -4527.319318542302	
INFO: current LH = -4527.310384730132	
INFO: current LH = -4527.309547996779	
INFO: current LH = -4527.311233749276	
INFO: current LH = -4527.310115497614	
INFO: current LH = -4527.311489008394	
INFO: current LH = -4527.312868049317	
INFO: current LH = -4527.30921580721	
INFO: current LH = -4527.31135508898	
INFO: current LH = -4527.310827443541	
INFO: current LH = -4527.314212507404	
INFO: current LH = -4527.311172654563	
INFO: current LH = -4527.318320334229	
INFO: current LH = -4527.311419577875	
INFO: current LH = -4527.320130197959	
INFO: current LH = -4527.31119686355	
INFO: current LH = -4527.310359613441	
INFO: Wall time: 28.9779s User: 0s System: 0s

INFO: current LH = -4527.312045298291	
INFO: current LH = -4527.310929107107	
INFO: current LH = -4527.312300848955	
INFO: current LH = -4527.313679928035	
INFO: current LH = -4527.310028145485	
INFO: current LH = -4527.312170200383	
INFO: current LH = -4527.311639740899	
INFO: current LH = -4527.315024053926	
INFO: current LH = -4527.311984530882	
INFO: current LH = -4527.319132204644	
INFO: current LH = -4527.315672297423	
INFO: current LH = -4527.309343503161	
INFO: current LH = -4527.306863781081	
INFO: current LH = -4527.310170185667	
INFO: current LH = -4527.309412709547	
INFO: current LH = -4527.309570069145	
INFO: current LH = -4527.310948848695	
INFO: current LH = -4527.30635094916	
INFO: current LH = -4527.309404775987	
INFO: current LH = -4527.308479112767	
INFO: Wall time: 32.6583s User: 0s System: 0.01s

INFO: current LH = -4527.312397758916	
INFO: current LH = -4527.309253722991	
INFO: current LH = -4527.316389142735	
INFO: current LH = -4527.317710657703	
INFO: current LH = -4527.315604921527	
INFO: current LH = -4527.319251834558	
INFO: current LH = -4527.318239410501	
INFO: current LH = -4527.318284053533	
INFO: current LH = -4527.319657230594	
INFO: current LH = -4527.314882047777	
INFO: current LH = -4527.318127557493	
INFO: current LH = -4527.316950643878	
INFO: current LH = -4527.321109476551	
INFO: current LH = -4527.317963554126	
INFO: current LH = -4527.325097522546	
INFO: current LH = -4527.309104796358	
INFO: current LH = -4527.308435432861	
INFO: current LH = -4527.30637260979	
INFO: current LH = -4527.309351453711	
INFO: current LH = -4527.310724569479	
INFO: Wall time: 34.649s User: 0.01s System: 0.01s

INFO: current LH = -4527.308107716221	
INFO: current LH = -4527.309264520786	
INFO: current LH = -4527.309053759142	
INFO: current LH = -4527.311926638716	
INFO: current LH = -4527.309029371134	
INFO: current LH = -4527.316189161992	
INFO: current LH = -4527.309320009902	
INFO: current LH = -4527.30917946756	
INFO: current LH = -4527.308496848441	
INFO: current LH = -4527.309887478978	
INFO: current LH = -4527.30488908383	
INFO: current LH = -4527.308208951281	
INFO: current LH = -4527.307258290626	
INFO: current LH = -4527.311458892375	
INFO: current LH = -4527.308193353683	
INFO: current LH = -4527.315325379903	
INFO: current LH = -4527.307518678547	
INFO: current LH = -4527.310198117001	
INFO: current LH = -4527.31157506629	
INFO: current LH = -4527.309786429093	
INFO: Wall time: 40.3604s User: 0s System: 0s

INFO: current LH = -4527.310221026371	
INFO: current LH = -4527.310697090645	
INFO: current LH = -4527.312725899618	
INFO: current LH = -4527.309875755303	
INFO: current LH = -4527.317048796159	
INFO: current LH = -4527.309081019958	
INFO: current LH = -4527.310455632708	
INFO: current LH = -4527.308301659972	
INFO: current LH = -4527.309086109479	
INFO: current LH = -4527.309128540728	
INFO: current LH = -4527.311574280686	
INFO: current LH = -4527.3087586025	
INFO: current LH = -4527.315923918019	
INFO: current LH = -4527.313349859178	
INFO: current LH = -4527.308143689046	
INFO: current LH = -4527.310292119357	
INFO: current LH = -4527.309813995385	
INFO: current LH = -4527.313201938934	
INFO: current LH = -4527.310131549719	
INFO: current LH = -4527.317279160374	
INFO: Wall time: 42.7452s User: 0s System: 0.01s

INFO: current LH = -4527.309551086899	
INFO: current LH = -4527.311683931271	
INFO: current LH = -4527.311158829928	
INFO: current LH = -4527.314558776605	
INFO: current LH = -4527.311510558943	
INFO: current LH = -4527.318658199457	
INFO: current LH = -4527.307954217546	
INFO: current LH = -4527.306704991058	
INFO: current LH = -4527.311154099502	
INFO: current LH = -4527.307860695564	
INFO: current LH = -4527.314986476081	
INFO: current LH = -4527.309145452411	
INFO: current LH = -4527.314710547104	
INFO: current LH = -4527.309997785056	
INFO: current LH = -4527.317139894343	
INFO: current LH = -4527.31293812706	
INFO: current LH = -4527.309471992256	
INFO: current LH = -4527.316602817401	
INFO: current LH = -4527.31285449044	
INFO: current LH = -4527.320006904326	
INFO: Wall time: 45.4159s User: 0.01s System: 0.01s

INFO: current LH = -4527.316966187097	
INFO: current LH = -4527.408404141437	
INFO: current LH = -4527.407611126648	
INFO: current LH = -4527.409191801874	
INFO: current LH = -4527.400253589489	
INFO: current LH = -4527.402029012162	
INFO: current LH = -4527.405320181766	
INFO: current LH = -4527.407031036303	
INFO: current LH = -4527.408367958479	
INFO: Client timing information: 
INFO: Client id 1 channel id 0  response time +0 s
INFO: Client id 0 channel id 0  response time +0.017027 s
INFO: current LH = -4527.408616212866	
INFO: current LH = -4527.408664645945	
INFO: current LH = -4527.40842613502	
INFO: current LH = -4527.407529332372	
INFO: current LH = -4527.407117625403	
INFO: current LH = -4527.407876796115	
INFO: current LH = -4527.406853271621	
INFO: current LH = -4527.407320854941	
INFO: current LH = -4527.407294974438	
INFO: current LH = -4527.407575803329	
INFO: current LH = -4527.407057264744	
INFO: Wall time: 10.4121s User: 0s System: 0s

INFO: current LH = -4527.407094398619	
INFO: current LH = -4527.407554922698	
INFO: current LH = -4527.406949792246	
INFO: current LH = -4527.407712552905	
INFO: current LH = -4527.40793724751	
INFO: current LH = -4527.408865768283	
INFO: current LH = -4527.403628094026	
INFO: current LH = -4527.404840264092	
INFO: current LH = -4527.406006447213	
INFO: current LH = -4527.407186312967	
INFO: current LH = -4527.410839560645	
INFO: current LH = -4527.408135937107	
INFO: current LH = -4527.407492982075	
INFO: current LH = -4527.407146405403	
INFO: current LH = -4527.408243830012	
INFO: current LH = -4527.408220500789	
INFO: current LH = -4527.407470644555	
INFO: current LH = -4527.407193248181	
INFO: current LH = -4527.40741668123	
INFO: current LH = -4527.407289808468	
INFO: Wall time: 36.2968s User: 0.01s System: 0.01s

INFO: current LH = -4527.407323342939	
INFO: current LH = -4527.407316676999	
INFO: current LH = -4527.407353537067	
INFO: current LH = -4527.407290361125	
INFO: current LH = -4527.409038155595	
INFO: current LH = -4527.407027528217	
INFO: current LH = -4527.409403607078	
INFO: current LH = -4527.408985055174	
INFO: current LH = -4527.409446699669	
INFO: current LH = -4527.409020443793	
INFO: current LH = -4527.409362079756	
INFO: current LH = -4527.409482669889	
INFO: current LH = -4527.409390669731	
INFO: current LH = -4527.4094834235	
INFO: current LH = -4527.407405956417	
INFO: current LH = -4527.407370109127	
INFO: current LH = -4527.408005418876	
INFO: current LH = -4527.407969740728	
INFO: current LH = -4527.409500575774	
INFO: current LH = -4527.40959511793	
INFO: Wall time: 34.3743s User: 0s System: 0.01s

INFO: current LH = -4527.409513805688	
INFO: current LH = -4527.409496357881	
INFO: current LH = -4527.408140694113	
INFO: current LH = -4527.408668079154	
INFO: current LH = -4527.407756658183	
INFO: current LH = -4527.40906008901	
INFO: current LH = -4527.408386861355	
INFO: current LH = -4527.408424000578	
INFO: current LH = -4527.408097080232	
INFO: current LH = -4527.408714282191	
INFO: current LH = -4527.408700665742	
INFO: current LH = -4527.408108824529	
INFO: current LH = -4527.40888102523	
INFO: current LH = -4527.407931792082	
INFO: current LH = -4527.407662601546	
INFO: current LH = -4527.408150068591	
INFO: current LH = -4527.408532670034	
INFO: current LH = -4527.410648325753	
INFO: current LH = -4527.408460148677	
INFO: current LH = -4527.410980911422	
INFO: Wall time: 20.0228s User: 0s System: 0.01s

INFO: current LH = -4527.408207411115	
INFO: current LH = -4527.408599092635	
INFO: current LH = -4527.40837438945	
INFO: current LH = -4527.408448353217	
INFO: current LH = -4527.40823370739	
INFO: current LH = -4527.408573652141	
INFO: current LH = -4527.40831360496	
INFO: current LH = -4527.408498147099	
INFO: current LH = -4527.408404267048	
INFO: current LH = -4527.408404514249	
INFO: current LH = -4527.408340785819	
INFO: current LH = -4527.408468330914	
INFO: current LH = -4527.409528054568	
INFO: current LH = -4527.409561711469	
INFO: current LH = -4527.408276776223	
INFO: current LH = -4527.408438816775	
INFO: current LH = -4527.409673404451	
INFO: current LH = -4527.410161784616	
INFO: current LH = -4527.409705682855	
INFO: current LH = -4527.409626319642	
INFO: Wall time: 32.1226s User: 0.01s System: 0s

INFO: current LH = -4527.408352158322	
INFO: current LH = -4527.40860896669	
INFO: current LH = -4527.40815370338	
INFO: current LH = -4527.408805264306	
INFO: current LH = -4527.408472042367	
INFO: current LH = -4527.408488458768	
INFO: current LH = -4527.408328282192	
INFO: current LH = -4527.408632138428	
INFO: current LH = -4527.40862681535	
INFO: current LH = -4527.408334114964	
INFO: current LH = -4527.408715859579	
INFO: current LH = -4527.40824416962	
INFO: current LH = -4527.4080526821	
INFO: current LH = -4527.40856211456	
INFO: current LH = -4527.410960383345	
INFO: current LH = -4527.408993165956	
INFO: current LH = -4527.408386242834	
INFO: current LH = -4527.408578928805	
INFO: current LH = -4527.408463462796	
INFO: current LH = -4527.408501067055	
INFO: Wall time: 22.8135s User: 0s System: 0.01s

INFO: current LH = -4527.408397234581	
INFO: current LH = -4527.408567690413	
INFO: current LH = -4527.408435535633	
INFO: current LH = -4527.408528198026	
INFO: current LH = -4527.408482090033	
INFO: current LH = -4527.408481977072	
INFO: current LH = -4527.408450784882	
INFO: current LH = -4527.408513163148	
INFO: current LH = -4527.40978966111	
INFO: current LH = -4527.408306804791	
INFO: current LH = -4527.409784772982	
INFO: current LH = -4527.409790272981	
INFO: current LH = -4527.409790516938	
INFO: current LH = -4527.408645510678	
INFO: current LH = -4527.408580561664	
INFO: current LH = -4527.409837031983	
INFO: current LH = -4527.410036122828	
INFO: current LH = -4527.409850800724	
INFO: current LH = -4527.409818930385	
INFO: current LH = -4527.408738328943	
INFO: Wall time: 31.3251s User: 0.01s System: 0.01s

INFO: current LH = -4527.408683305734	
INFO: current LH = -4527.408765268695	
INFO: current LH = -4527.408653866491	
INFO: current LH = -4527.408713489865	
INFO: current LH = -4527.40870744168	
INFO: current LH = -4527.408740042509	
INFO: current LH = -4527.408680807708	
INFO: current LH = -4527.408682330112	
INFO: current LH = -4527.408739090467	
INFO: current LH = -4527.408667274271	
INFO: current LH = -4527.408753111968	
INFO: current LH = -4527.408387002945	
INFO: current LH = -4527.408631723652	
INFO: current LH = -4527.41050067469	
INFO: current LH = -4527.409451289356	
INFO: current LH = -4527.408729862905	
INFO: current LH = -4527.408691693912	
INFO: current LH = -4527.408715451556	
INFO: current LH = -4527.408705356713	
INFO: current LH = -4527.408723899688	
INFO: Wall time: 24.0523s User: 0s System: 0.01s

INFO: current LH = -4527.408697332987	
INFO: current LH = -4527.408716670799	
INFO: current LH = -4527.408703296279	
INFO: current LH = -4527.408710647352	
INFO: current LH = -4527.408710981214	
INFO: current LH = -4527.408717177034	
INFO: current LH = -4527.408704307571	
INFO: current LH = -4527.409790516945	
INFO: current LH = -4527.408645510678	
INFO: current LH = -4527.408580561664	
WARN: /MinuitMinimizer.cc:72: FM is invalid, try with strategy = 2.
INFO: current LH = -4527.407567728212	
INFO: current LH = -4527.406474219427	
INFO: current LH = -4527.406409298605	
INFO: current LH = -4527.407570359021	
INFO: current LH = -4527.407568818009	
INFO: current LH = -4527.407596062108	
INFO: current LH = -4527.40757005264	
INFO: current LH = -4527.407570054507	
INFO: current LH = -4527.407569079965	
INFO: current LH = -4527.407582928402	
INFO: Wall time: 21.8214s User: 0s System: 0s

INFO: current LH = -4527.407571553675	
INFO: current LH = -4527.406511361457	
INFO: current LH = -4527.406455051003	
INFO: current LH = -4527.406540765231	
INFO: current LH = -4527.406425643234	
INFO: current LH = -4527.406485737612	
INFO: current LH = -4527.406480675079	
INFO: current LH = -4527.40651520336	
INFO: current LH = -4527.406451208903	
INFO: current LH = -4527.406449437752	
INFO: current LH = -4527.406516978116	
INFO: current LH = -4527.406437670214	
INFO: current LH = -4527.406528741795	
INFO: current LH = -4527.406282121248	
INFO: current LH = -4527.406526489082	
INFO: current LH = -4527.407597448839	
INFO: current LH = -4527.407538817194	
INFO: current LH = -4527.407863576222	
INFO: current LH = -4527.407297927803	
INFO: current LH = -4527.406513898919	
INFO: Wall time: 20.5912s User: 0s System: 0.01s

INFO: current LH = -4527.406466328322	
INFO: current LH = -4527.406496166288	
INFO: current LH = -4527.406484062857	
INFO: current LH = -4527.406507447879	
INFO: current LH = -4527.406472790239	
INFO: current LH = -4527.406495829412	
INFO: current LH = -4527.406484402172	
INFO: current LH = -4527.408609807134	
INFO: current LH = -4527.406045445981	
INFO: Client timing information: 
INFO: Client id 0 channel id 0  response time +0 s
INFO: Client id 1 channel id 0  response time +0.091742 s
INFO: current LH = -4527.409206956323	
INFO: current LH = -4527.403769421499	
INFO: current LH = -4527.408033937599	
INFO: current LH = -4527.406595164239	
INFO: current LH = -4527.407973687857	
INFO: current LH = -4527.405002682449	
INFO: current LH = -4527.407594295122	
INFO: current LH = -4527.407972036835	
INFO: current LH = -4527.408206259332	
INFO: current LH = -4527.408081918394	
INFO: current LH = -4527.407771542396	
INFO: Wall time: 36.1761s User: 0s System: 0.02s

INFO: current LH = -4527.407988699694	
INFO: current LH = -4527.407927994407	
INFO: current LH = -4527.407727905722	
INFO: current LH = -4527.408111397181	
INFO: current LH = -4527.428326053588	
INFO: current LH = -4527.429544559134	
INFO: current LH = -4527.411849984926	
INFO: current LH = -4527.413061208608	
INFO: current LH = -4527.409442074655	
INFO: current LH = -4527.41065223055	
INFO: current LH = -4527.408869238974	
INFO: current LH = -4527.41007914072	
INFO: current LH = -4527.407753431054	
INFO: current LH = -4527.408066340373	
INFO: current LH = -4527.408367490118	
INFO: current LH = -4527.408294685545	
INFO: current LH = -4527.407152900414	
INFO: current LH = -4527.4070969497	
INFO: current LH = -4527.407182189168	
INFO: current LH = -4527.407067661156	
INFO: Wall time: 5.32505s User: 0.01s System: 0s

INFO: current LH = -4527.407127729788	
INFO: current LH = -4527.407122120401	
INFO: current LH = -4527.40715669592	
INFO: current LH = -4527.407093154769	
INFO: current LH = -4527.407091187099	
INFO: current LH = -4527.407158663302	
INFO: current LH = -4527.407079300005	
INFO: current LH = -4527.407170549963	
INFO: current LH = -4527.406966485779	
INFO: current LH = -4527.407210709689	
INFO: current LH = -4527.407821945705	
INFO: current LH = -4527.40893982183	
INFO: current LH = -4527.407827092446	
INFO: current LH = -4527.408937387684	
INFO: current LH = -4527.408601593555	
INFO: current LH = -4527.407854575331	
INFO: current LH = -4527.40781596654	
INFO: current LH = -4527.408654259049	
INFO: current LH = -4527.408579136742	
INFO: current LH = -4527.408305764702	
INFO: Wall time: 29.9298s User: 0s System: 0s

INFO: current LH = -4527.407148718998	
INFO: current LH = -4527.407101189468	
INFO: current LH = -4527.407130710376	
INFO: current LH = -4527.407119196127	
INFO: current LH = -4527.407141717975	
INFO: current LH = -4527.407108189522	
INFO: current LH = -4527.407130796996	
INFO: current LH = -4527.407119111349	
INFO: current LH = -4527.409843720212	
INFO: current LH = -4527.404406189244	
INFO: current LH = -4527.408610453653	
INFO: current LH = -4527.405639456525	
INFO: current LH = -4527.410077373714	
INFO: current LH = -4527.417583531165	
INFO: current LH = -4527.436434564453	
INFO: current LH = -4527.493759636558	
INFO: current LH = -4527.672683760119	
INFO: current LH = -4528.272003628728	
INFO: current LH = -4529.923128843527	
INFO: current LH = -4529.920217274775	
INFO: Wall time: 29.4854s User: 0.01s System: 0.01s

INFO: current LH = -4529.926041495091	
INFO: current LH = -4529.894061887456	
INFO: current LH = -4529.952304079642	
INFO: current LH = -4528.706045934132	
INFO: current LH = -4529.411203221268	
INFO: current LH = -4530.017702657216	
INFO: current LH = -4529.818367737461	
INFO: current LH = -4529.96919563216	
INFO: current LH = -4529.875019411244	
INFO: current LH = -4530.698887680615	
INFO: current LH = -4530.341939070832	
INFO: current LH = -4529.95196773423	
INFO: current LH = -4529.907599054745	
INFO: current LH = -4529.933166738626	
INFO: current LH = -4529.915253351337	
INFO: current LH = -4529.921359129835	
INFO: current LH = -4529.922736770994	
INFO: current LH = -4529.921225489541	
INFO: current LH = -4529.922871851456	
INFO: current LH = -4529.923209786331	
INFO: Wall time: 6.17034s User: 0s System: 0.01s

INFO: current LH = -4529.920886306543	
INFO: current LH = -4529.9207431933	
INFO: current LH = -4529.923355031185	
INFO: current LH = -4529.922911945828	
INFO: current LH = -4529.921185510751	
INFO: current LH = -4529.923033890082	
INFO: current LH = -4529.921062815191	
INFO: current LH = -4529.921940573973	
INFO: current LH = -4529.922178658334	
INFO: current LH = -4529.923871455991	
INFO: current LH = -4529.922698831723	
INFO: current LH = -4529.921215873452	
INFO: current LH = -4529.922880004909	
INFO: current LH = -4529.921784122565	
INFO: current LH = -4529.922302898398	
INFO: current LH = -4529.919777243723	
INFO: current LH = -4529.924312979878	
INFO: current LH = -4529.92226363467	
INFO: current LH = -4529.921827693053	
INFO: current LH = -4529.924761643284	
INFO: Wall time: 31.761s User: 0.01s System: 0s

INFO: current LH = -4529.91934116048	
INFO: current LH = -4529.923531675422	
INFO: current LH = -4529.920574142338	
INFO: current LH = -4529.95230229532	
INFO: current LH = -4530.070087142379	
INFO: current LH = -4530.372107024799	
INFO: current LH = -4531.342620723697	
INFO: current LH = -4534.820517587621	
INFO: current LH = -4549.685991298919	
INFO: current LH = -4594.208194155114	
INFO: current LH = -4593.86100875534	
INFO: current LH = -4594.555103156197	
INFO: current LH = -4593.230036439468	
INFO: current LH = -4595.184161105055	
INFO: current LH = -4595.121606226444	
INFO: current LH = -4593.28844111086	
INFO: current LH = -4594.746454786565	
INFO: current LH = -4593.667732276566	
INFO: current LH = -4594.526378018694	
INFO: current LH = -4593.959228688412	
INFO: Wall time: 12.1736s User: 0s System: 0s

INFO: current LH = -4594.259754603366	
INFO: current LH = -4594.158824359629	
INFO: current LH = -4594.184888894834	
INFO: current LH = -4594.229249617179	
INFO: current LH = -4594.168887122199	
INFO: current LH = -4594.24531748283	
INFO: current LH = -4594.234062041747	
INFO: current LH = -4594.180070509347	
INFO: current LH = -4594.155620940631	
INFO: current LH = -4594.258592765031	
INFO: current LH = -4594.283971533872	
INFO: current LH = -4594.130244005484	
INFO: current LH = -4594.260939281837	
INFO: current LH = -4594.153254198658	
INFO: current LH = -4594.207523476568	
INFO: current LH = -4594.20765686242	
INFO: current LH = -4594.207286673155	
INFO: current LH = -4594.207421532053	
INFO: current LH = -4594.208546001581	
INFO: current LH = -4594.207868411668	
INFO: Wall time: 19.7276s User: 0s System: 0.01s

INFO: current LH = -4594.140550520019	
INFO: current LH = -4594.273622527509	
INFO: current LH = -4594.19285503394	
INFO: current LH = -4594.221183052566	
INFO: current LH = -4594.146793162481	
INFO: current LH = -4594.267217410401	
INFO: current LH = -4594.21907306407	
INFO: current LH = -4594.194968338547	
INFO: current LH = -4594.209567848313	
INFO: current LH = -4594.204979716967	
INFO: current LH = -4594.208492217089	
INFO: current LH = -4594.206242677558	
INFO: current LH = -4594.208394220747	
INFO: current LH = -4594.205804701197	
INFO: current LH = -4594.25975284588	
INFO: current LH = -4594.487852119491	
INFO: current LH = -4595.209900930804	
INFO: current LH = -4598.636575789295	
INFO: current LH = -4618.456533139751	
INFO: current LH = -4697.590234103551	
INFO: Wall time: 33.5901s User: 0.01s System: 0.01s

INFO: current LH = -4725.375272751772	
INFO: current LH = -4726.569767608625	
INFO: current LH = -4726.745624077367	
INFO: current LH = -4724.26703449205	
INFO: current LH = -4729.190956758084	
INFO: current LH = -4726.103494933239	
INFO: current LH = -4727.385497804884	
INFO: current LH = -4727.294877741409	
INFO: current LH = -4726.20832533837	
INFO: current LH = -4726.743184650348	
INFO: current LH = -4726.747960288635	
INFO: current LH = -4726.733332792212	
INFO: current LH = -4726.755660726421	
INFO: current LH = -4726.621555929114	
INFO: current LH = -4726.867249921674	
INFO: current LH = -4726.563298170653	
INFO: current LH = -4726.925747002419	
INFO: current LH = -4726.853608625806	
INFO: current LH = -4726.635203840674	
INFO: current LH = -4726.531762783518	
INFO: Wall time: 6.63621s User: 0s System: 0s

INFO: current LH = -4726.957226262523	
INFO: current LH = -4727.087373291048	
INFO: current LH = -4726.401646070116	
INFO: current LH = -4726.999535077744	
INFO: current LH = -4726.489542666757	
INFO: current LH = -4726.742938967397	
INFO: current LH = -4726.743281825174	
INFO: current LH = -4726.743833701139	
INFO: current LH = -4726.744173797262	
INFO: Client timing information: 
INFO: Client id 0 channel id 0  response time +0 s
INFO: Client id 1 channel id 0  response time +0.005419 s
INFO: current LH = -4726.744133069209	
INFO: current LH = -4726.744472236415	
INFO: current LH = -4726.745733831816	
INFO: current LH = -4726.745880635739	
INFO: current LH = -4726.450353995335	
INFO: current LH = -4727.038582234529	
INFO: current LH = -4726.710241634872	
INFO: current LH = -4726.778592653622	
INFO: current LH = -4726.527173266853	
INFO: current LH = -4726.961438358308	
INFO: current LH = -4726.794664725864	
INFO: Wall time: 33.7535s User: 0.01s System: 0.01s

INFO: current LH = -4726.69406456008	
INFO: current LH = -4726.746254881135	
INFO: current LH = -4726.743991188388	
INFO: current LH = -4726.746194380731	
INFO: current LH = -4726.74279920804	
INFO: current LH = -4726.745633488825	
INFO: current LH = -4726.745505022661	
INFO: current LH = -4726.744782447444	
INFO: current LH = -4726.744194592957	
INFO: current LH = -4727.294876933157	
INFO: current LH = -4729.601512079691	
INFO: current LH = -4735.93582609143	
INFO: current LH = -4753.013240121762	
INFO: current LH = -4665.178445914854	
INFO: current LH = -4733.444584008768	
INFO: current LH = -4754.58208267909	
INFO: current LH = -4754.279784130346	
INFO: current LH = -4754.977383858344	
INFO: current LH = -4754.088351087206	
INFO: current LH = -4755.865516868827	
INFO: Wall time: 25.5647s User: 0s System: 0s

INFO: current LH = -4753.565615632408	
INFO: current LH = -4756.386883740043	
INFO: current LH = -4754.97649180502	
INFO: current LH = -4754.971764935829	
INFO: current LH = -4754.977648272211	
INFO: current LH = -4754.974851831686	
INFO: current LH = -4754.963411989774	
INFO: current LH = -4754.98880499941	
INFO: current LH = -4754.842819910074	
INFO: current LH = -4755.109676527037	
INFO: current LH = -4754.778083931298	
INFO: current LH = -4755.174452483426	
INFO: current LH = -4755.091907236513	
INFO: current LH = -4754.860577306733	
INFO: current LH = -4754.764386711947	
INFO: current LH = -4755.188123021541	
INFO: current LH = -4755.316938923218	
INFO: current LH = -4754.635577584399	
INFO: current LH = -4755.223429816067	
INFO: current LH = -4754.729110328314	
INFO: Wall time: 8.19458s User: 0s System: 0.01s

INFO: current LH = -4754.975528199046	
INFO: current LH = -4754.975982922323	
INFO: current LH = -4754.975836661358	
INFO: current LH = -4754.976290684869	
INFO: current LH = -4754.977376336677	
INFO: current LH = -4754.977805056877	
INFO: current LH = -4754.679109306499	
INFO: current LH = -4755.273432091445	
INFO: current LH = -4754.939048349018	
INFO: current LH = -4755.013484545777	
INFO: current LH = -4754.785101291231	
INFO: current LH = -4755.167422514713	
INFO: current LH = -4755.001662455053	
INFO: current LH = -4754.950855184328	
INFO: current LH = -4754.977968249827	
INFO: current LH = -4754.974466144239	
INFO: current LH = -4754.974895459184	
INFO: current LH = -4754.973163129343	
INFO: current LH = -4754.976753528865	
INFO: current LH = -4754.97574856648	
INFO: Wall time: 42.5904s User: 0.01s System: 0.01s

INFO: current LH = -4754.97780433573	
INFO: current LH = -4754.977714824924	
INFO: current LH = -4754.977913456959	
INFO: current LH = -4754.977741953579	
INFO: current LH = -4754.977430321253	
INFO: current LH = -4754.977497094533	
INFO: current LH = -4754.977406305796	
INFO: current LH = -4754.97751142427	
INFO: current LH = -4754.977400596597	
INFO: current LH = -4754.977703907558	
INFO: current LH = -4753.566380880018	
INFO: current LH = -4756.387174120599	
INFO: current LH = -4754.978175472492	
INFO: current LH = -4754.975376376734	
INFO: current LH = -4754.964805359563	
INFO: current LH = -4754.988746544058	
INFO: current LH = -4754.84346399163	
INFO: current LH = -4755.110103793108	
INFO: current LH = -4754.77699344009	
INFO: current LH = -4755.176574594897	
INFO: Wall time: 26.9309s User: 0s System: 0s

INFO: current LH = -4755.092052211601	
INFO: current LH = -4754.861515508136	
INFO: current LH = -4754.764467865245	
INFO: current LH = -4755.189100003222	
INFO: current LH = -4755.318702783291	
INFO: current LH = -4754.634865125362	
INFO: current LH = -4755.226152130014	
INFO: current LH = -4754.727415923204	
INFO: current LH = -4754.979832227137	
INFO: current LH = -4754.979227598818	
INFO: current LH = -4754.979521146416	
INFO: current LH = -4754.978915976735	
INFO: current LH = -4754.977781594971	
INFO: current LH = -4754.97765485436	
INFO: current LH = -4754.676888083816	
INFO: current LH = -4755.27667053301	
INFO: current LH = -4754.939283493511	
INFO: current LH = -4755.014275044819	
INFO: current LH = -4754.784593373911	
INFO: current LH = -4755.168965168013	
INFO: Wall time: 29.1393s User: 0s System: 0.01s

INFO: current LH = -4755.002283437042	
INFO: current LH = -4754.95127524086	
INFO: current LH = -4754.978505493804	
INFO: current LH = -4754.975053055474	
INFO: current LH = -4754.977282011132	
INFO: current LH = -4754.976276645933	
INFO: current LH = -4754.979520425599	
INFO: current LH = -4754.985877881743	
INFO: current LH = -4755.001251415356	
INFO: current LH = -4755.042925565533	
INFO: current LH = -4755.127816133951	
INFO: current LH = -4755.152481446176	
INFO: current LH = -4753.744787010783	
INFO: current LH = -4756.557904130254	
INFO: current LH = -4755.153843161896	
INFO: current LH = -4755.148854661011	
INFO: current LH = -4755.139546583736	
INFO: current LH = -4755.163175332147	
INFO: current LH = -4755.017155587999	
INFO: current LH = -4755.285540586882	
INFO: Wall time: 27.5464s User: 0.01s System: 0.01s

INFO: current LH = -4754.949523012805	
INFO: current LH = -4755.35317928202	
INFO: current LH = -4755.266937978166	
INFO: current LH = -4755.035760201799	
INFO: current LH = -4754.93874170746	
INFO: current LH = -4755.363956831152	
INFO: current LH = -4755.496104582126	
INFO: current LH = -4754.806592135019	
INFO: current LH = -4755.401542633209	
INFO: current LH = -4754.901155703563	
INFO: current LH = -4755.152472207193	
INFO: current LH = -4755.152484145505	
INFO: current LH = -4755.152094667689	
INFO: current LH = -4755.152214254881	
INFO: current LH = -4754.919116205218	
INFO: current LH = -4754.753094121582	
INFO: current LH = -4754.883026494379	
INFO: current LH = -4755.035608944255	
INFO: current LH = -4754.814554967249	
INFO: current LH = -4754.65420084863	
INFO: Wall time: 26.7749s User: 0s System: 0.01s

INFO: current LH = -4755.162574100706	
INFO: current LH = -4755.13139299535	
INFO: current LH = -4755.158460937432	
INFO: current LH = -4755.144229237712	
INFO: current LH = -4754.856309746409	
INFO: current LH = -4755.446408280203	
INFO: current LH = -4755.101106771021	
INFO: current LH = -4755.201461068205	
INFO: current LH = -4754.946216707513	
INFO: current LH = -4755.356442824867	
INFO: current LH = -4755.187590347012	
INFO: current LH = -4755.115036201722	
INFO: current LH = -4755.153071045539	
INFO: current LH = -4755.149634165478	
INFO: current LH = -4755.151893773532	
INFO: current LH = -4755.150957811353	
INFO: current LH = -4755.152480786584	
INFO: current LH = -4753.744787637861	
INFO: current LH = -4756.557904760759	
INFO: current LH = -4755.153843789434	
INFO: Wall time: 38.841s User: 0s System: 0.01s

  no                                                           Name                    Value  type                 Error +-            Low          High
   0                                _J1P-1C-1Tophoton_eta(2225)Mag1     -0.02244353316770439  free                      0.5
   1                               _J1P-1C-1Tophoton_eta(2225)_1Phi                        0 fixed
   2                               L1S1_eta(2225)Toomega1_omega2Mag                        1 fixed
   3                               L1S1_eta(2225)Toomega1_omega2Phi                        0 fixed
   4                                                  eta(2225)Mass        2.276461266213336  free                     0.03           2.08           2.38
   5                                                 eta(2225)Width       0.2995109322558704  free                     0.03           0.04            0.3
   6                           L1S0_omega1Topion1+_pion1-_pion10Mag                        1 fixed
   7                           L1S0_omega1Topion1+_pion1-_pion10Phi                        0 fixed
   8                           L1S0_omega2Topion2+_pion2-_pion20Mag                        1 fixed
   9                           L1S0_omega2Topion2+_pion2-_pion20Phi                        0 fixed
  10                                 _J1P-1C-1Tophoton_f2(1910)Mag1       0.1580680057427856  free                      0.5
  11                                _J1P-1C-1Tophoton_f2(1910)_1Phi        3.943693617790795  free                      0.2
  12                                 _J1P-1C-1Tophoton_f2(1910)Mag2      -0.5575967062119704  free                      0.5
  13                                _J1P-1C-1Tophoton_f2(1910)_2Phi       0.2220080012975123  free                      0.2
  14                                 _J1P-1C-1Tophoton_f2(1910)Mag3      -0.6677462442778597  free                      0.5
  15                                _J1P-1C-1Tophoton_f2(1910)_3Phi      -0.5641115262106261  free                      0.2
  16                                L2S0_f2(1910)Toomega1_omega2Mag       0.0108262456095841  free                     0.25
  17                                L2S0_f2(1910)Toomega1_omega2Phi       -519.2331266963768  free                      0.2
  18                                L0S2_f2(1910)Toomega1_omega2Mag                      0.5 fixed
  19                                L0S2_f2(1910)Toomega1_omega2Phi                        0 fixed
  20                                L2S2_f2(1910)Toomega1_omega2Mag        3.333025950641425  free                     0.25
  21                                L2S2_f2(1910)Toomega1_omega2Phi      -0.1788225602017499  free                      0.2
  22                                L4S2_f2(1910)Toomega1_omega2Mag       0.8215710936962823  free                     0.25
  23                                L4S2_f2(1910)Toomega1_omega2Phi      -0.4044607755010703  free                      0.2
  24                                                   f2(1910)Mass        2.090999713897796  free                     0.03          1.791          2.091
  25                                                  f2(1910)Width       0.3399997520447566  free                    0.034           0.08           0.34
  26  channelType2photonpion1+pion1-pion10pion2+pion2-pion20Scaling                        1 fixed
INFO: current LH = -4755.14885529104	
INFO: current LH = -4755.139547212585	
INFO: current LH = -4755.163175960875	
INFO: current LH = -4755.017149842985	
INFO: current LH = -4755.285534846405	
INFO: current LH = -4754.949517267753	
INFO: current LH = -4755.353173541566	
INFO: current LH = -4755.266932235185	
INFO: current LH = -4755.035754459292	
INFO: current LH = -4754.938735962736	
INFO: current LH = -4755.363951090355	
INFO: current LH = -4755.496098843245	
INFO: current LH = -4754.806586388404	
INFO: current LH = -4755.401536892394	
INFO: current LH = -4754.901149958872	
INFO: current LH = -4755.152094667689	
INFO: current LH = -4755.152214254881	
INFO: current LH = -4755.158460937432	
INFO: current LH = -4755.144229237712	
INFO: current LH = -4754.856309746409	
INFO: Wall time: 17.55s User: 0s System: 0.01s

INFO: current LH = -4755.446408280203	
INFO: current LH = -4755.101106771021	
INFO: current LH = -4755.201461068205	
INFO: current LH = -4754.946216707513	
INFO: current LH = -4755.356442824867	
INFO: current LH = -4755.187590347012	
INFO: current LH = -4755.115036201722	
INFO: current LH = -4755.153071045539	
INFO: current LH = -4755.149634165478	
INFO: Client timing information: 
INFO: Client id 1 channel id 0  response time +0 s
INFO: Client id 0 channel id 0  response time +0.198 s
INFO: current LH = -4755.151893773532	
INFO: current LH = -4755.150957811353	
INFO: current LH = -4754.871121157059	
INFO: current LH = -4755.433747864594	
INFO: current LH = -4755.15293299531	
INFO: current LH = -4755.151934589857	
INFO: current LH = -4755.150072066004	
INFO: current LH = -4755.154796495679	
INFO: current LH = -4755.125591420716	
INFO: current LH = -4755.179268440489	
INFO: current LH = -4755.112064638649	
INFO: Wall time: 29.1726s User: 0.01s System: 0.01s

INFO: current LH = -4755.192796034478	
INFO: current LH = -4755.175547857623	
INFO: current LH = -4755.129312651028	
INFO: current LH = -4755.109908802801	
INFO: current LH = -4755.194951720183	
INFO: current LH = -4755.221381370874	
INFO: current LH = -4755.083479079259	
INFO: current LH = -4755.202468894965	
INFO: current LH = -4755.102391619943	
INFO: current LH = -4755.152456427886	
INFO: current LH = -4755.152480305744	
INFO: current LH = -4755.153860926256	
INFO: current LH = -4755.151011007032	
INFO: current LH = -4755.093426815118	
INFO: current LH = -4755.211446282624	
INFO: current LH = -4755.142398760832	
INFO: current LH = -4755.162468329294	
INFO: current LH = -4755.111412967628	
INFO: current LH = -4755.193457790497	
INFO: current LH = -4755.15968935674	
INFO: Wall time: 28.69s User: 0s System: 0.01s

INFO: current LH = -4755.145180081357	
INFO: current LH = -4755.152779338485	
INFO: current LH = -4755.152091981453	
INFO: current LH = -4755.15253210107	
INFO: current LH = -4755.152345120321	
INFO: current LH = -4753.745160314469	
INFO: current LH = -4753.73166755993	
INFO: current LH = -4753.610552152543	
INFO: current LH = -4753.543411986283	
INFO: current LH = -4753.858300086561	
INFO: current LH = -4753.532669152144	
INFO: current LH = -4754.085634029807	
INFO: current LH = -4753.991856383685	
INFO: current LH = -4753.74452415251	
INFO: current LH = -4753.75053124863	
INFO: current LH = -4753.451054825939	
INFO: current LH = -4753.69361573763	
INFO: current LH = -4753.540006208417	
INFO: current LH = -4753.779646967871	
INFO: current LH = -4753.745385592284	
INFO: Wall time: 32.4552s User: 0.01s System: 0s

INFO: current LH = -4753.744161125608	
INFO: current LH = -4755.140806909382	
INFO: current LH = -4755.018456822341	
INFO: current LH = -4754.950853322788	
INFO: current LH = -4755.26837638829	
INFO: current LH = -4754.940235907018	
INFO: current LH = -4755.497247596145	
INFO: current LH = -4755.402641129843	
INFO: current LH = -4755.153507069404	
INFO: current LH = -4755.159810317135	
INFO: current LH = -4754.857770721919	
INFO: current LH = -4755.102395733069	
INFO: current LH = -4754.947739850797	
INFO: current LH = -4755.188816389582	
INFO: current LH = -4755.154436379295	
INFO: current LH = -4755.153252785404	
INFO: current LH = -4755.004262554099	
INFO: current LH = -4754.936637518907	
INFO: current LH = -4755.253964717814	
INFO: current LH = -4754.925850227548	
INFO: Wall time: 28.2112s User: 0.01s System: 0.01s

INFO: current LH = -4755.483068555322	
INFO: current LH = -4755.388544001349	
INFO: current LH = -4755.139168603318	
INFO: current LH = -4755.145517133382	
INFO: current LH = -4754.843454386922	
INFO: current LH = -4755.088181980374	
INFO: current LH = -4754.933334433097	
INFO: current LH = -4755.174643669639	
INFO: current LH = -4755.140138259481	
INFO: current LH = -4755.13895940999	
INFO: current LH = -4754.812155254466	
INFO: current LH = -4755.132434582863	
INFO: current LH = -4754.80261684375	
INFO: current LH = -4755.361633988212	
INFO: current LH = -4755.267564074496	
INFO: current LH = -4755.016733155301	
INFO: current LH = -4755.023198966983	
INFO: current LH = -4754.719977338187	
INFO: current LH = -4754.965728632192	
INFO: current LH = -4754.810478868118	
INFO: Wall time: 32.6515s User: 0s System: 0.01s

INFO: current LH = -4755.052369774739	
INFO: current LH = -4755.017746346604	
INFO: current LH = -4755.016581257057	
INFO: current LH = -4755.064577375283	
INFO: current LH = -4754.734991968548	
INFO: current LH = -4755.294480264952	
INFO: current LH = -4755.200000088917	
INFO: current LH = -4754.949056164407	
INFO: current LH = -4754.955578823166	
INFO: current LH = -4754.652090701205	
INFO: current LH = -4754.898103265649	
INFO: current LH = -4754.742619086214	
INFO: current LH = -4754.984761571575	
INFO: current LH = -4754.950112176977	
INFO: current LH = -4754.948949302281	
INFO: current LH = -4755.054998728643	
INFO: current LH = -4755.609954945626	
INFO: current LH = -4755.514247767233	
INFO: current LH = -4755.266563996593	
INFO: current LH = -4755.27279854995	
INFO: Wall time: 35.7442s User: 0s System: 0.01s

INFO: current LH = -4754.971863351927	
INFO: current LH = -4755.215631450458	
INFO: current LH = -4755.061038500252	
INFO: current LH = -4755.301906226393	
INFO: current LH = -4755.267527246891	
INFO: current LH = -4755.266337720731	
INFO: current LH = -4755.283543240517	
INFO: current LH = -4755.189968858666	
INFO: current LH = -4754.938348337597	
INFO: current LH = -4754.944918245295	
INFO: current LH = -4754.641119776328	
INFO: current LH = -4754.887167913739	
INFO: current LH = -4754.731888680798	
INFO: current LH = -4754.974043476292	
INFO: current LH = -4754.939330626051	
INFO: current LH = -4754.938169242801	
INFO: current LH = -4755.743722016395	
INFO: current LH = -4755.495828078869	
INFO: current LH = -4755.501922025955	
INFO: current LH = -4755.201896333108	
INFO: Wall time: 41.5198s User: 0.01s System: 0s

INFO: current LH = -4755.444934997136	
INFO: current LH = -4755.290970977204	
INFO: current LH = -4755.530999102746	
INFO: current LH = -4755.496697148708	
INFO: current LH = -4755.495494622978	
INFO: current LH = -4755.401183125889	
INFO: current LH = -4755.407315668086	
INFO: current LH = -4755.107031303515	
INFO: current LH = -4755.350390639662	
INFO: current LH = -4755.195972937047	
INFO: current LH = -4755.436464618508	
INFO: current LH = -4755.402133250307	
INFO: current LH = -4755.400937893203	
INFO: current LH = -4755.158386262049	
INFO: current LH = -4754.856117595051	
INFO: current LH = -4755.100150843378	
INFO: current LH = -4754.945260609491	
INFO: current LH = -4755.18768964806	
INFO: current LH = -4755.15268413118	
INFO: current LH = -4755.151509074019	
INFO: Wall time: 42.2333s User: 0s System: 0.01s

INFO: current LH = -4754.862808766345	
INFO: current LH = -4755.108407332988	
INFO: current LH = -4754.952026876338	
INFO: current LH = -4755.192132553409	
INFO: current LH = -4755.159051191398	
INFO: current LH = -4755.157869694158	
INFO: current LH = -4754.804826477165	
INFO: current LH = -4754.649497657818	
INFO: current LH = -4754.891675582159	
INFO: current LH = -4754.856896852525	
INFO: current LH = -4754.855741281174	
INFO: current LH = -4754.894439327902	
INFO: current LH = -4755.137927792164	
INFO: current LH = -4755.101695903169	
INFO: current LH = -4755.100524568294	
INFO: current LH = -4754.981710552275	
INFO: current LH = -4754.946804141478	
INFO: current LH = -4754.945642072678	
INFO: current LH = -4755.188180432284	
INFO: current LH = -4755.186998772062	
INFO: Wall time: 44.6175s User: 0.01s System: 0s

INFO: current LH = -4755.152484071293	
INFO: current LH = 26308213352585.45	
INFO: current LH = 1120326.886114631	
INFO: current LH = -5122.149924398158	
INFO: current LH = -5121.585521041832	
INFO: current LH = -5122.700591350754	
INFO: current LH = -5121.913592702071	
INFO: current LH = -5122.383816279425	
INFO: current LH = -5122.404954466318	
INFO: current LH = -5121.884113363281	
INFO: current LH = -5122.272663247079	
INFO: current LH = -5122.024742831203	
INFO: current LH = -5122.338515974055	
INFO: current LH = -5121.979021380671	
INFO: current LH = -5122.217953160624	
INFO: current LH = -5122.08433849302	
INFO: current LH = -5121.915978068091	
INFO: current LH = -5122.381367328817	
INFO: current LH = -5121.808731356418	
INFO: current LH = -5122.489031831141	
INFO: Wall time: 14.2896s User: 0s System: 0.01s

INFO: current LH = -5122.374835253566	
INFO: current LH = -5121.922323005445	
INFO: current LH = -5121.818789215838	
INFO: current LH = -5122.478997729595	
INFO: current LH = -5122.765100808632	
INFO: current LH = -5121.532859164488	
INFO: current LH = -5122.849356419044	
INFO: current LH = -5121.448051310635	
INFO: current LH = -5122.550119675237	
INFO: Client timing information: 
INFO: Client id 0 channel id 0  response time +0 s
INFO: Client id 1 channel id 0  response time +0.015171 s
INFO: current LH = -5121.747858207095	
INFO: current LH = -5122.60704787728	
INFO: current LH = -5121.690359920293	
INFO: current LH = -5122.143514944618	
INFO: current LH = -5122.153754373944	
INFO: current LH = -5122.173006223531	
INFO: current LH = -5122.125699374893	
INFO: current LH = -5122.183234758386	
INFO: current LH = -5122.114176149406	
INFO: current LH = -5121.61029211358	
INFO: current LH = -5122.687576031745	
INFO: Wall time: 23.4732s User: 0s System: 0.01s

INFO: current LH = -5122.090000444721	
INFO: current LH = -5122.207787772671	
INFO: current LH = -5121.833043890504	
INFO: current LH = -5122.464379946961	
INFO: current LH = -5122.191291561405	
INFO: current LH = -5122.106580498375	
INFO: current LH = -5122.195787535435	
INFO: current LH = -5122.101619228104	
INFO: current LH = -5122.149228295168	
INFO: current LH = -5122.152753059634	
INFO: current LH = -5122.17756092554	
INFO: current LH = -5122.139286693943	
INFO: current LH = -5122.158400387629	
INFO: current LH = -5122.143889947981	
INFO: current LH = -2965.955862056931	
INFO: current LH = -5316.396846722515	
INFO: current LH = -5316.434196922592	
INFO: current LH = -5316.356527190364	
INFO: current LH = -5316.166987401399	
INFO: current LH = -5316.622570512442	
INFO: Wall time: 35.9021s User: 0.01s System: 0.01s

INFO: current LH = -5316.217223418394	
INFO: current LH = -5316.573935448126	
INFO: current LH = -5316.759378613143	
INFO: current LH = -5316.033243518144	
INFO: current LH = -5316.954063838065	
INFO: current LH = -5315.837091539143	
INFO: current LH = -5316.103765578211	
INFO: current LH = -5316.687421487964	
INFO: current LH = -5315.979916836961	
INFO: current LH = -5316.81164228319	
INFO: current LH = -5316.729064832444	
INFO: current LH = -5316.062030742223	
INFO: current LH = -5316.015299214584	
INFO: current LH = -5316.776316823136	
INFO: current LH = -5317.123495766698	
INFO: current LH = -5315.668096705283	
INFO: current LH = -5316.829640646441	
INFO: current LH = -5315.96192554472	
INFO: current LH = -5316.394208780543	
INFO: current LH = -5316.397029919974	
INFO: Wall time: 12.2478s User: 0s System: 0s

INFO: current LH = -5316.444093468167	
INFO: current LH = -5316.345911776613	
INFO: current LH = -5316.436312979584	
INFO: current LH = -5316.354843524798	
INFO: current LH = -5315.731925474276	
INFO: current LH = -5317.059719885975	
INFO: current LH = -5315.656925196498	
INFO: current LH = -5317.134233421514	
INFO: current LH = -5316.295386846392	
INFO: current LH = -5316.496164438785	
INFO: current LH = -5316.08892433118	
INFO: current LH = -5316.702455993502	
INFO: current LH = -5316.415670510627	
INFO: current LH = -5316.37597893521	
INFO: current LH = -5316.417682584261	
INFO: current LH = -5316.373476041836	
INFO: current LH = -5316.394713478456	
INFO: current LH = -5316.402397377678	
INFO: current LH = -5316.394805183067	
INFO: current LH = -5316.401423510149	
INFO: Wall time: 41.8088s User: 0s System: 0.01s

INFO: current LH = -5316.430815047315	
INFO: current LH = -5316.365476251637	
INFO: current LH = -3449.373911636302	
INFO: current LH = -5369.908783253345	
INFO: current LH = -5369.633217597412	
INFO: current LH = -5370.182832513345	
INFO: current LH = -5369.550387852218	
INFO: current LH = -5370.264622044721	
INFO: current LH = -5368.891238616079	
INFO: current LH = -5370.923341863266	
INFO: current LH = -5367.802011589317	
INFO: current LH = -5371.947425110759	
INFO: current LH = -5369.505671932759	
INFO: current LH = -5370.309332292899	
INFO: current LH = -5369.779427930558	
INFO: current LH = -5370.035901265929	
INFO: current LH = -5369.693796172475	
INFO: current LH = -5370.121551490255	
INFO: current LH = -5370.089443839323	
INFO: current LH = -5369.725827025868	
INFO: Wall time: 14.7551s User: 0.01s System: 0s

INFO: current LH = -5369.715524553052	
INFO: current LH = -5370.100031813939	
INFO: current LH = -5369.690508542542	
INFO: current LH = -5370.124499257686	
INFO: current LH = -5370.275065363835	
INFO: current LH = -5369.540463164902	
INFO: current LH = -5370.319232750362	
INFO: current LH = -5369.495774915776	
INFO: current LH = -5370.087176385189	
INFO: current LH = -5369.728273787689	
INFO: current LH = -5369.944634859961	
INFO: current LH = -5369.870976301815	
INFO: current LH = -5369.949649644174	
INFO: current LH = -5369.865355988455	
INFO: current LH = -5369.925690496465	
INFO: current LH = -5369.885288704893	
INFO: current LH = -5369.920113885524	
INFO: current LH = -5369.894890624728	
INFO: current LH = -5369.511146736114	
INFO: current LH = -5370.304539756598	
INFO: Wall time: 25.4595s User: 0s System: 0.01s

INFO: current LH = -5369.44451794745	
INFO: current LH = -5370.370487675691	
INFO: current LH = -5369.832929804021	
INFO: current LH = -5369.982521616877	
INFO: current LH = -5369.743298500315	
INFO: current LH = -5370.072534622817	
INFO: current LH = -5369.707415136354	
INFO: current LH = -5370.107590461048	
INFO: current LH = -5369.884420658585	
INFO: current LH = -5369.931198328114	
INFO: current LH = -5369.88068420358	
INFO: current LH = -5369.934321437099	
INFO: current LH = -5369.907203846523	
INFO: current LH = -5369.911789070225	
INFO: current LH = -5369.906992552865	
INFO: current LH = -5369.913136173095	
INFO: current LH = -5369.907352640136	
INFO: current LH = -5369.910115435085	
INFO: current LH = -5369.900367583661	
INFO: current LH = -5369.914672246288	
INFO: Wall time: 42.4551s User: 0s System: 0s

INFO: current LH = -5527.111877816084	
INFO: current LH = -5600.369674026747	
INFO: current LH = -5599.108364136227	
INFO: current LH = -5600.446498033033	
INFO: current LH = -5600.289987064099	
INFO: current LH = -5600.369752879799	
INFO: current LH = -5600.360880096793	
INFO: current LH = -5600.370794911543	
INFO: current LH = -5600.365883699339	
INFO: current LH = -5600.150165850822	
INFO: current LH = -5600.582942495304	
INFO: current LH = -5600.226771538431	
INFO: current LH = -5600.509906852377	
INFO: current LH = -5600.444425213229	
INFO: current LH = -5600.292442376344	
INFO: current LH = -5600.369595311809	
INFO: current LH = -5600.367697651045	
INFO: current LH = -5600.369420135155	
INFO: current LH = -5600.367257189094	
INFO: current LH = -5600.357093519289	
INFO: Wall time: 15.7107s User: 0.01s System: 0.01s

INFO: current LH = -5600.37960082006	
INFO: current LH = -5600.28379436374	
INFO: current LH = -5600.453728343392	
INFO: current LH = -5600.265562662405	
INFO: current LH = -5600.47111464412	
INFO: current LH = -5600.537965283376	
INFO: current LH = -5600.199493556293	
INFO: current LH = -5600.56955591829	
INFO: current LH = -5600.167121392118	
INFO: current LH = -5600.457512118456	
INFO: current LH = -5600.280035607714	
INFO: current LH = -5600.476419566567	
INFO: current LH = -5600.260257737787	
INFO: current LH = -5600.376842791444	
INFO: current LH = -5600.360658084277	
INFO: current LH = -5600.3780689151	
INFO: current LH = -5600.358610606737	
INFO: current LH = -5600.404513729462	
INFO: current LH = -5600.333345532933	
INFO: current LH = -5600.415975540395	
INFO: Wall time: 21.6164s User: 0s System: 0.01s

INFO: current LH = -5600.320706265034	
INFO: current LH = -5600.152571623819	
INFO: current LH = -5600.584869650294	
INFO: current LH = -5600.112530334522	
INFO: current LH = -5600.624148961811	
INFO: current LH = -5600.347041934592	
INFO: current LH = -5600.390575821026	
INFO: current LH = -5600.341295753823	
INFO: current LH = -5600.395384245455	
INFO: current LH = -5600.235676811317	
INFO: current LH = -5600.501806341437	
INFO: current LH = -5600.20910066974	
INFO: current LH = -5600.527578776168	
INFO: current LH = -5600.373155074365	
INFO: current LH = -5600.364956312461	
INFO: current LH = -5600.374369851392	
INFO: current LH = -5600.362313161873	
INFO: current LH = -5600.360502625045	
INFO: current LH = -5600.385000765017	
INFO: current LH = -5600.362939533205	
INFO: Wall time: 43.2863s User: 0.01s System: 0s

INFO: current LH = -5600.379076527153	
INFO: current LH = -5600.308658701838	
INFO: current LH = -5600.420223195973	
INFO: current LH = -5600.340249270765	
INFO: current LH = -5600.396426275966	
INFO: current LH = -5481.922820650729	
INFO: current LH = -5607.023513103234	
INFO: current LH = -5607.314294810422	
INFO: current LH = -5606.729433763151	
INFO: Client timing information: 
INFO: Client id 0 channel id 0  response time +0 s
INFO: Client id 1 channel id 0  response time +0.003572 s
INFO: current LH = -5607.285500957765	
INFO: current LH = -5606.758851073807	
INFO: current LH = -5607.079214349452	
INFO: current LH = -5606.965382427213	
INFO: current LH = -5607.144492382087	
INFO: current LH = -5606.90011573809	
INFO: current LH = -5607.005722716151	
INFO: current LH = -5607.038479315237	
INFO: current LH = -5606.910001776132	
INFO: current LH = -5607.134307201924	
INFO: current LH = -5607.099760104004	
INFO: Wall time: 20.2494s User: 0s System: 0.01s

INFO: current LH = -5606.944509309305	
INFO: current LH = -5606.831294360331	
INFO: current LH = -5607.212935895194	
INFO: current LH = -5607.395861029054	
INFO: current LH = -5606.648370687588	
INFO: current LH = -5607.251165120426	
INFO: current LH = -5606.793160666158	
INFO: current LH = -5607.019319925821	
INFO: current LH = -5607.024638914639	
INFO: current LH = -5607.07045024416	
INFO: current LH = -5606.974089373332	
INFO: current LH = -5606.611202383949	
INFO: current LH = -5607.432929355775	
INFO: current LH = -5606.991810339109	
INFO: current LH = -5607.05241331465	
INFO: current LH = -5606.813009605388	
INFO: current LH = -5607.230791578017	
INFO: current LH = -5607.04770685009	
INFO: current LH = -5606.996495816646	
INFO: current LH = -5607.014739112036	
INFO: Wall time: 31.6146s User: 0s System: 0s

INFO: current LH = -5607.035123794808	
INFO: current LH = -5607.103199326374	
INFO: current LH = -5606.945077958833	
INFO: current LH = -5607.140376378283	
INFO: current LH = -5606.909322674487	
INFO: current LH = -5623.146697106192	
INFO: current LH = -5638.412620745213	
INFO: current LH = -5638.46130800388	
INFO: current LH = -5638.414811776644	
INFO: current LH = -5638.505305944524	
INFO: current LH = -5638.443389436596	
INFO: current LH = -5638.476431978615	
INFO: current LH = -5638.326741604914	
INFO: current LH = -5638.593340535225	
INFO: current LH = -5638.383705527771	
INFO: current LH = -5638.536152391347	
INFO: current LH = -5638.379715417735	
INFO: current LH = -5638.540166031739	
INFO: current LH = -5638.483756821472	
INFO: current LH = -5638.436526566015	
INFO: Wall time: 24.339s User: 0s System: 0.01s

INFO: current LH = -5638.378553910282	
INFO: current LH = -5638.541894500829	
INFO: current LH = -5638.369000287945	
INFO: current LH = -5638.550924543658	
INFO: current LH = -5638.586749533292	
INFO: current LH = -5638.333886350822	
INFO: current LH = -5638.60729311127	
INFO: current LH = -5638.312630591238	
INFO: current LH = -5638.593050439121	
INFO: current LH = -5638.327295747451	
INFO: current LH = -5638.399471817675	
INFO: current LH = -5638.521670602438	
INFO: current LH = -5638.377432112055	
INFO: current LH = -5638.54249358892	
INFO: current LH = -5638.365845770421	
INFO: current LH = -5638.559170089592	
INFO: current LH = -5638.264162705343	
INFO: current LH = -5638.656070306869	
INFO: current LH = -5638.500385461679	
INFO: current LH = -5638.420610378963	
INFO: Wall time: 26.7808s User: 0.01s System: 0.01s

INFO: current LH = -5638.511346232473	
INFO: current LH = -5638.408579762107	
INFO: current LH = -5638.402365892343	
INFO: current LH = -5638.518432165712	
INFO: current LH = -5638.389384424518	
INFO: current LH = -5638.530541924883	
INFO: current LH = -5638.444435405261	
INFO: current LH = -5638.477214413056	
INFO: current LH = -5638.432631035716	
INFO: current LH = -5638.487293031622	
INFO: current LH = -5638.433290358292	
INFO: current LH = -5638.491362452882	
INFO: current LH = -5638.429290208684	
INFO: current LH = -5638.496013406505	
INFO: current LH = -5638.389969174244	
INFO: current LH = -5638.517720253023	
INFO: current LH = -5638.432919482106	
INFO: current LH = -5638.487011226914	
INFO: current LH = -5658.128378169858	
INFO: current LH = -5665.602876026282	
INFO: Wall time: 44.6895s User: 0s System: 0.01s

INFO: current LH = -5666.888945365969	
INFO: current LH = -5666.90869392093	
INFO: current LH = -5666.865931050815	
INFO: current LH = -5666.920046665155	
INFO: current LH = -5666.855144140142	
INFO: current LH = -5666.849413464567	
INFO: current LH = -5666.925991425613	
INFO: current LH = -5666.82129046897	
INFO: current LH = -5666.954248372003	
INFO: current LH = -5666.842042900427	
INFO: current LH = -5666.933642379655	
INFO: current LH = -5666.870088147939	
INFO: current LH = -5666.905570309285	
INFO: current LH = -5666.892946635996	
INFO: current LH = -5666.883019033111	
INFO: current LH = -5666.893473707194	
INFO: current LH = -5666.881712243256	
INFO: current LH = -5666.937547836076	
INFO: current LH = -5666.838683575061	
INFO: current LH = -5666.950677110302	
INFO: Wall time: 11.217s User: 0.01s System: 0s

INFO: current LH = -5666.824507523739	
INFO: current LH = -5666.949052953441	
INFO: current LH = -5666.826968995594	
INFO: current LH = -5666.960998308273	
INFO: current LH = -5666.814187394548	
INFO: current LH = -5666.868111921754	
INFO: current LH = -5666.906189376039	
INFO: current LH = -5666.871075820652	
INFO: current LH = -5666.904113282002	
INFO: current LH = -5666.951906757657	
INFO: current LH = -5666.819914783551	
INFO: current LH = -5666.93166619907	
INFO: current LH = -5666.843523467361	
INFO: current LH = -5666.877733384824	
INFO: current LH = -5666.897897285396	
INFO: current LH = -5666.917194011387	
INFO: current LH = -5666.8582437454	
INFO: current LH = -5666.871682121604	
INFO: current LH = -5666.903708507377	
INFO: current LH = -5666.886110298047	
INFO: Wall time: 34.2421s User: 0s System: 0.01s

INFO: current LH = -5666.890111843143	
INFO: current LH = -5666.885049777511	
INFO: current LH = -5666.890136651223	
INFO: current LH = -5666.773586705353	
INFO: current LH = -5667.006666070562	
INFO: current LH = -5666.694357965825	
INFO: current LH = -5667.076047101621	
INFO: current LH = -5666.772936831491	
INFO: current LH = -5667.002256199453	
INFO: current LH = -5674.444914981275	
INFO: current LH = -5674.509247936774	
INFO: current LH = -5674.377725861967	
INFO: current LH = -5674.474431704756	
INFO: current LH = -5674.412795706795	
INFO: current LH = -5674.481529265444	
INFO: current LH = -5674.405758880575	
INFO: current LH = -5674.26401128255	
INFO: current LH = -5674.622869104498	
INFO: current LH = -5674.317438178867	
INFO: current LH = -5674.569566035692	
INFO: Wall time: 26.5744s User: 0s System: 0.01s

INFO: current LH = -5674.547121485926	
INFO: current LH = -5674.339747875473	
INFO: current LH = -5674.363803550073	
INFO: current LH = -5674.523092364924	
INFO: current LH = -5674.554691352589	
INFO: current LH = -5674.332148025031	
INFO: current LH = -5674.627777733218	
INFO: current LH = -5674.259169901181	
INFO: current LH = -5674.420747861325	
INFO: current LH = -5674.466088348491	
INFO: current LH = -5674.545066461641	
INFO: current LH = -5674.337761605608	
INFO: current LH = -5674.508020981447	
INFO: current LH = -5674.379103625668	
INFO: current LH = -5674.407225014711	
INFO: current LH = -5674.479671191264	
INFO: current LH = -5674.469580091271	
INFO: current LH = -5674.417326730892	
INFO: current LH = -5674.43912625286	
INFO: current LH = -5674.447584862739	
INFO: Wall time: 30.3716s User: 0.01s System: 0s

INFO: current LH = -5674.439921453017	
INFO: current LH = -5674.447091661012	
INFO: current LH = -5674.293443907642	
INFO: current LH = -5674.598493586516	
INFO: current LH = -5674.273437974159	
INFO: current LH = -5674.619097418627	
INFO: current LH = -5674.473226267795	
INFO: current LH = -5674.415838386489	
INFO: current LH = -5674.497499662266	
INFO: current LH = -5674.389618911144	
INFO: current LH = -5682.039578290549	
INFO: current LH = -5682.976366047284	
INFO: current LH = -5682.878347846839	
INFO: current LH = -5683.043833699379	
INFO: current LH = -5682.906017123631	
INFO: current LH = -5682.972599985609	
INFO: current LH = -5682.977530752187	
INFO: current LH = -5683.050445297575	
INFO: current LH = -5682.899869660212	
INFO: current LH = -5682.782999667553	
INFO: Wall time: 34.4067s User: 0s System: 0.01s

INFO: current LH = -5683.166978384183	
INFO: current LH = -5682.825834679039	
INFO: current LH = -5683.124330100723	
INFO: current LH = -5683.142243215976	
INFO: current LH = -5682.807646350604	
INFO: current LH = -5682.868608830835	
INFO: current LH = -5683.081331912994	
INFO: current LH = -5683.103805240406	
INFO: current LH = -5682.84610260532	
INFO: Client timing information: 
INFO: Client id 0 channel id 0  response time +0 s
INFO: Client id 1 channel id 0  response time +0.061315 s
INFO: current LH = -5683.197353945216	
INFO: current LH = -5682.752700561055	
INFO: current LH = -5683.171602046549	
INFO: current LH = -5682.777122802976	
INFO: current LH = -5683.137214721962	
INFO: current LH = -5682.812807463097	
INFO: current LH = -5682.829113203582	
INFO: current LH = -5683.128626635952	
INFO: current LH = -5682.867535536075	
INFO: current LH = -5683.087907129496	
INFO: current LH = -5683.015960502144	
INFO: Wall time: 25.5955s User: 0.01s System: 0.01s

INFO: current LH = -5682.933869624901	
INFO: current LH = -5682.854151093381	
INFO: current LH = -5683.094691075412	
INFO: current LH = -5682.874624496942	
INFO: current LH = -5683.075397680363	
INFO: current LH = -5682.885808948825	
INFO: current LH = -5683.063159724365	
INFO: current LH = -5682.899762439352	
INFO: current LH = -5683.050259721703	
INFO: current LH = -5683.047023018969	
INFO: current LH = -5682.903771684764	
INFO: current LH = -5683.059723920302	
INFO: current LH = -5682.890297871581	
INFO: current LH = -5682.710733997182	
INFO: current LH = -5683.243859405994	
INFO: current LH = -5682.656073303222	
INFO: current LH = -5683.29936823168	
INFO: current LH = -5683.064769451785	
INFO: current LH = -5682.888532105414	
INFO: current LH = -5683.169842085057	
INFO: Wall time: 42.2525s User: 0s System: 0s

INFO: current LH = -5682.785592449026	
INFO: current LH = -5693.572023712523	
INFO: current LH = -5748.322385821329	
INFO: current LH = -5602.397926440765	
INFO: current LH = -5764.503831654139	
INFO: current LH = -5772.434987537791	
INFO: current LH = -5773.263872282482	
INFO: current LH = -5772.943117480865	
INFO: current LH = -5773.581462088066	
INFO: current LH = -5773.036571940383	
INFO: current LH = -5773.488650517366	
INFO: current LH = -5773.177803024017	
INFO: current LH = -5773.348199958928	
INFO: current LH = -5773.155374023677	
INFO: current LH = -5773.369617578643	
INFO: current LH = -5773.24754328003	
INFO: current LH = -5773.278009998521	
INFO: current LH = -5773.245420394485	
INFO: current LH = -5773.279571306984	
INFO: current LH = -5773.298324699354	
INFO: Wall time: 21.0861s User: 0s System: 0.01s

INFO: current LH = -5773.227728934633	
INFO: current LH = -5773.30753640935	
INFO: current LH = -5773.21745615701	
INFO: current LH = -5773.504198036064	
INFO: current LH = -5773.02071171752	
INFO: current LH = -5773.181373427312	
INFO: current LH = -5773.344115449068	
INFO: current LH = -5773.068029880656	
INFO: current LH = -5773.457884702276	
INFO: current LH = -5773.023405294366	
INFO: current LH = -5773.50158703931	
INFO: current LH = -5773.386080941301	
INFO: current LH = -5773.139697305641	
INFO: current LH = -5773.408266899488	
INFO: current LH = -5773.116725246759	
INFO: current LH = -5773.19558551698	
INFO: current LH = -5773.33136170872	
INFO: current LH = -5773.136349082924	
INFO: current LH = -5773.388654062124	
INFO: current LH = -5773.276898942972	
INFO: Wall time: 17.8165s User: 0.01s System: 0.01s

INFO: current LH = -5773.247229875757	
INFO: current LH = -5773.275440266476	
INFO: current LH = -5773.249549989546	
INFO: current LH = -5773.469279711356	
INFO: current LH = -5773.057274597176	
INFO: current LH = -5773.575803379606	
INFO: current LH = -5772.949194334774	
INFO: current LH = -5773.199538326122	
INFO: current LH = -5773.327171418257	
INFO: current LH = -5773.15840706548	
INFO: current LH = -5773.366592293008	
INFO: current LH = -5773.29998805396	
INFO: current LH = -5773.22717414743	
INFO: current LH = -5773.341661865812	
INFO: current LH = -5773.183347356458	
INFO: current LH = -5773.284040364548	
INFO: current LH = -5773.243023279566	
INFO: current LH = -5773.303740390753	
INFO: current LH = -5773.221265767315	
INFO: current LH = -5773.097127516961	
INFO: Wall time: 42.7803s User: 0s System: 0.01s

INFO: current LH = -5773.423082216395	
INFO: current LH = -5773.163976024659	
INFO: current LH = -5773.361015206232	
INFO: current LH = -5772.834455960778	
INFO: current LH = -5773.691763645656	
INFO: current LH = -5772.686707112895	
INFO: current LH = -5773.838281710251	
INFO: current LH = -5770.717069800373	
INFO: current LH = -5775.56998142137	
INFO: current LH = -5775.228135066047	
INFO: current LH = -5775.909048324201	
INFO: current LH = -5775.324137303993	
INFO: current LH = -5775.813093178158	
INFO: current LH = -5775.437758017666	
INFO: current LH = -5775.699538259982	
INFO: current LH = -5775.585029230914	
INFO: current LH = -5775.552340431231	
INFO: current LH = -5775.639979506308	
INFO: current LH = -5775.497428211209	
INFO: current LH = -5775.797810788225	
INFO: Wall time: 27.6261s User: 0s System: 0s

INFO: current LH = -5775.339434205813	
INFO: current LH = -5775.493406510977	
INFO: current LH = -5775.643941490645	
INFO: current LH = -5775.277063136253	
INFO: current LH = -5775.860345660533	
INFO: current LH = -5775.685358108657	
INFO: current LH = -5775.451982823005	
INFO: current LH = -5775.450009974529	
INFO: current LH = -5775.687878641524	
INFO: current LH = -5775.431551881034	
INFO: current LH = -5775.705654702047	
INFO: current LH = -5775.530365990433	
INFO: current LH = -5775.606997175751	
INFO: current LH = -5775.910878854149	
INFO: current LH = -5775.226686719627	
INFO: current LH = -5775.440862396372	
INFO: current LH = -5775.696553167165	
INFO: current LH = -5775.636336724791	
INFO: current LH = -5775.501468012231	
INFO: current LH = -5775.644783459613	
INFO: Wall time: 31.7436s User: 0s System: 0.01s

INFO: current LH = -5775.492423433254	
INFO: current LH = -5775.616504865911	
INFO: current LH = -5775.521420353394	
INFO: current LH = -5775.623875420529	
INFO: current LH = -5775.51333110143	
INFO: current LH = -5775.536854662117	
INFO: current LH = -5775.599860928249	
INFO: current LH = -5774.926891030242	
INFO: current LH = -5776.201819251205	
INFO: current LH = -5775.253069551847	
INFO: current LH = -5775.884146236517	
INFO: current LH = -5782.553734941707	
INFO: current LH = -5797.541169336953	
INFO: current LH = -5797.853016202062	
INFO: current LH = -5797.586429276582	
INFO: current LH = -5798.116893568726	
INFO: current LH = -5797.616878438371	
INFO: current LH = -5798.086358030633	
INFO: current LH = -5797.704250260504	
INFO: current LH = -5797.998821723027	
INFO: Wall time: 33.9362s User: 0.01s System: 0.01s

INFO: current LH = -5798.053737608008	
INFO: current LH = -5797.650600165161	
INFO: current LH = -5798.109096585078	
INFO: current LH = -5797.594170338433	
INFO: current LH = -5798.045852014176	
INFO: current LH = -5797.658187373296	
INFO: current LH = -5798.079936292109	
INFO: current LH = -5797.623334613729	
INFO: current LH = -5797.90590009457	
INFO: current LH = -5797.797513855499	
INFO: current LH = -5797.90158265083	
INFO: current LH = -5797.80218518995	
INFO: current LH = -5797.454885049056	
INFO: current LH = -5798.2490353259	
INFO: current LH = -5797.397317599959	
INFO: current LH = -5798.305952618191	
INFO: current LH = -5797.780829642841	
INFO: current LH = -5797.922923709508	
INFO: current LH = -5797.800486414725	
INFO: current LH = -5797.905289156251	
INFO: Wall time: 13.8908s User: 0s System: 0s

INFO: current LH = -5797.679738140963	
INFO: current LH = -5798.023619239983	
INFO: current LH = -5797.936782767096	
INFO: current LH = -5797.767610759142	
INFO: current LH = -5797.961495617943	
INFO: current LH = -5797.741778851629	
INFO: current LH = -5798.276264558078	
INFO: current LH = -5797.427862570507	
INFO: current LH = -5798.362646767474	
INFO: current LH = -5797.340625165656	
INFO: current LH = -5797.763480652849	
INFO: current LH = -5797.940794899364	
INFO: current LH = -5797.740416321302	
INFO: current LH = -5797.96285676535	
INFO: current LH = -5797.904974308561	
INFO: current LH = -5797.800101205724	
INFO: current LH = -5797.940766995634	
INFO: current LH = -5797.762518793827	
INFO: current LH = -5797.866083870922	
INFO: current LH = -5797.838214496159	
INFO: Wall time: 43.4761s User: 0s System: 0.02s

INFO: current LH = -5797.869237637439	
INFO: current LH = -5797.834035778952	
INFO: current LH = -5797.850790932234	
INFO: current LH = -5797.851599442008	
INFO: current LH = -5797.851280357649	
INFO: current LH = -5797.851985373843	
INFO: current LH = -5797.818080819611	
INFO: current LH = -5797.874597334945	
INFO: current LH = -5797.838749832477	
INFO: Client timing information: 
INFO: Client id 1 channel id 0  response time +0 s
INFO: Client id 0 channel id 0  response time +0.549065 s
INFO: current LH = -5797.864511810021	
INFO: current LH = -5804.228205473179	
INFO: current LH = -5823.303609307981	
INFO: current LH = -5836.887824833774	
INFO: current LH = -5838.691860042157	
INFO: current LH = -5838.709137895195	
INFO: current LH = -5838.671836113514	
INFO: current LH = -5838.717067402578	
INFO: current LH = -5838.663431455332	
INFO: current LH = -5838.772632764476	
INFO: current LH = -5838.607297658731	
INFO: Wall time: 32.4516s User: 0s System: 0s

INFO: current LH = -5838.761327655751	
INFO: current LH = -5838.619607954616	
INFO: current LH = -5838.878083669068	
INFO: current LH = -5838.501605996024	
INFO: current LH = -5838.846933832527	
INFO: current LH = -5838.534010931317	
INFO: current LH = -5838.89764826419	
INFO: current LH = -5838.482245642103	
INFO: current LH = -5838.867651876368	
INFO: current LH = -5838.513287882117	
INFO: current LH = -5838.763624629366	
INFO: current LH = -5838.616933846098	
INFO: current LH = -5838.692332398792	
INFO: current LH = -5838.68792783102	
INFO: current LH = -5838.6924453438	
INFO: current LH = -5838.688493283861	
INFO: current LH = -5838.376216221046	
INFO: current LH = -5839.003394127749	
INFO: current LH = -5838.432353019461	
INFO: current LH = -5838.948587492483	
INFO: Wall time: 10.1062s User: 0.01s System: 0.01s

INFO: current LH = -5838.677045457809	
INFO: current LH = -5838.702897514427	
INFO: current LH = -5838.679371242232	
INFO: current LH = -5838.701568384929	
INFO: current LH = -5838.627399608957	
INFO: current LH = -5838.740555132786	
INFO: current LH = -5838.666743425265	
INFO: current LH = -5838.714208913927	
INFO: current LH = -5838.679674240964	
INFO: current LH = -5838.704003768477	
INFO: current LH = -5838.591994015655	
INFO: current LH = -5838.787907600187	
INFO: current LH = -5838.977261647944	
INFO: current LH = -5838.402503831107	
INFO: current LH = -5838.931608626572	
INFO: current LH = -5838.449332555723	
INFO: current LH = -5838.503459378248	
INFO: current LH = -5838.87662767686	
INFO: current LH = -5838.527127859245	
INFO: current LH = -5838.853812212707	
INFO: Wall time: 34.9818s User: 0.01s System: 0s

INFO: current LH = -5838.78537240299	
INFO: current LH = -5838.592506445886	
INFO: current LH = -5838.757051988228	
INFO: current LH = -5838.623893509342	
INFO: current LH = -5838.758623847145	
INFO: current LH = -5838.619875047459	
INFO: current LH = -5838.741131665829	
INFO: current LH = -5838.63981244257	
INFO: current LH = -5838.488408310421	
INFO: current LH = -5838.89323685907	
INFO: current LH = -5838.455988032086	
INFO: current LH = -5838.92494330241	
INFO: current LH = -5838.63989414253	
INFO: current LH = -5838.742746860147	
INFO: current LH = -5838.607862322113	
INFO: current LH = -5838.773052988773	
INFO: current LH = -5871.125110357499	
INFO: current LH = -5874.040342223547	
INFO: current LH = -5881.172241193221	
INFO: current LH = -5881.076573121381	
INFO: Wall time: 42.6936s User: 0s System: 0.01s

INFO: current LH = -5881.265420773864	
INFO: current LH = -5881.296314852027	
INFO: current LH = -5881.044919444194	
INFO: current LH = -5881.025850678727	
INFO: current LH = -5881.3144539129	
INFO: current LH = -5881.052607682827	
INFO: current LH = -5881.2890695509	
INFO: current LH = -5881.265164762329	
INFO: current LH = -5881.075781732151	
INFO: current LH = -5881.255176074183	
INFO: current LH = -5881.086506228235	
INFO: current LH = -5881.399842788463	
INFO: current LH = -5880.941075149363	
INFO: current LH = -5881.374311457058	
INFO: current LH = -5880.967368496285	
INFO: current LH = -5881.119440127514	
INFO: current LH = -5881.22248293919	
INFO: current LH = -5881.292756553618	
INFO: current LH = -5881.049124924498	
INFO: current LH = -5880.840973339568	
INFO: Wall time: 8.71401s User: 0s System: 0s

INFO: current LH = -5881.500687505339	
INFO: current LH = -5880.984421069411	
INFO: current LH = -5881.356612036499	
INFO: current LH = -5881.003033698481	
INFO: current LH = -5881.338645992842	
INFO: current LH = -5881.205469833163	
INFO: current LH = -5881.138948194733	
INFO: current LH = -5881.38564425731	
INFO: current LH = -5880.95507231435	
INFO: current LH = -5881.168351019134	
INFO: current LH = -5881.115696192871	
INFO: current LH = -5881.176148976431	
INFO: current LH = -5881.165488639362	
INFO: current LH = -5881.499265682995	
INFO: current LH = -5880.843075680741	
INFO: current LH = -5881.546350321332	
INFO: current LH = -5880.795325772823	
INFO: current LH = -5880.959955844631	
INFO: current LH = -5881.38304202875	
INFO: current LH = -5880.880070628897	
INFO: Wall time: 35.0572s User: 0.01s System: 0.01s

INFO: current LH = -5881.461602123271	
INFO: current LH = -5881.204099132458	
INFO: current LH = -5881.140854321493	
INFO: current LH = -5881.250770057261	
INFO: current LH = -5881.096485794197	
INFO: current LH = -5881.190046445936	
INFO: current LH = -5881.153976262536	
INFO: current LH = -5881.215629162127	
INFO: current LH = -5881.126028199949	
INFO: current LH = -5881.277435968706	
INFO: current LH = -5881.062507163656	
INFO: current LH = -5881.255310861538	
INFO: current LH = -5881.086369243669	
INFO: current LH = -5881.145730792199	
INFO: current LH = -5881.193788007123	
INFO: current LH = -5881.152770829639	
INFO: current LH = -5881.188909620726	
INFO: current LH = -5896.636610890871	
INFO: current LH = -5899.811552363082	
INFO: current LH = -5899.678119918339	
INFO: Wall time: 41.7156s User: 0s System: 0.01s

INFO: current LH = -5899.942370020053	
INFO: current LH = -5899.697049632335	
INFO: current LH = -5899.923153672016	
INFO: current LH = -5899.57214117548	
INFO: current LH = -5900.047760633159	
INFO: current LH = -5899.897253473178	
INFO: current LH = -5899.722945779838	
INFO: current LH = -5900.009596503468	
INFO: current LH = -5899.610240793101	
INFO: current LH = -5899.660699544433	
INFO: current LH = -5899.959974840121	
INFO: current LH = -5900.007149283382	
INFO: current LH = -5899.61262739061	
INFO: current LH = -5899.620941401682	
INFO: current LH = -5899.998465077883	
INFO: current LH = -5899.64550613948	
INFO: current LH = -5899.974789887704	
INFO: current LH = -5899.578917168144	
INFO: current LH = -5900.040776421161	
INFO: current LH = -5899.600420986058	
INFO: Wall time: 8.90128s User: 0s System: 0s

INFO: current LH = -5900.019873758371	
INFO: current LH = -5899.732102334117	
INFO: current LH = -5899.79947117845	
INFO: current LH = -5899.804756031202	
INFO: current LH = -5899.815546342883	
INFO: current LH = -5899.70292641431	
INFO: current LH = -5899.915973579267	
INFO: current LH = -5899.723005776747	
INFO: current LH = -5899.897288595873	
INFO: current LH = -5900.092609829038	
INFO: current LH = -5899.527453805213	
INFO: current LH = -5899.559226355748	
INFO: current LH = -5900.053731925444	
INFO: current LH = -5899.679922461271	
INFO: current LH = -5899.940377694053	
INFO: current LH = -5899.862101137382	
INFO: current LH = -5899.76135752516	
INFO: current LH = -5899.954878318872	
INFO: current LH = -5899.670657324926	
INFO: current LH = -5899.877226984622	
INFO: Wall time: 40.7223s User: 0.01s System: 0.01s

  no                                                           Name                    Value  type                 Error +-            Low          High
   0                                _J1P-1C-1Tophoton_eta(2225)Mag1     -0.09345667840645856  free                      0.5
   1                               _J1P-1C-1Tophoton_eta(2225)_1Phi                        0 fixed
   2                               L1S1_eta(2225)Toomega1_omega2Mag                        1 fixed
   3                               L1S1_eta(2225)Toomega1_omega2Phi                        0 fixed
   4                                                  eta(2225)Mass        2.214382537600033  free                     0.03           2.08           2.38
   5                                                 eta(2225)Width       0.1684294613847596  free                     0.03           0.04            0.3
   6                           L1S0_omega1Topion1+_pion1-_pion10Mag                        1 fixed
   7                           L1S0_omega1Topion1+_pion1-_pion10Phi                        0 fixed
   8                           L1S0_omega2Topion2+_pion2-_pion20Mag                        1 fixed
   9                           L1S0_omega2Topion2+_pion2-_pion20Phi                        0 fixed
  10                                 _J1P-1C-1Tophoton_f2(1910)Mag1       0.1336050057541941  free                      0.5
  11                                _J1P-1C-1Tophoton_f2(1910)_1Phi        3.832016648623218  free                      0.2
  12                                 _J1P-1C-1Tophoton_f2(1910)Mag2      -0.4273654278210299  free                      0.5
  13                                _J1P-1C-1Tophoton_f2(1910)_2Phi       0.3711024825187972  free                      0.2
  14                                 _J1P-1C-1Tophoton_f2(1910)Mag3      -0.4923211909802834  free                      0.5
  15                                _J1P-1C-1Tophoton_f2(1910)_3Phi      -0.2855527108234723  free                      0.2
  16                                L2S0_f2(1910)Toomega1_omega2Mag       0.1328737849058323  free                     0.25
  17                                L2S0_f2(1910)Toomega1_omega2Phi       -511.2419685874059  free                      0.2
  18                                L0S2_f2(1910)Toomega1_omega2Mag                      0.5 fixed
  19                                L0S2_f2(1910)Toomega1_omega2Phi                        0 fixed
  20                                L2S2_f2(1910)Toomega1_omega2Mag        3.194817974526545  free                     0.25
  21                                L2S2_f2(1910)Toomega1_omega2Phi      -0.3122207306299766  free                      0.2
  22                                L4S2_f2(1910)Toomega1_omega2Mag       0.3120245196697058  free                     0.25
  23                                L4S2_f2(1910)Toomega1_omega2Phi      -0.6123229752338825  free                      0.2
  24                                                   f2(1910)Mass        1.950324042907288  free                     0.03          1.791          2.091
  25                                                  f2(1910)Width       0.2932526035505681  free                    0.034           0.08           0.34
  26  channelType2photonpion1+pion1-pion10pion2+pion2-pion20Scaling                        1 fixed
INFO: current LH = -5899.731193183504	
INFO: current LH = -5899.842166816451	
INFO: current LH = -5899.778136002518	
INFO: current LH = -5899.771336363195	
INFO: current LH = -5899.848653447934	
INFO: current LH = -5899.835103231194	
INFO: current LH = -5899.784517395593	
INFO: current LH = -5899.832874048501	
INFO: current LH = -5899.787419985468	
INFO: current LH = -5909.787181368758	
INFO: current LH = -5917.012465401597	
INFO: current LH = -5917.114070397841	
INFO: current LH = -5917.160530368284	
INFO: current LH = -5917.064375331409	
INFO: current LH = -5917.091961703829	
INFO: current LH = -5917.13356883485	
INFO: current LH = -5917.132744399894	
INFO: current LH = -5917.093071255311	
INFO: current LH = -5917.086659428917	
INFO: current LH = -5917.138284441108	
INFO: Wall time: 29.9226s User: 0s System: 0.01s

INFO: current LH = -5917.177197836389	
INFO: current LH = -5917.047717318434	
INFO: current LH = -5917.048981274651	
INFO: current LH = -5917.176223219069	
INFO: current LH = -5917.197793489038	
INFO: current LH = -5917.027026013944	
INFO: current LH = -5917.128680793699	
INFO: current LH = -5917.095893344765	
INFO: current LH = -5917.127240765406	
INFO: Client timing information: 
INFO: Client id 1 channel id 0  response time +0 s
INFO: Client id 0 channel id 0  response time +0.094874 s
INFO: current LH = -5917.098078356203	
INFO: current LH = -5917.033140228991	
INFO: current LH = -5917.191778218394	
INFO: current LH = -5917.046402067421	
INFO: current LH = -5917.178024992114	
INFO: current LH = -5917.055296355723	
INFO: current LH = -5917.170023641022	
INFO: current LH = -5916.968571991017	
INFO: current LH = -5917.256147179087	
INFO: current LH = -5916.98207639801	
INFO: current LH = -5917.243242953815	
INFO: Wall time: 23.4482s User: 0s System: 0.01s

INFO: current LH = -5917.274286012935	
INFO: current LH = -5916.950743909946	
INFO: current LH = -5917.049236920923	
INFO: current LH = -5917.174754012357	
INFO: current LH = -5917.060907079182	
INFO: current LH = -5917.16441320655	
INFO: current LH = -5917.130084413354	
INFO: current LH = -5917.030500019976	
INFO: current LH = -5917.122834039197	
INFO: current LH = -5917.102497565429	
INFO: current LH = -5917.098505231573	
INFO: current LH = -5917.123950667846	
INFO: current LH = -5917.103701892303	
INFO: current LH = -5917.121619223668	
INFO: current LH = -5917.130343166246	
INFO: current LH = -5917.0949060111	
INFO: current LH = -5916.983606240468	
INFO: current LH = -5917.243416060235	
INFO: current LH = -5916.906343863335	
INFO: current LH = -5917.31897688237	
INFO: Wall time: 43.5648s User: 0.01s System: 0s

INFO: current LH = -5930.350208321269	
INFO: current LH = -5930.506782952152	
INFO: current LH = -5930.462525181068	
INFO: current LH = -5930.54814638897	
INFO: current LH = -5930.584923332581	
INFO: current LH = -5930.425903860415	
INFO: current LH = -5930.54208937145	
INFO: current LH = -5930.469102376393	
INFO: current LH = -5930.576459340748	
INFO: current LH = -5930.43507365667	
INFO: current LH = -5930.588746005685	
INFO: current LH = -5930.421990663309	
INFO: current LH = -5930.580498690658	
INFO: current LH = -5930.430601877247	
INFO: current LH = -5930.400436810746	
INFO: current LH = -5930.610453729411	
INFO: current LH = -5930.606790047885	
INFO: current LH = -5930.403571738161	
INFO: current LH = -5930.551980132052	
INFO: current LH = -5930.458278641377	
INFO: Wall time: 12.4253s User: 0s System: 0.01s

INFO: current LH = -5930.41470266641	
INFO: current LH = -5930.595916351742	
INFO: current LH = -5930.530519867008	
INFO: current LH = -5930.48187113131	
INFO: current LH = -5930.543114354849	
INFO: current LH = -5930.467633241215	
INFO: current LH = -5930.494807889516	
INFO: current LH = -5930.515003433081	
INFO: current LH = -5930.496608509354	
INFO: current LH = -5930.51412767153	
INFO: current LH = -5930.613495209437	
INFO: current LH = -5930.3972793259	
INFO: current LH = -5930.375861185361	
INFO: current LH = -5930.63618337124	
INFO: current LH = -5930.327911174159	
INFO: current LH = -5930.682832397437	
INFO: current LH = -5930.478794406553	
INFO: current LH = -5930.531775550505	
INFO: current LH = -5930.575513969555	
INFO: current LH = -5930.439700261939	
INFO: Wall time: 40.2551s User: 0.01s System: 0.01s

INFO: current LH = -5930.597142767431	
INFO: current LH = -5930.419254569944	
INFO: current LH = -5930.49142027387	
INFO: current LH = -5930.519016612369	
INFO: current LH = -5930.389717309428	
INFO: current LH = -5930.616965601507	
INFO: current LH = -5930.432521737976	
INFO: current LH = -5930.578212602759	
INFO: current LH = -5937.876920820745	
INFO: current LH = -5941.010375907321	
INFO: current LH = -5941.53096453164	
INFO: current LH = -5941.472540310117	
INFO: current LH = -5941.586615234461	
INFO: current LH = -5941.557798276566	
INFO: current LH = -5941.501199316791	
INFO: current LH = -5941.494576613632	
INFO: current LH = -5941.564101729136	
INFO: current LH = -5941.626483632829	
INFO: current LH = -5941.433507283741	
INFO: current LH = -5941.646211860952	
INFO: Wall time: 29.8647s User: 0s System: 0s

INFO: current LH = -5941.412885966222	
INFO: current LH = -5941.614608346124	
INFO: current LH = -5941.445204835247	
INFO: current LH = -5941.627562424573	
INFO: current LH = -5941.431529741426	
INFO: current LH = -5941.422249469016	
INFO: current LH = -5941.637010189821	
INFO: current LH = -5941.631269405556	
INFO: current LH = -5941.42782117648	
INFO: current LH = -5941.531821616752	
INFO: current LH = -5941.527145239213	
INFO: current LH = -5941.427913782769	
INFO: current LH = -5941.631302126591	
INFO: current LH = -5941.598327639612	
INFO: current LH = -5941.461043223793	
INFO: current LH = -5941.484269989702	
INFO: current LH = -5941.572564761742	
INFO: current LH = -5941.496631795294	
INFO: current LH = -5941.562468946858	
INFO: current LH = -5941.664051479995	
INFO: Wall time: 22.8928s User: 0.01s System: 0.01s

INFO: current LH = -5941.39539303693	
INFO: current LH = -5941.390083879269	
INFO: current LH = -5941.667519458942	
INFO: current LH = -5941.41727729186	
INFO: current LH = -5941.641821969192	
INFO: current LH = -5941.494883077394	
INFO: current LH = -5941.565471340866	
INFO: current LH = -5941.482191072984	
INFO: current LH = -5941.576896465349	
INFO: current LH = -5941.669862756773	
INFO: current LH = -5941.393128987217	
INFO: current LH = -5941.758091635666	
INFO: current LH = -5941.306642070144	
INFO: current LH = -5941.653332081151	
INFO: current LH = -5941.405551840297	
INFO: current LH = -5941.592695523224	
INFO: current LH = -5941.464030254306	
INFO: current LH = -5941.577019662293	
INFO: current LH = -5941.482080345495	
INFO: current LH = -5946.267477568093	
INFO: Wall time: 45.8923s User: 0s System: 0s

INFO: current LH = -5947.158364469364	
INFO: current LH = -5947.259263249914	
INFO: current LH = -5947.241630395659	
INFO: current LH = -5947.274062463532	
INFO: current LH = -5947.251402868731	
INFO: current LH = -5947.264228425441	
INFO: current LH = -5947.24388055596	
INFO: current LH = -5947.271566218154	
INFO: current LH = -5947.294792712953	
INFO: current LH = -5947.220329384763	
INFO: current LH = -5947.276620651984	
INFO: current LH = -5947.239072520237	
INFO: current LH = -5947.231589080975	
INFO: current LH = -5947.283679273784	
INFO: current LH = -5947.255662632989	
INFO: current LH = -5947.25971242923	
INFO: current LH = -5947.377303472781	
INFO: current LH = -5947.137857556634	
INFO: current LH = -5947.270642358489	
INFO: current LH = -5947.244833403035	
INFO: Wall time: 12.9651s User: 0.01s System: 0.01s

INFO: current LH = -5947.398501051533	
INFO: current LH = -5947.115084539955	
INFO: current LH = -5947.3651988384	
INFO: current LH = -5947.150490017219	
INFO: current LH = -5947.296002544176	
INFO: current LH = -5947.215826750537	
INFO: current LH = -5947.283932696956	
INFO: current LH = -5947.231755632705	
INFO: current LH = -5947.241477931013	
INFO: current LH = -5947.273663630499	
INFO: current LH = -5947.211889239825	
INFO: current LH = -5947.303236287934	
INFO: current LH = -5947.224540407296	
INFO: current LH = -5947.28961555765	
INFO: current LH = -5947.231637343869	
INFO: current LH = -5947.284052179171	
INFO: current LH = -5947.628125895105	
INFO: current LH = -5946.873587005907	
INFO: current LH = -5947.413072839078	
INFO: current LH = -5947.102611483758	
INFO: Wall time: 41.5655s User: 0s System: 0.01s

INFO: current LH = -5947.266429225559	
INFO: current LH = -5947.2490311245	
INFO: current LH = -5947.210785385862	
INFO: current LH = -5947.305024107141	
INFO: current LH = -5949.954100859613	
INFO: current LH = -5950.989616009809	
INFO: current LH = -5951.079334755202	
INFO: current LH = -5951.090202855612	
INFO: current LH = -5951.065647789638	
INFO: current LH = -5951.063454456608	
INFO: current LH = -5951.092329691278	
INFO: current LH = -5951.061365159036	
INFO: current LH = -5951.094321367281	
INFO: current LH = -5951.142553883414	
INFO: current LH = -5951.013051189188	
INFO: current LH = -5951.119112672206	
INFO: current LH = -5951.036713931647	
INFO: current LH = -5951.064017677266	
INFO: current LH = -5951.091453511483	
INFO: current LH = -5951.068053830932	
INFO: Wall time: 22.1018s User: 0s System: 0.01s

INFO: current LH = -5951.087892958185	
INFO: current LH = -5951.145894897627	
INFO: current LH = -5951.010107274448	
INFO: current LH = -5951.089312870586	
INFO: current LH = -5951.066629544178	
INFO: current LH = -5951.190014714317	
INFO: current LH = -5950.965438156991	
INFO: current LH = -5950.998515566715	
INFO: current LH = -5951.155994240934	
INFO: Client timing information: 
INFO: Client id 1 channel id 0  response time +0 s
INFO: Client id 0 channel id 0  response time +0.063804 s
INFO: current LH = -5951.012877849555	
INFO: current LH = -5951.142949452507	
INFO: current LH = -5951.091995086365	
INFO: current LH = -5951.063882746645	
INFO: current LH = -5951.101903309333	
INFO: current LH = -5951.052935003596	
INFO: current LH = -5951.098985603325	
INFO: current LH = -5951.056842478444	
INFO: current LH = -5951.016514236325	
INFO: current LH = -5951.138232016824	
INFO: current LH = -5951.026153730166	
INFO: Wall time: 34.4834s User: 0.01s System: 0s

INFO: current LH = -5951.129674145156	
INFO: current LH = -5951.153326152294	
INFO: current LH = -5951.001308611662	
INFO: current LH = -5951.141668230773	
INFO: current LH = -5951.014159452222	
INFO: current LH = -5951.054857781513	
INFO: current LH = -5951.1009734691	
INFO: current LH = -5951.063269484241	
INFO: current LH = -5951.092274385117	
INFO: current LH = -5952.684237212244	
INFO: current LH = -5952.761110448714	
INFO: current LH = -5952.786712761539	
INFO: current LH = -5952.732655712983	
INFO: current LH = -5952.742763059562	
INFO: current LH = -5952.776620003534	
INFO: current LH = -5952.747755206921	
INFO: current LH = -5952.771626058905	
INFO: current LH = -5952.82801286122	
INFO: current LH = -5952.691287120869	
INFO: current LH = -5952.810546620025	
INFO: Wall time: 27.0965s User: 0s System: 0.01s

INFO: current LH = -5952.709008226142	
INFO: current LH = -5952.749815832459	
INFO: current LH = -5952.769415630924	
INFO: current LH = -5952.752225311448	
INFO: current LH = -5952.76730173924	
INFO: current LH = -5952.779200508887	
INFO: current LH = -5952.740382620139	
INFO: current LH = -5952.765981028718	
INFO: current LH = -5952.753568454898	
INFO: current LH = -5952.876344442002	
INFO: current LH = -5952.643280904622	
INFO: current LH = -5952.764165137856	
INFO: current LH = -5952.75563912999	
INFO: current LH = -5952.789269465703	
INFO: current LH = -5952.730195033391	
INFO: current LH = -5952.744802875964	
INFO: current LH = -5952.775063213341	
INFO: current LH = -5952.733594219249	
INFO: current LH = -5952.78646068918	
INFO: current LH = -5952.729429523642	
INFO: Wall time: 27.9924s User: 0.01s System: 0.01s

INFO: current LH = -5952.789954145134	
INFO: current LH = -5952.859721443489	
INFO: current LH = -5952.660063597033	
INFO: current LH = -5952.738031629561	
INFO: current LH = -5952.781382285409	
INFO: current LH = -5952.774644119632	
INFO: current LH = -5952.7445998209	
INFO: current LH = -5954.075386659363	
INFO: current LH = -5955.647648557596	
INFO: current LH = -5955.680775949017	
INFO: current LH = -5955.707088819619	
INFO: current LH = -5955.651580585406	
INFO: current LH = -5955.726721559919	
INFO: current LH = -5955.631972516596	
INFO: current LH = -5955.687677138788	
INFO: current LH = -5955.67106338754	
INFO: current LH = -5955.654253422888	
INFO: current LH = -5955.703182203685	
INFO: current LH = -5955.659041890622	
INFO: current LH = -5955.699676841113	
INFO: Wall time: 25.7935s User: 0s System: 0.01s

INFO: current LH = -5955.670303203028	
INFO: current LH = -5955.688052662173	
INFO: current LH = -5955.710152842023	
INFO: current LH = -5955.64831439619	
INFO: current LH = -5955.640981241474	
INFO: current LH = -5955.717886940561	
INFO: current LH = -5955.697109411232	
INFO: current LH = -5955.661711372039	
INFO: current LH = -5955.731727607632	
INFO: current LH = -5955.627058019653	
INFO: current LH = -5955.820903515873	
INFO: current LH = -5955.537385308791	
INFO: current LH = -5955.691767333617	
INFO: current LH = -5955.665895082761	
INFO: current LH = -5955.690412076705	
INFO: current LH = -5955.668301538445	
INFO: current LH = -5955.679740100406	
INFO: current LH = -5955.678955459071	
INFO: current LH = -5955.703505054908	
INFO: current LH = -5955.654899178701	
INFO: Wall time: 25.9525s User: 0.01s System: 0s

INFO: current LH = -5955.660415540221	
INFO: current LH = -5955.698092122671	
INFO: current LH = -5955.781908587725	
INFO: current LH = -5955.575284332285	
INFO: current LH = -5955.762757854518	
INFO: current LH = -5955.595956290637	
INFO: current LH = -5955.681124950498	
INFO: current LH = -5955.677575112039	
INFO: current LH = -5955.697276160498	
INFO: current LH = -5955.66125447125	
INFO: current LH = -5957.342028827079	
INFO: current LH = -5958.009315360128	
INFO: current LH = -5958.040683271508	
INFO: current LH = -5957.975017003593	
INFO: current LH = -5958.016740014401	
INFO: current LH = -5957.999161165942	
INFO: current LH = -5958.044626043691	
INFO: current LH = -5957.971457057542	
INFO: current LH = -5957.940836574981	
INFO: current LH = -5958.074344186539	
INFO: Wall time: 29.5702s User: 0s System: 0.01s

INFO: current LH = -5957.947316232594	
INFO: current LH = -5958.068473341268	
INFO: current LH = -5957.957266107419	
INFO: current LH = -5958.058293200576	
INFO: current LH = -5958.014791018499	
INFO: current LH = -5958.00098773741	
INFO: current LH = -5957.990946055726	
INFO: current LH = -5958.025008577988	
INFO: current LH = -5958.043660488198	
INFO: current LH = -5957.972154741433	
INFO: current LH = -5958.05604375886	
INFO: current LH = -5957.959855680627	
INFO: current LH = -5958.128371112392	
INFO: current LH = -5957.88767358989	
INFO: current LH = -5957.968755190224	
INFO: current LH = -5958.046312035895	
INFO: current LH = -5957.973269375084	
INFO: current LH = -5958.042520048905	
INFO: current LH = -5958.010967811369	
INFO: current LH = -5958.004966185447	
INFO: Wall time: 25.8224s User: 0s System: 0.01s

INFO: current LH = -5958.040996092994	
INFO: current LH = -5957.974556327638	
INFO: current LH = -5957.9637349592	
INFO: current LH = -5958.051897868058	
INFO: current LH = -5958.058344244865	
INFO: current LH = -5957.957681663612	
INFO: current LH = -5958.006578431779	
INFO: current LH = -5958.009246503999	
INFO: current LH = -5958.015007060802	
INFO: current LH = -5958.00089542657	
INFO: current LH = -5959.074000403069	
INFO: current LH = -5961.000069144111	
INFO: current LH = -5961.003253123173	
INFO: current LH = -5960.994064562379	
INFO: current LH = -5960.985526767639	
INFO: current LH = -5961.011812995745	
INFO: current LH = -5961.012599628977	
INFO: current LH = -5960.984809486013	
INFO: current LH = -5961.002003146154	
INFO: current LH = -5960.995567912059	
INFO: Wall time: 31.4145s User: 0.01s System: 0.01s

INFO: current LH = -5961.001060519303	
INFO: current LH = -5960.996678745555	
INFO: current LH = -5960.943746255071	
INFO: current LH = -5961.053512708847	
INFO: current LH = -5961.039047839217	
INFO: current LH = -5960.95832966017	
INFO: current LH = -5961.003768895283	
INFO: current LH = -5960.993395362115	
INFO: current LH = -5960.978770936363	
INFO: current LH = -5961.018690876385	
INFO: current LH = -5961.126018417233	
INFO: current LH = -5960.871537138081	
INFO: current LH = -5961.017113005185	
INFO: current LH = -5960.980235034926	
INFO: current LH = -5961.026286217481	
INFO: current LH = -5960.971323590845	
INFO: current LH = -5960.980094624888	
INFO: current LH = -5961.017585886566	
INFO: current LH = -5960.988202579073	
INFO: current LH = -5961.009812319924	
INFO: Wall time: 26.1877s User: 0s System: 0s

INFO: current LH = -5960.98614415553	
INFO: current LH = -5961.011149569581	
INFO: current LH = -5961.076632279342	
INFO: current LH = -5960.920077931997	
INFO: current LH = -5961.01006421314	
INFO: current LH = -5960.987146940897	
INFO: current LH = -5961.091015306252	
INFO: current LH = -5960.905889716311	
INFO: current LH = -5961.965514947863	
INFO: current LH = -5965.322483471984	
INFO: current LH = -5969.811555738268	
INFO: current LH = -5969.807381261995	
INFO: current LH = -5969.904974948811	
INFO: current LH = -5969.953694344797	
INFO: current LH = -5969.853393565695	
INFO: current LH = -5969.888468181737	
INFO: current LH = -5969.918586499936	
INFO: current LH = -5969.933515966974	
INFO: current LH = -5969.873408475482	
INFO: current LH = -5969.898728466252	
INFO: Wall time: 33.0903s User: 0s System: 0.01s

INFO: current LH = -5969.907276348526	
INFO: current LH = -5969.899921475734	
INFO: current LH = -5969.907180952518	
INFO: current LH = -5969.884269478663	
INFO: current LH = -5969.923359021229	
INFO: current LH = -5969.961450265638	
INFO: current LH = -5969.843808672372	
INFO: current LH = -5969.949374171173	
INFO: current LH = -5969.857728762372	
INFO: Client timing information: 
INFO: Client id 1 channel id 0  response time +0 s
INFO: Client id 0 channel id 0  response time +0.050113 s
INFO: current LH = -5969.884811919083	
INFO: current LH = -5969.922411219324	
INFO: current LH = -5969.918261068021	
INFO: current LH = -5969.888046780065	
INFO: current LH = -5969.916907723631	
INFO: current LH = -5969.890195234215	
INFO: current LH = -5969.922962417987	
INFO: current LH = -5969.884416954807	
INFO: current LH = -5970.052140200232	
INFO: current LH = -5969.754843307694	
INFO: current LH = -5969.987125685742	
INFO: Wall time: 15.2011s User: 0.01s System: 0.01s

INFO: current LH = -5969.8172437869	
INFO: current LH = -5969.96422170844	
INFO: current LH = -5969.842881675121	
INFO: current LH = -5969.834460251858	
INFO: current LH = -5969.972833444981	
INFO: current LH = -5969.835264040795	
INFO: current LH = -5969.97194660393	
INFO: current LH = -5969.9374161092	
INFO: current LH = -5969.870043784023	
INFO: current LH = -5969.883275089634	
INFO: current LH = -5969.920130628009	
INFO: current LH = -5969.891401822982	
INFO: current LH = -5969.91570139519	
INFO: current LH = -5969.849192906363	
INFO: current LH = -5969.957926395489	
INFO: current LH = -5969.93067230096	
INFO: current LH = -5969.877065419867	
INFO: current LH = -5969.93395909851	
INFO: current LH = -5969.87314430198	
INFO: current LH = -5970.484280244806	
INFO: Wall time: 53.7054s User: 0s System: 0.01s

INFO: current LH = -5972.363563279892	
INFO: current LH = -5972.400413283833	
INFO: current LH = -5972.323876397686	
INFO: current LH = -5972.364031034218	
INFO: current LH = -5972.360245416956	
INFO: current LH = -5972.378714917941	
INFO: current LH = -5972.345559319311	
INFO: current LH = -5972.3794040221	
INFO: current LH = -5972.344591921263	
INFO: current LH = -5972.349619419781	
INFO: current LH = -5972.374636981198	
INFO: current LH = -5972.382901024591	
INFO: current LH = -5972.341163546296	
INFO: current LH = -5972.375361279081	
INFO: current LH = -5972.349046926235	
INFO: current LH = -5972.37399127663	
INFO: current LH = -5972.350083098827	
INFO: current LH = -5972.343318202442	
INFO: current LH = -5972.381056008797	
INFO: current LH = -5972.53325968999	
INFO: Wall time: 13.9514s User: 0.01s System: 0s

INFO: current LH = -5972.191220636692	
INFO: current LH = -5972.32958700626	
INFO: current LH = -5972.393707588174	
INFO: current LH = -5972.334500228235	
INFO: current LH = -5972.389776469679	
INFO: current LH = -5972.317315377965	
INFO: current LH = -5972.407241112726	
INFO: current LH = -5972.341355419884	
INFO: current LH = -5972.382336969456	
INFO: current LH = -5972.34402112479	
INFO: current LH = -5972.380241610501	
INFO: current LH = -5972.310925654236	
INFO: current LH = -5972.41348870159	
INFO: current LH = -5972.337904265755	
INFO: current LH = -5972.386414615105	
INFO: current LH = -5972.412672239811	
INFO: current LH = -5972.311746477028	
INFO: current LH = -5973.985205844116	
INFO: current LH = -5974.043166709417	
INFO: current LH = -5974.065315843082	
INFO: Wall time: 41.8759s User: 0.01s System: 0.01s

INFO: current LH = -5974.018156241013	
INFO: current LH = -5974.05676652859	
INFO: current LH = -5974.02672603293	
INFO: current LH = -5974.052696239554	
INFO: current LH = -5974.030828311863	
INFO: current LH = -5974.013729136894	
INFO: current LH = -5974.069258906189	
INFO: current LH = -5973.997394106975	
INFO: current LH = -5974.085833990413	
INFO: current LH = -5974.015990767189	
INFO: current LH = -5974.067539325478	
INFO: current LH = -5974.091695504728	
INFO: current LH = -5973.991921834039	
INFO: current LH = -5974.079223707444	
INFO: current LH = -5974.004140863791	
INFO: current LH = -5973.99712559356	
INFO: current LH = -5974.086396278913	
INFO: current LH = -5974.215038238171	
INFO: current LH = -5973.868518857838	
INFO: current LH = -5974.041481386412	
INFO: Wall time: 13.8798s User: 0s System: 0.01s

INFO: current LH = -5974.042080719396	
INFO: current LH = -5974.006110170303	
INFO: current LH = -5974.077504058675	
INFO: current LH = -5974.009725496439	
INFO: current LH = -5974.073984314599	
INFO: current LH = -5974.039042412708	
INFO: current LH = -5974.044655799179	
INFO: current LH = -5973.973394335134	
INFO: current LH = -5974.10992503404	
INFO: current LH = -5974.045094719248	
INFO: current LH = -5974.038481783671	
INFO: current LH = -5974.089875233386	
INFO: current LH = -5973.993997552172	
INFO: current LH = -5975.220013046587	
INFO: current LH = -5978.604612577105	
INFO: current LH = -5979.801562012086	
INFO: current LH = -5979.81542776691	
INFO: current LH = -5979.784839307202	
INFO: current LH = -5979.813022789533	
INFO: current LH = -5979.787302230779	
INFO: Wall time: 37.0028s User: 0.01s System: 0s

INFO: current LH = -5979.805532101806	
INFO: current LH = -5979.794860032383	
INFO: current LH = -5979.820219985902	
INFO: current LH = -5979.779404537529	
INFO: current LH = -5979.818554670549	
INFO: current LH = -5979.781712733152	
INFO: current LH = -5979.802943819217	
INFO: current LH = -5979.79795681324	
INFO: current LH = -5979.802962402234	
INFO: current LH = -5979.797313062825	
INFO: current LH = -5979.826531240806	
INFO: current LH = -5979.772681599495	
INFO: current LH = -5979.823124737575	
INFO: current LH = -5979.777144715603	
INFO: current LH = -5979.81612104577	
INFO: current LH = -5979.784383043286	
INFO: current LH = -5979.72611003825	
INFO: current LH = -5979.873842539542	
INFO: current LH = -5979.769252547041	
INFO: current LH = -5979.83142287283	
INFO: Wall time: 10.6672s User: 0s System: 0.01s

INFO: current LH = -5980.000039784795	
INFO: current LH = -5979.600634227148	
INFO: current LH = -5979.758674513493	
INFO: current LH = -5979.840384596093	
INFO: current LH = -5979.765918376086	
INFO: current LH = -5979.834351919888	
INFO: current LH = -5979.800101953615	
INFO: current LH = -5979.800576979459	
INFO: current LH = -5979.801503384582	
INFO: current LH = -5979.798677902275	
INFO: current LH = -5979.750055738522	
INFO: current LH = -5979.850294048964	
INFO: current LH = -5979.706274548274	
INFO: current LH = -5979.89449306933	
INFO: current LH = -5979.840847141246	
INFO: current LH = -5979.759802480729	
INFO: current LH = -5979.824397032575	
INFO: current LH = -5979.777577419412	
INFO: current LH = -5979.837018894909	
INFO: current LH = -5979.763264299607	
INFO: Wall time: 50.4469s User: 0s System: 0.01s

INFO: current LH = -5983.778175114161	
INFO: current LH = -5983.784883090821	
INFO: current LH = -5983.768623465949	
INFO: current LH = -5983.773930527099	
INFO: current LH = -5983.779577326844	
INFO: current LH = -5983.789536067409	
INFO: current LH = -5983.763983861188	
INFO: current LH = -5983.759476923521	
INFO: current LH = -5983.794157790802	
INFO: current LH = -5983.763977488151	
INFO: current LH = -5983.789327935562	
INFO: current LH = -5983.792099486827	
INFO: current LH = -5983.761696712586	
INFO: current LH = -5983.762091678511	
INFO: current LH = -5983.790961563484	
INFO: current LH = -5983.775659805682	
INFO: current LH = -5983.777657425917	
INFO: current LH = -5983.792608318298	
INFO: current LH = -5983.760440450616	
INFO: current LH = -5983.933959344298	
INFO: Wall time: 14.9926s User: 0.01s System: 0s

INFO: current LH = -5983.61920555592	
INFO: current LH = -5983.743368370214	
INFO: current LH = -5983.810151297767	
INFO: current LH = -5983.767339802069	
INFO: current LH = -5983.78591564455	
INFO: current LH = -5983.778355219326	
INFO: current LH = -5983.774933651178	
INFO: current LH = -5983.728037574856	
INFO: current LH = -5983.825109417015	
INFO: current LH = -5983.742858498881	
INFO: current LH = -5983.810154385556	
INFO: current LH = -5983.78768369288	
INFO: current LH = -5983.765792835944	
INFO: current LH = -5983.759524565928	
INFO: current LH = -5983.795853370984	
INFO: current LH = -5983.745667593341	
INFO: current LH = -5983.8078458683	
INFO: current LH = -5985.379726389348	
INFO: current LH = -5985.453423066313	
INFO: current LH = -5985.457722655416	
INFO: Wall time: 50.8372s User: 0s System: 0.01s

INFO: current LH = -5985.433357952242	
INFO: current LH = -5985.479297993319	
INFO: current LH = -5985.456682908069	
INFO: current LH = -5985.455903169208	
INFO: current LH = -5985.436135808472	
INFO: current LH = -5985.47644417419	
INFO: current LH = -5985.493936814914	
INFO: current LH = -5985.41879392235	
INFO: current LH = -5985.504906562287	
INFO: Client timing information: 
INFO: Client id 0 channel id 0  response time +0 s
INFO: Client id 1 channel id 0  response time +0.012925 s
INFO: current LH = -5985.407960131052	
INFO: current LH = -5985.407046145635	
INFO: current LH = -5985.505540861428	
INFO: current LH = -5985.492703400133	
INFO: current LH = -5985.419957499338	
INFO: current LH = -5985.40922699648	
INFO: current LH = -5985.503255584227	
INFO: current LH = -5985.41198601614	
INFO: current LH = -5985.500709930369	
INFO: current LH = -5985.612663749505	
INFO: current LH = -5985.300115413183	
INFO: Wall time: 14.6617s User: 0s System: 0.01s

INFO: current LH = -5985.459576396651	
INFO: current LH = -5985.453371018571	
INFO: current LH = -5985.503044602018	
INFO: current LH = -5985.409759088913	
INFO: current LH = -5985.439863408319	
INFO: current LH = -5985.473151390748	
INFO: current LH = -5985.444896339323	
INFO: current LH = -5985.468238053018	
INFO: current LH = -5985.443324609949	
INFO: current LH = -5985.469268280376	
INFO: current LH = -5985.423845257918	
INFO: current LH = -5985.488511794628	
INFO: current LH = -5985.492447153799	
INFO: current LH = -5985.420237704105	
INFO: current LH = -5985.47126768679	
INFO: current LH = -5985.442148692473	
INFO: current LH = -5985.473578548776	
INFO: current LH = -5985.439013589275	
INFO: current LH = -5986.831831808259	
INFO: current LH = -5987.853579595027	
INFO: Wall time: 51.8034s User: 0s System: 0s

INFO: current LH = -5987.786321400497	
INFO: current LH = -5987.918053202576	
INFO: current LH = -5987.861070066576	
INFO: current LH = -5987.843162978666	
INFO: current LH = -5987.779376443995	
INFO: current LH = -5987.924738950906	
INFO: current LH = -5987.871524902338	
INFO: current LH = -5987.83226804527	
INFO: current LH = -5987.907827444238	
INFO: current LH = -5987.796693145968	
INFO: current LH = -5987.814965184029	
INFO: current LH = -5987.888983137327	
INFO: current LH = -5987.870716511775	
INFO: current LH = -5987.83367559287	
INFO: current LH = -5987.776223627405	
INFO: current LH = -5987.927919894604	
INFO: current LH = -5987.828207378482	
INFO: current LH = -5987.876234064611	
INFO: current LH = -5988.023365792402	
INFO: current LH = -5987.680993683014	
INFO: Wall time: 12.4766s User: 0.01s System: 0.01s

INFO: current LH = -5987.898095401807	
INFO: current LH = -5987.805485681837	
INFO: current LH = -5987.893517548001	
INFO: current LH = -5987.81078604858	
INFO: current LH = -5987.884483764046	
INFO: current LH = -5987.819981425505	
INFO: current LH = -5987.857779722704	
INFO: current LH = -5987.846717866936	
INFO: current LH = -5987.848228916802	
INFO: current LH = -5987.85630402128	
INFO: current LH = -5987.802025574426	
INFO: current LH = -5987.902088578704	
INFO: current LH = -5987.889680185784	
INFO: current LH = -5987.814673080949	
INFO: current LH = -5987.857131299905	
INFO: current LH = -5987.848678334192	
INFO: current LH = -5987.858311340226	
INFO: current LH = -5987.845992917712	
INFO: current LH = -5988.91586458148	
INFO: current LH = -5991.299459861661	
INFO: Wall time: 46.2199s User: 0s System: 0.01s

INFO: current LH = -5991.355638182948	
INFO: current LH = -5991.374053675499	
INFO: current LH = -5991.36590834399	
INFO: current LH = -5991.37924585394	
INFO: current LH = -5991.374244597324	
INFO: current LH = -5991.371051653687	
INFO: current LH = -5991.362443218271	
INFO: current LH = -5991.382899518499	
INFO: current LH = -5991.377266490148	
INFO: current LH = -5991.367850560046	
INFO: current LH = -5991.394585477359	
INFO: current LH = -5991.350771051106	
INFO: current LH = -5991.390616463546	
INFO: current LH = -5991.354399393826	
INFO: current LH = -5991.345858980142	
INFO: current LH = -5991.399206915295	
INFO: current LH = -5991.368099216412	
INFO: current LH = -5991.376813763958	
INFO: current LH = -5991.403083651786	
INFO: current LH = -5991.342056899228	
INFO: Wall time: 14.2612s User: 0.01s System: 0.01s

INFO: current LH = -5991.52332072748	
INFO: current LH = -5991.221729096487	
INFO: current LH = -5991.306200766569	
INFO: current LH = -5991.43763496682	
INFO: current LH = -5991.318879682652	
INFO: current LH = -5991.42636736554	
INFO: current LH = -5991.345488744148	
INFO: current LH = -5991.399814499551	
INFO: current LH = -5991.444743816314	
INFO: current LH = -5991.299592490259	
INFO: current LH = -5991.435795400505	
INFO: current LH = -5991.309452471106	
INFO: current LH = -5991.283223594733	
INFO: current LH = -5991.46099487939	
INFO: current LH = -5991.296437528568	
INFO: current LH = -5991.448810133585	
INFO: current LH = -5991.348776768511	
INFO: current LH = -5991.396904242674	
INFO: current LH = -5991.336537761257	
INFO: current LH = -5991.408604773027	
INFO: Wall time: 53.6564s User: 0s System: 0s

INFO: current LH = -5991.376815354532	
INFO: current LH = -5991.374540676014	
INFO: current LH = -5992.321560736637	
INFO: current LH = -5995.343359735914	
INFO: current LH = -5991.258296342521	
INFO: current LH = -5995.763419629991	
INFO: current LH = -5996.037823615413	
INFO: current LH = -5996.025505641772	
INFO: current LH = -5996.047289694406	
INFO: current LH = -5996.043449574562	
INFO: current LH = -5996.029381819056	
INFO: current LH = -5996.014470242366	
INFO: current LH = -5996.05843459099	
INFO: current LH = -5996.120906856485	
INFO: current LH = -5995.95179137672	
INFO: current LH = -5996.126808616909	
INFO: current LH = -5995.946390143854	
INFO: current LH = -5995.979053720049	
INFO: current LH = -5996.09350936001	
INFO: current LH = -5996.084944402724	
INFO: Wall time: 24.1102s User: 0s System: 0.02s

INFO: current LH = -5995.988200684242	
INFO: current LH = -5995.946259493292	
INFO: current LH = -5996.126604151223	
INFO: current LH = -5995.982376718617	
INFO: current LH = -5996.090821793931	
INFO: current LH = -5996.175461504159	
INFO: current LH = -5995.897944779101	
INFO: current LH = -5996.193134869925	
INFO: current LH = -5995.879655370602	
INFO: current LH = -5996.008037208143	
INFO: current LH = -5996.0650104173	
INFO: current LH = -5996.088962099522	
INFO: current LH = -5995.984450455217	
INFO: current LH = -5996.095505182857	
INFO: current LH = -5995.977285088358	
INFO: current LH = -5996.069174548823	
INFO: current LH = -5996.00415373887	
INFO: current LH = -5996.008213567403	
INFO: current LH = -5996.065466586004	
INFO: current LH = -5996.00188050996	
INFO: Wall time: 43.8922s User: 0.01s System: 0s

INFO: current LH = -5996.070911254074	
INFO: current LH = -5996.030130409617	
INFO: current LH = -5996.043247443587	
INFO: current LH = -5996.029034322135	
INFO: current LH = -5996.043755804816	
INFO: current LH = -5996.065522712527	
INFO: current LH = -5996.007433858967	
INFO: current LH = -5995.927435965042	
INFO: current LH = -5996.13657099587	
INFO: current LH = -5995.984623382665	
INFO: current LH = -5996.088160834992	
INFO: current LH = -5996.87307770709	
INFO: current LH = -5998.926799289407	
INFO: current LH = -5999.15727543458	
INFO: current LH = -5999.190176020699	
INFO: current LH = -5999.121375093398	
INFO: current LH = -5999.155718692456	
INFO: current LH = -5999.156012844525	
INFO: current LH = -5999.183873589817	
INFO: current LH = -5999.127916440338	
INFO: Wall time: 32.1553s User: 0s System: 0.01s

INFO: current LH = -5999.160245861857	
INFO: current LH = -5999.151197140073	
INFO: current LH = -5999.197325157525	
INFO: current LH = -5999.114619051897	
INFO: current LH = -5999.169405539415	
INFO: current LH = -5999.142144464938	
INFO: current LH = -5999.154732113341	
INFO: current LH = -5999.156864653238	
INFO: current LH = -5999.13424184474	
INFO: current LH = -5999.177302055946	
INFO: current LH = -5999.163902265964	
INFO: current LH = -5999.147730124947	
INFO: current LH = -5999.254208296312	
INFO: current LH = -5999.057361123005	
INFO: current LH = -5999.203876642274	
INFO: current LH = -5999.107922773854	
INFO: current LH = -5999.122053133545	
INFO: current LH = -5999.189515325145	
INFO: current LH = -5999.151310383923	
INFO: current LH = -5999.161052780107	
INFO: Wall time: 26.5057s User: 0.01s System: 0s

INFO: current LH = -5999.150274312522	
INFO: current LH = -5999.161413264787	
INFO: current LH = -5999.167775122298	
INFO: current LH = -5999.143934024471	
INFO: current LH = -5999.144213541664	
INFO: current LH = -5999.167107251737	
INFO: current LH = -5999.132909784814	
INFO: current LH = -5999.178691021419	
INFO: current LH = -5999.154511815504	
INFO: Client timing information: 
INFO: Client id 0 channel id 0  response time +0 s
INFO: Client id 1 channel id 0  response time +0.324089 s
INFO: current LH = -5999.157582047424	
INFO: current LH = -5999.865826347754	
INFO: current LH = -6001.090169713173	
INFO: current LH = -6001.08637159508	
INFO: current LH = -6001.091126451666	
INFO: current LH = -6001.095114321793	
INFO: current LH = -6001.082378146196	
INFO: current LH = -6001.087336395144	
INFO: current LH = -6001.090190744588	
INFO: current LH = -6001.093351161277	
INFO: current LH = -6001.083808881092	
INFO: Wall time: 36.2178s User: 0s System: 0.01s

INFO: current LH = -6001.125552368223	
INFO: current LH = -6001.051944761404	
INFO: current LH = -6001.064220535506	
INFO: current LH = -6001.113216299134	
INFO: current LH = -6001.130367766901	
INFO: current LH = -6001.047329781475	
INFO: current LH = -6001.050324961967	
INFO: current LH = -6001.127213565516	
INFO: current LH = -6001.055854461947	
INFO: current LH = -6001.121821215645	
INFO: current LH = -6001.166598026666	
INFO: current LH = -6001.011200584284	
INFO: current LH = -6001.106385279764	
INFO: current LH = -6001.071401342498	
INFO: current LH = -6001.094333327765	
INFO: current LH = -6001.083560413227	
INFO: current LH = -6001.083321601373	
INFO: current LH = -6001.094156885622	
INFO: current LH = -6001.106374950377	
INFO: current LH = -6001.07148094381	
INFO: Wall time: 33.7446s User: 0.01s System: 0s

INFO: current LH = -6001.092266119407	
INFO: current LH = -6001.08588930096	
INFO: current LH = -6001.092389590444	
INFO: current LH = -6001.085086265044	
INFO: current LH = -6001.115539188825	
INFO: current LH = -6001.061962604432	
INFO: current LH = -6000.980102935206	
INFO: current LH = -6001.192652293725	
INFO: current LH = -6001.023471827686	
INFO: current LH = -6001.154005054243	
INFO: current LH = -6001.954537264535	
INFO: current LH = -6001.978917806047	
INFO: current LH = -6001.980236794402	
INFO: current LH = -6001.974703829234	
INFO: current LH = -6001.977236343302	
INFO: current LH = -6001.977742239669	
INFO: current LH = -6001.987977218913	
INFO: current LH = -6001.96701621925	
INFO: current LH = -6001.963816779757	
INFO: current LH = -6001.991101480255	
INFO: Wall time: 33.6646s User: 0s System: 0.01s

INFO: current LH = -6001.981834641688	
INFO: current LH = -6001.973236323263	
INFO: current LH = -6001.98319855207	
INFO: current LH = -6001.971711654935	
INFO: current LH = -6001.994403039739	
INFO: current LH = -6001.960366073121	
INFO: current LH = -6001.990686123592	
INFO: current LH = -6001.964010103112	
INFO: current LH = -6001.974630383655	
INFO: current LH = -6001.980166554967	
INFO: current LH = -6002.027922611993	
INFO: current LH = -6001.926854886961	
INFO: current LH = -6001.95941687267	
INFO: current LH = -6001.994889033493	
INFO: current LH = -6001.961517118711	
INFO: current LH = -6001.993455567044	
INFO: current LH = -6001.942691987997	
INFO: current LH = -6002.012224903982	
INFO: current LH = -6001.989602205441	
INFO: current LH = -6001.964860609976	
INFO: Wall time: 26.4316s User: 0s System: 0.01s

INFO: current LH = -6001.977660109247	
INFO: current LH = -6001.976768012524	
INFO: current LH = -6001.990576542276	
INFO: current LH = -6001.964360756485	
INFO: current LH = -6001.9599029135	
INFO: current LH = -6001.994981083938	
INFO: current LH = -6001.958586184982	
INFO: current LH = -6001.99692453545	
INFO: current LH = -6002.351660270489	
INFO: current LH = -6002.39503329795	
INFO: current LH = -6002.395891272303	
INFO: current LH = -6002.391312837902	
INFO: current LH = -6002.390111905439	
INFO: current LH = -6002.39709834617	
INFO: current LH = -6002.399969455172	
INFO: current LH = -6002.387237672156	
INFO: current LH = -6002.40846041294	
INFO: current LH = -6002.37884783448	
INFO: current LH = -6002.423928804721	
INFO: current LH = -6002.363589018224	
INFO: Wall time: 26.3416s User: 0.01s System: 0s

INFO: current LH = -6002.405317419924	
INFO: current LH = -6002.381800500829	
INFO: current LH = -6002.409832402594	
INFO: current LH = -6002.377337591861	
INFO: current LH = -6002.395195694008	
INFO: current LH = -6002.391910494734	
INFO: current LH = -6002.385556804005	
INFO: current LH = -6002.401662134186	
INFO: current LH = -6002.430487629124	
INFO: current LH = -6002.35681106951	
INFO: current LH = -6002.389690529614	
INFO: current LH = -6002.397790451567	
INFO: current LH = -6002.362640796086	
INFO: current LH = -6002.424688743709	
INFO: current LH = -6002.399293396636	
INFO: current LH = -6002.388226849797	
INFO: current LH = -6002.410123501924	
INFO: current LH = -6002.377184488466	
INFO: current LH = -6002.403878254413	
INFO: current LH = -6002.383460796946	
INFO: Wall time: 36.9868s User: 0s System: 0.01s

INFO: current LH = -6002.376409997172	
INFO: current LH = -6002.410769912471	
INFO: current LH = -6002.358077489344	
INFO: current LH = -6002.428535370065	
INFO: current LH = -6002.690143031121	
INFO: current LH = -6003.506943179398	
INFO: current LH = -6003.75871260158	
INFO: current LH = -6003.781251227907	
INFO: current LH = -6003.733256572986	
INFO: current LH = -6003.741393020205	
INFO: current LH = -6003.773194283076	
INFO: current LH = -6003.772641208709	
INFO: current LH = -6003.741936058791	
INFO: current LH = -6003.716185006415	
INFO: current LH = -6003.797662889536	
INFO: current LH = -6003.720838811595	
INFO: current LH = -6003.793726930381	
INFO: current LH = -6003.750457820612	
INFO: current LH = -6003.764857156054	
INFO: current LH = -6003.748896467117	
INFO: Wall time: 26.9623s User: 0s System: 0.01s

INFO: current LH = -6003.765663127276	
INFO: current LH = -6003.766624614095	
INFO: current LH = -6003.747764772104	
INFO: current LH = -6003.775978970356	
INFO: current LH = -6003.738721257744	
INFO: current LH = -6003.786173688813	
INFO: current LH = -6003.728125234104	
INFO: current LH = -6003.756397803117	
INFO: current LH = -6003.758368280969	
INFO: current LH = -6003.774581412042	
INFO: current LH = -6003.740135778147	
INFO: current LH = -6003.779448030503	
INFO: current LH = -6003.735132569567	
INFO: current LH = -6003.707448406646	
INFO: current LH = -6003.807375396704	
INFO: current LH = -6003.761558855922	
INFO: current LH = -6003.753499829087	
INFO: current LH = -6003.798574525018	
INFO: current LH = -6003.715911699452	
INFO: current LH = -6003.756942238942	
INFO: Wall time: 28.6866s User: 0.01s System: 0.01s

INFO: current LH = -6003.758130099772	
INFO: current LH = -6003.740080658479	
INFO: current LH = -6003.774566043705	
INFO: current LH = -6003.733845177812	
INFO: current LH = -6003.780928433704	
INFO: current LH = -6005.351004824068	
INFO: current LH = -6004.841411161848	
INFO: current LH = -6005.93871211893	
INFO: current LH = -6005.93667458863	
INFO: current LH = -6005.937925206106	
INFO: current LH = -6005.930061342253	
INFO: current LH = -6005.944532951647	
INFO: current LH = -6005.933560797543	
INFO: current LH = -6005.941101437346	
INFO: current LH = -6005.960772023025	
INFO: current LH = -6005.913419484251	
INFO: current LH = -6005.968483823352	
INFO: current LH = -6005.906884635465	
INFO: current LH = -6005.97363782784	
INFO: current LH = -6005.900923130291	
INFO: Wall time: 25.6342s User: 0s System: 0.01s

  no                                                           Name                    Value  type                 Error +-            Low          High
   0                                _J1P-1C-1Tophoton_eta(2225)Mag1     -0.09224677554451388  free                      0.5
   1                               _J1P-1C-1Tophoton_eta(2225)_1Phi                        0 fixed
   2                               L1S1_eta(2225)Toomega1_omega2Mag                        1 fixed
   3                               L1S1_eta(2225)Toomega1_omega2Phi                        0 fixed
   4                                                  eta(2225)Mass        2.206935217130406  free                     0.03           2.08           2.38
   5                                                 eta(2225)Width       0.2022809830115915  free                     0.03           0.04            0.3
   6                           L1S0_omega1Topion1+_pion1-_pion10Mag                        1 fixed
   7                           L1S0_omega1Topion1+_pion1-_pion10Phi                        0 fixed
   8                           L1S0_omega2Topion2+_pion2-_pion20Mag                        1 fixed
   9                           L1S0_omega2Topion2+_pion2-_pion20Phi                        0 fixed
  10                                 _J1P-1C-1Tophoton_f2(1910)Mag1      0.03917312825592916  free                      0.5
  11                                _J1P-1C-1Tophoton_f2(1910)_1Phi        5.687994533444604  free                      0.2
  12                                 _J1P-1C-1Tophoton_f2(1910)Mag2      -0.2150221125565929  free                      0.5
  13                                _J1P-1C-1Tophoton_f2(1910)_2Phi       0.9304104468246359  free                      0.2
  14                                 _J1P-1C-1Tophoton_f2(1910)Mag3      -0.2051712137646858  free                      0.5
  15                                _J1P-1C-1Tophoton_f2(1910)_3Phi       0.1604446788207955  free                      0.2
  16                                L2S0_f2(1910)Toomega1_omega2Mag        2.020803804115424  free                     0.25
  17                                L2S0_f2(1910)Toomega1_omega2Phi        -513.772389059427  free                      0.2
  18                                L0S2_f2(1910)Toomega1_omega2Mag                      0.5 fixed
  19                                L0S2_f2(1910)Toomega1_omega2Phi                        0 fixed
  20                                L2S2_f2(1910)Toomega1_omega2Mag        9.277382147573178  free                     0.25
  21                                L2S2_f2(1910)Toomega1_omega2Phi       -1.309556410435718  free                      0.2
  22                                L4S2_f2(1910)Toomega1_omega2Mag        1.279763156856003  free                     0.25
  23                                L4S2_f2(1910)Toomega1_omega2Phi       0.9922443325231615  free                      0.2
  24                                                   f2(1910)Mass        1.874360181829158  free                     0.03          1.791          2.091
  25                                                  f2(1910)Width       0.3213369571779865  free                    0.034           0.08           0.34
  26  channelType2photonpion1+pion1-pion10pion2+pion2-pion20Scaling                        1 fixed
INFO: current LH = -6005.921607612412	
INFO: current LH = -6005.952659880033	
INFO: current LH = -6005.973397845238	
INFO: current LH = -6005.901286862676	
INFO: current LH = -6005.911430589181	
INFO: current LH = -6005.962788314425	
INFO: current LH = -6005.909189766973	
INFO: current LH = -6005.965626479333	
INFO: current LH = -6005.970214757709	
INFO: current LH = -6005.904605922143	
INFO: current LH = -6005.950561776981	
INFO: current LH = -6005.92422478597	
INFO: current LH = -6005.930899153684	
INFO: current LH = -6005.94402256653	
INFO: current LH = -6005.95542044001	
INFO: current LH = -6005.919452291227	
INFO: current LH = -6005.985762210317	
INFO: current LH = -6005.888804790163	
INFO: current LH = -6005.928248452129	
INFO: current LH = -6005.947124440274	
INFO: Wall time: 33.6741s User: 0s System: 0.01s

INFO: current LH = -6005.926132569998	
INFO: current LH = -6005.948428332048	
INFO: current LH = -6005.938320698853	
INFO: current LH = -6005.936403796216	
INFO: current LH = -6005.900991153359	
INFO: current LH = -6005.974486974918	
INFO: current LH = -6005.89269561177	
INFO: current LH = -6005.981865872945	
INFO: current LH = -6006.748202399525	
INFO: Client timing information: 
INFO: Client id 0 channel id 0  response time +0 s
INFO: Client id 1 channel id 0  response time +0.104085 s
INFO: current LH = -6007.166104086376	
INFO: current LH = -6007.169893882685	
INFO: current LH = -6007.141242120444	
INFO: current LH = -6007.195689515068	
INFO: current LH = -6007.177177403817	
INFO: current LH = -6007.15974464212	
INFO: current LH = -6007.150035899959	
INFO: current LH = -6007.186914790148	
INFO: current LH = -6007.203292486537	
INFO: current LH = -6007.133495164889	
INFO: current LH = -6007.208197545254	
INFO: Wall time: 31.5775s User: 0s System: 0.01s

INFO: current LH = -6007.129225768097	
INFO: current LH = -6007.149805572778	
INFO: current LH = -6007.187118052856	
INFO: current LH = -6007.189656695195	
INFO: current LH = -6007.147246140406	
INFO: current LH = -6007.134035255207	
INFO: current LH = -6007.202706106271	
INFO: current LH = -6007.147184519794	
INFO: current LH = -6007.189779073248	
INFO: current LH = -6007.19571858298	
INFO: current LH = -6007.141229750802	
INFO: current LH = -6007.158244871436	
INFO: current LH = -6007.178965669661	
INFO: current LH = -6007.180116878643	
INFO: current LH = -6007.156853626463	
INFO: current LH = -6007.188009878847	
INFO: current LH = -6007.148841567978	
INFO: current LH = -6007.222620477723	
INFO: current LH = -6007.114309544882	
INFO: current LH = -6007.164538476404	
INFO: Wall time: 31.9937s User: 0.01s System: 0s

INFO: current LH = -6007.172617563808	
INFO: current LH = -6007.180371050707	
INFO: current LH = -6007.156657995918	
INFO: current LH = -6007.148916379277	
INFO: current LH = -6007.189705829826	
INFO: current LH = -6007.136476325711	
INFO: current LH = -6007.200460266731	
INFO: current LH = -6007.599118531322	
INFO: current LH = -6007.601146378282	
INFO: current LH = -6007.590132835968	
INFO: current LH = -6007.609284953513	
INFO: current LH = -6007.604561635023	
INFO: current LH = -6007.594864386268	
INFO: current LH = -6007.59614732778	
INFO: current LH = -6007.603251431063	
INFO: current LH = -6007.598478759935	
INFO: current LH = -6007.601013174771	
INFO: current LH = -6007.626112022318	
INFO: current LH = -6007.573575785204	
INFO: current LH = -6007.606733367339	
INFO: Wall time: 28.2631s User: 0s System: 0.01s

INFO: current LH = -6007.592809506725	
INFO: current LH = -6007.590765088697	
INFO: current LH = -6007.608570563763	
INFO: current LH = -6007.602239490946	
INFO: current LH = -6007.597220137924	
INFO: current LH = -6007.609820371032	
INFO: current LH = -6007.589493290031	
INFO: current LH = -6007.60311485902	
INFO: current LH = -6007.596163297613	
INFO: current LH = -6007.587744334845	
INFO: current LH = -6007.611692304706	
INFO: current LH = -6007.580435620665	
INFO: current LH = -6007.618806598544	
INFO: current LH = -6007.610761136002	
INFO: current LH = -6007.588644685321	
INFO: current LH = -6007.658023839144	
INFO: current LH = -6007.541367431812	
INFO: current LH = -6007.60380997982	
INFO: current LH = -6007.595172633311	
INFO: current LH = -6007.596304566491	
INFO: Wall time: 34.9864s User: 0.01s System: 0.01s

INFO: current LH = -6007.603093148379	
INFO: current LH = -6007.592958336239	
INFO: current LH = -6007.607838200103	
INFO: current LH = -6007.589381056689	
INFO: current LH = -6007.610041527565	
INFO: current LH = -6007.815960327327	
INFO: current LH = -6007.867852329939	
INFO: current LH = -6007.86918977566	
INFO: current LH = -6007.863653944288	
INFO: current LH = -6007.864825521989	
INFO: current LH = -6007.868022119812	
INFO: current LH = -6007.865497779313	
INFO: current LH = -6007.867340090555	
INFO: current LH = -6007.872320107949	
INFO: current LH = -6007.860477759616	
INFO: current LH = -6007.903464053423	
INFO: current LH = -6007.829660343688	
INFO: current LH = -6007.859523063914	
INFO: current LH = -6007.873355625214	
INFO: current LH = -6007.866100339008	
INFO: Wall time: 23.4243s User: 0s System: 0.01s

INFO: current LH = -6007.866821767295	
INFO: current LH = -6007.858447256334	
INFO: current LH = -6007.874371654312	
INFO: current LH = -6007.863733985453	
INFO: current LH = -6007.869208559476	
INFO: current LH = -6007.87279791521	
INFO: current LH = -6007.860150815626	
INFO: current LH = -6007.865011634939	
INFO: current LH = -6007.868410083018	
INFO: current LH = -6007.864516699879	
INFO: current LH = -6007.868323610941	
INFO: current LH = -6007.864033109291	
INFO: current LH = -6007.868861342186	
INFO: current LH = -6007.863836727099	
INFO: current LH = -6007.869542767919	
INFO: current LH = -6007.937387484423	
INFO: current LH = -6007.795661029179	
INFO: current LH = -6007.866193590968	
INFO: current LH = -6007.866909789303	
INFO: current LH = -6007.878455893149	
INFO: Wall time: 38.6599s User: 0s System: 0s

INFO: current LH = -6007.854457640099	
INFO: current LH = -6007.858053381051	
INFO: current LH = -6007.875886487539	
INFO: current LH = -6007.85502937126	
INFO: current LH = -6007.877806641582	
INFO: current LH = -6007.969454811503	
INFO: current LH = -6008.034752391844	
INFO: current LH = -6008.035759137391	
INFO: current LH = -6008.024547102192	
INFO: current LH = -6008.044079817771	
INFO: current LH = -6008.033294718409	
INFO: current LH = -6008.035368464844	
INFO: current LH = -6008.028699729613	
INFO: current LH = -6008.039994054392	
INFO: current LH = -6008.03926780274	
INFO: current LH = -6008.029352650831	
INFO: current LH = -6008.070508555224	
INFO: current LH = -6007.998479625665	
INFO: current LH = -6008.040765400178	
INFO: current LH = -6008.02785824706	
INFO: Wall time: 25.0334s User: 0.01s System: 0.01s

INFO: current LH = -6008.022880530787	
INFO: current LH = -6008.045784497277	
INFO: current LH = -6008.027034727956	
INFO: current LH = -6008.041586234394	
INFO: current LH = -6008.04089114919	
INFO: current LH = -6008.027805227704	
INFO: current LH = -6008.030211222812	
INFO: current LH = -6008.038475252515	
INFO: current LH = -6008.044031896159	
INFO: current LH = -6008.024617224431	
INFO: current LH = -6008.024141273616	
INFO: current LH = -6008.044477352921	
INFO: current LH = -6008.024419817524	
INFO: current LH = -6008.044760772971	
INFO: current LH = -6008.114527187303	
INFO: current LH = -6007.954346208038	
INFO: current LH = -6008.027302504902	
INFO: current LH = -6008.041570937746	
INFO: current LH = -6008.038586442924	
INFO: current LH = -6008.030048207231	
INFO: Wall time: 37.7915s User: 0s System: 0.01s

INFO: current LH = -6008.033558692347	
INFO: current LH = -6008.036621565268	
INFO: current LH = -6008.032050781751	
INFO: current LH = -6008.03658450186	
INFO: current LH = -6008.158859138818	
INFO: current LH = -6008.312557409076	
INFO: current LH = -6008.301183461601	
INFO: current LH = -6008.321077610842	
INFO: current LH = -6008.312963690698	
INFO: current LH = -6008.30928825385	
INFO: current LH = -6008.303290269937	
INFO: current LH = -6008.318963262105	
INFO: current LH = -6008.31335272669	
INFO: current LH = -6008.308897324661	
INFO: current LH = -6008.346191132246	
INFO: current LH = -6008.276501020584	
INFO: current LH = -6008.290379594731	
INFO: current LH = -6008.332052914261	
INFO: current LH = -6008.322617111969	
INFO: current LH = -6008.299721351238	
INFO: Wall time: 22.5358s User: 0.01s System: 0s

INFO: current LH = -6008.2999586866	
INFO: current LH = -6008.322348807038	
INFO: current LH = -6008.29248482001	
INFO: current LH = -6008.329880116496	
INFO: current LH = -6008.319435884378	
INFO: current LH = -6008.302857072035	
INFO: current LH = -6008.321369738773	
INFO: current LH = -6008.300569677193	
INFO: current LH = -6008.313928032878	
INFO: current LH = -6008.308281555739	
INFO: current LH = -6008.289135614816	
INFO: current LH = -6008.333547284482	
INFO: current LH = -6008.396713696078	
INFO: current LH = -6008.225770926234	
INFO: current LH = -6008.299892811966	
INFO: current LH = -6008.322463943089	
INFO: current LH = -6008.322478234458	
INFO: current LH = -6008.29975845524	
INFO: current LH = -6008.341346487548	
INFO: current LH = -6008.273419398043	
INFO: Wall time: 41.5677s User: 0s System: 0.01s

INFO: current LH = -6008.328850848373	
INFO: current LH = -6008.293410030385	
INFO: current LH = -6008.413622488953	
INFO: current LH = -6008.560398435386	
INFO: current LH = -6008.565284651765	
INFO: current LH = -6008.552620426844	
INFO: current LH = -6008.557653815802	
INFO: current LH = -6008.560276431011	
INFO: current LH = -6008.56494543906	
INFO: Client timing information: 
INFO: Client id 1 channel id 0  response time +0 s
INFO: Client id 0 channel id 0  response time +0.047487 s
INFO: current LH = -6008.552970450399	
INFO: current LH = -6008.549716570839	
INFO: current LH = -6008.568250803608	
INFO: current LH = -6008.586960171571	
INFO: current LH = -6008.531293051121	
INFO: current LH = -6008.562449579237	
INFO: current LH = -6008.555462455578	
INFO: current LH = -6008.548584155327	
INFO: current LH = -6008.569234392819	
INFO: current LH = -6008.572372033634	
INFO: current LH = -6008.545515399032	
INFO: Wall time: 17.6371s User: 0s System: 0.01s

INFO: current LH = -6008.565926910795	
INFO: current LH = -6008.551903078555	
INFO: current LH = -6008.548912910878	
INFO: current LH = -6008.568837207618	
INFO: current LH = -6008.573362143473	
INFO: current LH = -6008.544213100644	
INFO: current LH = -6008.535242231334	
INFO: current LH = -6008.582574555688	
INFO: current LH = -6008.541151393611	
INFO: current LH = -6008.576404847247	
INFO: current LH = -6008.648700846282	
INFO: current LH = -6008.468933357994	
INFO: current LH = -6008.549034450593	
INFO: current LH = -6008.568358081934	
INFO: current LH = -6008.542953119896	
INFO: current LH = -6008.574903298766	
INFO: current LH = -6008.556335019178	
INFO: current LH = -6008.563702480004	
INFO: current LH = -6008.552068474489	
INFO: current LH = -6008.565832101745	
INFO: Wall time: 46.252s User: 0.01s System: 0s

INFO: current LH = -6008.656219323962	
INFO: current LH = -6008.973719068063	
INFO: current LH = -6008.323492363052	
INFO: current LH = -6009.051210218589	
INFO: current LH = -6009.085829872826	
INFO: current LH = -6009.0882332329	
INFO: current LH = -6009.080581678407	
INFO: current LH = -6009.083787588504	
INFO: current LH = -6009.084997234716	
INFO: current LH = -6009.081026134382	
INFO: current LH = -6009.087724110131	
INFO: current LH = -6009.105557767859	
INFO: current LH = -6009.063492252342	
INFO: current LH = -6009.108821452753	
INFO: current LH = -6009.059569886292	
INFO: current LH = -6009.090557617264	
INFO: current LH = -6009.078429420088	
INFO: current LH = -6009.078191957561	
INFO: current LH = -6009.090640693234	
INFO: current LH = -6009.064991020723	
INFO: Wall time: 20.5323s User: 0s System: 0.01s

INFO: current LH = -6009.104012027728	
INFO: current LH = -6009.089118472826	
INFO: current LH = -6009.079755557898	
INFO: current LH = -6009.09008426761	
INFO: current LH = -6009.078596008657	
INFO: current LH = -6009.095166858533	
INFO: current LH = -6009.073365378418	
INFO: current LH = -6009.078836968464	
INFO: current LH = -6009.089857520283	
INFO: current LH = -6009.071532518517	
INFO: current LH = -6009.09715456474	
INFO: current LH = -6009.174739908019	
INFO: current LH = -6008.99402203867	
INFO: current LH = -6009.085410620971	
INFO: current LH = -6009.083065761056	
INFO: current LH = -6009.092564187944	
INFO: current LH = -6009.076197716539	
INFO: current LH = -6009.133277974789	
INFO: current LH = -6009.009208609809	
INFO: current LH = -6009.103589222705	
INFO: Wall time: 43.5356s User: 0s System: 0.01s

INFO: current LH = -6009.065200693894	
INFO: current LH = -6009.171515781857	
INFO: current LH = -6009.448365053943	
INFO: current LH = -6009.693825169297	
INFO: current LH = -6009.690601370797	
INFO: current LH = -6009.69418336972	
INFO: current LH = -6009.691563285563	
INFO: current LH = -6009.693212426355	
INFO: current LH = -6009.691556932533	
INFO: current LH = -6009.693235916386	
INFO: current LH = -6009.683621833227	
INFO: current LH = -6009.701242934068	
INFO: current LH = -6009.69981370896	
INFO: current LH = -6009.685723921245	
INFO: current LH = -6009.700597963758	
INFO: current LH = -6009.684183555766	
INFO: current LH = -6009.69048965874	
INFO: current LH = -6009.694541995438	
INFO: current LH = -6009.69689094764	
INFO: current LH = -6009.687886307059	
INFO: Wall time: 17.9464s User: 0.01s System: 0s

INFO: current LH = -6009.695250154899	
INFO: current LH = -6009.689697426564	
INFO: current LH = -6009.69287598842	
INFO: current LH = -6009.691932383187	
INFO: current LH = -6009.698483602764	
INFO: current LH = -6009.685953078611	
INFO: current LH = -6009.68187064619	
INFO: current LH = -6009.703283640068	
INFO: current LH = -6009.674071288319	
INFO: current LH = -6009.710538585012	
INFO: current LH = -6009.690455522194	
INFO: current LH = -6009.693548735324	
INFO: current LH = -6009.691019736146	
INFO: current LH = -6009.693766148921	
INFO: current LH = -6009.768021245935	
INFO: current LH = -6009.616118809855	
INFO: current LH = -6009.761020724208	
INFO: current LH = -6009.623764925787	
INFO: current LH = -6009.701978209499	
INFO: current LH = -6009.682091483251	
INFO: Wall time: 41.988s User: 0.01s System: 0.01s

INFO: current LH = -6009.701285608508	
INFO: current LH = -6009.683500206263	
INFO: current LH = -6009.683525495448	
INFO: current LH = -6009.701167441262	
INFO: current LH = -6009.699371654014	
INFO: current LH = -6009.684588097945	
INFO: current LH = -6009.698900273722	
INFO: current LH = -6009.685885570645	
INFO: current LH = -6009.085922084002	
INFO: current LH = -6009.843155505451	
INFO: current LH = -6009.834619428371	
INFO: current LH = -6009.848843944082	
INFO: current LH = -6009.84210637494	
INFO: current LH = -6009.841334419466	
INFO: current LH = -6009.835374741829	
INFO: current LH = -6009.848064980483	
INFO: current LH = -6009.843116011278	
INFO: current LH = -6009.840433064853	
INFO: current LH = -6009.84635376323	
INFO: current LH = -6009.836715681873	
INFO: Wall time: 29.85s User: 0s System: 0s

INFO: current LH = -6009.830292531227	
INFO: current LH = -6009.85326733391	
INFO: current LH = -6009.856806406272	
INFO: current LH = -6009.826659031117	
INFO: current LH = -6009.833061153733	
INFO: current LH = -6009.850469503928	
INFO: current LH = -6009.832866860741	
INFO: current LH = -6009.850609359208	
INFO: current LH = -6009.854774703379	
INFO: current LH = -6009.82863282561	
INFO: current LH = -6009.830570680118	
INFO: current LH = -6009.852840375935	
INFO: current LH = -6009.834871534683	
INFO: current LH = -6009.848544375119	
INFO: current LH = -6009.840714214534	
INFO: current LH = -6009.842752247768	
INFO: current LH = -6009.912919211482	
INFO: current LH = -6009.770528215256	
INFO: current LH = -6009.853776542997	
INFO: current LH = -6009.829533992013	
INFO: Wall time: 33.2714s User: 0s System: 0.01s

INFO: current LH = -6009.84238226108	
INFO: current LH = -6009.841031468514	
INFO: current LH = -6009.866110385199	
INFO: current LH = -6009.816198304192	
INFO: current LH = -6009.862834398463	
INFO: current LH = -6009.820610345591	
INFO: current LH = -6010.112398402688	
INFO: current LH = -6010.137161696665	
INFO: current LH = -6010.14045460171	
INFO: current LH = -6010.128827675103	
INFO: current LH = -6010.149229124234	
INFO: current LH = -6010.139221499623	
INFO: current LH = -6010.13882786281	
INFO: current LH = -6010.13077627197	
INFO: current LH = -6010.147283242323	
INFO: current LH = -6010.151830974925	
INFO: current LH = -6010.126427853166	
INFO: current LH = -6010.124970187456	
INFO: current LH = -6010.152488541944	
INFO: current LH = -6010.127498210024	
INFO: Wall time: 29.042s User: 0.01s System: 0.01s

INFO: current LH = -6010.150748989469	
INFO: current LH = -6010.158316074227	
INFO: current LH = -6010.11972139417	
INFO: current LH = -6010.126378731098	
INFO: current LH = -6010.151769792651	
INFO: current LH = -6010.133104132035	
INFO: current LH = -6010.14497541589	
INFO: current LH = -6010.149417697271	
INFO: current LH = -6010.12847485937	
INFO: current LH = -6010.135604524065	
INFO: current LH = -6010.141895099738	
INFO: current LH = -6010.134824746195	
INFO: current LH = -6010.143155583793	
INFO: current LH = -6010.149183661319	
INFO: current LH = -6010.128842834378	
INFO: current LH = -6010.218463627036	
INFO: current LH = -6010.059476067338	
INFO: current LH = -6010.16199872907	
INFO: current LH = -6010.115455336228	
INFO: current LH = -6010.138983330331	
INFO: Wall time: 35.7203s User: 0s System: 0.01s

INFO: current LH = -6010.138990645041	
INFO: current LH = -6010.171716550993	
INFO: current LH = -6010.105190685085	
INFO: current LH = -6010.167166889885	
INFO: current LH = -6010.110876634009	
INFO: current LH = -6010.292315618722	
INFO: current LH = -6010.466153409519	
INFO: current LH = -6010.47064624951	
INFO: current LH = -6010.458735446507	
INFO: Client timing information: 
INFO: Client id 1 channel id 0  response time +0 s
INFO: Client id 0 channel id 0  response time +0.058377 s
INFO: current LH = -6010.460503339998	
INFO: current LH = -6010.468949811315	
INFO: current LH = -6010.473703876781	
INFO: current LH = -6010.455762050578	
INFO: current LH = -6010.452410476975	
INFO: current LH = -6010.477047265943	
INFO: current LH = -6010.45262755578	
INFO: current LH = -6010.477331227415	
INFO: current LH = -6010.481332427807	
INFO: current LH = -6010.448120501653	
INFO: current LH = -6010.458403185479	
INFO: Wall time: 24.0561s User: 0s System: 0.01s

INFO: current LH = -6010.47095959743	
INFO: current LH = -6010.4833066032	
INFO: current LH = -6010.446104941184	
INFO: current LH = -6010.486686757247	
INFO: current LH = -6010.442691405567	
INFO: current LH = -6010.452547461817	
INFO: current LH = -6010.47672122847	
INFO: current LH = -6010.468416797818	
INFO: current LH = -6010.4605113476	
INFO: current LH = -6010.43038608825	
INFO: current LH = -6010.498923383165	
INFO: current LH = -6010.477644649848	
INFO: current LH = -6010.451703251272	
INFO: current LH = -6010.543658770772	
INFO: current LH = -6010.385604378514	
INFO: current LH = -6010.48963075506	
INFO: current LH = -6010.439334919873	
INFO: current LH = -6010.445049744353	
INFO: current LH = -6010.484364741857	
INFO: current LH = -6010.458363760059	
INFO: Wall time: 39.7779s User: 0.01s System: 0s

INFO: current LH = -6010.471618427906	
INFO: current LH = -6010.597318789843	
INFO: current LH = -6010.997679233456	
INFO: current LH = -6010.90270051186	
INFO: current LH = -6011.097449820273	
INFO: current LH = -6011.104461261273	
INFO: current LH = -6011.087583705344	
INFO: current LH = -6011.091635193213	
INFO: current LH = -6011.100396850431	
INFO: current LH = -6011.106028194759	
INFO: current LH = -6011.086005348401	
INFO: current LH = -6011.085669449942	
INFO: current LH = -6011.106798135985	
INFO: current LH = -6011.057204923145	
INFO: current LH = -6011.133902718529	
INFO: current LH = -6011.062676612525	
INFO: current LH = -6011.12935391702	
INFO: current LH = -6011.105499718398	
INFO: current LH = -6011.086977269602	
INFO: current LH = -6011.105796908488	
INFO: Wall time: 19.9535s User: 0s System: 0.01s

INFO: current LH = -6011.086304269481	
INFO: current LH = -6011.096169229573	
INFO: current LH = -6011.096300355743	
INFO: current LH = -6011.106159942879	
INFO: current LH = -6011.085949995891	
INFO: current LH = -6011.092487069203	
INFO: current LH = -6011.099275228166	
INFO: current LH = -6011.090249701798	
INFO: current LH = -6011.101875454862	
INFO: current LH = -6011.082698818022	
INFO: current LH = -6011.109103246265	
INFO: current LH = -6011.092700646527	
INFO: current LH = -6011.099287625229	
INFO: current LH = -6011.170861103411	
INFO: current LH = -6011.021073584169	
INFO: current LH = -6011.137120873984	
INFO: current LH = -6011.054006826269	
INFO: current LH = -6011.132240606681	
INFO: current LH = -6011.059789169642	
INFO: current LH = -6011.102669062891	
INFO: Wall time: 39.4799s User: 0s System: 0.01s

INFO: current LH = -6011.089312796626	
INFO: current LH = -6011.10679558008	
INFO: current LH = -6011.083871855124	
INFO: current LH = -6011.105443812458	
INFO: current LH = -6011.086586542658	
INFO: current LH = -6011.579577928743	
INFO: current LH = -6011.631538944566	
INFO: current LH = -6011.634076802277	
INFO: current LH = -6011.627062508728	
INFO: current LH = -6011.638232155732	
INFO: current LH = -6011.632975865771	
INFO: current LH = -6011.632292620066	
INFO: current LH = -6011.629101028111	
INFO: current LH = -6011.636150398468	
INFO: current LH = -6011.623617168351	
INFO: current LH = -6011.642050153841	
INFO: current LH = -6011.573790158492	
INFO: current LH = -6011.690606800113	
INFO: current LH = -6011.581623390174	
INFO: current LH = -6011.683664132695	
INFO: Wall time: 27.1428s User: 0s System: 0.01s

INFO: current LH = -6011.631092025509	
INFO: current LH = -6011.63459909081	
INFO: current LH = -6011.658583689693	
INFO: current LH = -6011.606744516121	
INFO: current LH = -6011.625375651795	
INFO: current LH = -6011.640171365792	
INFO: current LH = -6011.625442408575	
INFO: current LH = -6011.639869704188	
INFO: current LH = -6011.627122675039	
INFO: current LH = -6011.637878709846	
INFO: current LH = -6011.64521702327	
INFO: current LH = -6011.619015598869	
INFO: current LH = -6011.643841694363	
INFO: current LH = -6011.621446465234	
INFO: current LH = -6011.631051872222	
INFO: current LH = -6011.634061129647	
INFO: current LH = -6011.604378881396	
INFO: current LH = -6011.660915768617	
INFO: current LH = -6011.707774440742	
INFO: current LH = -6011.557171028144	
INFO: Wall time: 34.7733s User: 0.01s System: 0.01s

INFO: current LH = -6011.649050618568	
INFO: current LH = -6011.615590988887	
INFO: current LH = -6011.647758222685	
INFO: current LH = -6011.617529509878	
INFO: current LH = -6011.64166760171	
INFO: current LH = -6011.623535344377	
INFO: current LH = -6011.648916341557	
INFO: current LH = -6011.615784714812	
INFO: current LH = -6011.889303191183	
INFO: current LH = -6011.957708174244	
INFO: current LH = -6011.955793817325	
INFO: current LH = -6011.956763112064	
INFO: current LH = -6011.955846625399	
INFO: current LH = -6011.956689259258	
INFO: current LH = -6011.955868800924	
INFO: current LH = -6011.956628376904	
INFO: current LH = -6011.926921844973	
INFO: current LH = -6011.985557395287	
INFO: current LH = -6011.922591702719	
INFO: current LH = -6011.990457085935	
INFO: Wall time: 30.732s User: 0.01s System: 0s

INFO: current LH = -6011.970221954915	
INFO: current LH = -6011.942317660792	
INFO: current LH = -6011.9614590553	
INFO: current LH = -6011.950957250807	
INFO: current LH = -6011.98067140394	
INFO: current LH = -6011.931722933817	
INFO: current LH = -6011.965710003004	
INFO: current LH = -6011.946684744777	
INFO: current LH = -6011.937243799853	
INFO: current LH = -6011.975156055772	
INFO: current LH = -6011.963548231633	
INFO: current LH = -6011.94885198041	
INFO: current LH = -6011.930925774574	
INFO: current LH = -6011.981511801743	
INFO: current LH = -6011.93408423751	
INFO: current LH = -6011.978364636706	
INFO: current LH = -6012.011380041199	
INFO: current LH = -6011.900875303947	
INFO: current LH = -6011.958855482379	
INFO: current LH = -6011.953511801392	
INFO: Wall time: 34.3137s User: 0s System: 0.02s

INFO: current LH = -6011.946348650914	
INFO: current LH = -6011.96617319596	
INFO: current LH = -6011.939697070587	
INFO: current LH = -6011.973354980077	
INFO: current LH = -6012.158593915755	
INFO: current LH = -6012.281400784015	
INFO: current LH = -6012.293735073103	
INFO: current LH = -6012.288688951956	
INFO: current LH = -6012.29595278864	
INFO: current LH = -6012.293613615664	
INFO: current LH = -6012.290965899167	
INFO: current LH = -6012.28252217289	
INFO: current LH = -6012.302005042166	
INFO: current LH = -6012.279074194382	
INFO: current LH = -6012.305875186581	
INFO: current LH = -6012.24197848805	
INFO: current LH = -6012.342194194105	
INFO: current LH = -6012.297594583932	
INFO: current LH = -6012.287349367335	
INFO: current LH = -6012.303143302109	
INFO: Wall time: 23.8257s User: 0s System: 0s

INFO: current LH = -6012.281424955884	
INFO: current LH = -6012.302379635305	
INFO: current LH = -6012.282375907424	
INFO: current LH = -6012.302231765952	
INFO: current LH = -6012.28231578189	
INFO: current LH = -6012.291024307164	
INFO: current LH = -6012.293315960488	
INFO: current LH = -6012.280208486085	
INFO: current LH = -6012.304668073293	
INFO: current LH = -6012.286057814944	
INFO: current LH = -6012.298408756795	
INFO: current LH = -6012.289247007712	
INFO: current LH = -6012.295215074084	
INFO: current LH = -6012.323329483669	
INFO: current LH = -6012.260929723605	
INFO: current LH = -6012.302651499564	
INFO: current LH = -6012.281286886306	
INFO: current LH = -6012.301925225374	
INFO: current LH = -6012.282677500069	
INFO: current LH = -6012.294070675491	
INFO: Wall time: 39.876s User: 0.01s System: 0.01s

INFO: current LH = -6012.290505385959	
INFO: current LH = -6012.276563938981	
INFO: current LH = -6012.307792370794	
INFO: current LH = -6012.442002434247	
INFO: current LH = -6012.615295285781	
INFO: current LH = -6012.620845378057	
INFO: current LH = -6012.621234763537	
INFO: current LH = -6012.617570073488	
INFO: current LH = -6012.619678416004	
INFO: Client timing information: 
INFO: Client id 1 channel id 0  response time +0 s
INFO: Client id 0 channel id 0  response time +0.056422 s
INFO: current LH = -6012.619161356769	
INFO: current LH = -6012.614932373543	
INFO: current LH = -6012.623920986346	
INFO: current LH = -6012.60906489996	
INFO: current LH = -6012.629901723102	
INFO: current LH = -6012.572033018536	
INFO: current LH = -6012.666695403469	
INFO: current LH = -6012.632777534219	
INFO: current LH = -6012.606169771892	
INFO: current LH = -6012.61705552935	
INFO: current LH = -6012.62174546243	
INFO: Wall time: 22.4333s User: 0s System: 0.01s

INFO: current LH = -6012.634870456155	
INFO: current LH = -6012.603885399387	
INFO: current LH = -6012.642997096253	
INFO: current LH = -6012.595796006804	
INFO: current LH = -6012.621994443367	
INFO: current LH = -6012.616653097976	
INFO: current LH = -6012.638470704857	
INFO: current LH = -6012.59928093587	
INFO: current LH = -6012.63612779816	
INFO: current LH = -6012.602698732388	
INFO: current LH = -6012.596776656665	
INFO: current LH = -6012.641996684658	
INFO: current LH = -6012.624598592549	
INFO: current LH = -6012.614121355604	
INFO: current LH = -6012.646307223441	
INFO: current LH = -6012.592257144208	
INFO: current LH = -6012.609868221383	
INFO: current LH = -6012.62850018652	
INFO: current LH = -6012.612877611874	
INFO: current LH = -6012.62591769979	
INFO: Wall time: 41.5115s User: 0s System: 0.01s

INFO: current LH = -6012.59833392249	
INFO: current LH = -6012.640313038256	
INFO: current LH = -6012.736583861261	
INFO: current LH = -6013.042648908773	
INFO: current LH = -6013.109761016727	
INFO: current LH = -6013.113964116722	
INFO: current LH = -6013.102647310025	
INFO: current LH = -6013.10970913611	
INFO: current LH = -6013.106992793516	
INFO: current LH = -6013.114375607259	
INFO: current LH = -6013.102425983863	
INFO: current LH = -6013.118982657753	
INFO: current LH = -6013.097919237232	
INFO: current LH = -6013.053006351299	
INFO: current LH = -6013.163298331776	
INFO: current LH = -6013.104582084945	
INFO: current LH = -6013.11233238162	
INFO: current LH = -6013.117717216365	
INFO: current LH = -6013.098988785988	
INFO: current LH = -6013.106072197907	
INFO: Wall time: 20.4622s User: 0.01s System: 0.01s

INFO: current LH = -6013.110656112225	
INFO: current LH = -6013.116642432366	
INFO: current LH = -6013.100023588127	
INFO: current LH = -6013.120022939383	
INFO: current LH = -6013.096598838689	
INFO: current LH = -6013.098311964831	
INFO: current LH = -6013.118584617902	
INFO: current LH = -6013.111290183248	
INFO: current LH = -6013.105442449558	
INFO: current LH = -6013.110214472612	
INFO: current LH = -6013.106657005864	
INFO: current LH = -6013.122085397432	
INFO: current LH = -6013.094455515672	
INFO: current LH = -6013.099510567015	
INFO: current LH = -6013.117339894083	
INFO: current LH = -6013.116464766035	
INFO: current LH = -6013.100176564516	
INFO: current LH = -6013.107660059874	
INFO: current LH = -6013.108397184943	
INFO: current LH = -6013.349972475698	
INFO: Wall time: 42.8951s User: 0s System: 0.01s

INFO: current LH = -6013.446924196263	
INFO: current LH = -6013.448005556868	
INFO: current LH = -6013.442987723204	
INFO: current LH = -6013.44563153422	
INFO: current LH = -6013.44536759376	
INFO: current LH = -6013.45442013001	
INFO: current LH = -6013.436614701578	
INFO: current LH = -6013.44748080829	
INFO: current LH = -6013.443411825082	
INFO: current LH = -6013.421056572654	
INFO: current LH = -6013.470254849842	
INFO: current LH = -6013.446231776008	
INFO: current LH = -6013.444865708821	
INFO: current LH = -6013.438502215255	
INFO: current LH = -6013.452534574183	
INFO: current LH = -6013.451675758727	
INFO: current LH = -6013.439201340849	
INFO: current LH = -6013.464697797994	
INFO: current LH = -6013.426286139691	
INFO: current LH = -6013.46741368579	
INFO: Wall time: 12.1764s User: 0s System: 0s

INFO: current LH = -6013.423447557268	
INFO: current LH = -6013.449831576593	
INFO: current LH = -6013.440713932619	
INFO: current LH = -6013.433447267552	
INFO: current LH = -6013.457444842092	
INFO: current LH = -6013.452109007801	
INFO: current LH = -6013.438835194595	
INFO: current LH = -6013.448413580107	
INFO: current LH = -6013.44243635874	
INFO: current LH = -6013.422674015256	
INFO: current LH = -6013.467990881199	
INFO: current LH = -6013.449559779631	
INFO: current LH = -6013.441395504628	
INFO: current LH = -6013.439415663954	
INFO: current LH = -6013.451500545203	
INFO: current LH = -6013.6264092355	
INFO: current LH = -6013.678294818316	
INFO: current LH = -6013.674822920624	
INFO: current LH = -6013.678887854449	
INFO: current LH = -6013.678463616057	
INFO: Wall time: 37.4098s User: 0s System: 0.01s

INFO: current LH = -6013.675247899524	
INFO: current LH = -6013.677559871909	
INFO: current LH = -6013.676132074189	
INFO: current LH = -6013.677665811868	
INFO: current LH = -6013.675977934176	
INFO: current LH = -6013.6524650486	
INFO: current LH = -6013.701022164157	
INFO: current LH = -6013.67348196417	
INFO: current LH = -6013.680220121962	
INFO: current LH = -6013.669008301257	
INFO: current LH = -6013.684816711208	
INFO: current LH = -6013.679798963741	
INFO: current LH = -6013.673900869939	
INFO: current LH = -6013.694764674693	
INFO: current LH = -6013.659056841123	
INFO: current LH = -6013.680722010513	
INFO: current LH = -6013.67301767479	
INFO: current LH = -6013.675171479214	
INFO: current LH = -6013.678708618016	
INFO: current LH = -6013.674336216099	
INFO: Wall time: 16.9999s User: 0.01s System: 0s

INFO: current LH = -6013.67947351877	
INFO: current LH = -6013.675349875766	
INFO: current LH = -6013.678483054658	
INFO: current LH = -6013.689261522758	
INFO: current LH = -6013.664531587869	
INFO: current LH = -6013.669534371166	
INFO: current LH = -6013.684389140025	
INFO: current LH = -6013.673061405666	
INFO: current LH = -6013.680632734236	
INFO: current LH = -6013.676613207944	
INFO: current LH = -6013.676895390863	
INFO: current LH = -6013.757776255398	
INFO: current LH = -6013.764622440912	
INFO: current LH = -6013.76686253045	
INFO: current LH = -6013.759521613076	
INFO: current LH = -6013.764694488807	
INFO: current LH = -6013.76167299737	
INFO: current LH = -6013.763619650303	
INFO: current LH = -6013.762718524145	
INFO: current LH = -6013.758034549938	
INFO: Wall time: 29.5742s User: 0s System: 0.01s

INFO: current LH = -6013.768384811077	
INFO: current LH = -6013.738981970325	
INFO: current LH = -6013.787371995664	
INFO: current LH = -6013.760176997912	
INFO: current LH = -6013.766275371057	
INFO: current LH = -6013.758588660659	
INFO: current LH = -6013.767822904957	
INFO: current LH = -6013.762367395585	
INFO: current LH = -6013.76410936205	
INFO: current LH = -6013.7772875582	
INFO: current LH = -6013.749110274911	
INFO: current LH = -6013.774723474123	
INFO: current LH = -6013.751561077142	
INFO: current LH = -6013.763682050202	
INFO: current LH = -6013.762632011622	
INFO: current LH = -6013.762475321001	
INFO: current LH = -6013.763851540669	
INFO: current LH = -6013.76321835968	
INFO: current LH = -6013.763103417711	
INFO: current LH = -6013.766569467887	
INFO: Wall time: 24.1439s User: 0.01s System: 0s

INFO: current LH = -6013.759694731478	
INFO: current LH = -6013.749960836085	
INFO: current LH = -6013.77620106331	
INFO: current LH = -6013.761073869284	
INFO: current LH = -6013.765299567953	
INFO: current LH = -6013.761880923256	
INFO: current LH = -6013.764457526421	
INFO: current LH = -6013.815918692317	
INFO: current LH = -6013.887683218436	
INFO: current LH = -6013.900016049677	
INFO: current LH = -6013.872454143011	
INFO: current LH = -6013.883389926875	
INFO: current LH = -6013.889117215046	
INFO: current LH = -6013.89541052374	
INFO: current LH = -6013.877102407336	
INFO: current LH = -6013.864189090043	
INFO: current LH = -6013.908083596791	
INFO: current LH = -6013.87573586521	
INFO: current LH = -6013.897130404691	
INFO: current LH = -6013.894277084532	
INFO: Wall time: 23.6192s User: 0s System: 0.01s

INFO: current LH = -6013.87799547383	
INFO: current LH = -6013.871031606654	
INFO: current LH = -6013.901444467588	
INFO: current LH = -6013.902652474551	
INFO: current LH = -6013.869786061974	
INFO: current LH = -6013.906572285115	
INFO: current LH = -6013.865900109323	
INFO: current LH = -6013.886018761972	
INFO: current LH = -6013.886569698118	
INFO: Client timing information: 
INFO: Client id 0 channel id 0  response time +0 s
INFO: Client id 1 channel id 0  response time +1.031949 s
INFO: current LH = -6013.883930891446	
INFO: current LH = -6013.88877136133	
INFO: current LH = -6013.871894488273	
INFO: current LH = -6013.900654356824	
INFO: current LH = -6013.885587036458	
INFO: current LH = -6013.886906222097	
INFO: current LH = -6013.890512363284	
INFO: current LH = -6013.882082611281	
INFO: current LH = -6013.877506005884	
INFO: current LH = -6013.895161437655	
INFO: current LH = -6013.878623256688	
INFO: Wall time: 30.7292s User: 0s System: 0.01s

INFO: current LH = -6013.893898165899	
INFO: current LH = -6013.873364417148	
INFO: current LH = -6013.899336418226	
INFO: current LH = -6014.043455991575	
INFO: current LH = -6014.16233022205	
INFO: current LH = -6014.163556969836	
INFO: current LH = -6014.15822143577	
INFO: current LH = -6014.156905688982	
INFO: current LH = -6014.164912788433	
INFO: current LH = -6014.168294320594	
INFO: current LH = -6014.153589397319	
INFO: current LH = -6014.146184658131	
INFO: current LH = -6014.175612378876	
INFO: current LH = -6014.147253102416	
INFO: current LH = -6014.174658706382	
INFO: current LH = -6014.174987524925	
INFO: current LH = -6014.146680385505	
INFO: current LH = -6014.147229318033	
INFO: current LH = -6014.174559826914	
INFO: current LH = -6014.167887522561	
INFO: Wall time: 17.9568s User: 0.01s System: 0s

INFO: current LH = -6014.154019641253	
INFO: current LH = -6014.178887045081	
INFO: current LH = -6014.142872398666	
INFO: current LH = -6014.168780765337	
INFO: current LH = -6014.153051056986	
INFO: current LH = -6014.159080084686	
INFO: current LH = -6014.162943941128	
INFO: current LH = -6014.145372494542	
INFO: current LH = -6014.176497522043	
INFO: current LH = -6014.174569503174	
INFO: current LH = -6014.147091046035	
INFO: current LH = -6014.159201858331	
INFO: current LH = -6014.162669256561	
INFO: current LH = -6014.153502742299	
INFO: current LH = -6014.168030432227	
INFO: current LH = -6014.160955979448	
INFO: current LH = -6014.160836807698	
INFO: current LH = -6014.162545743589	
INFO: current LH = -6014.15896466229	
INFO: current LH = -6014.274072964961	
INFO: Wall time: 37.6323s User: 0s System: 0.01s

INFO: current LH = -6014.347929846643	
INFO: current LH = -6014.346614556378	
INFO: current LH = -6014.346428398218	
INFO: current LH = -6014.350877397405	
INFO: current LH = -6014.342097126092	
INFO: current LH = -6014.350448005681	
INFO: current LH = -6014.342501649407	
INFO: current LH = -6014.342869284901	
INFO: current LH = -6014.350304353683	
INFO: current LH = -6014.335861821917	
INFO: current LH = -6014.357224780949	
INFO: current LH = -6014.357428726113	
INFO: current LH = -6014.335720724008	
INFO: current LH = -6014.333796836018	
INFO: current LH = -6014.359140715555	
INFO: current LH = -6014.349947451762	
INFO: current LH = -6014.343117916071	
INFO: current LH = -6014.35996567589	
INFO: current LH = -6014.332903418132	
INFO: current LH = -6014.353973980828	
INFO: Wall time: 12.1328s User: 0.01s System: 0s

INFO: current LH = -6014.338880119254	
INFO: current LH = -6014.33948594116	
INFO: current LH = -6014.353506005845	
INFO: current LH = -6014.338017086955	
INFO: current LH = -6014.354895096177	
INFO: current LH = -6014.355670087756	
INFO: current LH = -6014.3372191343	
INFO: current LH = -6014.334699929715	
INFO: current LH = -6014.358135872177	
INFO: current LH = -6014.33886071003	
INFO: current LH = -6014.353552249191	
INFO: current LH = -6014.337077165873	
INFO: current LH = -6014.355859016484	
INFO: current LH = -6014.342189658631	
INFO: current LH = -6014.350772847994	
INFO: current LH = -6014.428237684927	
INFO: current LH = -6014.438335606567	
INFO: current LH = -6014.43882696734	
INFO: current LH = -6014.434950361928	
INFO: current LH = -6014.438672587201	
INFO: Wall time: 37.6695s User: 0s System: 0.01s

INFO: current LH = -6014.435120475655	
INFO: current LH = -6014.438551408287	
INFO: current LH = -6014.435218365949	
INFO: current LH = -6014.436736122857	
INFO: current LH = -6014.437085838641	
INFO: current LH = -6014.431969756592	
INFO: current LH = -6014.441979363014	
INFO: current LH = -6014.445479157629	
INFO: current LH = -6014.428329318333	
INFO: current LH = -6014.428301406231	
INFO: current LH = -6014.445487089149	
INFO: current LH = -6014.435714578798	
INFO: current LH = -6014.438116891266	
INFO: current LH = -6014.443511886623	
INFO: current LH = -6014.430246211624	
INFO: current LH = -6014.44074217459	
INFO: current LH = -6014.433102336647	
INFO: current LH = -6014.438159509841	
INFO: current LH = -6014.435446726183	
INFO: current LH = -6014.431303066911	
INFO: Wall time: 18.0338s User: 0s System: 0.01s

INFO: current LH = -6014.442495206563	
INFO: current LH = -6014.43227565971	
INFO: current LH = -6014.441486828104	
INFO: current LH = -6014.441443880489	
INFO: current LH = -6014.432456116374	
INFO: current LH = -6014.43771211929	
INFO: current LH = -6014.435870604822	
INFO: current LH = -6014.434885481888	
INFO: current LH = -6014.438933133327	
INFO: current LH = -6014.439074730903	
INFO: current LH = -6014.434712571691	
INFO: current LH = -6014.438337944672	
INFO: current LH = -6014.43882696734	
INFO: current LH = -6014.434950361928	
INFO: current LH = -6014.436557979471	
INFO: current LH = -6014.466354363517	
INFO: current LH = -6014.463060511685	
INFO: current LH = -6014.466804684734	
INFO: current LH = -6014.466092717524	
INFO: current LH = -6014.463745084993	
INFO: Wall time: 31.5658s User: 0s System: 0.01s

INFO: current LH = -6014.462137087474	
INFO: current LH = -6014.467697583513	
INFO: current LH = -6014.469008727579	
INFO: current LH = -6014.460831501576	
INFO: current LH = -6014.461492333188	
INFO: current LH = -6014.468290672699	
INFO: current LH = -6014.462528864299	
INFO: current LH = -6014.467344504877	
INFO: current LH = -6014.467421815012	
INFO: current LH = -6014.462436227362	
INFO: current LH = -6014.45821367669	
INFO: current LH = -6014.471638361231	
INFO: current LH = -6014.46062827364	
INFO: current LH = -6014.469220168791	
INFO: current LH = -6014.473015785491	
INFO: current LH = -6014.456843934897	
INFO: current LH = -6014.462125048613	
INFO: current LH = -6014.467802183687	
INFO: current LH = -6014.46819157483	
INFO: current LH = -6014.461683642903	
INFO: Wall time: 19.1147s User: 0.01s System: 0s

INFO: current LH = -6014.462666121026	
INFO: current LH = -6014.467200145716	
INFO: current LH = -6014.468836588004	
INFO: current LH = -6014.46101688308	
INFO: current LH = -6014.464810331076	
INFO: current LH = -6014.465071261524	
INFO: current LH = -6014.466898183059	
INFO: current LH = -6014.462946837131	
INFO: current LH = -6014.473208905304	
INFO: current LH = -6014.456620423238	
INFO: current LH = -6014.485818795814	
INFO: current LH = -6014.487434447662	
INFO: current LH = -6014.48629662841	
INFO: current LH = -6014.485690405281	
INFO: current LH = -6014.486016806531	
INFO: current LH = -6014.485985170997	
INFO: current LH = -6014.48552789209	
INFO: current LH = -6014.486474742505	
INFO: current LH = -6014.483104291485	
INFO: current LH = -6014.488867425171	
INFO: Wall time: 28.6305s User: 0s System: 0.01s

  no                                                           Name                    Value  type                 Error +-            Low          High
   0                                _J1P-1C-1Tophoton_eta(2225)Mag1     -0.09181120296933643  free                      0.5
   1                               _J1P-1C-1Tophoton_eta(2225)_1Phi                        0 fixed
   2                               L1S1_eta(2225)Toomega1_omega2Mag                        1 fixed
   3                               L1S1_eta(2225)Toomega1_omega2Phi                        0 fixed
   4                                                  eta(2225)Mass        2.206958931183091  free                     0.03           2.08           2.38
   5                                                 eta(2225)Width       0.2036490742827037  free                     0.03           0.04            0.3
   6                           L1S0_omega1Topion1+_pion1-_pion10Mag                        1 fixed
   7                           L1S0_omega1Topion1+_pion1-_pion10Phi                        0 fixed
   8                           L1S0_omega2Topion2+_pion2-_pion20Mag                        1 fixed
   9                           L1S0_omega2Topion2+_pion2-_pion20Phi                        0 fixed
  10                                 _J1P-1C-1Tophoton_f2(1910)Mag1       0.0421799739690527  free                      0.5
  11                                _J1P-1C-1Tophoton_f2(1910)_1Phi        6.853737593294302  free                      0.2
  12                                 _J1P-1C-1Tophoton_f2(1910)Mag2      -0.2688712081086775  free                      0.5
  13                                _J1P-1C-1Tophoton_f2(1910)_2Phi        1.297264870254487  free                      0.2
  14                                 _J1P-1C-1Tophoton_f2(1910)Mag3      -0.3211467358316186  free                      0.5
  15                                _J1P-1C-1Tophoton_f2(1910)_3Phi       0.4323285572317625  free                      0.2
  16                                L2S0_f2(1910)Toomega1_omega2Mag        1.553152616241803  free                     0.25
  17                                L2S0_f2(1910)Toomega1_omega2Phi       -514.3171654831516  free                      0.2
  18                                L0S2_f2(1910)Toomega1_omega2Mag                      0.5 fixed
  19                                L0S2_f2(1910)Toomega1_omega2Phi                        0 fixed
  20                                L2S2_f2(1910)Toomega1_omega2Mag        5.703912263145759  free                     0.25
  21                                L2S2_f2(1910)Toomega1_omega2Phi       -1.312672813102968  free                      0.2
  22                                L4S2_f2(1910)Toomega1_omega2Mag        2.280907057114848  free                     0.25
  23                                L4S2_f2(1910)Toomega1_omega2Phi       0.4008178064925192  free                      0.2
  24                                                   f2(1910)Mass        1.887765789562348  free                     0.03          1.791          2.091
  25                                                  f2(1910)Width       0.2824608111293684  free                    0.034           0.08           0.34
  26  channelType2photonpion1+pion1-pion10pion2+pion2-pion20Scaling                        1 fixed
INFO: current LH = -6014.487664772789	
INFO: current LH = -6014.484491310711	
INFO: current LH = -6014.485539544858	
INFO: current LH = -6014.486465784436	
INFO: current LH = -6014.485610325627	
INFO: current LH = -6014.486377646948	
INFO: current LH = -6014.488347892162	
INFO: current LH = -6014.483629366046	
INFO: current LH = -6014.484337064552	
INFO: current LH = -6014.487647905121	
INFO: current LH = -6014.489256447972	
INFO: current LH = -6014.48272275578	
INFO: current LH = -6014.481636057926	
INFO: current LH = -6014.49035592643	
INFO: current LH = -6014.484002909439	
INFO: current LH = -6014.487996209603	
INFO: current LH = -6014.486604766571	
INFO: current LH = -6014.485389297674	
INFO: current LH = -6014.485718292455	
INFO: current LH = -6014.486242041885	
INFO: Wall time: 25.9585s User: 0s System: 0.01s

INFO: current LH = -6014.485101069412	
INFO: current LH = -6014.486865498347	
INFO: current LH = -6014.482158913616	
INFO: current LH = -6014.489837017723	
INFO: current LH = -6014.486436122685	
INFO: current LH = -6014.485623166138	
INFO: current LH = -6014.501567558385	
INFO: current LH = -6014.515011751989	
INFO: current LH = -6014.512911597738	
INFO: Client timing information: 
INFO: Client id 0 channel id 0  response time +0 s
INFO: Client id 1 channel id 0  response time +0.033421 s
INFO: current LH = -6014.514242161164	
INFO: current LH = -6014.513550779121	
INFO: current LH = -6014.513608482305	
INFO: current LH = -6014.512045151599	
INFO: current LH = -6014.515115099506	
INFO: current LH = -6014.512093866643	
INFO: current LH = -6014.51506400005	
INFO: current LH = -6014.515756275164	
INFO: current LH = -6014.51137906725	
INFO: current LH = -6014.513736667785	
INFO: current LH = -6014.513409574557	
INFO: Wall time: 23.2587s User: 0.01s System: 0.01s

INFO: current LH = -6014.513680572883	
INFO: current LH = -6014.513471923761	
INFO: current LH = -6014.514416415079	
INFO: current LH = -6014.512728191191	
INFO: current LH = -6014.512175344491	
INFO: current LH = -6014.514975535929	
INFO: current LH = -6014.509882506244	
INFO: current LH = -6014.517270024191	
INFO: current LH = -6014.51282512384	
INFO: current LH = -6014.514156740249	
INFO: current LH = -6014.515389295636	
INFO: current LH = -6014.511789740804	
INFO: current LH = -6014.509623470263	
INFO: current LH = -6014.517543398082	
INFO: current LH = -6014.520037702571	
INFO: current LH = -6014.507132975957	
INFO: current LH = -6014.516220843078	
INFO: current LH = -6014.510865665901	
INFO: current LH = -6014.511877907504	
INFO: current LH = -6014.515287736282	
INFO: Wall time: 33.7261s User: 0s System: 0.01s

INFO: current LH = -6014.51316813935	
INFO: current LH = -6014.514043172607	
INFO: current LH = -6014.524866961441	
INFO: current LH = -6014.52692618827	
INFO: current LH = -6014.525499219788	
INFO: current LH = -6014.525485092736	
INFO: current LH = -6014.52653715943	
INFO: current LH = -6014.524449716634	
INFO: current LH = -6014.524853869957	
INFO: current LH = -6014.526136412062	
INFO: current LH = -6014.525561060017	
INFO: current LH = -6014.525432741068	
INFO: current LH = -6014.525846495369	
INFO: current LH = -6014.525104646411	
INFO: current LH = -6014.526954595508	
INFO: current LH = -6014.524022235037	
INFO: current LH = -6014.52516887805	
INFO: current LH = -6014.525812591842	
INFO: current LH = -6014.525214978043	
INFO: current LH = -6014.525762157472	
INFO: Wall time: 16.35s User: 0.01s System: 0.01s

INFO: current LH = -6014.52541154805	
INFO: current LH = -6014.525572865765	
INFO: current LH = -6014.525725766219	
INFO: current LH = -6014.525241341046	
INFO: current LH = -6014.525927001492	
INFO: current LH = -6014.524980153107	
INFO: current LH = -6014.526941828234	
INFO: current LH = -6014.524043182343	
INFO: current LH = -6014.527072326696	
INFO: current LH = -6014.523896506592	
INFO: current LH = -6014.526650487241	
INFO: current LH = -6014.524295966045	
INFO: current LH = -6014.523372317472	
INFO: current LH = -6014.527573058746	
INFO: current LH = -6014.524934327871	
INFO: current LH = -6014.526050150496	
INFO: current LH = -6014.524528935764	
INFO: current LH = -6014.526472763282	
INFO: current LH = -6014.531050520987	
INFO: current LH = -6014.535886067418	
INFO: Wall time: 40.4889s User: 0s System: 0.01s

INFO: current LH = -6014.536281225223	
INFO: current LH = -6014.532625727777	
INFO: current LH = -6014.533861842628	
INFO: current LH = -6014.535052819251	
INFO: current LH = -6014.535702004675	
INFO: current LH = -6014.53321923084	
INFO: current LH = -6014.534567210938	
INFO: current LH = -6014.534342734974	
INFO: current LH = -6014.533311240555	
INFO: current LH = -6014.535581167402	
INFO: current LH = -6014.535021701638	
INFO: current LH = -6014.533899582401	
INFO: current LH = -6014.534959275397	
INFO: current LH = -6014.533955722844	
INFO: current LH = -6014.53448597895	
INFO: current LH = -6014.534411751919	
INFO: current LH = -6014.534454882702	
INFO: current LH = -6014.534462279141	
INFO: current LH = -6014.534702101059	
INFO: current LH = -6014.534225882311	
INFO: Wall time: 11.5204s User: 0s System: 0s

INFO: current LH = -6014.532763940027	
INFO: current LH = -6014.536160738235	
INFO: current LH = -6014.536466082474	
INFO: current LH = -6014.53246030204	
INFO: current LH = -6014.535523457756	
INFO: current LH = -6014.53336750229	
INFO: current LH = -6014.534678762832	
INFO: current LH = -6014.534260181029	
INFO: current LH = -6014.536198018109	
INFO: current LH = -6014.53259503044	
INFO: current LH = -6014.534462460011	
INFO: current LH = -6014.534444872098	
INFO: current LH = -6014.534033277901	
INFO: current LH = -6014.534855899553	
INFO: current LH = -6014.539599762164	
INFO: current LH = -6014.539733199186	
INFO: current LH = -6014.538049005825	
INFO: current LH = -6014.53855480176	
INFO: current LH = -6014.536108469811	
INFO: current LH = -6014.540481333043	
INFO: Wall time: 36.7086s User: 0.01s System: 0.01s

INFO: current LH = -6014.537856448619	
INFO: current LH = -6014.53873284688	
INFO: current LH = -6014.537607099922	
INFO: current LH = -6014.538982124381	
INFO: current LH = -6014.53811774828	
INFO: current LH = -6014.538495931139	
INFO: current LH = -6014.538879056481	
INFO: current LH = -6014.53771853271	
INFO: current LH = -6014.53872867715	
INFO: current LH = -6014.537865835702	
INFO: current LH = -6014.538702064351	
INFO: current LH = -6014.537883090356	
INFO: current LH = -6014.538078854664	
INFO: current LH = -6014.538512627586	
INFO: current LH = -6014.539006828925	
INFO: current LH = -6014.537597120445	
INFO: current LH = -6014.53959366562	
INFO: current LH = -6014.536924358001	
INFO: current LH = -6014.538657223538	
INFO: current LH = -6014.537941853301	
INFO: Wall time: 19.6793s User: 0s System: 0s

INFO: current LH = -6014.538429048594	
INFO: current LH = -6014.538156140934	
INFO: current LH = -6014.538584032977	
INFO: current LH = -6014.538023757906	
INFO: current LH = -6014.53836736242	
INFO: current LH = -6014.53816971618	
INFO: current LH = -6014.538055453065	
INFO: current LH = -6014.53853625553	
INFO: current LH = -6014.538536403745	
INFO: current LH = -6014.53804326193	
INFO: current LH = -6014.541377904416	
INFO: current LH = -6014.542286958449	
INFO: current LH = -6014.541223839608	
INFO: current LH = -6014.540471740995	
INFO: current LH = -6014.541742811286	
INFO: current LH = -6014.53996742572	
INFO: current LH = -6014.542062663038	
INFO: current LH = -6014.539652859774	
INFO: current LH = -6014.540656061632	
INFO: current LH = -6014.541046960991	
INFO: Wall time: 30.1688s User: 0.01s System: 0.01s

INFO: current LH = -6014.541464730528	
INFO: current LH = -6014.540245917347	
INFO: current LH = -6014.541200946316	
INFO: current LH = -6014.540505329554	
INFO: current LH = -6014.541113083919	
INFO: current LH = -6014.540592180489	
INFO: current LH = -6014.541461553578	
INFO: current LH = -6014.540235171948	
INFO: current LH = -6014.540525719249	
INFO: current LH = -6014.54117668256	
INFO: current LH = -6014.5412516232	
INFO: current LH = -6014.540456219883	
INFO: current LH = -6014.541742609842	
INFO: current LH = -6014.539947865529	
INFO: current LH = -6014.541240594595	
INFO: current LH = -6014.540464076284	
INFO: current LH = -6014.540525020117	
INFO: current LH = -6014.541172642159	
INFO: current LH = -6014.540684131181	
INFO: current LH = -6014.541025240263	
INFO: Wall time: 26.9936s User: 0s System: 0.01s

INFO: current LH = -6014.540872398421	
INFO: current LH = -6014.540803575329	
INFO: current LH = -6014.54071781508	
INFO: current LH = -6014.540986820391	
INFO: current LH = -6014.54154475661	
INFO: current LH = -6014.540152600777	
INFO: current LH = -6014.543461483381	
INFO: current LH = -6014.543560901115	
INFO: current LH = -6014.540867676924	
INFO: current LH = -6014.543385745509	
INFO: current LH = -6014.542277230847	
INFO: current LH = -6014.541974691578	
INFO: current LH = -6014.541737520417	
INFO: current LH = -6014.542511447775	
INFO: current LH = -6014.5425319347	
INFO: current LH = -6014.54172081358	
INFO: current LH = -6014.542194781052	
INFO: current LH = -6014.542044298787	
INFO: current LH = -6014.542843704656	
INFO: current LH = -6014.541404318196	
INFO: Wall time: 22.9027s User: 0s System: 0.01s

INFO: current LH = -6014.541850530634	
INFO: current LH = -6014.542399877821	
INFO: current LH = -6014.542794781054	
INFO: current LH = -6014.541449614203	
INFO: current LH = -6014.542423477651	
INFO: current LH = -6014.541828019366	
INFO: current LH = -6014.542009514621	
INFO: current LH = -6014.542252983582	
INFO: current LH = -6014.541663954725	
INFO: Client timing information: 
INFO: Client id 1 channel id 0  response time +0 s
INFO: Client id 0 channel id 0  response time +0.200761 s
INFO: current LH = -6014.542612214634	
INFO: current LH = -6014.542889613711	
INFO: current LH = -6014.541371943083	
INFO: current LH = -6014.5422611699	
INFO: current LH = -6014.541996486931	
INFO: current LH = -6014.541375640089	
INFO: current LH = -6014.542887932366	
INFO: current LH = -6014.542543285167	
INFO: current LH = -6014.541713840483	
INFO: current LH = -6014.542021116134	
INFO: current LH = -6014.54222962035	
INFO: Wall time: 32.3685s User: 0.01s System: 0s

INFO: current LH = -6014.542821024876	
INFO: current LH = -6014.541435257579	
INFO: current LH = -6014.54442313791	
INFO: current LH = -6014.546912506898	
INFO: current LH = -6014.54787250948	
INFO: current LH = -6014.546341486656	
INFO: current LH = -6014.546536220277	
INFO: current LH = -6014.546416171561	
INFO: current LH = -6014.546458615481	
INFO: current LH = -6014.546092224706	
INFO: current LH = -6014.546776698557	
INFO: current LH = -6014.547920093536	
INFO: current LH = -6014.544945448742	
INFO: current LH = -6014.544508434556	
INFO: current LH = -6014.548340128787	
INFO: current LH = -6014.54555750214	
INFO: current LH = -6014.547320225863	
INFO: current LH = -6014.547247323727	
INFO: current LH = -6014.545645565622	
INFO: current LH = -6014.547433069937	
INFO: Wall time: 19.0428s User: 0s System: 0.01s

INFO: current LH = -6014.545425861728	
INFO: current LH = -6014.545695850304	
INFO: current LH = -6014.547201731357	
INFO: current LH = -6014.546182270222	
INFO: current LH = -6014.546731768085	
INFO: current LH = -6014.546750451596	
INFO: current LH = -6014.546099321321	
INFO: current LH = -6014.547078048222	
INFO: current LH = -6014.545826232812	
INFO: current LH = -6014.545319844463	
INFO: current LH = -6014.547570394388	
INFO: current LH = -6014.5463755158	
INFO: current LH = -6014.546538496219	
INFO: current LH = -6014.545898398545	
INFO: current LH = -6014.546982076748	
INFO: current LH = -6014.545206064145	
INFO: current LH = -6014.547687546989	
INFO: current LH = -6014.546315069125	
INFO: current LH = -6014.546631042933	
INFO: current LH = -6014.551311038761	
INFO: Wall time: 39.2429s User: 0s System: 0s

INFO: current LH = -6014.553451286451	
INFO: current LH = -6014.552808215584	
INFO: current LH = -6014.551224650891	
INFO: current LH = -6014.551887753996	
INFO: current LH = -6014.552144760841	
INFO: current LH = -6014.551331826778	
INFO: current LH = -6014.552691750571	
INFO: current LH = -6014.552395553691	
INFO: current LH = -6014.551580762084	
INFO: current LH = -6014.552270845608	
INFO: current LH = -6014.551755562287	
INFO: current LH = -6014.551732618961	
INFO: current LH = -6014.552244450826	
INFO: current LH = -6014.551636818515	
INFO: current LH = -6014.552378780338	
INFO: current LH = -6014.553447955272	
INFO: current LH = -6014.550535888567	
INFO: current LH = -6014.551898225556	
INFO: current LH = -6014.552116605269	
INFO: current LH = -6014.552512345224	
INFO: Wall time: 12.1485s User: 0.01s System: 0.01s

INFO: current LH = -6014.551538808998	
INFO: current LH = -6014.551652027287	
INFO: current LH = -6014.552393365427	
INFO: current LH = -6014.552280212369	
INFO: current LH = -6014.551751666189	
INFO: current LH = -6014.55158634406	
INFO: current LH = -6014.55243996322	
INFO: current LH = -6014.55238077533	
INFO: current LH = -6014.551678092512	
INFO: current LH = -6014.551509078148	
INFO: current LH = -6014.552552938501	
INFO: current LH = -6014.553640520016	
INFO: current LH = -6014.55039100769	
INFO: current LH = -6014.552119759976	
INFO: current LH = -6014.551955238879	
INFO: current LH = -6014.556002874324	
INFO: current LH = -6014.563238656122	
INFO: current LH = -6014.565654156099	
INFO: current LH = -6014.564847107055	
INFO: current LH = -6014.563594559071	
INFO: Wall time: 40.0438s User: 0s System: 0.01s

INFO: current LH = -6014.564944953594	
INFO: current LH = -6014.563495516977	
INFO: current LH = -6014.563538640527	
INFO: current LH = -6014.564901408743	
INFO: current LH = -6014.565430053763	
INFO: current LH = -6014.562893153892	
INFO: current LH = -6014.564705978948	
INFO: current LH = -6014.563659764477	
INFO: current LH = -6014.563239078927	
INFO: current LH = -6014.56508259338	
INFO: current LH = -6014.563230637833	
INFO: current LH = -6014.565245899243	
INFO: current LH = -6014.564281565307	
INFO: current LH = -6014.564096998746	
INFO: current LH = -6014.565624494633	
INFO: current LH = -6014.562861146636	
INFO: current LH = -6014.566145930053	
INFO: current LH = -6014.562380273257	
INFO: current LH = -6014.565362575087	
INFO: current LH = -6014.563127672042	
INFO: Wall time: 15.6448s User: 0s System: 0.01s

INFO: current LH = -6014.564364675574	
INFO: current LH = -6014.564129473524	
INFO: current LH = -6014.565219416027	
INFO: current LH = -6014.5632193365	
INFO: current LH = -6014.564777412023	
INFO: current LH = -6014.5637749546	
INFO: current LH = -6014.565725452405	
INFO: current LH = -6014.562721853765	
INFO: current LH = -6014.564334624321	
INFO: current LH = -6014.56413803792	
INFO: current LH = -6014.563619651937	
INFO: current LH = -6014.565002737827	
INFO: current LH = -6014.570511892445	
INFO: current LH = -6014.575925798745	
INFO: current LH = -6014.57330330105	
INFO: current LH = -6014.57568711027	
INFO: current LH = -6014.575196349268	
INFO: current LH = -6014.573789730725	
INFO: current LH = -6014.573509132721	
INFO: current LH = -6014.575486399475	
INFO: Wall time: 31.5665s User: 0.01s System: 0.01s

INFO: current LH = -6014.572598529238	
INFO: current LH = -6014.57630823079	
INFO: current LH = -6014.574183391653	
INFO: current LH = -6014.574772631401	
INFO: current LH = -6014.573352788901	
INFO: current LH = -6014.575555158699	
INFO: current LH = -6014.574857431748	
INFO: current LH = -6014.574151330286	
INFO: current LH = -6014.575439595166	
INFO: current LH = -6014.573531555423	
INFO: current LH = -6014.574430868563	
INFO: current LH = -6014.574585134572	
INFO: current LH = -6014.574530167973	
INFO: current LH = -6014.574507364141	
INFO: current LH = -6014.575021388657	
INFO: current LH = -6014.574019096891	
INFO: current LH = -6014.574501612851	
INFO: current LH = -6014.574531775864	
INFO: current LH = -6014.574794129762	
INFO: current LH = -6014.574212246284	
INFO: Wall time: 22.8883s User: 0s System: 0s

INFO: current LH = -6014.57418997467	
INFO: current LH = -6014.574856960816	
INFO: current LH = -6014.575198674494	
INFO: current LH = -6014.573844466542	
INFO: current LH = -6014.573130971995	
INFO: current LH = -6014.575859274297	
INFO: current LH = -6014.573586756876	
INFO: current LH = -6014.575450999849	
INFO: current LH = -6014.579322574096	
INFO: current LH = -6014.580048557004	
INFO: current LH = -6014.578337852542	
INFO: current LH = -6014.57886931686	
INFO: current LH = -6014.579120577055	
INFO: current LH = -6014.578109750329	
INFO: current LH = -6014.577922929516	
INFO: current LH = -6014.57930827048	
INFO: current LH = -6014.578630069368	
INFO: current LH = -6014.578544119478	
INFO: current LH = -6014.57779527645	
INFO: current LH = -6014.579373674681	
INFO: Wall time: 25.5098s User: 0s System: 0.01s

INFO: current LH = -6014.577522474326	
INFO: current LH = -6014.579638418139	
INFO: current LH = -6014.579310875848	
INFO: current LH = -6014.577926333191	
INFO: current LH = -6014.577232835674	
INFO: current LH = -6014.579966798778	
INFO: current LH = -6014.577963971383	
INFO: current LH = -6014.579275425005	
INFO: current LH = -6014.579447988772	
INFO: current LH = -6014.577831416176	
INFO: current LH = -6014.578574096742	
INFO: current LH = -6014.578669494668	
INFO: current LH = -6014.580272862885	
INFO: current LH = -6014.57699481063	
INFO: current LH = -6014.578211459137	
INFO: current LH = -6014.579034305518	
INFO: current LH = -6014.578574854266	
INFO: current LH = -6014.5787140277	
INFO: current LH = -6014.578653195468	
INFO: current LH = -6014.578621260554	
INFO: Wall time: 28.7225s User: 0.01s System: 0.01s

INFO: current LH = -6014.579659300671	
INFO: current LH = -6014.577590711963	
INFO: current LH = -6014.579568329991	
INFO: current LH = -6014.577722150417	
INFO: current LH = -6014.581001713095	
INFO: current LH = -6014.581051920613	
INFO: current LH = -6014.580171397443	
INFO: current LH = -6014.57908348816	
INFO: current LH = -6014.579562944911	
INFO: Client timing information: 
INFO: Client id 0 channel id 0  response time +0 s
INFO: Client id 1 channel id 0  response time +0.015651 s
INFO: current LH = -6014.579672575292	
INFO: current LH = -6014.579810864125	
INFO: current LH = -6014.579426665709	
INFO: current LH = -6014.579082104573	
INFO: current LH = -6014.580163806072	
INFO: current LH = -6014.579699032899	
INFO: current LH = -6014.579571310383	
INFO: current LH = -6014.580043655794	
INFO: current LH = -6014.579193284754	
INFO: current LH = -6014.578814599236	
INFO: current LH = -6014.580415318468	
INFO: Wall time: 19.1637s User: 0s System: 0.01s

INFO: current LH = -6014.57967740199	
INFO: current LH = -6014.579562946507	
INFO: current LH = -6014.580227236917	
INFO: current LH = -6014.579001526909	
INFO: current LH = -6014.579402667211	
INFO: current LH = -6014.579820483688	
INFO: current LH = -6014.579629986708	
INFO: current LH = -6014.579595429056	
INFO: current LH = -6014.579820970585	
INFO: current LH = -6014.579404921134	
INFO: current LH = -6014.579184675952	
INFO: current LH = -6014.580046842253	
INFO: current LH = -6014.579146832168	
INFO: current LH = -6014.580072328753	
INFO: current LH = -6014.57940738835	
INFO: current LH = -6014.579828350276	
INFO: current LH = -6014.579537770949	
INFO: current LH = -6014.579689037313	
INFO: current LH = -6014.579357289113	
INFO: current LH = -6014.579862334815	
INFO: Wall time: 35.9432s User: 0s System: 0.01s

INFO: current LH = -6014.581468219003	
INFO: current LH = -6014.581850006724	
INFO: current LH = -6014.58185423344	
INFO: current LH = -6014.580497882735	
INFO: current LH = -6014.580338370945	
INFO: current LH = -6014.580100020623	
INFO: current LH = -6014.580743152219	
INFO: current LH = -6014.580351224768	
INFO: current LH = -6014.580493191717	
INFO: current LH = -6014.58043947504	
INFO: current LH = -6014.580379877959	
INFO: current LH = -6014.580859226165	
INFO: current LH = -6014.579985582618	
INFO: current LH = -6014.580019002768	
INFO: current LH = -6014.580801699757	
INFO: current LH = -6014.580178210254	
INFO: current LH = -6014.580672675283	
INFO: current LH = -6014.580428382257	
INFO: current LH = -6014.580403586655	
INFO: current LH = -6014.580484922653	
INFO: Wall time: 14.5968s User: 0.01s System: 0s

INFO: current LH = -6014.580367191933	
INFO: current LH = -6014.580408808838	
INFO: current LH = -6014.580460775703	
INFO: current LH = -6014.580382714413	
INFO: current LH = -6014.580480716137	
INFO: current LH = -6014.580585894032	
INFO: current LH = -6014.580275994702	
INFO: current LH = -6014.580408742338	
INFO: current LH = -6014.580440690289	
INFO: current LH = -6014.580189510521	
INFO: current LH = -6014.580684485688	
INFO: current LH = -6014.580246059449	
INFO: current LH = -6014.580614407949	
INFO: current LH = -6014.579981057322	
INFO: current LH = -6014.580871047257	
INFO: current LH = -6014.580483338164	
INFO: current LH = -6014.580397221671	
INFO: current LH = -6014.582095866054	
INFO: current LH = -6014.582165415844	
INFO: current LH = -6014.580695148485	
INFO: Wall time: 39.744s User: 0s System: 0.01s

INFO: current LH = -6014.580769588851	
INFO: current LH = -6014.580718545897	
INFO: current LH = -6014.580738774877	
INFO: current LH = -6014.580866739643	
INFO: current LH = -6014.580592217218	
INFO: current LH = -6014.580664960541	
INFO: current LH = -6014.580788740313	
INFO: current LH = -6014.580521925023	
INFO: current LH = -6014.580921947248	
INFO: current LH = -6014.580652908007	
INFO: current LH = -6014.580788120189	
INFO: current LH = -6014.580492130211	
INFO: current LH = -6014.580947887409	
INFO: current LH = -6014.580840929762	
INFO: current LH = -6014.58060400758	
INFO: current LH = -6014.580877140013	
INFO: current LH = -6014.580564372573	
INFO: current LH = -6014.580488472676	
INFO: current LH = -6014.580952439474	
INFO: current LH = -6014.580799662972	
INFO: Wall time: 14.1445s User: 0.01s System: 0s

INFO: current LH = -6014.580641624929	
INFO: current LH = -6014.580675196136	
INFO: current LH = -6014.580765831531	
INFO: current LH = -6014.580831581827	
INFO: current LH = -6014.580607947583	
INFO: current LH = -6014.580873855567	
INFO: current LH = -6014.580567822449	
INFO: current LH = -6014.580713670488	
INFO: current LH = -6014.580729322206	
INFO: current LH = -6014.580630437174	
INFO: current LH = -6014.580815010862	
INFO: current LH = -6014.580841019137	
INFO: current LH = -6014.580601780892	
INFO: current LH = -6014.582232417441	
INFO: current LH = -6014.582302583115	
INFO: current LH = -6014.582302988323	
INFO: current LH = -6014.580835057112	
INFO: current LH = -6014.580886993987	
INFO: current LH = -6014.580873350425	
INFO: current LH = -6014.580864089385	
INFO: Wall time: 35.47s User: 0s System: 0.01s

INFO: current LH = -6014.58091407195	
INFO: current LH = -6014.58082248708	
INFO: current LH = -6014.58084218816	
INFO: current LH = -6014.580899049462	
INFO: current LH = -6014.58098450988	
INFO: current LH = -6014.580765849307	
INFO: current LH = -6014.580702176401	
INFO: current LH = -6014.581040412417	
INFO: current LH = -6014.580873444062	
INFO: current LH = -6014.580869039961	
INFO: current LH = -6014.580784902768	
INFO: current LH = -6014.580961904521	
INFO: current LH = -6014.58067029151	
INFO: current LH = -6014.581070766294	
INFO: current LH = -6014.581031411445	
INFO: current LH = -6014.58071891541	
INFO: current LH = -6014.580798325458	
INFO: current LH = -6014.580960185717	
INFO: current LH = -6014.581000574035	
INFO: current LH = -6014.580747784789	
INFO: Wall time: 19.8593s User: 0s System: 0.01s

INFO: current LH = -6014.581015067767	
INFO: current LH = -6014.580734352197	
INFO: current LH = -6014.580966138231	
INFO: current LH = -6014.580783816208	
INFO: current LH = -6014.580782488808	
INFO: current LH = -6014.580969018517	
INFO: current LH = -6014.581149743032	
INFO: current LH = -6014.580593847586	
INFO: current LH = -6014.581103999072	
INFO: current LH = -6014.580642526323	
INFO: current LH = -6014.582359489197	
INFO: current LH = -6014.58237725222	
INFO: current LH = -6014.580869896906	
INFO: current LH = -6014.581044033111	
INFO: current LH = -6014.580898474565	
INFO: current LH = -6014.580993408965	
INFO: current LH = -6014.580969646897	
INFO: current LH = -6014.580922264214	
INFO: current LH = -6014.581058327396	
INFO: current LH = -6014.580827432753	
INFO: Wall time: 28.8152s User: 0.01s System: 0s

INFO: current LH = -6014.580908013685	
INFO: current LH = -6014.580977494045	
INFO: current LH = -6014.580882729641	
INFO: current LH = -6014.580999300022	
INFO: current LH = -6014.580925759779	
INFO: current LH = -6014.580959039392	
INFO: current LH = -6014.580843073937	
INFO: current LH = -6014.581041984178	
INFO: current LH = -6014.580791306318	
INFO: current LH = -6014.581093337223	
INFO: current LH = -6014.580997664137	
INFO: current LH = -6014.5808808079	
INFO: current LH = -6014.580946641988	
INFO: current LH = -6014.580928466655	
INFO: current LH = -6014.581022619925	
INFO: current LH = -6014.58085516443	
INFO: current LH = -6014.580902303884	
INFO: current LH = -6014.580971537233	
INFO: current LH = -6014.580968720561	
INFO: current LH = -6014.580910302316	
INFO: Wall time: 25.8503s User: 0s System: 0.01s

INFO: current LH = -6014.580967428547	
INFO: current LH = -6014.58089862007	
INFO: current LH = -6014.580957879326	
INFO: current LH = -6014.580926146289	
INFO: current LH = -6014.580962892021	
INFO: current LH = -6014.580928022624	
INFO: current LH = -6014.582390537248	
INFO: current LH = -6014.582397632999	
INFO: current LH = -6014.582398789887	
INFO: current LH = -6014.580951422809	
INFO: current LH = -6014.580954037344	
INFO: current LH = -6014.580986334764	
INFO: current LH = -6014.580942689285	
INFO: current LH = -6014.581008314298	
INFO: current LH = -6014.580920046291	
INFO: current LH = -6014.580887797687	
INFO: current LH = -6014.581045831008	
INFO: current LH = -6014.580968997244	
INFO: current LH = -6014.580976188087	
INFO: current LH = -6014.581034326005	
INFO: Wall time: 24.3987s User: 0s System: 0.01s

INFO: current LH = -6014.580905071234	
INFO: current LH = -6014.58083995997	
INFO: current LH = -6014.581104374569	
INFO: current LH = -6014.581039424639	
INFO: current LH = -6014.580901675389	
INFO: current LH = -6014.580946979702	
INFO: current LH = -6014.580997772287	
INFO: current LH = -6014.580941246779	
INFO: current LH = -6014.581003841305	
INFO: Client timing information: 
INFO: Client id 1 channel id 0  response time +0 s
INFO: Client id 0 channel id 0  response time +0.041111 s
INFO: current LH = -6014.580983369239	
INFO: current LH = -6014.580959201273	
INFO: current LH = -6014.5809044543	
INFO: current LH = -6014.581039471492	
INFO: current LH = -6014.580991364975	
INFO: current LH = -6014.580950340091	
INFO: current LH = -6014.580914733539	
INFO: current LH = -6014.581030973554	
INFO: current LH = -6014.580986006839	
INFO: current LH = -6014.580955910267	
INFO: current LH = -6014.580944562613	
INFO: Wall time: 30.899s User: 0s System: 0.01s

INFO: current LH = -6014.58099663582	
INFO: current LH = -6014.580846880002	
INFO: current LH = -6014.581100644175	
INFO: current LH = -6014.582401035804	
INFO: current LH = -6014.580951422809	
INFO: current LH = -6014.580954037344	
WARN: /MinuitMinimizer.cc:72: FM is invalid, try with strategy = 2.
INFO: current LH = -6014.582395413839	
INFO: current LH = -6014.58096556887	
INFO: current LH = -6014.580968177722	
INFO: current LH = -6014.580942853078	
INFO: current LH = -6014.580986496057	
INFO: current LH = -6014.580920456606	
INFO: current LH = -6014.581008713151	
INFO: current LH = -6014.580885600049	
INFO: current LH = -6014.581043754535	
INFO: current LH = -6014.580961011906	
INFO: current LH = -6014.580968300848	
INFO: current LH = -6014.581029413444	
INFO: current LH = -6014.580899919179	
INFO: current LH = -6014.580832100351	
INFO: Wall time: 15.7357s User: 0.01s System: 0s

INFO: current LH = -6014.581097216291	
INFO: current LH = -6014.581033684684	
INFO: current LH = -6014.580895642418	
INFO: current LH = -6014.580939195329	
INFO: current LH = -6014.580990119934	
INFO: current LH = -6014.580933281267	
INFO: current LH = -6014.580996049617	
INFO: current LH = -6014.580976833074	
INFO: current LH = -6014.580952503669	
INFO: current LH = -6014.580896978715	
INFO: current LH = -6014.581032354705	
INFO: current LH = -6014.580985225194	
INFO: current LH = -6014.58094411296	
INFO: current LH = -6014.580906367673	
INFO: current LH = -6014.581022961936	
INFO: current LH = -6014.580979762724	
INFO: current LH = -6014.580949575014	
INFO: current LH = -6014.580938382609	
INFO: current LH = -6014.580990576288	
INFO: current LH = -6014.580829358014	
INFO: Wall time: 35.3736s User: 0s System: 0.01s

INFO: current LH = -6014.581084449831	
INFO: current LH = -6014.582401035804	
INFO: current LH = -6014.58096556887	
INFO: current LH = -6014.580968177722	
INFO: current LH = -6014.580942853078	
INFO: current LH = -6014.580986496057	
INFO: current LH = -6014.580920456606	
INFO: current LH = -6014.581008713151	
INFO: current LH = -6014.580885600049	
INFO: current LH = -6014.581043754535	
INFO: current LH = -6014.580961011906	
INFO: current LH = -6014.580968300848	
INFO: current LH = -6014.581029413444	
INFO: current LH = -6014.580899919179	
INFO: current LH = -6014.580832100351	
INFO: current LH = -6014.581097216291	
INFO: current LH = -6014.581033684684	
INFO: current LH = -6014.580895642418	
INFO: current LH = -6014.580939195329	
INFO: current LH = -6014.580990119934	
INFO: Wall time: 12.3466s User: 0.01s System: 0.01s

INFO: current LH = -6014.580933281267	
INFO: current LH = -6014.580996049617	
INFO: current LH = -6014.580976833074	
INFO: current LH = -6014.580952503669	
INFO: current LH = -6014.580896978715	
INFO: current LH = -6014.581032354705	
INFO: current LH = -6014.580985225194	
INFO: current LH = -6014.58094411296	
INFO: current LH = -6014.580906367673	
INFO: current LH = -6014.581022961936	
INFO: current LH = -6014.580979762724	
INFO: current LH = -6014.580949575014	
INFO: current LH = -6014.580938382609	
INFO: current LH = -6014.580990576288	
INFO: current LH = -6014.580829358014	
INFO: current LH = -6014.581084449831	
INFO: current LH = -6014.582337082684	
INFO: current LH = -6014.582338602572	
INFO: current LH = -6014.582393061547	
INFO: current LH = -6014.582393194799	
INFO: Wall time: 36.6739s User: 0s System: 0.01s

INFO: current LH = -6014.582395309071	
INFO: current LH = -6014.582395335726	
INFO: current LH = -6014.582337925915	
INFO: current LH = -6014.582346574145	
INFO: current LH = -6014.582333091849	
INFO: current LH = -6014.582351401132	
INFO: current LH = -6014.582328398352	
INFO: current LH = -6014.582361149637	
INFO: current LH = -6014.582346487371	
INFO: current LH = -6014.582345222975	
INFO: current LH = -6014.58240123652	
INFO: current LH = -6014.582400961863	
INFO: current LH = -6014.582403336494	
INFO: current LH = -6014.582403281383	
INFO: current LH = -6014.582358448309	
INFO: current LH = -6014.582333254842	
INFO: current LH = -6014.582319498732	
INFO: current LH = -6014.582372203643	
INFO: current LH = -6014.58235941328	
INFO: current LH = -6014.582332289739	
INFO: Wall time: 8.53333s User: 0s System: 0s

INFO: current LH = -6014.582340673082	
INFO: current LH = -6014.582351029282	
INFO: current LH = -6014.582338146648	
INFO: current LH = -6014.582350645966	
INFO: current LH = -6014.582344625684	
INFO: current LH = -6014.5823441639	
INFO: current LH = -6014.582399614003	
INFO: current LH = -6014.582399556886	
INFO: current LH = -6014.582401798639	
INFO: current LH = -6014.582401787495	
INFO: current LH = -6014.582331138123	
INFO: current LH = -6014.582357654402	
INFO: current LH = -6014.582348534164	
INFO: current LH = -6014.582340259296	
INFO: current LH = -6014.582333101878	
INFO: current LH = -6014.582355690177	
INFO: current LH = -6014.582346865909	
INFO: current LH = -6014.58234192743	
INFO: current LH = -6014.582400074971	
INFO: current LH = -6014.582399096056	
INFO: Wall time: 38.3572s User: 0.01s System: 0.01s

INFO: current LH = -6014.582338561776	
INFO: current LH = -6014.582348585218	
INFO: current LH = -6014.582316391214	
INFO: current LH = -6014.582370150214	
INFO: current LH = -6014.582393338352	
INFO: current LH = -6014.582404112071	
INFO: current LH = -6014.580418928383	
INFO: current LH = -6014.581669685209	
INFO: current LH = -6014.579899736736	
INFO: current LH = -6014.579408877416	
INFO: current LH = -6014.579211657185	
INFO: current LH = -6014.579911313441	
INFO: current LH = -6014.578837221962	
INFO: current LH = -6014.579052536505	
INFO: current LH = -6014.579723774013	
INFO: current LH = -6014.57949153252	
INFO: current LH = -6014.580176218048	
INFO: current LH = -6014.579753605687	
INFO: current LH = -6014.579759037949	
INFO: current LH = -6014.579387438384	
INFO: Wall time: 33.0639s User: 0s System: 0.01s

INFO: current LH = -6014.580145187996	
INFO: current LH = -6014.580278152795	
INFO: current LH = -6014.57797621521	
INFO: current LH = -6014.579617323748	
INFO: current LH = -6014.579444376827	
INFO: current LH = -6014.579381906238	
INFO: current LH = -6014.579537317903	
INFO: current LH = -6014.57939638817	
INFO: current LH = -6014.579260215657	
INFO: current LH = -6014.579559014702	
INFO: current LH = -6014.579466536292	
INFO: current LH = -6014.579668254287	
INFO: current LH = -6014.579602464843	
INFO: current LH = -6014.57940207763	
INFO: current LH = -6014.579403178257	
INFO: current LH = -6014.579739824965	
INFO: current LH = -6014.579560552458	
INFO: current LH = -6014.57884826479	
INFO: current LH = -6014.579639992608	
INFO: current LH = -6014.580043964858	
INFO: Wall time: 30.9554s User: 0.01s System: 0.01s

INFO: current LH = -6014.57875712564	
INFO: current LH = -6014.580478717844	
INFO: current LH = -6014.580078403371	
INFO: current LH = -6014.579236812795	
INFO: current LH = -6014.579561633695	
INFO: current LH = -6014.578544821009	
INFO: current LH = -6014.579366149689	
INFO: current LH = -6014.579121123287	
INFO: current LH = -6014.579696099674	
INFO: current LH = -6014.578799627724	
INFO: current LH = -6014.578395094931	
INFO: current LH = -6014.580127037547	
INFO: current LH = -6014.58072294364	
INFO: current LH = -6014.578219315889	
INFO: current LH = -6014.58167813713	
INFO: current LH = -6014.580412500901	
INFO: current LH = -6014.578353694344	
INFO: current LH = -6014.579809054408	
INFO: current LH = -6014.577535113373	
INFO: current LH = -6014.579510038604	
INFO: Wall time: 30.7549s User: 0s System: 0s

INFO: current LH = -6014.579058584512	
INFO: current LH = -6014.579464233852	
INFO: current LH = -6014.57879006638	
INFO: current LH = -6014.577844809829	
INFO: current LH = -6014.579554063755	
INFO: current LH = -6014.57985178425	
INFO: current LH = -6014.578875002663	
INFO: current LH = -6014.579499318238	
INFO: current LH = -6014.579885409111	
INFO: Client timing information: 
INFO: Client id 1 channel id 0  response time +0 s
INFO: Client id 0 channel id 0  response time +0.220477 s
INFO: current LH = -6014.579457911801	
INFO: current LH = -6014.579843485802	
INFO: current LH = -6014.579645222473	
INFO: current LH = -6014.579515291248	
INFO: current LH = -6014.5795076175	
INFO: current LH = -6014.579623153038	
INFO: current LH = -6014.579668175368	
INFO: current LH = -6014.582035543383	
INFO: current LH = -6014.578322602325	
INFO: current LH = -6014.577091681118	
INFO: current LH = -6014.58065133952	
INFO: Wall time: 35.2992s User: 0.01s System: 0.01s

INFO: current LH = -6014.579207949076	
INFO: current LH = -6014.581394324638	
INFO: current LH = -6014.579552580224	
INFO: current LH = -6014.580057046375	
INFO: current LH = -6014.579640611203	
INFO: current LH = -6014.580144917782	
INFO: current LH = -6014.580951114494	
INFO: current LH = -6014.581055974848	
INFO: current LH = -6014.582040965631	
INFO: current LH = -6014.578230304736	
INFO: current LH = -6014.579685343375	
INFO: current LH = -6014.577332920507	
INFO: current LH = -6014.579435985876	
INFO: current LH = -6014.578805346987	
INFO: current LH = -6014.579526023124	
INFO: current LH = -6014.578370252368	
INFO: current LH = -6014.577588149898	
INFO: current LH = -6014.578076160914	
INFO: current LH = -6014.581119412657	
INFO: current LH = -6014.579643198303	
INFO: Wall time: 41.9855s User: 0s System: 0.01s

INFO: current LH = -6014.581804647815	
INFO: current LH = -6014.579343043485	
INFO: current LH = -6014.580205748551	
INFO: current LH = -6014.579610087046	
INFO: current LH = -6014.581173527988	
INFO: current LH = -6014.581631637669	
INFO: current LH = -6014.580527101692	
INFO: current LH = -6014.579282943367	
INFO: current LH = -6014.58127168969	
INFO: current LH = -6014.579180353593	
INFO: current LH = -6014.580032609424	
INFO: current LH = -6014.579193758624	
INFO: current LH = -6014.58049631181	
INFO: current LH = -6014.581020152876	
INFO: current LH = -6014.579393559053	
INFO: current LH = -6014.57879750856	
INFO: current LH = -6014.578324452551	
INFO: current LH = -6014.580497650732	
INFO: current LH = -6014.580754222647	
INFO: current LH = -6014.578466180168	
INFO: Wall time: 42.7573s User: 0s System: 0.01s

INFO: current LH = -6014.578133866617	
INFO: current LH = -6014.580541784169	
INFO: current LH = -6014.580421879332	
INFO: current LH = -6014.578587754179	
INFO: current LH = -6014.580433489147	
INFO: current LH = -6014.580005712663	
INFO: current LH = -6014.579591821413	
INFO: current LH = -6014.57973732704	
INFO: current LH = -6014.578687464346	
INFO: current LH = -6014.578855569778	
INFO: current LH = -6014.577862332141	
INFO: current LH = -6014.577567894983	
INFO: current LH = -6014.581429790165	
INFO: current LH = -6014.580541788079	
INFO: current LH = -6014.579388534396	
INFO: current LH = -6014.579559116734	
INFO: current LH = -6014.578163638082	
INFO: current LH = -6014.578774918935	
INFO: current LH = -6014.578562788013	
INFO: current LH = -6014.579395158486	
INFO: Wall time: 44.3852s User: 0.01s System: 0.01s

INFO: current LH = -6014.579380773887	
INFO: current LH = -6014.577453207231	
INFO: current LH = -6014.582468942061	
INFO: current LH = -6014.582462138917	
INFO: current LH = -6014.58245974242	
INFO: current LH = -6014.581024182949	
INFO: current LH = -6014.58104927448	
INFO: current LH = -6014.58104233281	
INFO: current LH = -6014.581030284672	
INFO: current LH = -6014.581042418329	
INFO: current LH = -6014.581027702749	
INFO: current LH = -6014.582462324852	
INFO: current LH = -6014.582461586273	
INFO: current LH = -6014.581032594172	
INFO: current LH = -6014.581035822069	
INFO: current LH = -6014.581041080956	
INFO: current LH = -6014.581027276325	
INFO: current LH = -6014.581029906012	
INFO: current LH = -6014.581040483095	
INFO: current LH = -6014.581037700352	
INFO: Wall time: 13.8831s User: 0s System: 0s

INFO: current LH = -6014.581031558411	
INFO: current LH = -6014.581030795759	
INFO: current LH = -6014.581041178892	
INFO: current LH = -6014.582461084996	
INFO: current LH = -6014.582461223069	
INFO: current LH = -6014.581031629506	
INFO: current LH = -6014.581038609384	
INFO: current LH = -6014.581035732755	
INFO: current LH = -6014.581035987915	
INFO: current LH = -6014.581031303317	
INFO: current LH = -6014.581041041292	
INFO: current LH = -6014.582239918616	
INFO: current LH = -6014.582241608205	
INFO: current LH = -6014.581032540513	
INFO: current LH = -6014.581040098647	
INFO: current LH = -6014.582238374333	
INFO: current LH = -6014.582240314767	
INFO: current LH = -6014.582470610469	
INFO: current LH = -6014.582462138917	
INFO: current LH = -6014.58245974242	
INFO: Wall time: 36.8688s User: 0s System: 0.01s

INFO: current LH = -6014.581568080283	
INFO: current LH = -6014.581543748477	
INFO: current LH = -6014.491357707633	
INFO: current LH = -6014.490747606505	
INFO: current LH = -6014.581024182949	
INFO: current LH = -6014.58104927448	
INFO: current LH = -6014.58104233281	
INFO: current LH = -6014.581030284672	
INFO: current LH = -6014.581042418329	
INFO: current LH = -6014.581027702749	
INFO: current LH = -6014.582462324852	
INFO: current LH = -6014.582461586273	
INFO: current LH = -6014.581550674973	
INFO: current LH = -6014.581550458664	
INFO: current LH = -6014.486420450528	
INFO: current LH = -6014.493571868256	
INFO: current LH = -6014.581032594172	
INFO: current LH = -6014.581035822069	
INFO: current LH = -6014.581041080956	
INFO: current LH = -6014.581027276325	
INFO: Wall time: 7.83218s User: 0.01s System: 0s

INFO: current LH = -6014.581029906012	
INFO: current LH = -6014.581040483095	
INFO: current LH = -6014.581037700352	
INFO: current LH = -6014.581031558411	
INFO: current LH = -6014.581030795759	
INFO: current LH = -6014.581041178892	
INFO: current LH = -6014.582461084996	
INFO: current LH = -6014.582461223069	
INFO: current LH = -6014.581555617824	
INFO: current LH = -6014.581545374477	
INFO: current LH = -6014.496522031264	
INFO: current LH = -6014.484779544078	
INFO: current LH = -6014.581031629506	
INFO: current LH = -6014.581038609384	
INFO: current LH = -6014.581035732755	
INFO: current LH = -6014.581035987915	
INFO: current LH = -6014.581031303317	
INFO: current LH = -6014.581041041292	
INFO: current LH = -6014.582239918616	
INFO: current LH = -6014.582241608205	
INFO: Wall time: 34.4733s User: 0s System: 0.01s

INFO: current LH = -6014.581032540513	
INFO: current LH = -6014.581040098647	
INFO: current LH = -6014.582238374333	
INFO: current LH = -6014.582240314767	
INFO: current LH = -6014.581763039683	
INFO: current LH = -6014.581742298401	
INFO: current LH = -6014.582443523724	
INFO: current LH = -6014.582439277397	
INFO: current LH = -6014.58240989245	
INFO: current LH = -6014.582414830611	
INFO: current LH = -6014.582413221325	
INFO: current LH = -6014.582411468193	
INFO: current LH = -6014.582467558873	
INFO: current LH = -6014.582467213494	
INFO: current LH = -6014.582414057867	
INFO: current LH = -6014.582411774622	
INFO: current LH = -6014.582469262507	
INFO: current LH = -6014.582468466809	
INFO: current LH = -6014.58247114882	
INFO: current LH = -6014.582470989637	
INFO: Wall time: 16.4013s User: 0.01s System: 0s

  no                                                           Name                    Value  type                 Error +-            Low          High
   0                                _J1P-1C-1Tophoton_eta(2225)Mag1     -0.09178483282577116  free                      0.5
   1                               _J1P-1C-1Tophoton_eta(2225)_1Phi                        0 fixed
   2                               L1S1_eta(2225)Toomega1_omega2Mag                        1 fixed
   3                               L1S1_eta(2225)Toomega1_omega2Phi                        0 fixed
   4                                                  eta(2225)Mass        2.206758783631207  free                     0.03           2.08           2.38
   5                                                 eta(2225)Width       0.2041279051654558  free                     0.03           0.04            0.3
   6                           L1S0_omega1Topion1+_pion1-_pion10Mag                        1 fixed
   7                           L1S0_omega1Topion1+_pion1-_pion10Phi                        0 fixed
   8                           L1S0_omega2Topion2+_pion2-_pion20Mag                        1 fixed
   9                           L1S0_omega2Topion2+_pion2-_pion20Phi                        0 fixed
  10                                 _J1P-1C-1Tophoton_f2(1910)Mag1       0.0422101531604171  free                      0.5
  11                                _J1P-1C-1Tophoton_f2(1910)_1Phi        6.844276938026977  free                      0.2
  12                                 _J1P-1C-1Tophoton_f2(1910)Mag2      -0.2563499151178033  free                      0.5
  13                                _J1P-1C-1Tophoton_f2(1910)_2Phi        1.287930312818505  free                      0.2
  14                                 _J1P-1C-1Tophoton_f2(1910)Mag3      -0.3002964098583825  free                      0.5
  15                                _J1P-1C-1Tophoton_f2(1910)_3Phi       0.4111628155093411  free                      0.2
  16                                L2S0_f2(1910)Toomega1_omega2Mag         1.65612388885652  free                     0.25
  17                                L2S0_f2(1910)Toomega1_omega2Phi       -514.3067448869843  free                      0.2
  18                                L0S2_f2(1910)Toomega1_omega2Mag                      0.5 fixed
  19                                L0S2_f2(1910)Toomega1_omega2Phi                        0 fixed
  20                                L2S2_f2(1910)Toomega1_omega2Mag        6.064193313972193  free                     0.25
  21                                L2S2_f2(1910)Toomega1_omega2Phi       -1.313854646991397  free                      0.2
  22                                L4S2_f2(1910)Toomega1_omega2Mag        2.449687147525794  free                     0.25
  23                                L4S2_f2(1910)Toomega1_omega2Phi       0.4037950800014476  free                      0.2
  24                                                   f2(1910)Mass        1.883579473911207  free                     0.03          1.791          2.091
  25                                                  f2(1910)Width       0.2907869962994729  free                    0.034           0.08           0.34
  26  channelType2photonpion1+pion1-pion10pion2+pion2-pion20Scaling                        1 fixed
INFO: current LH = -6014.581758144182	
INFO: current LH = -6014.581756521486	
INFO: current LH = -6014.582443245896	
INFO: current LH = -6014.582441971953	
INFO: current LH = -6014.582470150202	
INFO: current LH = -6014.58246988781	
INFO: current LH = -6014.582413008315	
INFO: current LH = -6014.582414357512	
INFO: current LH = -6014.582468724225	
INFO: current LH = -6014.582468999695	
INFO: current LH = -6014.582415221224	
INFO: current LH = -6014.582412142126	
INFO: current LH = -6014.582469171097	
INFO: current LH = -6014.582468552734	
INFO: current LH = -6014.582412422884	
INFO: current LH = -6014.582415021963	
INFO: current LH = -6014.582468601697	
INFO: current LH = -6014.582469125377	
INFO: current LH = -6014.582414228179	
INFO: current LH = -6014.582413171257	
INFO: Wall time: 10.3792s User: 0s System: 0.02s

INFO: current LH = -6014.582468967635	
INFO: current LH = -6014.582468757634	
INFO: current LH = -6014.582411967108	
INFO: current LH = -6014.582413989269	
INFO: current LH = -6014.581755390637	
INFO: current LH = -6014.581748611538	
INFO: current LH = -6014.582441518339	
INFO: current LH = -6014.582441718266	
INFO: current LH = -6014.582469177175	
INFO: Client timing information: 
INFO: Client id 0 channel id 0  response time +0 s
INFO: Client id 1 channel id 0  response time +0.04053 s
INFO: current LH = -6014.58246922959	
INFO: current LH = -6014.582470301491	
INFO: current LH = -6014.582470312073	
INFO: current LH = -6014.582412524148	
INFO: current LH = -6014.582413362625	
INFO: current LH = -6014.582467974773	
INFO: current LH = -6014.582468138009	
INFO: current LH = -6014.582412974802	
INFO: current LH = -6014.582412971982	
INFO: current LH = -6014.582468058091	
INFO: current LH = -6014.582468057089	
INFO: Wall time: 38.6421s User: 0s System: 0s

INFO: current LH = -6014.582470261072	
INFO: current LH = -6014.582470260853	
INFO: current LH = -6014.582412375479	
INFO: current LH = -6014.582413595188	
INFO: current LH = -6014.582467939005	
INFO: current LH = -6014.582468177132	
INFO: current LH = -6014.582460965215	
INFO: current LH = -6014.582461373181	
INFO: current LH = -6014.582469944343	
INFO: current LH = -6014.582470026496	
INFO: current LH = -6014.582412690072	
INFO: current LH = -6014.582413787473	
INFO: current LH = -6014.582468207518	
INFO: current LH = -6014.582468423693	
INFO: current LH = -6014.582461078074	
INFO: current LH = -6014.582461641594	
INFO: current LH = -6014.582470183378	
INFO: current LH = -6014.582470297501	
INFO: current LH = -6014.497129195818	
INFO: current LH = -6014.507238094308	
INFO: Wall time: 43.673s User: 0.01s System: 0.01s

INFO: current LH = -6014.49343880645	
INFO: current LH = -6014.385134175343	
INFO: current LH = -6014.486824812192	
INFO: current LH = -6014.493919194279	
INFO: current LH = -6014.483798590476	
INFO: current LH = -6014.486275402166	
INFO: current LH = -6014.491616118826	
INFO: current LH = -6014.402613685532	
INFO: current LH = -6014.495506898682	
INFO: current LH = -6014.49147337424	
INFO: current LH = -6014.49212613803	
INFO: current LH = -6014.490587527415	
INFO: current LH = -6014.494951350884	
INFO: current LH = -6014.493909460683	
INFO: current LH = -6014.578111643248	
INFO: current LH = -6014.579785150525	
INFO: current LH = -6014.484459189147	
INFO: current LH = -6014.579407400343	
INFO: current LH = -6014.579768071507	
INFO: current LH = -6014.579414947821	
INFO: Wall time: 25.6313s User: 0s System: 0.01s

INFO: current LH = -6014.579381226862	
INFO: current LH = -6014.579678449712	
INFO: current LH = -6014.494725940976	
INFO: current LH = -6014.579824628536	
INFO: current LH = -6014.579674955582	
INFO: current LH = -6014.579549217449	
INFO: current LH = -6014.580751983412	
INFO: current LH = -6014.579855719799	
INFO: current LH = -6014.580873682814	
INFO: current LH = -6014.579059547658	
INFO: current LH = -6014.486585096353	
INFO: current LH = -6014.580096292929	
INFO: current LH = -6014.579016806625	
INFO: current LH = -6014.580523355082	
INFO: current LH = -6014.580225868078	
INFO: current LH = -6014.57938448807	
INFO: current LH = -6014.495450200713	
INFO: current LH = -6014.578730327832	
INFO: current LH = -6014.57946661066	
INFO: current LH = -6014.579296650862	
INFO: Wall time: 33.5332s User: 0s System: 0.01s

INFO: current LH = -6014.580889505581	
INFO: current LH = -6014.578944402453	
INFO: current LH = -6014.580426894814	
INFO: current LH = -6014.491434031644	
INFO: current LH = -6014.580812798044	
INFO: current LH = -6014.578518454687	
INFO: current LH = -6014.581759075289	
INFO: current LH = -6014.580598076099	
INFO: current LH = -6014.578541726186	
INFO: current LH = -6014.497693106475	
INFO: current LH = -6014.577760976475	
INFO: current LH = -6014.57964858489	
INFO: current LH = -6014.579272919273	
INFO: current LH = -6014.580813350627	
INFO: current LH = -6014.578973800538	
INFO: current LH = -6014.58022342851	
INFO: current LH = -6014.484073134897	
INFO: current LH = -6014.489291247058	
INFO: current LH = -6014.478076880548	
INFO: current LH = -6014.48461898706	
INFO: Wall time: 31.7232s User: 0.01s System: 0.01s

INFO: current LH = -6014.48864349313	
INFO: current LH = -6014.394824002765	
INFO: current LH = -6014.489085345303	
INFO: current LH = -6014.485719184015	
INFO: current LH = -6014.485552119296	
INFO: current LH = -6014.486090183302	
INFO: current LH = -6014.486397155793	
INFO: current LH = -6014.487396823838	
INFO: current LH = -6014.582178144971	
INFO: current LH = -6014.578257025438	
INFO: current LH = -6014.577128924278	
INFO: current LH = -6014.58068268539	
INFO: current LH = -6014.492128768936	
INFO: current LH = -6014.581462040244	
INFO: current LH = -6014.579538674688	
INFO: current LH = -6014.580116221239	
INFO: current LH = -6014.580814945775	
INFO: current LH = -6014.580173585545	
INFO: current LH = -6014.581398552774	
INFO: current LH = -6014.581191981357	
INFO: Wall time: 40.2446s User: 0s System: 0.01s

INFO: current LH = -6014.582277024087	
INFO: current LH = -6014.578470979515	
INFO: current LH = -6014.497099221932	
INFO: current LH = -6014.577611596	
INFO: current LH = -6014.57962683869	
INFO: current LH = -6014.579072667389	
INFO: current LH = -6014.580857337419	
INFO: current LH = -6014.578607467872	
INFO: current LH = -6014.580139992602	
INFO: current LH = -6014.578107772089	
INFO: current LH = -6014.581142205918	
INFO: current LH = -6014.495694085711	
INFO: current LH = -6014.581863804267	
INFO: current LH = -6014.579322922717	
INFO: current LH = -6014.580257097121	
INFO: current LH = -6014.580797256127	
INFO: current LH = -6014.581193141272	
INFO: current LH = -6014.581665929974	
INFO: current LH = -6014.580654705425	
INFO: current LH = -6014.493475742209	
INFO: Wall time: 41.9003s User: 0.01s System: 0.01s

INFO: current LH = -6014.58143466182	
INFO: current LH = -6014.579262702051	
INFO: current LH = -6014.5801871402	
INFO: current LH = -6014.580677508477	
INFO: current LH = -6014.580619440329	
INFO: current LH = -6014.581467314202	
INFO: current LH = -6014.49401459013	
INFO: current LH = -6014.57896219829	
INFO: current LH = -6014.578406846043	
INFO: current LH = -6014.580649658068	
INFO: current LH = -6014.581296671645	
INFO: current LH = -6014.578591328159	
INFO: current LH = -6014.580307926254	
INFO: current LH = -6014.502935712608	
INFO: current LH = -6014.501308521242	
INFO: current LH = -6014.4882785522	
INFO: current LH = -6014.498689239953	
INFO: current LH = -6014.49872410906	
INFO: current LH = -6014.496759408719	
INFO: current LH = -6014.579854398737	
INFO: Wall time: 42.4801s User: 0s System: 0.01s

INFO: current LH = -6014.578880015296	
INFO: current LH = -6014.580555575247	
INFO: current LH = -6014.578025059829	
INFO: current LH = -6014.580096649303	
INFO: current LH = -6014.581534062394	
INFO: current LH = -6014.581197459066	
INFO: current LH = -6014.579464639943	
INFO: current LH = -6014.580862330527	
INFO: current LH = -6014.58027606627	
INFO: current LH = -6014.578927258187	
INFO: current LH = -6014.580491286653	
INFO: current LH = -6014.580755030689	
INFO: current LH = -6014.582004222026	
INFO: current LH = -6014.58003434798	
INFO: 

********************** Final fit parameters *************************

  no                                                           Name                    Value  type                 Error +-            Low          High
   0                                _J1P-1C-1Tophoton_eta(2225)Mag1     -0.09178483282577116  free     0.001283482771344226
   1                               _J1P-1C-1Tophoton_eta(2225)_1Phi                        0 fixed
   2                               L1S1_eta(2225)Toomega1_omega2Mag                        1 fixed
   3                               L1S1_eta(2225)Toomega1_omega2Phi                        0 fixed
   4                                                  eta(2225)Mass        2.206758783631207  free     0.002946204801094421           2.08           2.38
   5                                                 eta(2225)Width       0.2041279051654558  free     0.007306993020598604           0.04            0.3
   6                           L1S0_omega1Topion1+_pion1-_pion10Mag                        1 fixed
   7                           L1S0_omega1Topion1+_pion1-_pion10Phi                        0 fixed
   8                           L1S0_omega2Topion2+_pion2-_pion20Mag                        1 fixed
   9                           L1S0_omega2Topion2+_pion2-_pion20Phi                        0 fixed
  10                                 _J1P-1C-1Tophoton_f2(1910)Mag1      0.04221193081899205  free     0.007722398945951835
  11                                _J1P-1C-1Tophoton_f2(1910)_1Phi        6.844276938026977  free       0.3544230570106939
  12                                 _J1P-1C-1Tophoton_f2(1910)Mag2      -0.2563499151178033  free      0.03515624029807651
  13                                _J1P-1C-1Tophoton_f2(1910)_2Phi        1.287930312818505  free       0.1856077218165792
  14                                 _J1P-1C-1Tophoton_f2(1910)Mag3      -0.3002964098583825  free      0.05794927606840502
  15                                _J1P-1C-1Tophoton_f2(1910)_3Phi       0.4111628155093411  free       0.1568821858023758
  16                                L2S0_f2(1910)Toomega1_omega2Mag         1.65612388885652  free       0.2613348063235996
  17                                L2S0_f2(1910)Toomega1_omega2Phi       -514.3067448869843  free       0.1311279984756583
  18                                L0S2_f2(1910)Toomega1_omega2Mag                      0.5 fixed
  19                                L0S2_f2(1910)Toomega1_omega2Phi                        0 fixed
  20                                L2S2_f2(1910)Toomega1_omega2Mag        6.064193313972193  free        1.057940511616215
  21                                L2S2_f2(1910)Toomega1_omega2Phi       -1.313854646991397  free       0.1030621759014999
  22                                L4S2_f2(1910)Toomega1_omega2Mag        2.449687147525794  free       0.5700402024429441
  23                                L4S2_f2(1910)Toomega1_omega2Phi       0.4037950800014476  free       0.1842754691469959
  24                                                   f2(1910)Mass        1.883579473911207  free      0.01064972460692337          1.791          2.091
  25                                                  f2(1910)Width       0.2907869962994729  free      0.02574547238856462           0.08           0.34
  26  channelType2photonpion1+pion1-pion10pion2+pion2-pion20Scaling                        1 fixed
INFO: 

**************** Minuit FunctionMinimum information ******************
INFO: 
 Function minimum is valid.

INFO: 
 Covariance matrix is valid.
INFO: 
 Final LH: -6014.582469

INFO:  # of function calls: 548
INFO:  minimum edm: 2.370292252e-06
INFO: noOfFreeFitParams:	17
INFO: evtWeightSumData:	5000
INFO: BIC:	-11884.4
INFO: AIC:	-11995.2
INFO: AICc:	-11995
INFO: Diagonal sqrt(cov) element (0, 0) / param error: 0.00128348 / 0.00128348
INFO: Diagonal sqrt(cov) element (4, 4) / param error: 0.0029464 / 0.0029462
INFO: Diagonal sqrt(cov) element (5, 5) / param error: 0.00731113 / 0.00730699
INFO: Diagonal sqrt(cov) element (10, 10) / param error: 0.0077224 / 0.0077224
INFO: Diagonal sqrt(cov) element (11, 11) / param error: 0.354423 / 0.354423
INFO: Diagonal sqrt(cov) element (12, 12) / param error: 0.0351562 / 0.0351562
INFO: Diagonal sqrt(cov) element (13, 13) / param error: 0.185608 / 0.185608
INFO: Diagonal sqrt(cov) element (14, 14) / param error: 0.0579493 / 0.0579493
INFO: Diagonal sqrt(cov) element (15, 15) / param error: 0.156882 / 0.156882
INFO: Diagonal sqrt(cov) element (16, 16) / param error: 0.261335 / 0.261335
INFO: Diagonal sqrt(cov) element (17, 17) / param error: 0.131128 / 0.131128
INFO: Diagonal sqrt(cov) element (20, 20) / param error: 1.05794 / 1.05794
INFO: Diagonal sqrt(cov) element (21, 21) / param error: 0.103062 / 0.103062
INFO: Diagonal sqrt(cov) element (22, 22) / param error: 0.57004 / 0.57004
INFO: Diagonal sqrt(cov) element (23, 23) / param error: 0.184275 / 0.184275
INFO: Diagonal sqrt(cov) element (24, 24) / param error: 0.0106602 / 0.0106497
INFO: Diagonal sqrt(cov) element (25, 25) / param error: 0.0260278 / 0.0257455
INFO: Closing server.
