INFO: /data/jollyj/bertram/NewPawian1600407/Pawian/bin/singleChannelApp
INFO: --resFiles
INFO: ./D0Fit.cfg
INFO: --mode
INFO: server
INFO: !
INFO: 
                                       MMMMM
                                      M8NO  +M
                                    NO       M         ,MM
                                    MM     ?MN,   D8MMMO  :NMM
                               :MZ            ZM  MZ            NM,  M
                              M,          :M   MMN            DMMN M  ~
                             M        8MMM M  M,    7O: :M, M+     N:
                            M  =NMZ M     ,M8 M    ,O     MM   :    M
                            D  DM   M    $8        I= MM  $M   7    M
                           Z~ M M  O 8   8          M     N MM    DM
                           8, O    MM    M           :MM8,     ,, MMD
                           O:       M    87MMO ,  MM~                ,M,
                           I=O  M   M   M        M                     M
                           :M   M   N   M N,     M                    M~
                           :M  ?~  N    8I+  M    MMMMMMMMMMMMMMMOM? 7,
                            M  ++  M   8MZ7  M     M                MM
                            M   D  M  N   N   M,    ND          DM8,
                            M   M  M M~M               DMNM88= 8,
                            M    8  ?M?       M                 M~
                            M      N~8       ?$    :             M
                            NN      M     M  M     M             8:
                            D M    M   DDM   M     M               M,
                            D     ,D  D?M    N     M                 ND
                            M     M  ,O8$   ,7     M    M    M         M~
                            NN  8IO  M M    I=     =    M    M          ,M
                                 M  M                   M    M I          M
                                ~M ?8                 M M    M +M   MM     N
        N+I8MMM~                MM M ,      M         M D    M   M   MON   ~$
        M       NM              M8   M      O     D   M Z+  M:    M,  M M   M
         ,MMMD    88            8M   N     M      M         M      ~M  M M+  M
               7M, MI          +ZM  M      M      M        I$ $NI    M ,O M8 ?O
                 ?N M          I:   M      M       8       M     ,    M M     M
                  M +?         8,          N       M       N    :MMMMM7D M    M
                   D M         8,                  N,     ,$   M       M 8    8:
                   N,D,        ?:    =MMMMMZ               D  M         M  M  8ZMM
                    M ND       :Z=MO,                      N    MM8ZN8  M  M  M+ ,:~MMM 8~
                     M  DMMMMMNZ             D    ~MM        :MM        M   M MM    MNMM M
                     $7           DMMZZNOMMNMZ       M     =M       MZ  :7 MM   MM$ M8   N$ M
                       MO      MMZ        Z                +   ,MMD   +  D M~8  N  M       M
                          ?I=    D         8                        ,NMMMMO MM M 8  M     ID
                                  8        D                     MN,     M  ~,  MM       8N
     ,MNZ,  ,8MM         :~ZMMM,  :8       D                   8         ,M      N
   88           :M   M+         M  ,D       D                $            M      M
  M:       M      M ,7           D  8N$     8~             :D             M      M ?M,
  M    7   M      M M   +MM?     M ,8  D8    D=          ,D              Z?     ,O
  $I~ ~?  Z8     M  M      M     M 7+  M  :,   D$      8Z  M? M          M$D+M  7M?
   Z:  MMN       N, M     M?     M D   M          =$~   M :+  D,      NMMMMM OMM  MM          MMM
   O:           :M $Z    D8      M M   M          M     M O:  N      M     ,O     M M        M   N
   $~          M:  M  D  DM      O N   M   MM     M    :N M   M     +7      M     M  M       D   D
   ~=  MNMMMM8    D: $     M    ?Z M   D   M M    M    M  M   M     M M M   7,    M   M     D~   7=
   ~I     M       N  O     :$   N  M   D   8 Z=   M   M~  M   M     Z   N    M    M   D,    M    Z
    M     M      M   D     $~   M  M   N   M  M   M   M   Z   M    M         D    M    N    M    M
    M     M      O   M     M    M  M   M  M     ,M   Z7  N~   N    M  NM     M    N    M    M    M
 M  M     M     M    M     D    M  M   MMM   M M     M   M    M    N M  N    M   7$     D   M    M
  MMM7  MN     O$   M     M    N   M          +      M   M    $   N +I  ~+   M   M  ,   M   M    M
                MMM+      M    M   M       M,        N   M   O=   M M   ~?   M   M M~NN  M  8    M
                           N  $$   7M      M+       D    8   M    M M   D,   M   M M  M  ,N 8    D
                            D8:     M      OM      MN    D   M  , M M   M    M   O $  +~  $MZ    D
                                     :M88DM  N +MM+      MMM$M  N~+~N   D,   M  :8  D  M         N
                                                                 MMM     M   M  Z=  M  M         D

//************************************************************************//
//									  //
//  Copyright 2013 Bertram Kopf (bertram@ep1.rub.de)			  //
//  	      	   Julian Pychy (julian@ep1.rub.de)			  //
//          	   - Ruhr-Universität Bochum 				  //
//									  //
//  Pawian is free software: you can redistribute it and/or modify	  //
//  it under the terms of the GNU General Public License as published by  //
//  the Free Software Foundation, either version 3 of the License, or 	  //
//  (at your option) any later version.	 	      	  	   	  //
//									  //
//  Pawian is distributed in the hope that it will be useful,		  //
//  but WITHOUT ANY WARRANTY; without even the implied warranty of	  //
//  MERCHANTABILITY or FITNESS FOR A PARTICULAR PURPOSE.  See the	  //
//  GNU General Public License for more details.	      		  //
//									  //
//  You should have received a copy of the GNU General Public License     //
//  along with Pawian.  If not, see <http://www.gnu.org/licenses/>.	  //
//									  //
//************************************************************************//

   
INFO: Compiled Apr  8 2016 15:52:32

Running with the following options using /data/jollyj/bertram/NewPawian1600407/Pawian/ConfigParser/global.cfg:

Error log mode: 1

data file: 

mc file: 

chosen unit in input file: GEV

chosen order in file: Px Py Pz E

file with start parameters for fit or qa: ./defaultparams.dat

startHypo: base

mode: server

number of threads: 2

ratioMcToData: 100000

cache amplitudes: 1

use data event weight: 0

use Monte Carlo event weight: 0

use phase space hyp: 0

prefit with free scaling factor: 0

pdg table: /Particle/pdtNew.table

minimumTolerance: 0.1


res channel configuration file: ./D0Fit.cfg



the final state particles are:

decay system:

decay dynamics:

replaced suffix for fit parameter name

replaced mass key

replaced prod key

production system:

production formalism:	Cano
fitqRProduction:	0

histograms inv mass for systems

histograms decay angles for systems

mass range cuts:

2Dhistogram decay angles for systems

random seed:	44123

generate with model:	1

number of generated events:	10000

number of data events:	1000000
INFO: numReactions: 1
INFO: __argv[0]: /data/jollyj/bertram/NewPawian1600407/Pawian/bin/singleChannelApp
INFO: __argv[1]: --resFiles
INFO: __argv[3]: --mode
INFO: __argv[4]: server
INFO: __argv[5]: !
INFO: argvWCfgFile[0]= /data/jollyj/bertram/NewPawian1600407/Pawian/bin/singleChannelApp
INFO: argvWCfgFile[1]= -c
INFO: argvWCfgFile[2]= ./D0Fit.cfg
INFO: argvWCfgFile[3]= --mode
INFO: argvWCfgFile[4]= server
INFO: argvWCfgFile[5]= !

Running with the following options using ./D0Fit.cfg:

Error log mode: 1

data file: ./toyD0decData.dat

mc file: ./toyD0decMc.dat

chosen unit in input file: GEV

chosen order in file: E Px Py Pz

file with start parameters for fit or qa: ./startparams.dat

startHypo: base

mode: server

number of threads: 2

ratioMcToData: 5

cache amplitudes: 1

use data event weight: 0

use Monte Carlo event weight: 0

use phase space hyp: 0

prefit with free scaling factor: 0

pdg table: /Particle/pdtNew.table

minimumTolerance: 10


preFactors: D0ToK*-_pion+ +1.

minuit parameter	J0P-1C0Lama0Lamb0_D0TopipiS_KshortPhi	 fixed
minuit parameter	L0S0_pipiSTopion+_pion-Mag	 fixed
minuit parameter	L0S0_pipiSTopion+_pion-Phi	 fixed
minuit parameter	pipiSD0b_pole1Mag	 fixed
minuit parameter	pipiSD0b_pole1Phi	 fixed
minuit parameter	pipiSD0b_pole5Mag	 fixed
minuit parameter	pipiSD0b_pole5Phi	 fixed
minuit parameter	pipiSD0fprod_4PiMag	 fixed
minuit parameter	pipiSD0fprod_4PiPhi	 fixed
minuit parameter	pipiSD0fprod_EtaEtaMag	 fixed
minuit parameter	pipiSD0fprod_EtaEtaPhi	 fixed
minuit parameter	pipiSD0fprod_EtaEtapMag	 fixed
minuit parameter	pipiSD0fprod_EtaEtapPhi	 fixed
minuit parameter	pipiSD0fprod_KKMag	 fixed
minuit parameter	pipiSD0fprod_KKPhi	 fixed
minuit parameter	pipiSD0S0	 fixed
minuit parameter	L1S0_K*-ToKshort_pion-Mag	 fixed
minuit parameter	L1S0_K*-ToKshort_pion-Phi	 fixed


the final state particles are:
Kshort
pion+
pion-

decay system:
Cano pipiS To pion+ pion-
Cano noIso K*- To Kshort pion-

decay dynamics:
pipiS PiPiSWaveAS
K*- BreitWignerBlattWRel

replaced suffix for fit parameter name

replaced mass key

replaced prod key

production system:
pipiS Kshort BlattWBarrier 0.66
K*- pion+ BlattWBarrier 0.66

production formalism:	Heli
fitqRProduction:	0

histograms inv mass for systems
Kshort pion+
Kshort pion-
pion+ pion-

histograms decay angles for systems

mass range cuts:

2Dhistogram decay angles for systems

random seed:	44123

generate with model:	1

number of generated events:	10000

number of data events:	1000000

name of the mother resonance:	D0

INFO: Now replace the parser!!!
WARN: /DataUtils.cc:96: C-Parity not valid for the reaction: JPC= 0 1 1 -->  JPC= 0 -1 0 and  JPC= 0 -1 0
WARN: /DataUtils.cc:96: C-Parity not valid for the reaction: JPC= 0 1 1 -->  JPC= 0 -1 0 and  JPC= 0 -1 0
WARN: /DataUtils.cc:96: C-Parity not valid for the reaction: JPC= 0 1 1 -->  JPC= 0 -1 0 and  JPC= 0 -1 0

JPCLS amplitudes for decay	pipiSTopion+_pion-:
suffix for fit parameter name:	pipiSTopion+_pion-
JPC=0++	L,S=0,0	preFactorLS=0


INFO: added decay pipiSTopion+_pion- to decay list
WARN: /AbsDecay.cc:133: no isospin coupling for decay K*- to Kshort pion-
WARN: /AbsDecay.cc:134: Imother: 1/2	I3mother: -1/2
WARN: /AbsDecay.cc:135: idaughter1: 1/2	i3daughter1: 0/2
WARN: /AbsDecay.cc:136: idaughter2: 2/2	i3daughter2: -2/2

JPCLS amplitudes for decay	K*-ToKshort_pion-:
suffix for fit parameter name:	K*-ToKshort_pion-
JPC=1-0	L,S=1,0	preFactorLS=0


INFO: added decay K*-ToKshort_pion- to decay list

***ProdChannelInfo***
***ProdChannelInfo***
particle1: pipiS	particle2: Kshort
with production barrier: 1
prod barrier type: BlattWBarrier
with qR = 0.66

***ProdChannelInfo***
***ProdChannelInfo***
particle1: K*-	particle2: pion+
with production barrier: 1
prod barrier type: BlattWBarrier
with qR = 0.66

JPCLS amplitudes for decay	D0TopipiS_Kshort:
suffix for fit parameter name:	D0TopipiS_Kshort
JPC=0-0	L,S=0,0	preFactorLS=0
with further decay:
JPCLS amplitudes for decay	pipiSTopion+_pion-:
suffix for fit parameter name:	pipiSTopion+_pion-
JPC=0++	L,S=0,0	preFactorLS=0





JPClamlam amplitudes for decay	D0TopipiS_Kshort:
suffix for fit parameter name:	D0TopipiS_Kshort
JPC=0-0	Lam1,Lam2=0,0	parityFactor=1
with further decay:
JPCLS amplitudes for decay	pipiSTopion+_pion-:
suffix for fit parameter name:	pipiSTopion+_pion-
JPC=0++	L,S=0,0	preFactorLS=0




WARN: /AbsDecay.cc:133: no isospin coupling for decay D0 to K*- pion+
WARN: /AbsDecay.cc:134: Imother: 1/2	I3mother: 0/2
WARN: /AbsDecay.cc:135: idaughter1: 1/2	i3daughter1: -1/2
WARN: /AbsDecay.cc:136: idaughter2: 2/2	i3daughter2: 2/2

JPCLS amplitudes for decay	D0ToK*-_pion+:
suffix for fit parameter name:	D0ToK*-_pion+
JPC=0-0	L,S=1,1	preFactorLS=0
with further decay:
JPCLS amplitudes for decay	K*-ToKshort_pion-:
suffix for fit parameter name:	K*-ToKshort_pion-
JPC=1-0	L,S=1,0	preFactorLS=0




WARN: /AbsDecay.cc:133: no isospin coupling for decay D0 to K*- pion+
WARN: /AbsDecay.cc:134: Imother: 1/2	I3mother: 0/2
WARN: /AbsDecay.cc:135: idaughter1: 1/2	i3daughter1: -1/2
WARN: /AbsDecay.cc:136: idaughter2: 2/2	i3daughter2: 2/2

JPClamlam amplitudes for decay	D0ToK*-_pion+:
suffix for fit parameter name:	D0ToK*-_pion+
JPC=0-0	Lam1,Lam2=0,0	parityFactor=1
with further decay:
JPCLS amplitudes for decay	K*-ToKshort_pion-:
suffix for fit parameter name:	K*-ToKshort_pion-
JPC=1-0	L,S=1,0	preFactorLS=0




INFO: add dynamics for pipiSTopion+_pion-
INFO: AmpName: K*-ToKshort_pion-  radius for barrier factor qr= 0.1973
INFO: BreitWignerRelDynamics for K*-ToKshort_pion- with  mass key daughter1 Kshortpion-Kshort and mass key daughter2 Kshortpion-pion-
INFO: add dynamics for K*-ToKshort_pion-
INFO: D0TopipiS_Kshort set decay level to 0
INFO: pipiSTopion+_pion- set decay level to 1
INFO: D0ToK*-_pion+ set decay level to 0
INFO: K*-ToKshort_pion- set decay level to 1
INFO: check complete reaction chains
INFO: paricle name: Kshort
INFO: paricle name: pion+
INFO: paricle name: pion-
INFO: reaction chains have been successfully checked!!!
INFO: wigDWigDRefId = 1
INFO: name of amplitude: pipiSTopion+_pion-	nameId: 1
_wigDWigDRefId = 1	_wignerDId = 2
with wignerDKey: pion-_pion+pion-	wignerDRefKey: Kshortpion+pion-
INFO: wigDWigDRefId = 2
INFO: name of amplitude: D0TopipiS_Kshort	nameId: 3
_wigDWigDRefId = 2	_wignerDId = 4
with wignerDKey: Kshort_Kshortpion+pion-	wignerDRefKey: prod
INFO: wigDWigDRefId = 3
INFO: name of amplitude: K*-ToKshort_pion-	nameId: 5
_wigDWigDRefId = 3	_wignerDId = 6
with wignerDKey: pion-_Kshortpion-	wignerDRefKey: Kshortpion+pion-
INFO: wigDWigDRefId = 4
INFO: name of amplitude: D0ToK*-_pion+	nameId: 7
_wigDWigDRefId = 4	_wignerDId = 8
with wignerDKey: pion+_Kshortpion+pion-	wignerDRefKey: prod
INFO: add dynamics for D0TopipiS_Kshort
addGrandMa:	pipiSD0
INFO: Dynamics	pipiSTopion+_pion-	found!!!
INFO: _parityFactor=	1
INFO: _parityFactor=	1
INFO: add dynamics for D0ToK*-_pion+
INFO: Dynamics	K*-ToKshort_pion-	found!!!
INFO: _parityFactor=	-1
INFO: _parityFactor=	1
INFO: J0P-1C0Lama0Lamb0_D0TopipiS_KshortMag	1	0.5
INFO: paramName: J0P-1C0Lama0Lamb0_D0TopipiS_KshortMag	val: 1	err:0.5	min:0	max:-1
INFO: J0P-1C0Lama0Lamb0_D0TopipiS_KshortPhi	0	0.2
INFO: paramName: J0P-1C0Lama0Lamb0_D0TopipiS_KshortPhi	val: 0	err:0.2	min:0	max:-1
INFO: L0S0_pipiSTopion+_pion-Mag	1	0.5
INFO: paramName: L0S0_pipiSTopion+_pion-Mag	val: 1	err:0.5	min:0	max:-1
INFO: L0S0_pipiSTopion+_pion-Phi	0	0.2
INFO: paramName: L0S0_pipiSTopion+_pion-Phi	val: 0	err:0.2	min:0	max:-1
INFO: pipiSD0b_pole1Mag	1	1
INFO: paramName: pipiSD0b_pole1Mag	val: 1	err:1	min:0	max:-1
INFO: pipiSD0b_pole2Mag	1	1
INFO: paramName: pipiSD0b_pole2Mag	val: 1	err:1	min:0	max:-1
INFO: pipiSD0b_pole3Mag	1	1
INFO: paramName: pipiSD0b_pole3Mag	val: 1	err:1	min:0	max:-1
INFO: pipiSD0b_pole4Mag	1	1
INFO: paramName: pipiSD0b_pole4Mag	val: 1	err:1	min:0	max:-1
INFO: pipiSD0b_pole5Mag	0	1
INFO: paramName: pipiSD0b_pole5Mag	val: 0	err:1	min:0	max:-1
INFO: pipiSD0b_pole1Phi	0	0.2
INFO: paramName: pipiSD0b_pole1Phi	val: 0	err:0.2	min:0	max:-1
INFO: pipiSD0b_pole2Phi	0	0.2
INFO: paramName: pipiSD0b_pole2Phi	val: 0	err:0.2	min:0	max:-1
INFO: pipiSD0b_pole3Phi	0	0.2
INFO: paramName: pipiSD0b_pole3Phi	val: 0	err:0.2	min:0	max:-1
INFO: pipiSD0b_pole4Phi	0	0.2
INFO: paramName: pipiSD0b_pole4Phi	val: 0	err:0.2	min:0	max:-1
INFO: pipiSD0b_pole5Phi	0	0.2
INFO: paramName: pipiSD0b_pole5Phi	val: 0	err:0.2	min:0	max:-1
INFO: pipiSD0fprod_4PiMag	1	1
INFO: paramName: pipiSD0fprod_4PiMag	val: 1	err:1	min:0	max:-1
INFO: pipiSD0fprod_EtaEtaMag	1	1
INFO: paramName: pipiSD0fprod_EtaEtaMag	val: 1	err:1	min:0	max:-1
INFO: pipiSD0fprod_EtaEtapMag	1	1
INFO: paramName: pipiSD0fprod_EtaEtapMag	val: 1	err:1	min:0	max:-1
INFO: pipiSD0fprod_KKMag	1	1
INFO: paramName: pipiSD0fprod_KKMag	val: 1	err:1	min:0	max:-1
INFO: pipiSD0fprod_PiPiMag	1	1
INFO: paramName: pipiSD0fprod_PiPiMag	val: 1	err:1	min:0	max:-1
INFO: pipiSD0fprod_4PiPhi	0	0.2
INFO: paramName: pipiSD0fprod_4PiPhi	val: 0	err:0.2	min:0	max:-1
INFO: pipiSD0fprod_EtaEtaPhi	0	0.2
INFO: paramName: pipiSD0fprod_EtaEtaPhi	val: 0	err:0.2	min:0	max:-1
INFO: pipiSD0fprod_EtaEtapPhi	0	0.2
INFO: paramName: pipiSD0fprod_EtaEtapPhi	val: 0	err:0.2	min:0	max:-1
INFO: pipiSD0fprod_KKPhi	0	0.2
INFO: paramName: pipiSD0fprod_KKPhi	val: 0	err:0.2	min:0	max:-1
INFO: pipiSD0fprod_PiPiPhi	0	0.2
INFO: paramName: pipiSD0fprod_PiPiPhi	val: 0	err:0.2	min:0	max:-1
INFO: pipiSD0S0	-3	0.2
INFO: paramName: pipiSD0S0	val: -3	err:0.2	min:0	max:-1
INFO: J0P-1C0Lama0Lamb0_D0ToK*-_pion+Mag	1	0.5
INFO: paramName: J0P-1C0Lama0Lamb0_D0ToK*-_pion+Mag	val: 1	err:0.5	min:0	max:-1
INFO: J0P-1C0Lama0Lamb0_D0ToK*-_pion+Phi	0	0.2
INFO: paramName: J0P-1C0Lama0Lamb0_D0ToK*-_pion+Phi	val: 0	err:0.2	min:0	max:-1
INFO: L1S0_K*-ToKshort_pion-Mag	1	0.5
INFO: paramName: L1S0_K*-ToKshort_pion-Mag	val: 1	err:0.5	min:0	max:-1
INFO: L1S0_K*-ToKshort_pion-Phi	0	0.2
INFO: paramName: L1S0_K*-ToKshort_pion-Phi	val: 0	err:0.2	min:0	max:-1
INFO: K*-Mass	0.8955	0.03	0.75	0.95
INFO: paramName: K*-Mass	val: 0.8955	err:0.03	min:0.75	max:0.95
INFO: K*-Width	0.05081	0.010162	0.2	0.1
INFO: paramName: K*-Width	val: 0.05081	err:0.010162	min:0.2	max:0.1
INFO: channelType3Kshortpion+pion-Scaling	1	0.01	0	20
INFO: paramName: channelType3Kshortpion+pion-Scaling	val: 1	err:0.01	min:0	max:20


 parameters in pawianParams are: 

J0P-1C0Lama0Lamb0_D0TopipiS_KshortMag	1	0.5
J0P-1C0Lama0Lamb0_D0TopipiS_KshortPhi	0	0.2
L0S0_pipiSTopion+_pion-Mag	1	0.5
L0S0_pipiSTopion+_pion-Phi	0	0.2
pipiSD0b_pole1Mag	1	1
pipiSD0b_pole2Mag	1	1
pipiSD0b_pole3Mag	1	1
pipiSD0b_pole4Mag	1	1
pipiSD0b_pole5Mag	0	1
pipiSD0b_pole1Phi	0	0.2
pipiSD0b_pole2Phi	0	0.2
pipiSD0b_pole3Phi	0	0.2
pipiSD0b_pole4Phi	0	0.2
pipiSD0b_pole5Phi	0	0.2
pipiSD0fprod_4PiMag	1	1
pipiSD0fprod_EtaEtaMag	1	1
pipiSD0fprod_EtaEtapMag	1	1
pipiSD0fprod_KKMag	1	1
pipiSD0fprod_PiPiMag	1	1
pipiSD0fprod_4PiPhi	0	0.2
pipiSD0fprod_EtaEtaPhi	0	0.2
pipiSD0fprod_EtaEtapPhi	0	0.2
pipiSD0fprod_KKPhi	0	0.2
pipiSD0fprod_PiPiPhi	0	0.2
pipiSD0S0	-3	0.2
J0P-1C0Lama0Lamb0_D0ToK*-_pion+Mag	1	0.5
J0P-1C0Lama0Lamb0_D0ToK*-_pion+Phi	0	0.2
L1S0_K*-ToKshort_pion-Mag	1	0.5
L1S0_K*-ToKshort_pion-Phi	0	0.2
K*-Mass	0.8955	0.03	0.75	0.95
K*-Width	0.05081	0.010162
channelType3Kshortpion+pion-Scaling	1	0.01	0	20


**************** Fit parameter **************************
J0P-1C0Lama0Lamb0_D0TopipiS_KshortMag	1	0.5
J0P-1C0Lama0Lamb0_D0TopipiS_KshortPhi	0	0.2
L0S0_pipiSTopion+_pion-Mag	1	0.5
L0S0_pipiSTopion+_pion-Phi	0	0.2
pipiSD0b_pole1Mag	1	1
pipiSD0b_pole2Mag	1	1
pipiSD0b_pole3Mag	1	1
pipiSD0b_pole4Mag	1	1
pipiSD0b_pole5Mag	0	1
pipiSD0b_pole1Phi	0	0.2
pipiSD0b_pole2Phi	0	0.2
pipiSD0b_pole3Phi	0	0.2
pipiSD0b_pole4Phi	0	0.2
pipiSD0b_pole5Phi	0	0.2
pipiSD0fprod_4PiMag	1	1
pipiSD0fprod_EtaEtaMag	1	1
pipiSD0fprod_EtaEtapMag	1	1
pipiSD0fprod_KKMag	1	1
pipiSD0fprod_PiPiMag	1	1
pipiSD0fprod_4PiPhi	0	0.2
pipiSD0fprod_EtaEtaPhi	0	0.2
pipiSD0fprod_EtaEtapPhi	0	0.2
pipiSD0fprod_KKPhi	0	0.2
pipiSD0fprod_PiPiPhi	0	0.2
pipiSD0S0	-3	0.2
J0P-1C0Lama0Lamb0_D0ToK*-_pion+Mag	1	0.5
J0P-1C0Lama0Lamb0_D0ToK*-_pion+Phi	0	0.2
L1S0_K*-ToKshort_pion-Mag	1	0.5
L1S0_K*-ToKshort_pion-Phi	0	0.2
K*-Mass	0.8955	0.03	0.75	0.95
K*-Width	0.05081	0.010162
channelType3Kshortpion+pion-Scaling	1	0.01	0	20
INFO: Fixing scaling parameter channelType3Kshortpion+pion-Scaling
INFO: PiPiSWaveASDynamics::fillParamNameList: theName: pipiSD0
INFO: ***** list of parameter names for PiPiSWaveASDynamics ******
INFO: pipiSD0b_pole1Mag
INFO: pipiSD0b_pole2Mag
INFO: pipiSD0b_pole3Mag
INFO: pipiSD0b_pole4Mag
INFO: pipiSD0b_pole5Mag
INFO: pipiSD0b_pole1Phi
INFO: pipiSD0b_pole2Phi
INFO: pipiSD0b_pole3Phi
INFO: pipiSD0b_pole4Phi
INFO: pipiSD0b_pole5Phi
INFO: pipiSD0fprod_4PiMag
INFO: pipiSD0fprod_EtaEtaMag
INFO: pipiSD0fprod_EtaEtapMag
INFO: pipiSD0fprod_KKMag
INFO: pipiSD0fprod_PiPiMag
INFO: pipiSD0fprod_4PiPhi
INFO: pipiSD0fprod_EtaEtaPhi
INFO: pipiSD0fprod_EtaEtapPhi
INFO: pipiSD0fprod_KKPhi
INFO: pipiSD0fprod_PiPiPhi
INFO: pipiSD0S0
INFO: data file: ./toyD0decData.dat
INFO: mc file: ./toyD0decMc.dat
INFO: 
File has 15000 events.
INFO:  Each event has 3 final state particles.

INFO: 

INFO: {Rank = 1 ( 0.552459,-0.127162,0.201976,-0.0720906) } 	m = 0.493

INFO: {Rank = 1 ( 0.66181,0.454049,0.236664,0.395401) } 	m = 0.13957

INFO: {Rank = 1 ( 0.650592,-0.326886,-0.43864,-0.323311) } 	m = 0.13957

INFO: 

INFO: 

INFO: {Rank = 1 ( 0.669048,-0.0915864,0.0728962,0.436891) } 	m = 0.493

INFO: {Rank = 1 ( 0.513365,-0.389091,0.275169,-0.130207) } 	m = 0.13957

INFO: {Rank = 1 ( 0.682448,0.480677,-0.348065,-0.306684) } 	m = 0.13957

INFO: 

INFO: 

INFO: {Rank = 1 ( 0.553752,-0.0601451,0.143752,-0.19827) } 	m = 0.493

INFO: {Rank = 1 ( 0.660842,0.407132,0.369114,0.339456) } 	m = 0.13957

INFO: {Rank = 1 ( 0.650265,-0.346987,-0.512866,-0.141187) } 	m = 0.13957

INFO: 

INFO: 

INFO: {Rank = 1 ( 0.881195,0.247338,0.212013,0.653705) } 	m = 0.493

INFO: {Rank = 1 ( 0.743579,-0.310356,-0.0272342,-0.660581) } 	m = 0.13957

INFO: {Rank = 1 ( 0.240086,0.0630177,-0.184779,0.00687569) } 	m = 0.13957

INFO: 

INFO: 

INFO: {Rank = 1 ( 0.694416,0.305925,-0.20931,-0.319005) } 	m = 0.493

INFO: {Rank = 1 ( 0.771042,-0.653173,0.0821418,0.376355) } 	m = 0.13957

INFO: {Rank = 1 ( 0.399402,0.347248,0.127168,-0.0573509) } 	m = 0.13957

INFO: 

INFO: 

INFO: {Rank = 1 ( 0.557759,-0.248206,-0.0153356,-0.0787672) } 	m = 0.493

INFO: {Rank = 1 ( 0.546299,-0.447249,0.280863,0.00681431) } 	m = 0.13957

INFO: {Rank = 1 ( 0.760803,0.695455,-0.265528,0.0719529) } 	m = 0.13957

INFO: 

INFO: 

INFO: {Rank = 1 ( 0.576169,0.195352,0.180877,0.134322) } 	m = 0.493

INFO: {Rank = 1 ( 0.555187,-0.185238,0.484015,0.142018) } 	m = 0.13957

INFO: {Rank = 1 ( 0.733504,-0.0101144,-0.664892,-0.276341) } 	m = 0.13957

INFO: 

INFO: 

INFO: {Rank = 1 ( 0.66028,0.047441,-0.335817,0.2791) } 	m = 0.493

INFO: {Rank = 1 ( 0.422716,0.278266,-0.282907,0.0417196) } 	m = 0.13957

INFO: {Rank = 1 ( 0.781864,-0.325707,0.618725,-0.320819) } 	m = 0.13957

INFO: 

INFO: 

INFO: {Rank = 1 ( 0.613923,-0.183411,0.280288,0.147147) } 	m = 0.493

INFO: {Rank = 1 ( 0.499314,-0.475304,0.0389651,-0.0490193) } 	m = 0.13957

INFO: {Rank = 1 ( 0.751622,0.658715,-0.319253,-0.0981276) } 	m = 0.13957

INFO: 

INFO: 

INFO: {Rank = 1 ( 0.872257,0.361246,0.347876,0.51601) } 	m = 0.493

INFO: {Rank = 1 ( 0.802109,-0.383942,-0.286585,-0.627977) } 	m = 0.13957

INFO: {Rank = 1 ( 0.190494,0.022696,-0.0612904,0.111967) } 	m = 0.13957

INFO: 

INFO: 4vec calculation for event 0
INFO: 4vec all in lab system
 px: -1.49012e-08	 py: 0	 pz: 7.45058e-09	 e : 1.86486	 m : 1.86486
weight: 1
INFO: 4vec calculation for event 500
INFO: 4vec calculation for event 1000
INFO: 4vec calculation for event 1500
INFO: 4vec calculation for event 2000
INFO: 4vec calculation for event 2500
INFO: 4vec calculation for event 3000
INFO: 4vec calculation for event 3500
INFO: 4vec calculation for event 4000
INFO: 4vec calculation for event 4500
INFO: 4vec calculation for event 5000
INFO: 4vec calculation for event 5500
INFO: 4vec calculation for event 6000
INFO: 4vec calculation for event 6500
INFO: 4vec calculation for event 7000
INFO: 4vec calculation for event 7500
INFO: 4vec calculation for event 8000
INFO: 4vec calculation for event 8500
INFO: 4vec calculation for event 9000
INFO: 4vec calculation for event 9500
INFO: 4vec calculation for event 10000
INFO: 4vec all in lab system
 px: 5.47152e-09	 py: 1.49012e-08	 pz: -3.72529e-09	 e : 1.86486	 m : 1.86486
weight: 1
INFO: 4vec calculation for event 10500
INFO: 4vec calculation for event 11000
INFO: 4vec calculation for event 11500
INFO: 4vec calculation for event 12000
INFO: 4vec calculation for event 12500
INFO: 4vec calculation for event 13000
INFO: 4vec calculation for event 13500
INFO: 4vec calculation for event 14000
INFO: 4vec calculation for event 14500
INFO: 
File has 50000 events.
INFO:  Each event has 3 final state particles.

INFO: 

INFO: {Rank = 1 ( 0.616371,0.0765637,0.191057,0.307408) } 	m = 0.493

INFO: {Rank = 1 ( 0.519822,-0.358256,-0.0801612,0.340532) } 	m = 0.13957

INFO: {Rank = 1 ( 0.728667,0.281692,-0.110895,-0.647941) } 	m = 0.13957

INFO: 

INFO: 

INFO: {Rank = 1 ( 0.740305,-0.536067,-0.0969408,-0.0907559) } 	m = 0.493

INFO: {Rank = 1 ( 0.46279,0.175598,-0.320511,-0.247251) } 	m = 0.13957

INFO: {Rank = 1 ( 0.661765,0.36047,0.417452,0.338007) } 	m = 0.13957

INFO: 

INFO: 

INFO: {Rank = 1 ( 0.900117,0.578805,0.448823,0.175225) } 	m = 0.493

INFO: {Rank = 1 ( 0.695888,-0.369771,-0.521257,-0.237364) } 	m = 0.13957

INFO: {Rank = 1 ( 0.268855,-0.209034,0.0724333,0.0621386) } 	m = 0.13957

INFO: 

INFO: 

INFO: {Rank = 1 ( 0.772459,-0.52819,0.272455,0.0206701) } 	m = 0.493

INFO: {Rank = 1 ( 0.32886,0.00444942,0.215463,0.205487) } 	m = 0.13957

INFO: {Rank = 1 ( 0.763541,0.523741,-0.487918,-0.226157) } 	m = 0.13957

INFO: 

INFO: 

INFO: {Rank = 1 ( 0.736813,-0.103397,0.505946,-0.182131) } 	m = 0.493

INFO: {Rank = 1 ( 0.767193,0.424634,-0.59142,0.19752) } 	m = 0.13957

INFO: {Rank = 1 ( 0.360854,-0.321237,0.0854742,-0.015389) } 	m = 0.13957

INFO: 

INFO: 

INFO: {Rank = 1 ( 0.948437,-0.692348,0.395673,0.14346) } 	m = 0.493

INFO: {Rank = 1 ( 0.676522,0.543824,-0.301121,-0.227562) } 	m = 0.13957

INFO: {Rank = 1 ( 0.239901,0.148525,-0.0945515,0.084102) } 	m = 0.13957

INFO: 

INFO: 

INFO: {Rank = 1 ( 0.584772,0.175956,0.259319,-0.0264945) } 	m = 0.493

INFO: {Rank = 1 ( 0.729179,-0.598927,-0.254733,-0.297691) } 	m = 0.13957

INFO: {Rank = 1 ( 0.550909,0.422971,-0.00458596,0.324185) } 	m = 0.13957

INFO: 

INFO: 

INFO: {Rank = 1 ( 0.591342,0.102341,0.24965,-0.18395) } 	m = 0.493

INFO: {Rank = 1 ( 0.754003,-0.575345,-0.339981,0.320049) } 	m = 0.13957

INFO: {Rank = 1 ( 0.519515,0.473005,0.0903306,-0.1361) } 	m = 0.13957

INFO: 

INFO: 

INFO: {Rank = 1 ( 0.898148,0.0376272,-0.733434,-0.155818) } 	m = 0.493

INFO: {Rank = 1 ( 0.738991,-0.166699,0.705485,0.0336033) } 	m = 0.13957

INFO: {Rank = 1 ( 0.227721,0.129072,0.0279491,0.122215) } 	m = 0.13957

INFO: 

INFO: 

INFO: {Rank = 1 ( 0.627593,-0.0187581,-0.369628,-0.117674) } 	m = 0.493

INFO: {Rank = 1 ( 0.600002,0.573359,0.0971371,0.0484337) } 	m = 0.13957

INFO: {Rank = 1 ( 0.637266,-0.554601,0.272491,0.0692399) } 	m = 0.13957

INFO: 

INFO: 4vec calculation for event 0
INFO: 4vec all in lab system
 px: 1.49012e-08	 py: 0	 pz: -2.98023e-08	 e : 1.86486	 m : 1.86486
weight: 1
INFO: 4vec calculation for event 500
INFO: 4vec calculation for event 1000
INFO: 4vec calculation for event 1500
INFO: 4vec calculation for event 2000
INFO: 4vec calculation for event 2500
INFO: 4vec calculation for event 3000
INFO: 4vec calculation for event 3500
INFO: 4vec calculation for event 4000
INFO: 4vec calculation for event 4500
INFO: 4vec calculation for event 5000
INFO: 4vec calculation for event 5500
INFO: 4vec calculation for event 6000
INFO: 4vec calculation for event 6500
INFO: 4vec calculation for event 7000
INFO: 4vec calculation for event 7500
INFO: 4vec calculation for event 8000
INFO: 4vec calculation for event 8500
INFO: 4vec calculation for event 9000
INFO: 4vec calculation for event 9500
INFO: 4vec calculation for event 10000
INFO: 4vec all in lab system
 px: 5.58794e-09	 py: 0	 pz: 0	 e : 1.86486	 m : 1.86486
weight: 1
INFO: 4vec calculation for event 10500
INFO: 4vec calculation for event 11000
INFO: 4vec calculation for event 11500
INFO: 4vec calculation for event 12000
INFO: 4vec calculation for event 12500
INFO: 4vec calculation for event 13000
INFO: 4vec calculation for event 13500
INFO: 4vec calculation for event 14000
INFO: 4vec calculation for event 14500
INFO: 4vec calculation for event 15000
INFO: 4vec calculation for event 15500
INFO: 4vec calculation for event 16000
INFO: 4vec calculation for event 16500
INFO: 4vec calculation for event 17000
INFO: 4vec calculation for event 17500
INFO: 4vec calculation for event 18000
INFO: 4vec calculation for event 18500
INFO: 4vec calculation for event 19000
INFO: 4vec calculation for event 19500
INFO: 4vec calculation for event 20000
INFO: 4vec all in lab system
 px: 2.63681e-08	 py: 0	 pz: 1.49012e-08	 e : 1.86486	 m : 1.86486
weight: 1
INFO: 4vec calculation for event 20500
INFO: 4vec calculation for event 21000
INFO: 4vec calculation for event 21500
INFO: 4vec calculation for event 22000
INFO: 4vec calculation for event 22500
INFO: 4vec calculation for event 23000
INFO: 4vec calculation for event 23500
INFO: 4vec calculation for event 24000
INFO: 4vec calculation for event 24500
INFO: 4vec calculation for event 25000
INFO: 4vec calculation for event 25500
INFO: 4vec calculation for event 26000
INFO: 4vec calculation for event 26500
INFO: 4vec calculation for event 27000
INFO: 4vec calculation for event 27500
INFO: 4vec calculation for event 28000
INFO: 4vec calculation for event 28500
INFO: 4vec calculation for event 29000
INFO: 4vec calculation for event 29500
INFO: 4vec calculation for event 30000
INFO: 4vec all in lab system
 px: 0	 py: 4.47035e-08	 pz: 0	 e : 1.86486	 m : 1.86486
weight: 1
INFO: 4vec calculation for event 30500
INFO: 4vec calculation for event 31000
INFO: 4vec calculation for event 31500
INFO: 4vec calculation for event 32000
INFO: 4vec calculation for event 32500
INFO: 4vec calculation for event 33000
INFO: 4vec calculation for event 33500
INFO: 4vec calculation for event 34000
INFO: 4vec calculation for event 34500
INFO: 4vec calculation for event 35000
INFO: 4vec calculation for event 35500
INFO: 4vec calculation for event 36000
INFO: 4vec calculation for event 36500
INFO: 4vec calculation for event 37000
INFO: 4vec calculation for event 37500
INFO: 4vec calculation for event 38000
INFO: 4vec calculation for event 38500
INFO: 4vec calculation for event 39000
INFO: 4vec calculation for event 39500
INFO: 4vec calculation for event 40000
INFO: 4vec all in lab system
 px: -1.11759e-08	 py: 9.31323e-09	 pz: 0	 e : 1.86486	 m : 1.86486
weight: 1
INFO: 4vec calculation for event 40500
INFO: 4vec calculation for event 41000
INFO: 4vec calculation for event 41500
INFO: 4vec calculation for event 42000
INFO: 4vec calculation for event 42500
INFO: 4vec calculation for event 43000
INFO: 4vec calculation for event 43500
INFO: 4vec calculation for event 44000
INFO: 4vec calculation for event 44500
INFO: 4vec calculation for event 45000
INFO: 4vec calculation for event 45500
INFO: 4vec calculation for event 46000
INFO: 4vec calculation for event 46500
INFO: 4vec calculation for event 47000
INFO: 4vec calculation for event 47500
INFO: 4vec calculation for event 48000
INFO: 4vec calculation for event 48500
INFO: 4vec calculation for event 49000
INFO: 4vec calculation for event 49500
INFO: ************* Server mode ****************
INFO: Listening on port 52319
INFO: Number of clients for channel 0 : 2
INFO: Waiting for 2 clients ...
INFO: Client pc14 logged in (ID 0).
INFO: Client pc14 logged in (ID 1).
INFO: All clients ready.
INFO: start migrad 
INFO: current LH = 24596.06750987901	
INFO: current LH = 28457.30314306205	
INFO: current LH = 21569.22085351984	
INFO: current LH = 24942.82140943983	
INFO: current LH = 24257.65278026284	
INFO: current LH = 25107.70096082513	
INFO: current LH = 24221.63084757235	
INFO: current LH = 24640.75008973263	
INFO: current LH = 24552.75940930656	
INFO: current LH = 24917.62971471564	
INFO: current LH = 24278.14015122419	
INFO: current LH = 24628.05960310805	
INFO: current LH = 24564.11176762774	
INFO: current LH = 25114.41738423561	
INFO: current LH = 24091.60750859027	
INFO: current LH = 24647.27330592332	
INFO: current LH = 24545.00060436976	
INFO: current LH = 24420.87441396413	
INFO: current LH = 24771.86609115771	
INFO: current LH = 24571.65087562039	
INFO: Wall time: 18.5636s User: 0.47s System: 0.04s

INFO: current LH = 24620.49584777128	
INFO: current LH = 24601.11983216729	
INFO: current LH = 24589.68040601665	
INFO: current LH = 24596.63286052336	
INFO: current LH = 24595.48880548519	
INFO: current LH = 24581.282975948	
INFO: current LH = 24608.84312451689	
INFO: current LH = 24594.6793074985	
INFO: current LH = 24597.43562710637	
INFO: Client timing information: 
INFO: Client id 1 channel id 0  response time +0 s
INFO: Client id 0 channel id 0  response time +0.039896 s
INFO: current LH = 25854.82934090203	
INFO: current LH = 23422.45192176431	
INFO: current LH = 24718.0649941395	
INFO: current LH = 24474.92124025214	
INFO: current LH = 24530.2397977923	
INFO: current LH = 24659.04031429461	
INFO: current LH = 24589.61188829642	
INFO: current LH = 24602.49456950551	
INFO: current LH = 24551.54702676197	
INFO: current LH = 24654.08894766014	
INFO: current LH = 24591.00960840884	
INFO: Wall time: 11.1225s User: 0.01s System: 0s

INFO: current LH = 24601.26039832605	
INFO: current LH = 24656.81180217086	
INFO: current LH = 24536.89080643241	
INFO: current LH = 24602.07157211552	
INFO: current LH = 24590.07912132028	
INFO: current LH = 24518.78462614836	
INFO: current LH = 24671.30068884337	
INFO: current LH = 24588.43329708704	
INFO: current LH = 24603.6808394318	
INFO: current LH = 24542.58683784358	
INFO: current LH = 24650.08729313898	
INFO: current LH = 24588.14550007496	
INFO: current LH = 24604.00123966805	
INFO: current LH = 24595.48880256731	
INFO: current LH = 24593.04063239515	
INFO: current LH = 24585.98728008795	
INFO: current LH = 24556.86723273676	
INFO: current LH = 24399.39673396804	
INFO: current LH = 23380.04583837926	
INFO: current LH = 20168.18976290437	
INFO: Wall time: 5.45385s User: 0.01s System: 0.01s

INFO: current LH = 20194.08213016516	
INFO: current LH = 20142.36466879334	
INFO: current LH = 20177.97166915141	
INFO: current LH = 20158.41747217718	
INFO: current LH = 20171.03071727878	
INFO: current LH = 20165.36106261448	
INFO: current LH = 20159.55497311096	
INFO: current LH = 20176.82913656873	
INFO: current LH = 20155.68405560376	
INFO: current LH = 20180.70505047794	
INFO: current LH = 20179.23705083204	
INFO: current LH = 20157.15079153163	
INFO: current LH = 20146.22764096011	
INFO: current LH = 20190.16892991419	
INFO: current LH = 20171.81199109591	
INFO: current LH = 20164.57347433273	
INFO: current LH = 20167.09496896238	
INFO: current LH = 20169.27676988327	
INFO: current LH = 20179.13699529734	
INFO: current LH = 20157.25094509788	
INFO: Wall time: 9.94844s User: 0s System: 0.01s

INFO: current LH = 20164.10199794359	
INFO: current LH = 20172.27004006827	
INFO: current LH = 20167.14421361756	
INFO: current LH = 20169.24378205503	
INFO: current LH = 20172.18697680913	
INFO: current LH = 20164.2014620753	
INFO: current LH = 20163.92835184193	
INFO: current LH = 20172.44309275346	
INFO: current LH = 20161.95578567859	
INFO: current LH = 20174.43158719644	
INFO: current LH = 20167.09496721801	
INFO: current LH = 20162.63805753266	
INFO: current LH = 20150.95273706553	
INFO: current LH = 20111.27542459117	
INFO: current LH = 19951.72689502489	
INFO: current LH = 19151.07452446645	
INFO: current LH = 16514.44829593083	
INFO: current LH = 16520.88651329788	
INFO: current LH = 16508.01637424011	
INFO: current LH = 16515.48319825316	
INFO: Wall time: 7.56621s User: 0s System: 0s

INFO: current LH = 16513.42000897954	
INFO: current LH = 16504.19934223796	
INFO: current LH = 16524.70428880071	
INFO: current LH = 16514.23451432031	
INFO: current LH = 16514.66498410026	
INFO: current LH = 16514.09794699159	
INFO: current LH = 16514.80652331295	
INFO: current LH = 16501.30348897497	
INFO: current LH = 16527.60573768298	
INFO: current LH = 16517.7396953947	
INFO: current LH = 16511.16396880507	
INFO: current LH = 16509.9697799296	
INFO: current LH = 16518.9289260903	
INFO: current LH = 16505.806729085	
INFO: current LH = 16523.09775372967	
INFO: current LH = 16522.87257385175	
INFO: current LH = 16506.03109891159	
INFO: current LH = 16511.48393651297	
INFO: current LH = 16517.40704926061	
INFO: current LH = 16513.80486944814	
INFO: Wall time: 12.3898s User: 0s System: 0.01s

INFO: current LH = 16515.09831572251	
INFO: current LH = 16517.49430319349	
INFO: current LH = 16511.40978333307	
INFO: current LH = 16511.21636861899	
INFO: current LH = 16517.66637270573	
INFO: current LH = 16512.01261672261	
INFO: current LH = 16516.87609134489	
INFO: current LH = 16509.02263635441	
INFO: current LH = 16519.87889984452	
INFO: current LH = 16511.48393542938	
INFO: current LH = 16499.5705908112	
INFO: current LH = 16469.40169433581	
INFO: current LH = 16375.73555860349	
INFO: current LH = 16070.09234754525	
INFO: current LH = 15026.08768926516	
INFO: current LH = 12476.41268387402	
INFO: current LH = 12483.33646678836	
INFO: current LH = 12469.49527967095	
INFO: current LH = 12478.36228817552	
INFO: current LH = 12474.46911818591	
INFO: Wall time: 6.57608s User: 0.01s System: 0.01s

INFO: current LH = 12467.21451069069	
INFO: current LH = 12485.61806742733	
INFO: current LH = 12480.00130133173	
INFO: current LH = 12472.83230972265	
INFO: current LH = 12474.041416194	
INFO: current LH = 12478.78826733121	
INFO: current LH = 12478.94936827217	
INFO: current LH = 12473.88168234548	
INFO: current LH = 12470.27558657195	
INFO: current LH = 12482.54843434952	
INFO: current LH = 12463.51244891018	
INFO: current LH = 12489.30689993365	
INFO: current LH = 12479.61511312018	
INFO: current LH = 12473.21593940403	
INFO: current LH = 12472.1523976822	
INFO: current LH = 12480.67604486187	
INFO: current LH = 12474.65051068128	
INFO: current LH = 12478.18442133523	
INFO: current LH = 12480.18360284071	
INFO: current LH = 12472.64543369631	
INFO: Wall time: 10.7424s User: 0s System: 0.01s

INFO: current LH = 12473.75202557589	
INFO: current LH = 12479.09265636391	
INFO: current LH = 12474.93109886547	
INFO: current LH = 12477.90056308317	
INFO: current LH = 12473.47357584919	
INFO: current LH = 12479.35377036475	
INFO: current LH = 12471.31715305302	
INFO: current LH = 12481.51413265685	
INFO: current LH = 12463.5124479323	
INFO: current LH = 12411.85754552213	
INFO: current LH = 12282.45884359311	
INFO: current LH = 11895.24025718707	
INFO: current LH = 10830.19777354927	
INFO: current LH = 9938.679406733139	
INFO: current LH = 9771.279749691639	
INFO: current LH = 9775.083378413987	
INFO: current LH = 9767.479327280926	
INFO: current LH = 9771.629546576936	
INFO: current LH = 9770.933483091212	
INFO: current LH = 9765.842230566492	
INFO: Wall time: 7.03428s User: 0s System: 0.01s

INFO: current LH = 9776.720672423675	
INFO: current LH = 9766.103976443734	
INFO: current LH = 9776.460417872957	
INFO: current LH = 9766.027519306728	
INFO: current LH = 9776.539665241136	
INFO: current LH = 9773.168546974593	
INFO: current LH = 9769.394455293886	
INFO: current LH = 9771.991387909704	
INFO: current LH = 9770.615563075149	
INFO: current LH = 9771.497636390739	
INFO: current LH = 9771.066529080228	
INFO: current LH = 9772.207755313408	
INFO: current LH = 9770.355424535303	
INFO: current LH = 9766.953114862175	
INFO: current LH = 9775.6155874377	
INFO: current LH = 9768.200149965607	
INFO: current LH = 9774.364003045876	
INFO: current LH = 9769.480073938634	
INFO: current LH = 9773.078529441074	
INFO: current LH = 9767.17557254557	
INFO: Wall time: 11.0199s User: 0.01s System: 0.01s

INFO: current LH = 9775.379314421094	
INFO: current LH = 9775.327474323803	
INFO: current LH = 9767.253467262759	
INFO: current LH = 9773.163868955344	
INFO: current LH = 9769.400289288056	
INFO: current LH = 9769.718128796987	
INFO: current LH = 9772.873377098927	
INFO: current LH = 9770.679746411737	
INFO: current LH = 9771.88451916246	
INFO: current LH = 9766.086219447261	
INFO: current LH = 9776.489953544051	
INFO: current LH = 9768.532361147583	
INFO: current LH = 9774.03182799995	
INFO: current LH = 9767.175576813388	
INFO: current LH = 9750.863538863239	
INFO: current LH = 9710.637908666931	
INFO: current LH = 9593.411987303007	
INFO: current LH = 9310.582189741101	
INFO: current LH = 9127.065115741363	
INFO: current LH = 9104.152822841606	
INFO: Wall time: 1.58935s User: 0s System: 0s

INFO: current LH = 9109.624001513519	
INFO: current LH = 9098.686387086973	
INFO: current LH = 9106.17243535295	
INFO: current LH = 9102.137845385041	
INFO: current LH = 9098.131529959399	
INFO: current LH = 9110.178844164902	
INFO: current LH = 9098.875234586729	
INFO: current LH = 9109.435520374509	
INFO: current LH = 9100.741050343499	
INFO: Client timing information: 
INFO: Client id 1 channel id 0  response time +0 s
INFO: Client id 0 channel id 0  response time +0.015981 s
INFO: current LH = 9107.56748359119	
INFO: current LH = 9106.435386476223	
INFO: current LH = 9101.874551730923	
INFO: current LH = 9104.227518309017	
INFO: current LH = 9104.082685777874	
INFO: current LH = 9105.543288271097	
INFO: current LH = 9102.766822935422	
INFO: current LH = 9101.300396024093	
INFO: current LH = 9107.009660181378	
INFO: current LH = 9104.311804403138	
INFO: current LH = 9104.011902443292	
INFO: Wall time: 10.7737s User: 0.01s System: 0.01s

INFO: current LH = 9104.228511105888	
INFO: current LH = 9104.081476304649	
INFO: current LH = 9106.84124961672	
INFO: current LH = 9101.466669638186	
INFO: current LH = 9103.555418271002	
INFO: current LH = 9104.75088588276	
INFO: current LH = 9101.868092117355	
INFO: current LH = 9106.446361513485	
INFO: current LH = 9102.547863368038	
INFO: current LH = 9105.76211914206	
INFO: current LH = 2503.214871574169	
INFO: current LH = 1429.345508579253	
INFO: current LH = 1455.823619099086	
INFO: current LH = 1429.420068006908	
INFO: current LH = 1429.27121160742	
INFO: current LH = 1429.465809828032	
INFO: current LH = 1429.225888961569	
INFO: current LH = 1427.882767779417	
INFO: current LH = 1430.808109617273	
INFO: current LH = 1426.114647526108	
INFO: Wall time: 5.46947s User: 0s System: 0.01s

INFO: current LH = 1432.575724601129	
INFO: current LH = 1429.055825815927	
INFO: current LH = 1429.633527784778	
INFO: current LH = 1429.160236691214	
INFO: current LH = 1429.530103917036	
INFO: current LH = 1429.832912599374	
INFO: current LH = 1428.856864408428	
INFO: current LH = 1429.707015882983	
INFO: current LH = 1428.983305130192	
INFO: current LH = 1428.568172011875	
INFO: current LH = 1430.124741523151	
INFO: current LH = 1428.879184707586	
INFO: current LH = 1429.812500791803	
INFO: current LH = 1430.522456038334	
INFO: current LH = 1428.17807517701	
INFO: current LH = 1429.659561156415	
INFO: current LH = 1429.032106469697	
INFO: current LH = 1430.127701709226	
INFO: current LH = 1428.567023812943	
INFO: current LH = 1429.680430113521	
INFO: Wall time: 12.2565s User: 0.01s System: 0s

INFO: current LH = 1429.011249448371	
INFO: current LH = 1428.448737452282	
INFO: current LH = 1430.246284082435	
INFO: current LH = 1428.975030710808	
INFO: current LH = 1429.716677091069	
INFO: current LH = 1429.725894744784	
INFO: current LH = 1428.962874895736	
INFO: current LH = 1429.555267258991	
INFO: current LH = 1429.13504155352	
INFO: current LH = 1429.508345907535	
INFO: current LH = 1429.183260643667	
INFO: current LH = 1429.147354781049	
INFO: current LH = 1429.544614571297	
INFO: current LH = 1429.238262250279	
INFO: current LH = 1429.453376201303	
INFO: current LH = 1429.111186876293	
INFO: current LH = 1429.58050887087	
INFO: current LH = 4030.572282085928	
INFO: current LH = -257.0124693360931	
INFO: current LH = -256.8138012303143	
INFO: Wall time: 7.91734s User: 0s System: 0.01s

INFO: current LH = -257.2109547492323	
INFO: current LH = -257.9517660013958	
INFO: current LH = -256.0727289799502	
INFO: current LH = -257.5066500570988	
INFO: current LH = -256.5181528867206	
INFO: current LH = -257.1524181432696	
INFO: current LH = -256.8725095769769	
INFO: current LH = -257.4809685409991	
INFO: current LH = -256.5437358286463	
INFO: current LH = -256.9200893114089	
INFO: current LH = -257.1048186940193	
INFO: current LH = -256.8275847151167	
INFO: current LH = -257.1972350996602	
INFO: current LH = -257.0101597583621	
INFO: current LH = -257.0147093729374	
INFO: current LH = -257.0707797891087	
INFO: current LH = -256.9541134216893	
INFO: current LH = -257.1082793457817	
INFO: current LH = -256.9165403856205	
INFO: current LH = -257.0290302411472	
INFO: Wall time: 11.7051s User: 0s System: 0.01s

INFO: current LH = -256.9958707503401	
INFO: current LH = -257.0423569583204	
INFO: current LH = -256.9824960675978	
INFO: current LH = -257.0217352791574	
INFO: current LH = -257.0031668309484	
INFO: current LH = -257.0294451435179	
INFO: current LH = -256.9954103893192	
INFO: current LH = -256.9139070563078	
INFO: current LH = -257.1110151536359	
INFO: current LH = -256.7432197166386	
INFO: current LH = -257.2815346936654	
INFO: current LH = -256.8202986354377	
INFO: current LH = -257.2045001237416	
INFO: current LH = -257.1194678547513	
INFO: current LH = -256.9053664557514	
INFO: current LH = -257.0111627270862	
INFO: current LH = -257.0136494269982	
INFO: current LH = -257.0164385874946	
INFO: current LH = -257.0084663157018	
INFO: current LH = -257.0200064700721	
INFO: Wall time: 8.27593s User: 0.01s System: 0.01s

INFO: current LH = -257.0048042050307	
INFO: current LH = -2332.353425214017	
INFO: current LH = -3736.589403852166	
INFO: current LH = -3884.043823092335	
INFO: current LH = -3913.730224637723	
INFO: current LH = -3913.794499885661	
INFO: current LH = -3913.664026224063	
INFO: current LH = -3914.440823124692	
INFO: current LH = -3913.018654374459	
INFO: current LH = -3913.88044190965	
INFO: current LH = -3913.579236167427	
INFO: current LH = -3913.963563413842	
INFO: current LH = -3913.49498377227	
INFO: current LH = -3913.020464147748	
INFO: current LH = -3914.439203267898	
INFO: current LH = -3911.699431322516	
INFO: current LH = -3915.758438003804	
INFO: current LH = -3914.111881700557	
INFO: current LH = -3913.344480838055	
INFO: current LH = -3913.94625093918	
INFO: Wall time: 11.1147s User: 0.01s System: 0s

INFO: current LH = -3913.513739679415	
INFO: current LH = -3914.165538928386	
INFO: current LH = -3913.293072497264	
INFO: current LH = -3913.342719435405	
INFO: current LH = -3914.117299235683	
INFO: current LH = -3912.922935656612	
INFO: current LH = -3914.535602050124	
INFO: current LH = -3912.772338982082	
INFO: current LH = -3914.686485265282	
INFO: current LH = -3914.333847179586	
INFO: current LH = -3913.124549084135	
INFO: current LH = -3914.270108127457	
INFO: current LH = -3913.188970104122	
INFO: current LH = -3913.35161114634	
INFO: current LH = -3914.107786281677	
INFO: current LH = -3914.356146966108	
INFO: current LH = -3913.101870580854	
INFO: current LH = -5398.810288315963	
INFO: current LH = -5348.752010384436	
INFO: current LH = -5398.777171379158	
INFO: Wall time: 8.81991s User: 0s System: 0.02s

INFO: current LH = -5398.840550837583	
INFO: current LH = -5399.562678445121	
INFO: current LH = -5398.055489104856	
INFO: current LH = -5397.402196947189	
INFO: current LH = -5400.211837292182	
INFO: current LH = -5397.927737458168	
INFO: current LH = -5399.690268833342	
INFO: current LH = -5397.379481295595	
INFO: current LH = -5400.238822209435	
INFO: current LH = -5398.905329788836	
INFO: current LH = -5398.712992756161	
INFO: current LH = -5398.162952364555	
INFO: current LH = -5399.457451426387	
INFO: current LH = -5396.310818894854	
INFO: current LH = -5401.307189676157	
INFO: current LH = -5398.151875601343	
INFO: current LH = -5399.468217893837	
INFO: current LH = -5397.289657597898	
INFO: current LH = -5400.328285732653	
INFO: current LH = -5399.692696917072	
INFO: Wall time: 11.8411s User: 0s System: 0s

INFO: current LH = -5397.923693323723	
INFO: current LH = -5398.224408581896	
INFO: current LH = -5399.393710262905	
INFO: current LH = -5399.444896543998	
INFO: current LH = -5398.171773995012	
INFO: current LH = -5398.336450192303	
INFO: current LH = -5399.28198091753	
INFO: current LH = -5399.269011357623	
INFO: current LH = -5398.348632409706	
INFO: current LH = -5398.441995568684	
INFO: current LH = -5399.177157236049	
INFO: current LH = -5830.402718677511	
INFO: current LH = -5835.816392062905	
INFO: current LH = -5837.92763931683	
INFO: current LH = -5837.97129392598	
INFO: current LH = -5837.881057110872	
INFO: current LH = -5838.355897146944	
INFO: current LH = -5837.496805112588	
INFO: current LH = -5837.842398685427	
INFO: current LH = -5838.011425475543	
INFO: Wall time: 7.77627s User: 0.01s System: 0.01s

INFO: current LH = -5836.983314838563	
INFO: current LH = -5838.869576006911	
INFO: current LH = -5838.621347672619	
INFO: current LH = -5837.231661654653	
INFO: current LH = -5838.292234980891	
INFO: current LH = -5837.528153169133	
INFO: current LH = -5838.034164899996	
INFO: current LH = -5837.81834728825	
INFO: current LH = -5838.18558848886	
INFO: Client timing information: 
INFO: Client id 0 channel id 0  response time +0 s
INFO: Client id 1 channel id 0  response time +0.040658 s
INFO: current LH = -5837.665153743454	
INFO: current LH = -5838.067419522008	
INFO: current LH = -5837.78574513635	
INFO: current LH = -5837.681415547375	
INFO: current LH = -5838.171460571288	
INFO: current LH = -5838.204079361702	
INFO: current LH = -5837.648451341696	
INFO: current LH = -5837.179927956807	
INFO: current LH = -5838.672485112688	
INFO: current LH = -5838.378103149446	
INFO: current LH = -5837.474852913111	
INFO: Wall time: 9.43849s User: 0s System: 0.01s

INFO: current LH = -5837.626558214177	
INFO: current LH = -5838.226315251798	
INFO: current LH = -6113.079877115122	
INFO: current LH = -6185.899629998725	
INFO: current LH = -6186.314450429953	
INFO: current LH = -6185.48176865504	
INFO: current LH = -6186.630635367777	
INFO: current LH = -6185.165791551286	
INFO: current LH = -6185.173001627238	
INFO: current LH = -6186.623107668153	
INFO: current LH = -6184.542734120014	
INFO: current LH = -6187.253663814246	
INFO: current LH = -6185.929085760812	
INFO: current LH = -6185.866950893997	
INFO: current LH = -6185.757022677341	
INFO: current LH = -6186.039995061796	
INFO: current LH = -6185.66506116307	
INFO: current LH = -6186.135164773421	
INFO: current LH = -6185.49036521981	
INFO: current LH = -6186.311893092049	
INFO: Wall time: 10.1838s User: 0s System: 0.01s

INFO: current LH = -6186.653734987736	
INFO: current LH = -6185.142795120228	
INFO: current LH = -6185.994592802144	
INFO: current LH = -6185.801046951059	
INFO: current LH = -6185.509849095639	
INFO: current LH = -6186.286658525373	
INFO: current LH = -6186.176866761653	
INFO: current LH = -6185.618934652372	
INFO: current LH = -6185.621925353136	
INFO: current LH = -6186.175589406874	
INFO: current LH = -6185.323941565745	
INFO: current LH = -6186.470679561403	
INFO: current LH = -6390.724662288208	
INFO: current LH = -6471.912901483805	
INFO: current LH = -6473.577961697378	
INFO: current LH = -6473.936946087499	
INFO: current LH = -6473.215641862799	
INFO: current LH = -6473.960689394124	
INFO: current LH = -6473.192682764936	
INFO: current LH = -6473.65614979917	
INFO: Wall time: 7.58653s User: 0s System: 0.01s

INFO: current LH = -6473.496785646058	
INFO: current LH = -6473.226879498963	
INFO: current LH = -6473.925124838857	
INFO: current LH = -6473.433327768764	
INFO: current LH = -6473.718797421177	
INFO: current LH = -6473.881594508042	
INFO: current LH = -6473.270721823864	
INFO: current LH = -6473.583821841042	
INFO: current LH = -6473.572202821698	
INFO: current LH = -6473.611703532835	
INFO: current LH = -6473.547556471719	
INFO: current LH = -6473.674963099961	
INFO: current LH = -6473.478287266556	
INFO: current LH = -6473.656973717664	
INFO: current LH = -6473.496176105226	
INFO: current LH = -6473.977127685221	
INFO: current LH = -6473.176172064297	
INFO: current LH = -6473.935116329418	
INFO: current LH = -6473.217461641175	
INFO: current LH = -6472.953956517326	
INFO: Wall time: 9.75952s User: 0s System: 0s

INFO: current LH = -6474.199240731713	
INFO: current LH = -6473.806859258933	
INFO: current LH = -6473.345264865102	
INFO: current LH = -6544.885344237903	
INFO: current LH = -6549.080572823201	
INFO: current LH = -6550.491540923088	
INFO: current LH = -6550.581436844797	
INFO: current LH = -6550.398458685076	
INFO: current LH = -6550.750737825925	
INFO: current LH = -6550.229484912448	
INFO: current LH = -6550.087517306711	
INFO: current LH = -6550.892620509017	
INFO: current LH = -6551.162292490878	
INFO: current LH = -6549.817499222757	
INFO: current LH = -6550.423892607145	
INFO: current LH = -6550.553508772242	
INFO: current LH = -6550.441921336085	
INFO: current LH = -6550.538031640438	
INFO: current LH = -6550.373243869835	
INFO: current LH = -6550.606706124661	
INFO: Wall time: 9.69937s User: 0.01s System: 0.01s

INFO: current LH = -6550.338159363105	
INFO: current LH = -6550.686264808296	
INFO: current LH = -6550.445269661417	
INFO: current LH = -6550.5409271464	
INFO: current LH = -6550.906518877218	
INFO: current LH = -6550.073425147151	
INFO: current LH = -6550.614834058409	
INFO: current LH = -6550.364310843275	
INFO: current LH = -6550.669710961116	
INFO: current LH = -6550.311689909162	
INFO: current LH = -6550.616148681235	
INFO: current LH = -6550.361457389507	
INFO: current LH = -6550.586151903602	
INFO: current LH = -6550.393804233716	
INFO: current LH = -6549.752064540887	
INFO: current LH = -6551.22925551398	
INFO: current LH = -6550.425722984952	
INFO: current LH = -6550.557063162985	
INFO: current LH = -6550.278113734006	
INFO: current LH = -6550.701831060742	
INFO: Wall time: 6.19223s User: 0s System: 0.01s

INFO: current LH = -6598.027077265142	
INFO: current LH = -6598.198110213028	
INFO: current LH = -6597.871557778044	
INFO: current LH = -6598.520921742454	
INFO: current LH = -6598.041066861822	
INFO: current LH = -6598.351158464736	
INFO: current LH = -6598.052042839643	
INFO: current LH = -6598.339945891593	
INFO: current LH = -6598.527785424658	
INFO: current LH = -6597.864816920086	
INFO: current LH = -6598.43553993242	
INFO: current LH = -6597.95880626559	
INFO: current LH = -6598.107523343071	
INFO: current LH = -6598.286545029076	
INFO: current LH = -6598.294965330478	
INFO: current LH = -6598.102145551939	
INFO: current LH = -6598.380930506889	
INFO: current LH = -6598.018465831312	
INFO: current LH = -6598.388956849824	
INFO: current LH = -6598.003788412901	
INFO: Wall time: 10.8603s User: 0s System: 0s

INFO: current LH = -6597.991845032574	
INFO: current LH = -6598.401351914643	
INFO: current LH = -6598.204211035996	
INFO: current LH = -6598.185770519634	
INFO: current LH = -6598.203084945457	
INFO: current LH = -6598.189989351173	
INFO: current LH = -6597.985191274406	
INFO: current LH = -6598.409352633171	
INFO: current LH = -6597.602174529029	
INFO: current LH = -6598.784906365625	
INFO: current LH = -6597.849548857945	
INFO: current LH = -6598.543525108687	
INFO: current LH = -6597.261063968356	
INFO: current LH = -6599.10768316321	
INFO: current LH = -6597.884058661013	
INFO: current LH = -6598.509015506866	
INFO: current LH = -6648.963823049173	
INFO: current LH = -6710.102289573713	
INFO: current LH = -6724.929425448406	
INFO: current LH = -6725.121521470071	
INFO: Wall time: 6.06279s User: 0.01s System: 0.01s

INFO: current LH = -6725.052574849179	
INFO: current LH = -6725.187331360746	
INFO: current LH = -6725.150324630094	
INFO: current LH = -6725.089731792298	
INFO: current LH = -6724.997967371192	
INFO: current LH = -6725.241842405441	
INFO: current LH = -6725.375929674573	
INFO: current LH = -6724.863763092511	
INFO: current LH = -6725.202740284639	
INFO: current LH = -6725.036690223457	
INFO: current LH = -6725.208254652476	
INFO: current LH = -6725.032055345327	
INFO: current LH = -6725.215300037367	
INFO: current LH = -6725.029020086528	
INFO: current LH = -6725.270715916573	
INFO: current LH = -6724.975553122586	
INFO: current LH = -6725.290958592524	
INFO: current LH = -6724.948949066064	
INFO: current LH = -6724.736754438364	
INFO: current LH = -6725.502778002287	
INFO: Wall time: 11.3182s User: 0s System: 0.01s

INFO: current LH = -6725.055648670863	
INFO: current LH = -6725.184395356053	
INFO: current LH = -6724.943644690394	
INFO: current LH = -6725.2964581512	
INFO: current LH = -6725.522307402792	
INFO: current LH = -6724.713364365761	
INFO: current LH = -6725.386709396608	
INFO: current LH = -6724.853128996339	
INFO: current LH = -6724.482931762188	
INFO: current LH = -6725.756560220378	
INFO: current LH = -6821.218592267456	
INFO: current LH = -6851.1961117982	
INFO: current LH = -6859.336161154876	
INFO: current LH = -6859.601509356373	
INFO: current LH = -6860.081691617256	
INFO: current LH = -6859.118257008448	
INFO: current LH = -6860.13809244454	
INFO: current LH = -6859.062252713444	
INFO: current LH = -6859.144121500665	
INFO: current LH = -6860.055087438273	
INFO: Wall time: 6.70835s User: 0s System: 0.01s

INFO: current LH = -6859.022943357875	
INFO: current LH = -6860.176056115544	
INFO: current LH = -6859.304032618665	
INFO: current LH = -6859.894460389102	
INFO: current LH = -6859.644234583137	
INFO: current LH = -6859.558123069886	
INFO: current LH = -6859.695662302845	
INFO: current LH = -6859.504072386374	
INFO: current LH = -6859.594352525432	
INFO: Client timing information: 
INFO: Client id 0 channel id 0  response time +0 s
INFO: Client id 1 channel id 0  response time +0.015217 s
INFO: current LH = -6859.614699859657	
INFO: current LH = -6859.595660551482	
INFO: current LH = -6859.610635630934	
INFO: current LH = -6859.936712280506	
INFO: current LH = -6859.262999634038	
INFO: current LH = -6859.779174027235	
INFO: current LH = -6859.419871898301	
INFO: current LH = -6859.716088857059	
INFO: current LH = -6859.484253897075	
INFO: current LH = -6859.459907713073	
INFO: current LH = -6859.741114437896	
INFO: Wall time: 11.2135s User: 0.01s System: 0s

INFO: current LH = -6860.154631376188	
INFO: current LH = -6859.04203308989	
INFO: current LH = -6859.999015274339	
INFO: current LH = -6859.20073200832	
INFO: current LH = -6859.286881875045	
INFO: current LH = -6859.906449935238	
INFO: current LH = -6859.419853028514	
INFO: current LH = -6859.779894145688	
INFO: current LH = -6918.298262654765	
INFO: current LH = -6910.924327688962	
INFO: current LH = -6918.757572840934	
INFO: current LH = -6917.835666227399	
INFO: current LH = -6918.833994987001	
INFO: current LH = -6917.759382389799	
INFO: current LH = -6917.919226196986	
INFO: current LH = -6918.674040062514	
INFO: current LH = -6918.832170340335	
INFO: current LH = -6917.760957917795	
INFO: current LH = -6918.017416229079	
INFO: current LH = -6918.575351702185	
INFO: Wall time: 8.25034s User: 0s System: 0s

INFO: current LH = -6918.406444173556	
INFO: current LH = -6918.186100193881	
INFO: current LH = -6918.294298979128	
INFO: current LH = -6918.303277090367	
INFO: current LH = -6918.291985441271	
INFO: current LH = -6918.307895773584	
INFO: current LH = -6918.599495153561	
INFO: current LH = -6917.993703398643	
INFO: current LH = -6918.590229048835	
INFO: current LH = -6918.002772319733	
INFO: current LH = -6918.640899762573	
INFO: current LH = -6917.952778631622	
INFO: current LH = -6918.21381705485	
INFO: current LH = -6918.379296797795	
INFO: current LH = -6918.505187543844	
INFO: current LH = -6918.087173405519	
INFO: current LH = -6918.579722893577	
INFO: current LH = -6918.01206607823	
INFO: current LH = -6940.521859652928	
INFO: current LH = -6938.253879154181	
INFO: Wall time: 8.82169s User: 0.01s System: 0.01s

INFO: current LH = -6953.852396980359	
INFO: current LH = -6620.159324415643	
INFO: current LH = -6919.059779154805	
INFO: current LH = -6960.292489658895	
INFO: current LH = -6959.167699222538	
INFO: current LH = -6960.402573754085	
INFO: current LH = -6960.179167527416	
INFO: current LH = -6960.557596281824	
INFO: current LH = -6960.024240473906	
INFO: current LH = -6960.19591029855	
INFO: current LH = -6960.385829592475	
INFO: current LH = -6960.06549178156	
INFO: current LH = -6960.516314183365	
INFO: current LH = -6960.492799724488	
INFO: current LH = -6960.087621765176	
INFO: current LH = -6960.117586472712	
INFO: current LH = -6960.461179072492	
INFO: current LH = -6960.165270461164	
INFO: current LH = -6960.416383147704	
INFO: current LH = -6960.367713279791	
INFO: Wall time: 12.1796s User: 0s System: 0.01s

INFO: current LH = -6960.228509112977	
INFO: current LH = -6960.331973355524	
INFO: current LH = -6960.256341632647	
INFO: current LH = -6960.357743516771	
INFO: current LH = -6960.223676599794	
INFO: current LH = -6960.504338670534	
INFO: current LH = -6960.077478771321	
INFO: current LH = -6960.784483837862	
INFO: current LH = -6959.799099944359	
INFO: current LH = -6961.050661172773	
INFO: current LH = -6959.531002899777	
INFO: current LH = -6959.895289447313	
INFO: current LH = -6960.67968243068	
INFO: current LH = -6960.064965768204	
INFO: current LH = -6960.516699023504	
INFO: current LH = -6960.108247325492	
INFO: current LH = -6960.475812353733	
INFO: current LH = -6959.94158366187	
INFO: current LH = -6960.640041003739	
INFO: current LH = -6960.726100656999	
INFO: Wall time: 6.16717s User: 0.01s System: 0s

INFO: current LH = -6959.858791201877	
INFO: current LH = -6962.965048345285	
INFO: current LH = -6957.615093996525	
INFO: current LH = -6984.181819844409	
INFO: current LH = -6984.38395791754	
INFO: current LH = -6984.357612198134	
INFO: current LH = -6984.406952224479	
INFO: current LH = -6984.509621527879	
INFO: current LH = -6984.255003537253	
INFO: current LH = -6984.458470542523	
INFO: current LH = -6984.306288720269	
INFO: current LH = -6984.266936517995	
INFO: current LH = -6984.497632866683	
INFO: current LH = -6984.55583344827	
INFO: current LH = -6984.20836726305	
INFO: current LH = -6984.143943511015	
INFO: current LH = -6984.619196895001	
INFO: current LH = -6984.393784871836	
INFO: current LH = -6984.375418566486	
INFO: current LH = -6984.400365928917	
INFO: Wall time: 10.5189s User: 0s System: 0.01s

INFO: current LH = -6984.370824491641	
INFO: current LH = -6984.361268407687	
INFO: current LH = -6984.403265410887	
INFO: current LH = -6984.544318527114	
INFO: current LH = -6984.220182894379	
INFO: current LH = -6985.081175244449	
INFO: current LH = -6983.685380371386	
INFO: current LH = -6985.474448078843	
INFO: current LH = -6983.290129154552	
INFO: current LH = -6984.37795342956	
INFO: current LH = -6984.385546294707	
INFO: current LH = -6983.739221337997	
INFO: current LH = -6985.020427179074	
INFO: current LH = -6983.975259715048	
INFO: current LH = -6984.789288628092	
INFO: current LH = -6987.783260392558	
INFO: current LH = -6980.924417818635	
INFO: current LH = -6985.191375524103	
INFO: current LH = -6983.573010667773	
INFO: current LH = -7020.848967592024	
INFO: Wall time: 5.62189s User: 0s System: 0s

INFO: current LH = -7072.466990300622	
INFO: current LH = -7071.995919845721	
INFO: current LH = -7072.933741255163	
INFO: current LH = -7072.092335446314	
INFO: current LH = -7072.837506795396	
INFO: current LH = -7072.745719412625	
INFO: current LH = -7072.18487646137	
INFO: current LH = -7072.63189217804	
INFO: current LH = -7072.298539500839	
INFO: current LH = -7072.831603877066	
INFO: current LH = -7072.09948597065	
INFO: current LH = -7072.325501541716	
INFO: current LH = -7072.604356999545	
INFO: current LH = -7072.625217991059	
INFO: current LH = -7072.303303011548	
INFO: current LH = -7072.527470687679	
INFO: current LH = -7072.403175020945	
INFO: current LH = -7072.282827440951	
INFO: current LH = -7072.647282565698	
INFO: current LH = -7072.609791435694	
INFO: Wall time: 11.7908s User: 0s System: 0.01s

INFO: current LH = -7072.307792008069	
INFO: current LH = -7072.533777848761	
INFO: current LH = -7072.396817722944	
INFO: current LH = -7072.405166626458	
INFO: current LH = -7072.527135531164	
INFO: current LH = -7072.321720914746	
INFO: current LH = -7072.607280795215	
INFO: current LH = -7072.52924435102	
INFO: current LH = -7072.400686640251	
INFO: current LH = -7110.631613333079	
INFO: current LH = -7112.307665329461	
INFO: current LH = -7112.167633702647	
INFO: current LH = -7112.444427601135	
INFO: current LH = -7112.198974107482	
INFO: current LH = -7112.413198805093	
INFO: current LH = -7112.200203665147	
INFO: current LH = -7112.411625858359	
INFO: current LH = -7112.089083418069	
INFO: current LH = -7112.522808831598	
INFO: current LH = -7112.266353384247	
INFO: Wall time: 6.50055s User: 0.01s System: 0s

INFO: current LH = -7112.345206314867	
INFO: current LH = -7112.451777324025	
INFO: current LH = -7112.161409813833	
INFO: current LH = -7112.52104381055	
INFO: current LH = -7112.098716775469	
INFO: current LH = -7112.645082671009	
INFO: current LH = -7111.966835395746	
INFO: current LH = -7112.41459813469	
INFO: current LH = -7112.196975551947	
INFO: current LH = -7112.217699437924	
INFO: current LH = -7112.394399531939	
INFO: current LH = -7112.357055650173	
INFO: current LH = -7112.254875247139	
INFO: current LH = -7112.290569921058	
INFO: current LH = -7112.321424010652	
INFO: current LH = -7112.259601870659	
INFO: current LH = -7112.352079611092	
INFO: current LH = -7128.965185638673	
INFO: current LH = -7129.034013107089	
INFO: current LH = -7128.976261127191	
INFO: Wall time: 8.24623s User: 0s System: 0.01s

INFO: current LH = -7129.088399900569	
INFO: current LH = -7129.022533229757	
INFO: current LH = -7129.042308424988	
INFO: current LH = -7129.011383876801	
INFO: current LH = -7129.053491506035	
INFO: current LH = -7128.899842960513	
INFO: current LH = -7129.164941161883	
INFO: current LH = -7129.105449298818	
INFO: current LH = -7128.959102363795	
INFO: Client timing information: 
INFO: Client id 1 channel id 0  response time +0 s
INFO: Client id 0 channel id 0  response time +0.010592 s
INFO: current LH = -7129.127473123816	
INFO: current LH = -7128.936420103438	
INFO: current LH = -7129.160181227755	
INFO: current LH = -7128.909572323504	
INFO: current LH = -7129.190720094447	
INFO: current LH = -7128.873964504445	
INFO: current LH = -7129.033773259081	
INFO: current LH = -7129.031035116774	
INFO: current LH = -7128.99690115478	
INFO: current LH = -7129.067899642469	
INFO: current LH = -7128.997097996884	
INFO: Wall time: 10.6485s User: 0.01s System: 0s

INFO: current LH = -7129.067493618824	
INFO: current LH = -7129.25264896691	
INFO: current LH = -7128.811902581293	
INFO: current LH = -7129.084544793272	
INFO: current LH = -7128.979845991276	
INFO: current LH = -7143.070319937444	
INFO: current LH = -7148.136871851564	
INFO: current LH = -7148.223143585053	
INFO: current LH = -7148.047251878109	
INFO: current LH = -7148.294272854141	
INFO: current LH = -7147.976349355347	
INFO: current LH = -7148.089992769833	
INFO: current LH = -7148.180588699268	
INFO: current LH = -7147.986657013991	
INFO: current LH = -7148.283824763596	
INFO: current LH = -7148.149311697793	
INFO: current LH = -7148.120803550752	
INFO: current LH = -7148.159319619529	
INFO: current LH = -7148.110640601066	
INFO: current LH = -7148.202421723972	
INFO: Wall time: 8.59584s User: 0s System: 0.01s

INFO: current LH = -7148.073623121011	
INFO: current LH = -7148.125039837946	
INFO: current LH = -7148.145292999519	
INFO: current LH = -7148.137218427981	
INFO: current LH = -7148.13328152763	
INFO: current LH = -7148.082309464846	
INFO: current LH = -7148.187972180564	
INFO: current LH = -7148.179812840766	
INFO: current LH = -7148.090116156376	
INFO: current LH = -7148.15102334375	
INFO: current LH = -7148.11944138528	
INFO: current LH = -7148.107748785885	
INFO: current LH = -7148.162991417108	
INFO: current LH = -7154.404302117243	
INFO: current LH = -7156.686984174236	
INFO: current LH = -7157.570744056553	
INFO: current LH = -7157.52247778455	
INFO: current LH = -7157.568517982249	
INFO: current LH = -7157.569419271947	
INFO: current LH = -7157.659295305465	
INFO: Wall time: 8.3583s User: 0.01s System: 0.01s

INFO: current LH = -7157.478864591381	
INFO: current LH = -7157.430537105934	
INFO: current LH = -7157.707756949878	
INFO: current LH = -7157.576783539992	
INFO: current LH = -7157.371446937031	
INFO: current LH = -7157.596996540734	
INFO: current LH = -7157.544437821062	
INFO: current LH = -7157.565127336125	
INFO: current LH = -7157.35956562502	
INFO: current LH = -7157.523374407783	
INFO: current LH = -7157.614410199464	
INFO: current LH = -7157.517702477096	
INFO: current LH = -7157.620106965842	
INFO: current LH = -7157.573181296403	
INFO: current LH = -7157.568482259981	
INFO: current LH = -7157.58276571688	
INFO: current LH = -7157.562147642481	
INFO: current LH = -7157.582978953231	
INFO: current LH = -7157.555106768096	
INFO: current LH = -7157.608070828035	
INFO: Wall time: 12.1091s User: 0s System: 0.01s

INFO: current LH = -7157.529873606537	
INFO: current LH = -7157.531536393611	
INFO: current LH = -7157.606562843685	
INFO: current LH = -7157.604547549409	
INFO: current LH = -7157.53337425574	
INFO: current LH = -7157.557156159161	
INFO: current LH = -7157.580971821479	
INFO: current LH = -7157.54972575439	
INFO: current LH = -7157.588541781462	
INFO: current LH = -7159.106186972537	
INFO: current LH = -7159.361907721378	
INFO: current LH = -7159.945580551924	
INFO: current LH = -7160.039741564858	
INFO: current LH = -7159.99170841469	
INFO: current LH = -7160.084300515757	
INFO: current LH = -7160.071135300071	
INFO: current LH = -7160.004904672502	
INFO: current LH = -7159.955687784102	
INFO: current LH = -7160.120314558531	
INFO: current LH = -7160.020250808199	
INFO: Wall time: 7.99309s User: 0.01s System: 0.01s

INFO: current LH = -7160.059203907426	
INFO: current LH = -7159.842180571096	
INFO: current LH = -7160.23151251509	
INFO: current LH = -7160.048036480059	
INFO: current LH = -7160.028161168869	
INFO: current LH = -7159.983465607725	
INFO: current LH = -7160.092868089958	
INFO: current LH = -7160.239501231862	
INFO: current LH = -7159.877121289449	
INFO: current LH = -7160.09671032379	
INFO: current LH = -7159.986217876212	
INFO: current LH = -7160.076187492502	
INFO: current LH = -7159.999991625681	
INFO: current LH = -7160.041933693025	
INFO: current LH = -7160.03411514607	
INFO: current LH = -7160.041830353917	
INFO: current LH = -7160.03422756337	
INFO: current LH = -7160.060275192744	
INFO: current LH = -7160.015983755166	
INFO: current LH = -7160.066623609137	
INFO: Wall time: 10.2074s User: 0s System: 0.01s

INFO: current LH = -7160.009400331309	
INFO: current LH = -7160.071011192819	
INFO: current LH = -7160.004844726837	
INFO: current LH = -7161.850922277458	
INFO: current LH = -7168.535156114744	
INFO: current LH = -7180.626032131678	
INFO: current LH = -7190.240697559047	
INFO: current LH = -7191.477641698749	
INFO: current LH = -7191.836936612501	
INFO: current LH = -7191.988636949118	
INFO: current LH = -7191.680994442705	
INFO: current LH = -7191.956136407836	
INFO: current LH = -7191.715043362788	
INFO: current LH = -7191.787369511278	
INFO: current LH = -7191.883655178356	
INFO: current LH = -7191.940770609005	
INFO: current LH = -7191.730622794419	
INFO: current LH = -7191.799172576984	
INFO: current LH = -7191.871534096147	
INFO: current LH = -7191.971253827885	
INFO: Wall time: 10.0204s User: 0s System: 0.01s

INFO: current LH = -7191.700911910209	
INFO: current LH = -7192.139666397597	
INFO: current LH = -7191.541103482776	
INFO: current LH = -7192.049760651968	
INFO: current LH = -7191.627517765009	
INFO: current LH = -7191.886774190712	
INFO: current LH = -7191.784754431182	
INFO: current LH = -7191.901612610678	
INFO: current LH = -7191.768505995526	
INFO: current LH = -7191.900386125378	
INFO: current LH = -7191.77004159336	
INFO: current LH = -7191.912050392063	
INFO: current LH = -7191.758689339618	
INFO: current LH = -7191.933232399013	
INFO: current LH = -7191.737106652675	
INFO: current LH = -7191.925880253332	
INFO: current LH = -7191.744276708403	
INFO: current LH = -7204.339443171865	
INFO: current LH = -7212.260488248266	
INFO: current LH = -7212.415385350526	
INFO: Wall time: 8.52987s User: 0.01s System: 0.01s

INFO: current LH = -7212.10168617053	
INFO: current LH = -7212.381472175102	
INFO: current LH = -7212.136594319327	
INFO: current LH = -7212.043045049762	
INFO: current LH = -7212.474937674024	
INFO: current LH = -7212.462477585223	
INFO: current LH = -7212.055802044271	
INFO: current LH = -7212.023483390507	
INFO: current LH = -7212.4936346255	
INFO: current LH = -7212.426723893096	
INFO: current LH = -7212.092105331029	
INFO: current LH = -7212.728183843839	
INFO: current LH = -7211.801764063858	
INFO: current LH = -7212.54907511563	
INFO: current LH = -7211.975331534748	
INFO: current LH = -7212.36956576274	
INFO: current LH = -7212.148484076651	
INFO: current LH = -7212.426864480009	
INFO: current LH = -7212.090435948923	
INFO: current LH = -7212.27675558541	
INFO: Wall time: 12.0582s User: 0s System: 0s

  no                                   Name                    Value  type                 Error +-            Low          High
   0  J0P-1C0Lama0Lamb0_D0TopipiS_KshortMag       0.4535322190125774  free                      0.5
   1  J0P-1C0Lama0Lamb0_D0TopipiS_KshortPhi                        0 fixed
   2             L0S0_pipiSTopion+_pion-Mag                        1 fixed
   3             L0S0_pipiSTopion+_pion-Phi                        0 fixed
   4                      pipiSD0b_pole1Mag                        1 fixed
   5                      pipiSD0b_pole2Mag        6.095735453740856  free                        1
   6                      pipiSD0b_pole3Mag        13.90242305580523  free                        1
   7                      pipiSD0b_pole4Mag      -0.2342443587714932  free                        1
   8                      pipiSD0b_pole5Mag                        0 fixed
   9                      pipiSD0b_pole1Phi                        0 fixed
  10                      pipiSD0b_pole2Phi        1.637114987449548  free                      0.2
  11                      pipiSD0b_pole3Phi       -2.270511104157625  free                      0.2
  12                      pipiSD0b_pole4Phi        4.305877991744913  free                      0.2
  13                      pipiSD0b_pole5Phi                        0 fixed
  14                    pipiSD0fprod_4PiMag                        1 fixed
  15                 pipiSD0fprod_EtaEtaMag                        1 fixed
  16                pipiSD0fprod_EtaEtapMag                        1 fixed
  17                     pipiSD0fprod_KKMag                        1 fixed
  18                   pipiSD0fprod_PiPiMag        2.609771818019479  free                        1
  19                    pipiSD0fprod_4PiPhi                        0 fixed
  20                 pipiSD0fprod_EtaEtaPhi                        0 fixed
  21                pipiSD0fprod_EtaEtapPhi                        0 fixed
  22                     pipiSD0fprod_KKPhi                        0 fixed
  23                   pipiSD0fprod_PiPiPhi      -0.5167125597958033  free                      0.2
  24                              pipiSD0S0                       -3 fixed
  25     J0P-1C0Lama0Lamb0_D0ToK*-_pion+Mag        1.713043045687728  free                      0.5
  26     J0P-1C0Lama0Lamb0_D0ToK*-_pion+Phi      -0.6471814178230588  free                      0.2
  27              L1S0_K*-ToKshort_pion-Mag                        1 fixed
  28              L1S0_K*-ToKshort_pion-Phi                        0 fixed
  29                                K*-Mass       0.8914624984400713  free                     0.03           0.75           0.95
  30                               K*-Width      0.05686076924606622  free                 0.010162
  31    channelType3Kshortpion+pion-Scaling                        1 fixed
INFO: current LH = -7212.240617799112	
INFO: current LH = -7212.402449817523	
INFO: current LH = -7212.114844663764	
INFO: current LH = -7212.164453422147	
INFO: current LH = -7212.353110893283	
INFO: current LH = -7212.23503099947	
INFO: current LH = -7212.282617682883	
INFO: current LH = -7219.694791489344	
INFO: current LH = -7223.10834050699	
INFO: current LH = -7223.06252408124	
INFO: current LH = -7223.150491529623	
INFO: current LH = -7223.070032044676	
INFO: current LH = -7223.143050039092	
INFO: current LH = -7223.060229131909	
INFO: current LH = -7223.153124180451	
INFO: current LH = -7223.118630931086	
INFO: current LH = -7223.09470427559	
INFO: current LH = -7223.103530614226	
INFO: current LH = -7223.109782030532	
INFO: current LH = -7223.107606567932	
INFO: Wall time: 7.5398s User: 0.01s System: 0.01s

INFO: current LH = -7223.104805318239	
INFO: current LH = -7223.272644554801	
INFO: current LH = -7222.942476108709	
INFO: current LH = -7223.351861328143	
INFO: current LH = -7222.861387799812	
INFO: current LH = -7223.139049098178	
INFO: current LH = -7223.074248867457	
INFO: current LH = -7223.069301624082	
INFO: current LH = -7223.143893220213	
INFO: Client timing information: 
INFO: Client id 1 channel id 0  response time +0 s
INFO: Client id 0 channel id 0  response time +0.012779 s
INFO: current LH = -7223.116748925053	
INFO: current LH = -7223.096456686972	
INFO: current LH = -7223.151243507676	
INFO: current LH = -7223.061987667111	
INFO: current LH = -7223.013741054987	
INFO: current LH = -7223.199577234842	
INFO: current LH = -7223.061842607312	
INFO: current LH = -7223.151674903935	
INFO: current LH = -7229.203667125441	
INFO: current LH = -7227.434753295559	
INFO: current LH = -7235.556886578363	
INFO: Wall time: 8.82367s User: 0.01s System: 0.01s

INFO: current LH = -7235.67749817619	
INFO: current LH = -7235.432404747787	
INFO: current LH = -7235.652077971989	
INFO: current LH = -7235.458802636689	
INFO: current LH = -7235.4861187318	
INFO: current LH = -7235.624749075539	
INFO: current LH = -7235.569929883723	
INFO: current LH = -7235.541315716539	
INFO: current LH = -7235.524022431853	
INFO: current LH = -7235.586352914246	
INFO: current LH = -7235.634998965273	
INFO: current LH = -7235.476437397379	
INFO: current LH = -7235.882765268313	
INFO: current LH = -7235.225308279616	
INFO: current LH = -7235.558735111018	
INFO: current LH = -7235.552278521045	
INFO: current LH = -7235.543930896226	
INFO: current LH = -7235.566362279196	
INFO: current LH = -7235.554467555359	
INFO: current LH = -7235.555901479366	
INFO: Wall time: 10.6271s User: 0s System: 0.01s

INFO: current LH = -7235.56810300462	
INFO: current LH = -7235.542255093366	
INFO: current LH = -7235.546701608754	
INFO: current LH = -7235.563573414493	
INFO: current LH = -7235.515933082625	
INFO: current LH = -7235.594274914494	
INFO: current LH = -7241.77525385673	
INFO: current LH = -7241.949299158521	
INFO: current LH = -7242.06384951414	
INFO: current LH = -7241.83095030876	
INFO: current LH = -7242.022735931831	
INFO: current LH = -7241.87273293012	
INFO: current LH = -7241.801227783694	
INFO: current LH = -7242.094279231932	
INFO: current LH = -7241.964372405492	
INFO: current LH = -7241.931532005476	
INFO: current LH = -7241.837790203449	
INFO: current LH = -7242.057215254704	
INFO: current LH = -7242.095433298851	
INFO: current LH = -7241.800712521321	
INFO: Wall time: 7.92688s User: 0s System: 0s

INFO: current LH = -7242.319364885208	
INFO: current LH = -7241.574867105621	
INFO: current LH = -7242.040314207093	
INFO: current LH = -7241.855278952528	
INFO: current LH = -7242.047838310215	
INFO: current LH = -7241.846998175421	
INFO: current LH = -7241.897519723006	
INFO: current LH = -7241.997681518627	
INFO: current LH = -7241.937748176781	
INFO: current LH = -7241.957390806441	
INFO: current LH = -7242.015769504421	
INFO: current LH = -7241.879293659802	
INFO: current LH = -7241.9035517002	
INFO: current LH = -7241.991406772545	
INFO: current LH = -7245.789946703451	
INFO: current LH = -7247.558841801554	
INFO: current LH = -7247.49477673139	
INFO: current LH = -7247.619298434536	
INFO: current LH = -7247.479022338469	
INFO: current LH = -7247.635051057558	
INFO: Wall time: 7.95986s User: 0.01s System: 0.01s

INFO: current LH = -7247.505868991503	
INFO: current LH = -7247.608365271935	
INFO: current LH = -7247.46843440384	
INFO: current LH = -7247.645832785219	
INFO: current LH = -7247.562697151826	
INFO: current LH = -7247.551472383165	
INFO: current LH = -7247.579442372951	
INFO: current LH = -7247.534384128304	
INFO: current LH = -7247.751067776124	
INFO: current LH = -7247.360725222164	
INFO: current LH = -7247.706626778268	
INFO: current LH = -7247.407595726162	
INFO: current LH = -7247.644812776341	
INFO: current LH = -7247.469406808282	
INFO: current LH = -7247.565537108054	
INFO: current LH = -7247.548537256091	
INFO: current LH = -7247.532528456164	
INFO: current LH = -7247.581721316302	
INFO: current LH = -7247.516981699006	
INFO: current LH = -7247.597239718836	
INFO: Wall time: 10.237s User: 0s System: 0.01s

INFO: current LH = -7247.597853393097	
INFO: current LH = -7247.516386174038	
INFO: current LH = -7247.549865153524	
INFO: current LH = -7247.564381408435	
INFO: current LH = -7250.604815838968	
INFO: current LH = -7251.046525075181	
INFO: current LH = -7253.499261286194	
INFO: current LH = -7253.554538364643	
INFO: current LH = -7253.440219134372	
INFO: current LH = -7253.524536105466	
INFO: current LH = -7253.471004136511	
INFO: current LH = -7253.444830032931	
INFO: current LH = -7253.550710871482	
INFO: current LH = -7253.394953045784	
INFO: current LH = -7253.601040003264	
INFO: current LH = -7253.455593249941	
INFO: current LH = -7253.539511889073	
INFO: current LH = -7253.558054637955	
INFO: current LH = -7253.438249684787	
INFO: current LH = -7253.652050416854	
INFO: Wall time: 9.43004s User: 0s System: 0s

INFO: current LH = -7253.341971749255	
INFO: current LH = -7253.5458884332	
INFO: current LH = -7253.449745912365	
INFO: current LH = -7253.50176992969	
INFO: current LH = -7253.493238857072	
INFO: current LH = -7253.511541611748	
INFO: current LH = -7253.483525219971	
INFO: current LH = -7253.508765058181	
INFO: current LH = -7253.486261066215	
INFO: current LH = -7253.480404695197	
INFO: current LH = -7253.514657445734	
INFO: current LH = -7253.522709382597	
INFO: current LH = -7253.472334922601	
INFO: current LH = -7255.888074571438	
INFO: current LH = -7256.112408311086	
INFO: current LH = -7256.172001980183	
INFO: current LH = -7256.245898280597	
INFO: current LH = -7256.094391224352	
INFO: current LH = -7256.201498599419	
INFO: current LH = -7256.139293269207	
INFO: Wall time: 7.65754s User: 0.01s System: 0.01s

INFO: current LH = -7256.109807352364	
INFO: current LH = -7256.231099522113	
INFO: current LH = -7256.012806153822	
INFO: current LH = -7256.328447441075	
INFO: current LH = -7256.086554841317	
INFO: current LH = -7256.253910994227	
INFO: current LH = -7256.276103609121	
INFO: current LH = -7256.065447564508	
INFO: current LH = -7256.321483866249	
INFO: current LH = -7256.018023286009	
INFO: current LH = -7256.242472795817	
INFO: current LH = -7256.098452866325	
INFO: current LH = -7256.218837745382	
INFO: current LH = -7256.12150058776	
INFO: current LH = -7256.134653660466	
INFO: current LH = -7256.205932869828	
INFO: current LH = -7256.209464325902	
INFO: current LH = -7256.131024983661	
INFO: current LH = -7256.155728258201	
INFO: current LH = -7256.184803900363	
INFO: Wall time: 9.70467s User: 0s System: 0s

INFO: current LH = -7256.158745797404	
INFO: current LH = -7256.181776435643	
INFO: current LH = -7257.746272026704	
INFO: current LH = -7258.502457894016	
INFO: current LH = -7258.467031634354	
INFO: current LH = -7258.534318201197	
INFO: current LH = -7258.443332571255	
INFO: current LH = -7258.558044356364	
INFO: current LH = -7258.50947253339	
INFO: current LH = -7258.492074867232	
INFO: current LH = -7258.297452148276	
INFO: current LH = -7258.704030523325	
INFO: current LH = -7258.506746346325	
INFO: current LH = -7258.494673654475	
INFO: current LH = -7258.5231380795	
INFO: current LH = -7258.478027746619	
INFO: current LH = -7258.566364519908	
INFO: current LH = -7258.434602629347	
INFO: current LH = -7258.551428983219	
INFO: current LH = -7258.449978790634	
INFO: Wall time: 10.2663s User: 0s System: 0.01s

INFO: current LH = -7258.490450041423	
INFO: current LH = -7258.510910551511	
INFO: current LH = -7258.445485065256	
INFO: current LH = -7258.55593565625	
INFO: current LH = -7258.511064339262	
INFO: current LH = -7258.490315440074	
INFO: current LH = -7258.488297766884	
INFO: current LH = -7258.513139862358	
INFO: current LH = -7258.465664862864	
INFO: current LH = -7258.535835281625	
INFO: current LH = -7260.538981684768	
INFO: current LH = -7260.82389283529	
INFO: current LH = -7261.064843921912	
INFO: current LH = -7261.089110065102	
INFO: current LH = -7261.036917675281	
INFO: current LH = -7261.059188839307	
INFO: current LH = -7261.067338855968	
INFO: current LH = -7261.065349346175	
INFO: current LH = -7261.061304096146	
INFO: current LH = -7260.86341833128	
INFO: Wall time: 7.39225s User: 0.01s System: 0.01s

INFO: current LH = -7261.263394220377	
INFO: current LH = -7261.045988507189	
INFO: current LH = -7261.080246079146	
INFO: current LH = -7261.105667294001	
INFO: current LH = -7261.0219117459	
INFO: current LH = -7261.129686323424	
INFO: current LH = -7260.995592456035	
INFO: current LH = -7261.096857927431	
INFO: current LH = -7261.029812645695	
INFO: Client timing information: 
INFO: Client id 0 channel id 0  response time +0 s
INFO: Client id 1 channel id 0  response time +0.030137 s
INFO: current LH = -7261.07516634945	
INFO: current LH = -7261.050847269934	
INFO: current LH = -7261.058481379343	
INFO: current LH = -7261.067764538398	
INFO: current LH = -7261.074602466166	
INFO: current LH = -7261.051707743216	
INFO: current LH = -7261.065456503637	
INFO: current LH = -7261.060768926157	
INFO: current LH = -7261.070255801473	
INFO: current LH = -7261.055947902425	
INFO: current LH = -7262.12991201944	
INFO: Wall time: 8.8433s User: 0s System: 0s

INFO: current LH = -7262.555090493885	
INFO: current LH = -7262.518828131962	
INFO: current LH = -7262.587833008785	
INFO: current LH = -7262.510352956902	
INFO: current LH = -7262.596351688198	
INFO: current LH = -7262.565649111206	
INFO: current LH = -7262.541257678348	
INFO: current LH = -7262.37576916605	
INFO: current LH = -7262.730927619909	
INFO: current LH = -7262.585464237838	
INFO: current LH = -7262.521211503749	
INFO: current LH = -7262.535960973831	
INFO: current LH = -7262.571030624626	
INFO: current LH = -7262.584418143544	
INFO: current LH = -7262.52180771944	
INFO: current LH = -7262.547950482849	
INFO: current LH = -7262.55871355018	
INFO: current LH = -7262.52959438418	
INFO: current LH = -7262.577029699813	
INFO: current LH = -7262.574632644732	
INFO: Wall time: 11.3475s User: 0s System: 0.01s

INFO: current LH = -7262.532031188075	
INFO: current LH = -7262.531572302099	
INFO: current LH = -7262.575127427317	
INFO: current LH = -7262.554307721622	
INFO: current LH = -7262.552425932285	
INFO: current LH = -7262.559677396319	
INFO: current LH = -7262.54714431688	
INFO: current LH = -7263.101156463759	
INFO: current LH = -7263.152284562321	
INFO: current LH = -7263.153462009665	
INFO: current LH = -7263.139752096775	
INFO: current LH = -7263.163612618231	
INFO: current LH = -7263.123822063938	
INFO: current LH = -7263.179719489099	
INFO: current LH = -7263.147028397942	
INFO: current LH = -7263.156616653268	
INFO: current LH = -7262.970956379932	
INFO: current LH = -7263.332596071687	
INFO: current LH = -7263.149314862016	
INFO: current LH = -7263.154070569972	
INFO: Wall time: 7.93316s User: 0.01s System: 0s

INFO: current LH = -7263.168047966713	
INFO: current LH = -7263.136283299998	
INFO: current LH = -7263.199858464035	
INFO: current LH = -7263.102979120254	
INFO: current LH = -7263.150025703054	
INFO: current LH = -7263.153565998688	
INFO: current LH = -7263.15762950071	
INFO: current LH = -7263.145624074024	
INFO: current LH = -7263.162584822744	
INFO: current LH = -7263.140861627534	
INFO: current LH = -7263.144733764178	
INFO: current LH = -7263.158701373302	
INFO: current LH = -7263.158011709262	
INFO: current LH = -7263.14543999072	
INFO: current LH = -7263.140328800575	
INFO: current LH = -7263.163146138322	
INFO: current LH = -7263.471929818703	
INFO: current LH = -7263.699487107184	
INFO: current LH = -7263.698912011088	
INFO: current LH = -7263.696606310723	
INFO: Wall time: 8.06182s User: 0s System: 0.01s

INFO: current LH = -7263.695016145569	
INFO: current LH = -7263.700520839855	
INFO: current LH = -7263.702045671318	
INFO: current LH = -7263.693627029614	
INFO: current LH = -7263.5545496246	
INFO: current LH = -7263.840907668547	
INFO: current LH = -7263.71725611777	
INFO: current LH = -7263.678235652279	
INFO: current LH = -7263.694045705296	
INFO: current LH = -7263.701736522927	
INFO: current LH = -7263.732571991607	
INFO: current LH = -7263.662505931528	
INFO: current LH = -7263.647372183035	
INFO: current LH = -7263.748120973098	
INFO: current LH = -7263.672177713495	
INFO: current LH = -7263.723324335942	
INFO: current LH = -7263.6925798023	
INFO: current LH = -7263.702910508864	
INFO: current LH = -7263.688344197868	
INFO: current LH = -7263.707106627644	
INFO: Wall time: 10.9393s User: 0s System: 0s

INFO: current LH = -7263.702642513713	
INFO: current LH = -7263.692852385444	
INFO: current LH = -7263.663708241949	
INFO: current LH = -7263.731829540324	
INFO: current LH = -7264.208549666019	
INFO: current LH = -7264.559592966381	
INFO: current LH = -7264.533041161135	
INFO: current LH = -7264.582691167479	
INFO: current LH = -7264.540119943219	
INFO: current LH = -7264.575594594686	
INFO: current LH = -7264.54408816096	
INFO: current LH = -7264.571795990402	
INFO: current LH = -7264.449858871705	
INFO: current LH = -7264.665783831249	
INFO: current LH = -7264.572056055657	
INFO: current LH = -7264.543615004044	
INFO: current LH = -7264.541707079864	
INFO: current LH = -7264.574296341425	
INFO: current LH = -7264.610376938098	
INFO: current LH = -7264.504568326333	
INFO: Wall time: 9.67109s User: 0.01s System: 0.01s

INFO: current LH = -7264.485289498695	
INFO: current LH = -7264.630396353449	
INFO: current LH = -7264.559094614759	
INFO: current LH = -7264.556573977104	
INFO: current LH = -7264.556478561747	
INFO: current LH = -7264.559331515126	
INFO: current LH = -7264.544827062199	
INFO: current LH = -7264.570937097878	
INFO: current LH = -7264.55692809575	
INFO: current LH = -7264.558800762985	
INFO: current LH = -7264.554150161463	
INFO: current LH = -7264.561511088319	
INFO: current LH = -7265.123371532214	
INFO: current LH = -7265.432300239821	
INFO: current LH = -7265.463138263973	
INFO: current LH = -7265.398002616197	
INFO: current LH = -7265.468101643686	
INFO: current LH = -7265.3931064883	
INFO: current LH = -7265.423584188307	
INFO: current LH = -7265.437608874292	
INFO: Wall time: 8.05711s User: 0.01s System: 0.01s

INFO: current LH = -7265.335226158101	
INFO: current LH = -7265.525947618657	
INFO: current LH = -7265.428799448962	
INFO: current LH = -7265.432370656465	
INFO: current LH = -7265.433331557947	
INFO: current LH = -7265.428313869901	
INFO: current LH = -7265.491036406703	
INFO: current LH = -7265.369360815517	
INFO: current LH = -7265.340469541856	
INFO: current LH = -7265.520736653517	
INFO: current LH = -7265.430596285497	
INFO: current LH = -7265.430548389189	
INFO: current LH = -7265.453509705647	
INFO: current LH = -7265.407673994388	
INFO: current LH = -7265.440331605289	
INFO: current LH = -7265.420802551173	
INFO: current LH = -7265.417301857868	
INFO: current LH = -7265.443799948849	
INFO: current LH = -7265.476210904029	
INFO: current LH = -7265.384783141686	
INFO: Wall time: 9.1733s User: 0s System: 0.01s

INFO: current LH = -7265.846223160019	
INFO: current LH = -7267.207875840881	
INFO: current LH = -7268.952603565657	
INFO: current LH = -7269.09642916933	
INFO: current LH = -7269.123307732616	
INFO: current LH = -7269.066340791455	
INFO: current LH = -7269.138826724428	
INFO: current LH = -7269.050322668205	
INFO: current LH = -7269.10729870405	
INFO: current LH = -7269.08137267393	
INFO: current LH = -7269.023903579445	
INFO: current LH = -7269.165372846151	
INFO: current LH = -7269.101702314069	
INFO: current LH = -7269.087720965288	
INFO: current LH = -7269.060377232569	
INFO: current LH = -7269.126127130707	
INFO: current LH = -7269.070420903689	
INFO: current LH = -7269.118973302648	
INFO: current LH = -7269.146321508703	
INFO: current LH = -7269.040172175422	
INFO: Wall time: 11.5374s User: 0.01s System: 0.01s

INFO: current LH = -7269.007840782425	
INFO: current LH = -7269.181133172551	
INFO: current LH = -7269.080446303705	
INFO: current LH = -7269.109402245222	
INFO: current LH = -7269.040747641938	
INFO: current LH = -7269.148762225956	
INFO: current LH = -7269.128429932121	
INFO: current LH = -7269.060856717711	
INFO: current LH = -7269.053595012422	
INFO: current LH = -7269.135823183617	
INFO: current LH = -7269.128354778432	
INFO: current LH = -7269.06093598367	
INFO: current LH = -7273.231761177174	
INFO: current LH = -7274.408140816828	
INFO: current LH = -7277.724320402775	
INFO: current LH = -7277.677605581599	
INFO: current LH = -7277.767495344248	
INFO: current LH = -7277.678401711903	
INFO: current LH = -7277.766722334673	
INFO: current LH = -7277.795992147127	
INFO: Wall time: 7.86927s User: 0.01s System: 0s

INFO: current LH = -7277.648916116941	
INFO: current LH = -7277.647174611594	
INFO: current LH = -7277.797826128711	
INFO: current LH = -7277.772449839772	
INFO: current LH = -7277.672664533018	
INFO: current LH = -7277.688601104445	
INFO: current LH = -7277.757620384489	
INFO: current LH = -7277.594451817386	
INFO: current LH = -7277.844705930739	
INFO: Client timing information: 
INFO: Client id 1 channel id 0  response time +0 s
INFO: Client id 0 channel id 0  response time +0.160335 s
INFO: current LH = -7277.646892678094	
INFO: current LH = -7277.798282434401	
INFO: current LH = -7277.735633199064	
INFO: current LH = -7277.709626478905	
INFO: current LH = -7277.670371673326	
INFO: current LH = -7277.774995145244	
INFO: current LH = -7277.646239950705	
INFO: current LH = -7277.798795910027	
INFO: current LH = -7277.741822385897	
INFO: current LH = -7277.70332048582	
INFO: current LH = -7277.741314579824	
INFO: Wall time: 10.3304s User: 0s System: 0.01s

INFO: current LH = -7277.703879401741	
INFO: current LH = -7277.694364548007	
INFO: current LH = -7277.750956044376	
INFO: current LH = -7279.91324197146	
INFO: current LH = -7280.15058332272	
INFO: current LH = -7280.153230758603	
INFO: current LH = -7280.142547499474	
INFO: current LH = -7280.160596240067	
INFO: current LH = -7280.131509307414	
INFO: current LH = -7280.171456493684	
INFO: current LH = -7280.142648484451	
INFO: current LH = -7280.160030301931	
INFO: current LH = -7280.04564534708	
INFO: current LH = -7280.257501725268	
INFO: current LH = -7280.129977469107	
INFO: current LH = -7280.173046717091	
INFO: current LH = -7280.16319125068	
INFO: current LH = -7280.139678664724	
INFO: current LH = -7280.14676738168	
INFO: current LH = -7280.155149871364	
INFO: Wall time: 10.1855s User: 0s System: 0s

INFO: current LH = -7280.218618444207	
INFO: current LH = -7280.084323708169	
INFO: current LH = -7280.165045650812	
INFO: current LH = -7280.138245691563	
INFO: current LH = -7280.113715691184	
INFO: current LH = -7280.18922088076	
INFO: current LH = -7280.161768119495	
INFO: current LH = -7280.141265691453	
INFO: current LH = -7280.160265471437	
INFO: current LH = -7280.142772015737	
INFO: current LH = -7280.145053549883	
INFO: current LH = -7280.157984533817	
INFO: current LH = -7281.108696163757	
INFO: current LH = -7281.166973685035	
INFO: current LH = -7281.13897114764	
INFO: current LH = -7281.19149492978	
INFO: current LH = -7281.147634616729	
INFO: current LH = -7281.182838883762	
INFO: current LH = -7281.181761664465	
INFO: current LH = -7281.148749106441	
INFO: Wall time: 7.98195s User: 0s System: 0.01s

INFO: current LH = -7281.117618979306	
INFO: current LH = -7281.212705417006	
INFO: current LH = -7281.185344422197	
INFO: current LH = -7281.145098508035	
INFO: current LH = -7281.125629977921	
INFO: current LH = -7281.205001285643	
INFO: current LH = -7281.117222092732	
INFO: current LH = -7281.212646613963	
INFO: current LH = -7281.198471986211	
INFO: current LH = -7281.131990471254	
INFO: current LH = -7281.143425862037	
INFO: current LH = -7281.187081980997	
INFO: current LH = -7281.16721310823	
INFO: current LH = -7281.163242334111	
INFO: current LH = -7281.153111920496	
INFO: current LH = -7281.177396902707	
INFO: current LH = -7281.165174369978	
INFO: current LH = -7281.165336263941	
INFO: current LH = -7281.179602517075	
INFO: current LH = -7281.150936397999	
INFO: Wall time: 8.65484s User: 0.01s System: 0.01s

INFO: current LH = -7281.461922276114	
INFO: current LH = -7281.508362945812	
INFO: current LH = -7281.509592132317	
INFO: current LH = -7281.50372411814	
INFO: current LH = -7281.523540325956	
INFO: current LH = -7281.48969219578	
INFO: current LH = -7281.496585084225	
INFO: current LH = -7281.516634597019	
INFO: current LH = -7281.476894428333	
INFO: current LH = -7281.536346995392	
INFO: current LH = -7281.505645803387	
INFO: current LH = -7281.507572301275	
INFO: current LH = -7281.474151268718	
INFO: current LH = -7281.538913143581	
INFO: current LH = -7281.498365634076	
INFO: current LH = -7281.514712562473	
INFO: current LH = -7281.517967762062	
INFO: current LH = -7281.495202417789	
INFO: current LH = -7281.505787863752	
INFO: current LH = -7281.507532185613	
INFO: Wall time: 11.2517s User: 0s System: 0s

INFO: current LH = -7281.508825957949	
INFO: current LH = -7281.504423652675	
INFO: current LH = -7281.493699300176	
INFO: current LH = -7281.519555685142	
INFO: current LH = -7281.499886017526	
INFO: current LH = -7281.513381376065	
INFO: current LH = -7281.514641215706	
INFO: current LH = -7281.498654337733	
INFO: current LH = -7281.683290767423	
INFO: current LH = -7281.74398353279	
INFO: current LH = -7281.745546070564	
INFO: current LH = -7281.73890731512	
INFO: current LH = -7281.758463120856	
INFO: current LH = -7281.726075468762	
INFO: current LH = -7281.754500988996	
INFO: current LH = -7281.730061872133	
INFO: current LH = -7281.71820029891	
INFO: current LH = -7281.766241702644	
INFO: current LH = -7281.750093642638	
INFO: current LH = -7281.734428028622	
INFO: Wall time: 7.84679s User: 0s System: 0.01s

INFO: current LH = -7281.715198801793	
INFO: current LH = -7281.769326849709	
INFO: current LH = -7281.714905433697	
INFO: current LH = -7281.769446484544	
INFO: current LH = -7281.753296155485	
INFO: current LH = -7281.731248165801	
INFO: current LH = -7281.736762862058	
INFO: current LH = -7281.747718732041	
INFO: current LH = -7281.737085010464	
INFO: current LH = -7281.747379036065	
INFO: current LH = -7281.741399867167	
INFO: current LH = -7281.74305575683	
INFO: current LH = -7281.745996918742	
INFO: current LH = -7281.738492885668	
INFO: current LH = -7281.729885831915	
INFO: current LH = -7281.754652174875	
INFO: current LH = -7281.859997467513	
INFO: current LH = -7281.906787775477	
INFO: current LH = -7281.911389338206	
INFO: current LH = -7281.898629343679	
INFO: Wall time: 7.31042s User: 0.01s System: 0s

INFO: current LH = -7281.920178252534	
INFO: current LH = -7281.889963994087	
INFO: current LH = -7281.909519206097	
INFO: current LH = -7281.900692238897	
INFO: current LH = -7281.87349342977	
INFO: current LH = -7281.936624177794	
INFO: current LH = -7281.901577585362	
INFO: current LH = -7281.908503415543	
INFO: current LH = -7281.889343781161	
INFO: current LH = -7281.920982420937	
INFO: current LH = -7281.891011803894	
INFO: current LH = -7281.919293264881	
INFO: current LH = -7281.915089043249	
INFO: current LH = -7281.895071797245	
INFO: current LH = -7281.913121492048	
INFO: current LH = -7281.896865538427	
INFO: current LH = -7281.91566254401	
INFO: current LH = -7281.894444079104	
INFO: current LH = -7281.910152668843	
INFO: current LH = -7281.899977681083	
INFO: Wall time: 10.574s User: 0s System: 0.01s

INFO: current LH = -7281.908325936804	
INFO: current LH = -7281.901786601821	
INFO: current LH = -7281.898318060677	
INFO: current LH = -7281.911815160952	
INFO: current LH = -7282.015477930638	
INFO: current LH = -7282.14011352705	
INFO: current LH = -7282.149650571812	
INFO: current LH = -7282.127095866035	
INFO: current LH = -7282.156323440652	
INFO: current LH = -7282.120532651118	
INFO: current LH = -7282.139184424361	
INFO: current LH = -7282.13762840138	
INFO: current LH = -7282.111653018559	
INFO: current LH = -7282.165158617585	
INFO: current LH = -7282.127548732444	
INFO: current LH = -7282.149244262992	
INFO: current LH = -7282.132139241895	
INFO: current LH = -7282.14494674354	
INFO: current LH = -7282.119998388491	
INFO: current LH = -7282.156411862427	
INFO: Wall time: 9.2118s User: 0.01s System: 0s

INFO: current LH = -7282.156902480253	
INFO: current LH = -7282.120006197204	
INFO: current LH = -7282.15572683264	
INFO: current LH = -7282.121101089082	
INFO: current LH = -7282.155057847303	
INFO: current LH = -7282.121701402212	
INFO: current LH = -7282.146297405696	
INFO: current LH = -7282.130440260422	
INFO: current LH = -7282.138308348758	
INFO: current LH = -7282.138422748169	
INFO: current LH = -7282.152945339953	
INFO: current LH = -7282.123726774454	
INFO: current LH = -7282.308624109362	
INFO: current LH = -7282.434468262255	
INFO: current LH = -7282.449269416108	
INFO: current LH = -7282.416102481818	
INFO: current LH = -7282.453475071729	
INFO: current LH = -7282.41203707554	
INFO: current LH = -7282.412611717317	
INFO: current LH = -7282.452958332239	
INFO: Wall time: 7.49694s User: 0s System: 0.01s

INFO: current LH = -7282.406480910167	
INFO: current LH = -7282.458994244649	
INFO: current LH = -7282.413025380077	
INFO: current LH = -7282.452395351289	
INFO: current LH = -7282.437736854083	
INFO: current LH = -7282.428163235284	
INFO: current LH = -7282.42800421179	
INFO: current LH = -7282.437410611868	
INFO: current LH = -7282.442334432531	
INFO: Client timing information: 
INFO: Client id 1 channel id 0  response time +0 s
INFO: Client id 0 channel id 0  response time +0.148206 s
INFO: current LH = -7282.423216858992	
INFO: current LH = -7282.453221371495	
INFO: current LH = -7282.412148103923	
INFO: current LH = -7282.422363541981	
INFO: current LH = -7282.443112814482	
INFO: current LH = -7282.431592028152	
INFO: current LH = -7282.433888725145	
INFO: current LH = -7282.429289267472	
INFO: current LH = -7282.436204833475	
INFO: current LH = -7282.42845063588	
INFO: current LH = -7282.437034590996	
INFO: Wall time: 8.632s User: 0.01s System: 0s

INFO: current LH = -7282.570806725143	
INFO: current LH = -7282.900542545756	
INFO: current LH = -7282.948356195179	
INFO: current LH = -7282.951219051073	
INFO: current LH = -7282.939327254351	
INFO: current LH = -7282.959595253963	
INFO: current LH = -7282.948142771203	
INFO: current LH = -7282.950823918514	
INFO: current LH = -7282.94137349419	
INFO: current LH = -7282.957447095	
INFO: current LH = -7282.949887940283	
INFO: current LH = -7282.94918395379	
INFO: current LH = -7282.961351188106	
INFO: current LH = -7282.937616075438	
INFO: current LH = -7282.93072625497	
INFO: current LH = -7282.967675840083	
INFO: current LH = -7282.918229034173	
INFO: current LH = -7282.980129813152	
INFO: current LH = -7282.953380731286	
INFO: current LH = -7282.945532844719	
INFO: Wall time: 11.0373s User: 0s System: 0.01s

INFO: current LH = -7282.935353640683	
INFO: current LH = -7282.963811212198	
INFO: current LH = -7282.944749432583	
INFO: current LH = -7282.95417328867	
INFO: current LH = -7282.92887268902	
INFO: current LH = -7282.970092902333	
INFO: current LH = -7282.954256998451	
INFO: current LH = -7282.94472781168	
INFO: current LH = -7282.940010374934	
INFO: current LH = -7282.958997905231	
INFO: current LH = -7283.350533236382	
INFO: current LH = -7283.421340991935	
INFO: current LH = -7283.427275247571	
INFO: current LH = -7283.411890373957	
INFO: current LH = -7283.427093556023	
INFO: current LH = -7283.412175206508	
INFO: current LH = -7283.406084368911	
INFO: current LH = -7283.433108221111	
INFO: current LH = -7283.413912242821	
INFO: current LH = -7283.425482625885	
INFO: Wall time: 7.69704s User: 0s System: 0s

INFO: current LH = -7283.414165124265	
INFO: current LH = -7283.425073836632	
INFO: current LH = -7283.438104293451	
INFO: current LH = -7283.400694025222	
INFO: current LH = -7283.414895382577	
INFO: current LH = -7283.424162716174	
INFO: current LH = -7283.417931793369	
INFO: current LH = -7283.421343362063	
INFO: current LH = -7283.420328854791	
INFO: current LH = -7283.418990263853	
INFO: current LH = -7283.424870967822	
INFO: current LH = -7283.414355440916	
INFO: current LH = -7283.420115414013	
INFO: current LH = -7283.419106389498	
INFO: current LH = -7283.425518790104	
INFO: current LH = -7283.413681749748	
INFO: current LH = -7283.421820370426	
INFO: current LH = -7283.417368590995	
INFO: current LH = -7283.459395682954	
INFO: current LH = -7283.462378594218	
INFO: Wall time: 8.64586s User: 0.01s System: 0.01s

INFO: current LH = -7283.461080201868	
INFO: current LH = -7283.460173912195	
INFO: current LH = -7283.463188956894	
INFO: current LH = -7283.458120692743	
INFO: current LH = -7283.455174187733	
INFO: current LH = -7283.466195016758	
INFO: current LH = -7283.460794496161	
INFO: current LH = -7283.460502382773	
INFO: current LH = -7283.461941280646	
INFO: current LH = -7283.459347975945	
INFO: current LH = -7283.470051061741	
INFO: current LH = -7283.451316482394	
INFO: current LH = -7283.448557837021	
INFO: current LH = -7283.472790822143	
INFO: current LH = -7283.452592181852	
INFO: current LH = -7283.468720954915	
INFO: current LH = -7283.457275607653	
INFO: current LH = -7283.464000838146	
INFO: current LH = -7283.461510724014	
INFO: current LH = -7283.45977594405	
INFO: Wall time: 10.8189s User: 0s System: 0s

INFO: current LH = -7283.4624023043	
INFO: current LH = -7283.458869335516	
INFO: current LH = -7283.459931315349	
INFO: current LH = -7283.461352133618	
INFO: current LH = -7283.461359531972	
INFO: current LH = -7283.459920710073	
INFO: current LH = -7283.481365063862	
INFO: current LH = -7283.508577570174	
INFO: current LH = -7283.498520828592	
INFO: current LH = -7283.515124772067	
INFO: current LH = -7283.499571477533	
INFO: current LH = -7283.514105828348	
INFO: current LH = -7283.495562852275	
INFO: current LH = -7283.518126832814	
INFO: current LH = -7283.506028046144	
INFO: current LH = -7283.507681032243	
INFO: current LH = -7283.505177887362	
INFO: current LH = -7283.508498398767	
INFO: current LH = -7283.518738724212	
INFO: current LH = -7283.495004797202	
INFO: Wall time: 8.37932s User: 0s System: 0.01s

INFO: current LH = -7283.500735372038	
INFO: current LH = -7283.51278915172	
INFO: current LH = -7283.502455902074	
INFO: current LH = -7283.511255205152	
INFO: current LH = -7283.513636076455	
INFO: current LH = -7283.500037733585	
INFO: current LH = -7283.50335908875	
INFO: current LH = -7283.510310340221	
INFO: current LH = -7283.505369766334	
INFO: current LH = -7283.50829559895	
INFO: current LH = -7283.501035652625	
INFO: current LH = -7283.512634976995	
INFO: current LH = -7283.504166188781	
INFO: current LH = -7283.509505053157	
INFO: current LH = -7283.56621845892	
INFO: current LH = -7283.725375401392	
INFO: current LH = -7283.755368010781	
INFO: current LH = -7283.759118848468	
INFO: current LH = -7283.763533421155	
INFO: current LH = -7283.751125254224	
INFO: Wall time: 7.669s User: 0.01s System: 0s

INFO: current LH = -7283.760700150091	
INFO: current LH = -7283.75420018719	
INFO: current LH = -7283.750294782134	
INFO: current LH = -7283.764655683667	
INFO: current LH = -7283.750582870185	
INFO: current LH = -7283.764359849544	
INFO: current LH = -7283.757005378757	
INFO: current LH = -7283.757751612086	
INFO: current LH = -7283.779300450421	
INFO: current LH = -7283.736328187958	
INFO: current LH = -7283.752736064758	
INFO: current LH = -7283.761814067063	
INFO: current LH = -7283.754789752999	
INFO: current LH = -7283.760197628703	
INFO: current LH = -7283.768798221568	
INFO: current LH = -7283.745966992467	
INFO: current LH = -7283.76488056506	
INFO: current LH = -7283.749871378013	
INFO: current LH = -7283.74935049908	
INFO: current LH = -7283.765442371273	
INFO: Wall time: 10.9649s User: 0s System: 0.01s

INFO: current LH = -7283.76282819051	
INFO: current LH = -7283.751944249196	
INFO: current LH = -7283.758429276805	
INFO: current LH = -7283.756349092434	
INFO: current LH = -7284.04784673116	
INFO: current LH = -7284.315281533037	
INFO: current LH = -7284.332224223524	
INFO: current LH = -7284.333755128918	
INFO: current LH = -7284.327183052656	
INFO: current LH = -7284.325690413802	
INFO: current LH = -7284.335325571035	
INFO: current LH = -7284.312407803938	
INFO: current LH = -7284.348702532255	
INFO: current LH = -7284.307442876802	
INFO: current LH = -7284.353773706934	
INFO: current LH = -7284.312128674481	
INFO: current LH = -7284.348846933351	
INFO: current LH = -7284.356814839528	
INFO: current LH = -7284.305643924353	
INFO: current LH = -7284.348403937921	
INFO: Wall time: 9.50575s User: 0.01s System: 0s

INFO: current LH = -7284.312120048479	
INFO: current LH = -7284.350381093415	
INFO: current LH = -7284.310673636923	
INFO: current LH = -7284.352484158221	
INFO: current LH = -7284.308594938867	
INFO: current LH = -7284.326224833995	
INFO: current LH = -7284.334765498103	
INFO: current LH = -7284.327833272629	
INFO: current LH = -7284.333133562864	
INFO: current LH = -7284.336893489561	
INFO: current LH = -7284.324092410453	
INFO: current LH = -7284.327679993457	
INFO: current LH = -7284.333286982073	
INFO: current LH = -7284.461140094227	
INFO: current LH = -7284.463680274069	
INFO: current LH = -7284.458535828121	
INFO: current LH = -7284.465353374355	
INFO: current LH = -7284.457451186589	
INFO: current LH = -7284.466382430563	
INFO: current LH = -7284.461802553734	
INFO: Wall time: 7.50414s User: 0s System: 0.01s

INFO: current LH = -7284.462059014634	
INFO: current LH = -7284.453476638749	
INFO: current LH = -7284.470310374021	
INFO: current LH = -7284.460434194991	
INFO: current LH = -7284.463449953611	
INFO: current LH = -7284.471843957592	
INFO: current LH = -7284.451790906528	
INFO: current LH = -7284.459613554289	
INFO: current LH = -7284.464252911564	
INFO: Client timing information: 
INFO: Client id 1 channel id 0  response time +0 s
INFO: Client id 0 channel id 0  response time +0.048905 s
INFO: current LH = -7284.467725567915	
INFO: current LH = -7284.456091928156	
INFO: current LH = -7284.462073933984	
INFO: current LH = -7284.461815782123	
INFO: current LH = -7284.459821772275	
INFO: current LH = -7284.464081358122	
INFO: current LH = -7284.463945016693	
INFO: current LH = -7284.459923729642	
INFO: current LH = -7284.461839210356	
INFO: current LH = -7284.46202935063	
INFO: current LH = -7284.461516392857	
INFO: Wall time: 9.30061s User: 0s System: 0.01s

INFO: current LH = -7284.462354957311	
INFO: current LH = -7284.510826895486	
INFO: current LH = -7284.513509847211	
INFO: current LH = -7284.513746328879	
INFO: current LH = -7284.519582897084	
INFO: current LH = -7284.504428875563	
INFO: current LH = -7284.518792593288	
INFO: current LH = -7284.505276965231	
INFO: current LH = -7284.50999995562	
INFO: current LH = -7284.514140575428	
INFO: current LH = -7284.51102916218	
INFO: current LH = -7284.513062882779	
INFO: current LH = -7284.505617881706	
INFO: current LH = -7284.518400321314	
INFO: current LH = -7284.526190502291	
INFO: current LH = -7284.498498510697	
INFO: current LH = -7284.516459883043	
INFO: current LH = -7284.507397982764	
INFO: current LH = -7284.510038980516	
INFO: current LH = -7284.514042355685	
INFO: Wall time: 10.8173s User: 0s System: 0s

INFO: current LH = -7284.513937770383	
INFO: current LH = -7284.510102177104	
INFO: current LH = -7284.51140270148	
INFO: current LH = -7284.51260906582	
INFO: current LH = -7284.517695526169	
INFO: current LH = -7284.506318774027	
INFO: current LH = -7284.51009120503	
INFO: current LH = -7284.513942644846	
INFO: current LH = -7284.51236600861	
INFO: current LH = -7284.511667680785	
INFO: current LH = -7284.527399249738	
INFO: current LH = -7284.532898106036	
INFO: current LH = -7284.532362004095	
INFO: current LH = -7284.529959661566	
INFO: current LH = -7284.532822284823	
INFO: current LH = -7284.529514043456	
INFO: current LH = -7284.530918999757	
INFO: current LH = -7284.531428101724	
INFO: current LH = -7284.532040992759	
INFO: current LH = -7284.530294139106	
INFO: Wall time: 7.69228s User: 0.01s System: 0.01s

INFO: current LH = -7284.529757197412	
INFO: current LH = -7284.532564675583	
INFO: current LH = -7284.540697462568	
INFO: current LH = -7284.522002118618	
INFO: current LH = -7284.533932441097	
INFO: current LH = -7284.528344622465	
INFO: current LH = -7284.529418265753	
INFO: current LH = -7284.532927186622	
INFO: current LH = -7284.532756105194	
INFO: current LH = -7284.529570489516	
INFO: current LH = -7284.532128934271	
INFO: current LH = -7284.530181196691	
INFO: current LH = -7284.530857060993	
INFO: current LH = -7284.531461490044	
INFO: current LH = -7284.531874608105	
INFO: current LH = -7284.530446784182	
INFO: current LH = -7284.531147510113	
INFO: current LH = -7284.531177769942	
INFO: current LH = -7284.535470250736	
INFO: current LH = -7284.535537623004	
INFO: Wall time: 8.78106s User: 0s System: 0s

INFO: current LH = -7284.534214173663	
INFO: current LH = -7284.533384936056	
INFO: current LH = -7284.534533822971	
INFO: current LH = -7284.533069128083	
INFO: current LH = -7284.535596093446	
INFO: current LH = -7284.532031562147	
INFO: current LH = -7284.534142276282	
INFO: current LH = -7284.533464361329	
INFO: current LH = -7284.533759829084	
INFO: current LH = -7284.533834007435	
INFO: current LH = -7284.542783721599	
INFO: current LH = -7284.524959117167	
INFO: current LH = -7284.534260467728	
INFO: current LH = -7284.533332012627	
INFO: current LH = -7284.531868655501	
INFO: current LH = -7284.535749909945	
INFO: current LH = -7284.533984261355	
INFO: current LH = -7284.533608154644	
INFO: current LH = -7284.534086775921	
INFO: current LH = -7284.533530697101	
INFO: Wall time: 10.3144s User: 0s System: 0.01s

INFO: current LH = -7284.533836776644	
INFO: current LH = -7284.533774808236	
INFO: current LH = -7284.534413186106	
INFO: current LH = -7284.533178841376	
INFO: current LH = -7284.533691622818	
INFO: current LH = -7284.533898249167	
INFO: current LH = -7284.535532777857	
INFO: current LH = -7284.534214173663	
INFO: current LH = -7284.533384936056	
INFO: current LH = -7284.534533822971	
INFO: current LH = -7284.533069128083	
INFO: current LH = -7284.535596093446	
INFO: current LH = -7284.532031562147	
INFO: current LH = -7284.534142276282	
INFO: current LH = -7284.533464361329	
INFO: current LH = -7284.533759829084	
INFO: current LH = -7284.533834007435	
INFO: current LH = -7284.542783721599	
INFO: current LH = -7284.524959117167	
INFO: current LH = -7284.534260467728	
INFO: Wall time: 7.41073s User: 0.01s System: 0s

INFO: current LH = -7284.533332012627	
INFO: current LH = -7284.531868655501	
INFO: current LH = -7284.535749909945	
INFO: current LH = -7284.533984261355	
INFO: current LH = -7284.533608154644	
INFO: current LH = -7284.534086775921	
INFO: current LH = -7284.533530697101	
INFO: current LH = -7284.533836776644	
INFO: current LH = -7284.533774808236	
INFO: current LH = -7284.534413186106	
INFO: current LH = -7284.533178841376	
INFO: current LH = -7284.533691622818	
INFO: current LH = -7284.533898249167	
INFO: current LH = -7284.535557408982	
INFO: current LH = -7284.535392707143	
INFO: current LH = -7284.535606917916	
INFO: current LH = -7284.535326970235	
INFO: current LH = -7284.535828662439	
INFO: current LH = -7284.535122691485	
INFO: current LH = -7284.535529602304	
INFO: Wall time: 7.47209s User: 0s System: 0.01s

INFO: current LH = -7284.535403633878	
INFO: current LH = -7284.53555662689	
INFO: current LH = -7284.535525494751	
INFO: current LH = -7284.535458540411	
INFO: current LH = -7284.535472542943	
INFO: current LH = -7284.5355329711	
INFO: current LH = -7284.535540186873	
INFO: current LH = -7284.537253470033	
INFO: current LH = -7284.533679687029	
INFO: current LH = -7284.535566747059	
INFO: current LH = -7284.535371621163	
INFO: current LH = -7284.535087302203	
INFO: current LH = -7284.535858622652	
INFO: current LH = -7284.535510265822	
INFO: current LH = -7284.535439481261	
INFO: current LH = -7284.535553679006	
INFO: current LH = -7284.535521662679	
INFO: current LH = -7284.535525950208	
INFO: current LH = -7284.535410881282	
INFO: current LH = -7284.535472074014	
INFO: Wall time: 11.3555s User: 0.01s System: 0s

INFO: current LH = -7284.535459870535	
INFO: current LH = -7284.535586704261	
INFO: current LH = -7284.53533991034	
INFO: current LH = -7284.535442380715	
INFO: current LH = -7284.535484147777	
INFO: current LH = -7284.529914712238	
INFO: current LH = -7284.535126749312	
INFO: current LH = -7284.532735116542	
INFO: current LH = -7284.534028422113	
INFO: current LH = -7284.539537914718	
INFO: current LH = -7284.531449490582	
INFO: current LH = -7284.531235951741	
INFO: current LH = -7284.532236846691	
INFO: current LH = -7284.532445544022	
INFO: current LH = -7284.531582741152	
INFO: current LH = -7284.532895691319	
INFO: current LH = -7284.532052347211	
INFO: current LH = -7284.535244295788	
INFO: current LH = -7284.532090518492	
INFO: current LH = -7284.533705832479	
INFO: Wall time: 8.13341s User: 0s System: 0.01s

  no                                   Name                    Value  type                 Error +-            Low          High
   0  J0P-1C0Lama0Lamb0_D0TopipiS_KshortMag       0.3357652541650805  free                      0.5
   1  J0P-1C0Lama0Lamb0_D0TopipiS_KshortPhi                        0 fixed
   2             L0S0_pipiSTopion+_pion-Mag                        1 fixed
   3             L0S0_pipiSTopion+_pion-Phi                        0 fixed
   4                      pipiSD0b_pole1Mag                        1 fixed
   5                      pipiSD0b_pole2Mag        8.636368730582088  free                        1
   6                      pipiSD0b_pole3Mag        2.465519211565445  free                        1
   7                      pipiSD0b_pole4Mag          -3.475757340513  free                        1
   8                      pipiSD0b_pole5Mag                        0 fixed
   9                      pipiSD0b_pole1Phi                        0 fixed
  10                      pipiSD0b_pole2Phi        2.125736838746469  free                      0.2
  11                      pipiSD0b_pole3Phi       -1.585400701109804  free                      0.2
  12                      pipiSD0b_pole4Phi         5.77975988536763  free                      0.2
  13                      pipiSD0b_pole5Phi                        0 fixed
  14                    pipiSD0fprod_4PiMag                        1 fixed
  15                 pipiSD0fprod_EtaEtaMag                        1 fixed
  16                pipiSD0fprod_EtaEtapMag                        1 fixed
  17                     pipiSD0fprod_KKMag                        1 fixed
  18                   pipiSD0fprod_PiPiMag        3.093932822306307  free                        1
  19                    pipiSD0fprod_4PiPhi                        0 fixed
  20                 pipiSD0fprod_EtaEtaPhi                        0 fixed
  21                pipiSD0fprod_EtaEtapPhi                        0 fixed
  22                     pipiSD0fprod_KKPhi                        0 fixed
  23                   pipiSD0fprod_PiPiPhi      -0.4797444179784389  free                      0.2
  24                              pipiSD0S0                       -3 fixed
  25     J0P-1C0Lama0Lamb0_D0ToK*-_pion+Mag        1.765273913957582  free                      0.5
  26     J0P-1C0Lama0Lamb0_D0ToK*-_pion+Phi     -0.05792140530905874  free                      0.2
  27              L1S0_K*-ToKshort_pion-Mag                        1 fixed
  28              L1S0_K*-ToKshort_pion-Phi                        0 fixed
  29                                K*-Mass       0.8912151574621885  free                     0.03           0.75           0.95
  30                               K*-Width      0.05625120092180839  free                 0.010162
  31    channelType3Kshortpion+pion-Scaling                        1 fixed
INFO: current LH = -7284.54079059691	
INFO: current LH = -7284.532067885782	
INFO: current LH = -7284.532433413792	
INFO: current LH = -7284.533001547035	
INFO: current LH = -7284.532681139912	
INFO: current LH = -7284.532363513962	
INFO: current LH = -7284.533423850478	
INFO: current LH = -7284.532305091772	
INFO: current LH = -7284.534276710845	
INFO: current LH = -7284.531360837389	
INFO: current LH = -7284.544560791413	
INFO: current LH = -7284.537209644923	
INFO: current LH = -7284.53230137121	
INFO: current LH = -7284.536056463759	
INFO: current LH = -7284.533830049513	
INFO: current LH = -7284.533303969952	
INFO: current LH = -7284.53405285864	
INFO: current LH = -7284.533700448353	
INFO: current LH = -7284.531475648482	
INFO: current LH = -7284.54281618776	
INFO: Wall time: 9.24231s User: 0s System: 0.01s

INFO: current LH = -7284.532976353731	
INFO: current LH = -7284.533310222355	
INFO: current LH = -7284.533481455383	
INFO: current LH = -7284.532202420442	
INFO: current LH = -7284.532967183687	
INFO: current LH = -7284.53367355342	
INFO: current LH = -7284.531912741737	
INFO: current LH = -7284.5436778315	
INFO: current LH = -7284.535159377278	
INFO: Client timing information: 
INFO: Client id 1 channel id 0  response time +0 s
INFO: Client id 0 channel id 0  response time +0.154322 s
INFO: current LH = -7284.531347119499	
INFO: current LH = -7284.534606259245	
INFO: current LH = -7284.532526831162	
INFO: current LH = -7284.533852289354	
INFO: current LH = -7284.531820910135	
INFO: current LH = -7284.532143493021	
INFO: current LH = -7284.539391826913	
INFO: current LH = -7284.53770991508	
INFO: current LH = -7284.539238455138	
INFO: current LH = -7284.541626992986	
INFO: current LH = -7284.53986523787	
INFO: Wall time: 8.60592s User: 0s System: 0s

INFO: current LH = -7284.541325636743	
INFO: current LH = -7284.541112182501	
INFO: current LH = -7284.530449949808	
INFO: current LH = -7284.530126460593	
INFO: current LH = -7284.533012332729	
INFO: current LH = -7284.532529433977	
INFO: current LH = -7284.533514555654	
INFO: current LH = -7284.532419008956	
INFO: current LH = -7284.52896605773	
INFO: current LH = -7284.530604640262	
INFO: current LH = -7284.529564593028	
INFO: current LH = -7284.530091974262	
INFO: current LH = -7284.530191876879	
INFO: current LH = -7284.532845668255	
INFO: current LH = -7284.532073655089	
INFO: current LH = -7284.533194475708	
INFO: current LH = -7284.53214082459	
INFO: current LH = -7284.531528541656	
INFO: current LH = -7284.533400901916	
INFO: current LH = -7284.530053425057	
INFO: Wall time: 5.9344s User: 0.01s System: 0.01s

INFO: current LH = -7284.533876821601	
INFO: current LH = -7284.531520306434	
INFO: current LH = -7284.533030159324	
INFO: current LH = -7284.630427367408	
INFO: current LH = -7284.710690643267	
INFO: current LH = -7284.706059960771	
INFO: current LH = -7284.705491267684	
INFO: current LH = -7284.712260299766	
INFO: current LH = -7284.709176952621	
INFO: current LH = -7284.708828835116	
INFO: current LH = -7284.722059427159	
INFO: current LH = -7284.696600766768	
INFO: current LH = -7284.711735766834	
INFO: current LH = -7284.709106172993	
INFO: current LH = -7284.712286780114	
INFO: current LH = -7284.705610044048	
INFO: current LH = -7284.715055787408	
INFO: current LH = -7284.705758093965	
INFO: current LH = -7284.720484510524	
INFO: current LH = -7284.697480122619	
INFO: Wall time: 10.4954s User: 0s System: 0.01s

INFO: current LH = -7284.696167885068	
INFO: current LH = -7284.719914769598	
INFO: current LH = -7284.695717936475	
INFO: current LH = -7284.722114300905	
INFO: current LH = -7284.703951447025	
INFO: current LH = -7284.714047332941	
INFO: current LH = -7284.706097341515	
INFO: current LH = -7284.714737540639	
INFO: current LH = -7284.69808389741	
INFO: current LH = -7284.719853913857	
INFO: current LH = -7284.710591947043	
INFO: current LH = -7284.707324677453	
INFO: current LH = -7284.709495828678	
INFO: current LH = -7284.708408840111	
INFO: current LH = -7284.710018966382	
INFO: current LH = -7284.707899938315	
INFO: current LH = -7284.709394642114	
INFO: current LH = -7284.708541352462	
INFO: current LH = -7284.770429883489	
INFO: current LH = -7284.781620770003	
INFO: Wall time: 8.73963s User: 0s System: 0.01s

INFO: current LH = -7284.783777042723	
INFO: current LH = -7284.787005346607	
INFO: current LH = -7284.776957071625	
INFO: current LH = -7284.788101098478	
INFO: current LH = -7284.776135044576	
INFO: current LH = -7284.798591297648	
INFO: current LH = -7284.76616346948	
INFO: current LH = -7284.782467291243	
INFO: current LH = -7284.781789664809	
INFO: current LH = -7284.790439740541	
INFO: current LH = -7284.773666885216	
INFO: current LH = -7284.774076465755	
INFO: current LH = -7284.789500909826	
INFO: current LH = -7284.771204962721	
INFO: current LH = -7284.79276093771	
INFO: current LH = -7284.778403071511	
INFO: current LH = -7284.785860148742	
INFO: current LH = -7284.772422897308	
INFO: current LH = -7284.791818391888	
INFO: current LH = -7284.784061658236	
INFO: Wall time: 10.6382s User: 0.01s System: 0s

INFO: current LH = -7284.779992441312	
INFO: current LH = -7284.787003743716	
INFO: current LH = -7284.777025097454	
INFO: current LH = -7284.784046867607	
INFO: current LH = -7284.780003407767	
INFO: current LH = -7284.78284161327	
INFO: current LH = -7284.781213934367	
INFO: current LH = -7284.820225365579	
INFO: current LH = -7284.832208223827	
INFO: current LH = -7284.833537789224	
INFO: current LH = -7284.827371690953	
INFO: current LH = -7284.833000009405	
INFO: current LH = -7284.827917344969	
INFO: current LH = -7284.832666858063	
INFO: current LH = -7284.828264139696	
INFO: current LH = -7284.830168380501	
INFO: current LH = -7284.830768208228	
INFO: current LH = -7284.828255060679	
INFO: current LH = -7284.832647222305	
INFO: current LH = -7284.835182046887	
INFO: Wall time: 7.3185s User: 0s System: 0.01s

INFO: current LH = -7284.825689372486	
INFO: current LH = -7284.833410017327	
INFO: current LH = -7284.827440542996	
INFO: current LH = -7284.830880096149	
INFO: current LH = -7284.830036329961	
INFO: current LH = -7284.83142210521	
INFO: current LH = -7284.829492580322	
INFO: current LH = -7284.830454785212	
INFO: current LH = -7284.830498344303	
INFO: current LH = -7284.830943988576	
INFO: current LH = -7284.830018957703	
INFO: current LH = -7284.830071632559	
INFO: current LH = -7284.830883618534	
INFO: current LH = -7284.830768990013	
INFO: current LH = -7284.830183419287	
INFO: current LH = -7284.857557724341	
INFO: current LH = -7284.861866903143	
INFO: current LH = -7284.863078919515	
INFO: current LH = -7284.854784088948	
INFO: current LH = -7284.867863422086	
INFO: Wall time: 7.33585s User: 0s System: 0s

INFO: current LH = -7284.857236715231	
INFO: current LH = -7284.865479425725	
INFO: current LH = -7284.863587420301	
INFO: current LH = -7284.859359419948	
INFO: current LH = -7284.86544251524	
INFO: current LH = -7284.857260138258	
INFO: current LH = -7284.868082282108	
INFO: current LH = -7284.85459866644	
INFO: current LH = -7284.85423891662	
INFO: current LH = -7284.867732043048	
INFO: current LH = -7284.856976975425	
INFO: current LH = -7284.865741304173	
INFO: current LH = -7284.8584291148	
INFO: current LH = -7284.864300350768	
INFO: current LH = -7284.856752050863	
INFO: current LH = -7284.86599942643	
INFO: current LH = -7284.862051489656	
INFO: current LH = -7284.860640855049	
INFO: current LH = -7284.856738821156	
INFO: current LH = -7284.86594963394	
INFO: Wall time: 10.0096s User: 0.01s System: 0.01s

INFO: current LH = -7284.85985681647	
INFO: current LH = -7284.862828202728	
INFO: current LH = -7284.862133834657	
INFO: current LH = -7284.860558641124	
INFO: current LH = -7284.877449250944	
INFO: current LH = -7284.883843206776	
INFO: current LH = -7284.885755888992	
INFO: current LH = -7284.881059385166	
INFO: current LH = -7284.886925231225	
INFO: current LH = -7284.882958474577	
INFO: current LH = -7284.885177401804	
INFO: current LH = -7284.891146903118	
INFO: current LH = -7284.877284775599	
INFO: current LH = -7284.887277699198	
INFO: current LH = -7284.880851257817	
INFO: current LH = -7284.892068625696	
INFO: current LH = -7284.875995287774	
INFO: current LH = -7284.874878165261	
INFO: current LH = -7284.892657964358	
INFO: current LH = -7284.87651688015	
INFO: Wall time: 8.73845s User: 0s System: 0.01s

INFO: current LH = -7284.89149808633	
INFO: current LH = -7284.880315317795	
INFO: current LH = -7284.887840439906	
INFO: current LH = -7284.877343242575	
INFO: current LH = -7284.890765421402	
INFO: current LH = -7284.885330278173	
INFO: current LH = -7284.882691756941	
INFO: current LH = -7284.882808165881	
INFO: current LH = -7284.885204629085	
INFO: current LH = -7284.884230142949	
INFO: current LH = -7284.88380518393	
INFO: current LH = -7284.884665023375	
INFO: current LH = -7284.883377333353	
INFO: current LH = -7284.894690380773	
INFO: current LH = -7284.901656380218	
INFO: current LH = -7284.9005712202	
INFO: current LH = -7284.899213251138	
INFO: current LH = -7284.900083942754	
INFO: current LH = -7284.899756033808	
INFO: current LH = -7284.90161632669	
INFO: Wall time: 7.21241s User: 0.01s System: 0.01s

INFO: current LH = -7284.898210726055	
INFO: current LH = -7284.899578074002	
INFO: current LH = -7284.900267957877	
INFO: current LH = -7284.898923160875	
INFO: current LH = -7284.900882865938	
INFO: current LH = -7284.901448577837	
INFO: current LH = -7284.898229547577	
INFO: current LH = -7284.900233845093	
INFO: current LH = -7284.899576868167	
INFO: Client timing information: 
INFO: Client id 0 channel id 0  response time +0 s
INFO: Client id 1 channel id 0  response time +0.001511 s
INFO: current LH = -7284.900091054682	
INFO: current LH = -7284.899718889235	
INFO: current LH = -7284.900459660136	
INFO: current LH = -7284.89934554906	
INFO: current LH = -7284.899766120003	
INFO: current LH = -7284.900085069296	
INFO: current LH = -7284.900457244151	
INFO: current LH = -7284.899392598007	
INFO: current LH = -7284.900269323545	
INFO: current LH = -7284.899568641135	
INFO: current LH = -7284.899611726923	
INFO: Wall time: 8.64874s User: 0s System: 0s

INFO: current LH = -7284.900226190004	
INFO: current LH = -7284.910258178703	
INFO: current LH = -7284.911043449161	
INFO: current LH = -7284.91115353629	
INFO: current LH = -7284.90744295386	
INFO: current LH = -7284.911360612602	
INFO: current LH = -7284.908049817182	
INFO: current LH = -7284.910832674736	
INFO: current LH = -7284.909723652348	
INFO: current LH = -7284.909313452521	
INFO: current LH = -7284.910273265081	
INFO: current LH = -7284.908596326961	
INFO: current LH = -7284.911091158757	
INFO: current LH = -7284.907751228431	
INFO: current LH = -7284.906747663992	
INFO: current LH = -7284.911524458085	
INFO: current LH = -7284.907587957606	
INFO: current LH = -7284.911279281185	
INFO: current LH = -7284.908390685361	
INFO: current LH = -7284.910502609522	
INFO: Wall time: 10.1108s User: 0s System: 0.01s

INFO: current LH = -7284.908022544897	
INFO: current LH = -7284.910864755679	
INFO: current LH = -7284.909449385529	
INFO: current LH = -7284.909368424326	
INFO: current LH = -7284.908581974127	
INFO: current LH = -7284.910228818002	
INFO: current LH = -7284.909132490217	
INFO: current LH = -7284.909699016745	
INFO: current LH = -7284.909477386798	
INFO: current LH = -7284.909359862332	
INFO: current LH = -7284.913467880572	
INFO: current LH = -7284.914139879619	
INFO: current LH = -7284.913075716496	
INFO: current LH = -7284.911728939393	
INFO: current LH = -7284.913084173249	
INFO: current LH = -7284.911753020413	
INFO: current LH = -7284.910772117851	
INFO: current LH = -7284.914050824829	
INFO: current LH = -7284.912665740724	
INFO: current LH = -7284.912178095327	
INFO: Wall time: 7.66174s User: 0s System: 0.01s

INFO: current LH = -7284.911264007481	
INFO: current LH = -7284.91356440544	
INFO: current LH = -7284.913463206565	
INFO: current LH = -7284.911196821458	
INFO: current LH = -7284.913893405881	
INFO: current LH = -7284.91091971572	
INFO: current LH = -7284.912022068761	
INFO: current LH = -7284.912800464022	
INFO: current LH = -7284.913122758693	
INFO: current LH = -7284.911725270401	
INFO: current LH = -7284.912309715279	
INFO: current LH = -7284.912501760952	
INFO: current LH = -7284.911830503053	
INFO: current LH = -7284.912971215837	
INFO: current LH = -7284.912071165821	
INFO: current LH = -7284.9127165873	
INFO: current LH = -7284.912545692758	
INFO: current LH = -7284.912242664446	
INFO: current LH = -7284.914898144246	
INFO: current LH = -7284.914980169008	
INFO: Wall time: 8.40641s User: 0.01s System: 0s

INFO: current LH = -7284.913453288992	
INFO: current LH = -7284.913032372065	
INFO: current LH = -7284.913459032507	
INFO: current LH = -7284.913039395989	
INFO: current LH = -7284.912965532681	
INFO: current LH = -7284.913548223983	
INFO: current LH = -7284.913185788578	
INFO: current LH = -7284.913322432073	
INFO: current LH = -7284.912850768694	
INFO: current LH = -7284.913663545654	
INFO: current LH = -7284.913149205433	
INFO: current LH = -7284.91324836387	
INFO: current LH = -7284.913655073465	
INFO: current LH = -7284.912826706115	
INFO: current LH = -7284.913433021078	
INFO: current LH = -7284.913076114264	
INFO: current LH = -7284.913596743374	
INFO: current LH = -7284.912921443249	
INFO: current LH = -7284.913188866691	
INFO: current LH = -7284.913307164558	
INFO: Wall time: 10.0493s User: 0s System: 0.01s

INFO: current LH = -7284.913345694266	
INFO: current LH = -7284.913160427393	
INFO: current LH = -7284.913276047802	
INFO: current LH = -7284.913233636371	
INFO: current LH = -7284.913210247905	
INFO: current LH = -7284.91330128775	
INFO: current LH = -7284.914982126788	
INFO: current LH = -7284.913453288992	
INFO: current LH = -7284.913032372065	
INFO: current LH = -7284.913459032507	
INFO: current LH = -7284.913039395989	
INFO: current LH = -7284.912965532681	
INFO: current LH = -7284.913548223983	
INFO: current LH = -7284.913185788578	
INFO: current LH = -7284.913322432073	
INFO: current LH = -7284.912850768694	
INFO: current LH = -7284.913663545654	
INFO: current LH = -7284.913149205433	
INFO: current LH = -7284.91324836387	
INFO: current LH = -7284.913655073465	
INFO: Wall time: 7.30639s User: 0.01s System: 0.01s

INFO: current LH = -7284.912826706115	
INFO: current LH = -7284.913433021078	
INFO: current LH = -7284.913076114264	
INFO: current LH = -7284.913596743374	
INFO: current LH = -7284.912921443249	
INFO: current LH = -7284.913188866691	
INFO: current LH = -7284.913307164558	
WARN: /MinuitMinimizer.cc:72: FM is invalid, try with strategy = 2.
INFO: current LH = -7284.914983909292	
INFO: current LH = -7284.913458372621	
INFO: current LH = -7284.913037735367	
INFO: current LH = -7284.913462243836	
INFO: current LH = -7284.913044929493	
INFO: current LH = -7284.912953273689	
INFO: current LH = -7284.913533919756	
INFO: current LH = -7284.913170541506	
INFO: current LH = -7284.913312948678	
INFO: current LH = -7284.912835358225	
INFO: current LH = -7284.913653915069	
INFO: current LH = -7284.91319753893	
INFO: current LH = -7284.913294503545	
INFO: Wall time: 9.34286s User: 0s System: 0s

INFO: current LH = -7284.913662951662	
INFO: current LH = -7284.912829943379	
INFO: current LH = -7284.913421550088	
INFO: current LH = -7284.913057142866	
INFO: current LH = -7284.913581940089	
INFO: current LH = -7284.912903859497	
INFO: current LH = -7284.913185950292	
INFO: current LH = -7284.913304344026	
INFO: current LH = -7284.913336069992	
INFO: current LH = -7284.913150268711	
INFO: current LH = -7284.91326443768	
INFO: current LH = -7284.913221880172	
INFO: current LH = -7284.913197499007	
INFO: current LH = -7284.913288853898	
INFO: current LH = -7284.914982126788	
INFO: current LH = -7284.913455467175	
INFO: current LH = -7284.913034829981	
INFO: current LH = -7284.913459339477	
INFO: current LH = -7284.913042022924	
INFO: current LH = -7284.9129503682	
INFO: Wall time: 6.69147s User: 0s System: 0.01s

INFO: current LH = -7284.91353101436	
INFO: current LH = -7284.913167639647	
INFO: current LH = -7284.913310039649	
INFO: current LH = -7284.912832453292	
INFO: current LH = -7284.913651009076	
INFO: current LH = -7284.913194631531	
INFO: current LH = -7284.913291600064	
INFO: current LH = -7284.913660044351	
INFO: current LH = -7284.912827039844	
INFO: current LH = -7284.91341864246	
INFO: current LH = -7284.913054239551	
INFO: current LH = -7284.913579033476	
INFO: current LH = -7284.912900955249	
INFO: current LH = -7284.913185950292	
INFO: current LH = -7284.913304344026	
INFO: current LH = -7284.913336069992	
INFO: current LH = -7284.913150268711	
INFO: current LH = -7284.91326443768	
INFO: current LH = -7284.913221880172	
INFO: current LH = -7284.913197499007	
INFO: Wall time: 8.43425s User: 0.01s System: 0.01s

INFO: current LH = -7284.913288853898	
INFO: current LH = -7284.914955565179	
INFO: current LH = -7284.91487057148	
INFO: current LH = -7284.914953325275	
INFO: current LH = -7284.914880033517	
INFO: current LH = -7284.914998500059	
INFO: current LH = -7284.914977751377	
INFO: current LH = -7284.914987329352	
INFO: current LH = -7284.914989353916	
INFO: current LH = -7284.914856586566	
INFO: current LH = -7284.914978736404	
INFO: current LH = -7284.91491101495	
INFO: current LH = -7284.91492910366	
INFO: current LH = -7284.914986855496	
INFO: current LH = -7284.914980021344	
INFO: current LH = -7284.914979571636	
INFO: current LH = -7284.914987518912	
INFO: current LH = -7284.914985717691	
INFO: current LH = -7284.914991064448	
INFO: current LH = -7284.914987130323	
INFO: Wall time: 10.4331s User: 0s System: 0.01s

INFO: current LH = -7284.914997125746	
INFO: current LH = -7284.914840352145	
INFO: current LH = -7284.914998430302	
INFO: current LH = -7284.914916689821	
INFO: current LH = -7284.914925247112	
INFO: current LH = -7284.914981046773	
INFO: current LH = -7284.914987972664	
INFO: current LH = -7284.914991349785	
INFO: current LH = -7284.914989216707	
INFO: Client timing information: 
INFO: Client id 1 channel id 0  response time +0 s
INFO: Client id 0 channel id 0  response time +0.159435 s
INFO: current LH = -7284.915003825114	
INFO: current LH = -7284.914841124497	
INFO: current LH = -7284.914962822776	
INFO: current LH = -7284.914873360904	
INFO: current LH = -7284.914992947375	
INFO: current LH = -7284.914977678744	
INFO: current LH = -7284.914995623354	
INFO: current LH = -7284.914986302164	
INFO: current LH = -7284.914973320416	
INFO: current LH = -7284.914855037567	
INFO: current LH = -7284.915000485375	
INFO: Wall time: 11.6703s User: 0s System: 0s

INFO: current LH = -7284.914969822757	
INFO: current LH = -7284.91498245384	
INFO: current LH = -7284.914982442519	
INFO: current LH = -7284.914900785511	
INFO: current LH = -7284.914926052668	
INFO: current LH = -7284.914978797772	
INFO: current LH = -7284.914983459807	
INFO: current LH = -7284.914983331863	
INFO: current LH = -7284.914984264268	
INFO: current LH = -7284.914932761518	
INFO: current LH = -7284.914895797866	
INFO: current LH = -7284.914916781051	
INFO: current LH = -7284.914908354912	
INFO: current LH = -7284.91490321639	
INFO: current LH = -7284.914921921094	
INFO: current LH = -7284.908658535274	
INFO: current LH = -7284.911346121954	
INFO: current LH = -7284.91163312542	
INFO: current LH = -7284.912900474774	
INFO: current LH = -7284.909944993108	
INFO: Wall time: 6.13987s User: 0.01s System: 0.01s

INFO: current LH = -7284.910655119676	
INFO: current LH = -7284.912594005346	
INFO: current LH = -7284.911636488428	
INFO: current LH = -7284.911350244641	
INFO: current LH = -7284.910883456597	
INFO: current LH = -7284.911547666848	
INFO: current LH = -7284.91136467264	
INFO: current LH = -7284.91161084378	
INFO: current LH = -7284.910660760394	
INFO: current LH = -7284.91222906767	
INFO: current LH = -7284.91066945505	
INFO: current LH = -7284.910944342246	
INFO: current LH = -7284.913483084038	
INFO: current LH = -7284.912076028486	
INFO: current LH = -7284.911260670005	
INFO: current LH = -7284.911350930506	
INFO: current LH = -7284.91176262548	
INFO: current LH = -7284.911297752537	
INFO: current LH = -7284.911937535915	
INFO: current LH = -7284.909410076943	
INFO: Wall time: 8.94274s User: 0s System: 0.01s

INFO: current LH = -7284.912748731746	
INFO: current LH = -7284.913799714525	
INFO: current LH = -7284.911062454323	
INFO: current LH = -7284.912785638617	
INFO: current LH = -7284.91095433322	
INFO: current LH = -7284.909939804647	
INFO: current LH = -7284.910574167889	
INFO: current LH = -7284.911217734963	
INFO: current LH = -7284.910047001145	
INFO: current LH = -7284.912415319786	
INFO: current LH = -7284.912057849214	
INFO: current LH = -7284.914471359856	
INFO: current LH = -7284.912759736043	
INFO: current LH = -7284.910881998985	
INFO: current LH = -7284.912067720978	
INFO: current LH = -7284.912107338735	
INFO: current LH = -7284.911007527933	
INFO: current LH = -7284.914074002436	
INFO: current LH = -7284.91419868796	
INFO: current LH = -7284.912520362076	
INFO: Wall time: 8.84242s User: 0.01s System: 0s

INFO: current LH = -7284.913813807379	
INFO: current LH = -7284.911260636587	
INFO: current LH = -7284.912964058294	
INFO: current LH = -7284.910276613137	
INFO: current LH = -7284.911269195582	
INFO: current LH = -7284.909018694668	
INFO: current LH = -7284.910514355266	
INFO: current LH = -7284.90945595742	
INFO: current LH = -7284.911754438271	
INFO: current LH = -7284.911025388249	
INFO: current LH = -7284.911457864506	
INFO: current LH = -7284.911551272076	
INFO: current LH = -7284.912018436207	
INFO: current LH = -7284.909708786647	
INFO: current LH = -7284.91206333108	
INFO: current LH = -7284.9119922504	
INFO: current LH = -7284.912318655181	
INFO: current LH = -7284.911867767136	
INFO: current LH = -7284.910679498512	
INFO: current LH = -7284.911814801332	
INFO: Wall time: 7.74252s User: 0s System: 0.01s

INFO: current LH = -7284.911157772535	
INFO: current LH = -7284.911036064836	
INFO: current LH = -7284.911806901287	
INFO: current LH = -7284.912098813459	
INFO: current LH = -7284.911711749949	
INFO: current LH = -7284.912179669854	
INFO: current LH = -7284.911784590288	
INFO: current LH = -7284.910670160724	
INFO: current LH = -7284.911911651407	
INFO: current LH = -7284.909217466281	
INFO: current LH = -7284.912792578461	
INFO: current LH = -7284.911067269131	
INFO: current LH = -7284.911945553718	
INFO: current LH = -7284.912603251587	
INFO: current LH = -7284.914798307302	
INFO: current LH = -7284.914979940322	
INFO: current LH = -7284.915006356392	
INFO: current LH = -7284.91345052291	
INFO: current LH = -7284.913094250389	
INFO: current LH = -7284.914790055439	
INFO: Wall time: 5.92255s User: 0s System: 0.01s

INFO: current LH = -7284.914651492713	
INFO: current LH = -7284.913001604937	
INFO: current LH = -7284.913530164694	
INFO: current LH = -7284.915002877573	
INFO: current LH = -7284.914997066701	
INFO: current LH = -7284.912889279108	
INFO: current LH = -7284.913629489446	
INFO: current LH = -7284.914718210612	
INFO: current LH = -7284.914724810425	
INFO: current LH = -7284.91364921132	
INFO: current LH = -7284.912868139554	
INFO: current LH = -7284.914790293673	
INFO: current LH = -7284.914655602637	
INFO: current LH = -7284.914849580485	
INFO: current LH = -7284.914594965109	
INFO: current LH = -7284.914988671679	
INFO: current LH = -7284.915003999619	
INFO: current LH = -7284.913349203968	
INFO: current LH = -7284.913194941874	
INFO: current LH = -7284.91329236505	
INFO: Wall time: 9.69302s User: 0.01s System: 0.01s

INFO: current LH = -7284.913260146274	
INFO: current LH = -7284.913229172844	
INFO: current LH = -7284.913323381929	
INFO: current LH = -7284.915368816759	
INFO: current LH = -7284.915385714012	
INFO: current LH = -7284.915397914247	
INFO: current LH = -7284.913608583267	
INFO: current LH = -7284.913701184784	
INFO: current LH = -7284.913564553314	
INFO: current LH = -7284.913844649777	
INFO: current LH = -7284.913725882546	
INFO: current LH = -7284.913551510163	
INFO: current LH = -7284.915377018832	
INFO: current LH = -7284.915296819152	
INFO: current LH = -7284.913731688986	
INFO: current LH = -7284.913589838749	
INFO: current LH = -7284.913661957175	
INFO: current LH = -7284.913709948702	
INFO: current LH = -7284.913548102488	
INFO: current LH = -7284.913777723581	
INFO: Wall time: 9.41474s User: 0s System: 0.01s

INFO: current LH = -7284.91364551813	
INFO: current LH = -7284.913707262534	
INFO: current LH = -7284.913533460085	
INFO: current LH = -7284.913840913841	
INFO: current LH = -7284.91433867979	
INFO: current LH = -7284.914239076382	
INFO: current LH = -7284.913724958256	
INFO: current LH = -7284.913596317624	
INFO: current LH = -7284.913609283186	
INFO: current LH = -7284.913714250656	
INFO: current LH = -7284.913645962411	
INFO: current LH = -7284.913669183814	
INFO: current LH = -7284.91365516977	
INFO: current LH = -7284.913659797263	
INFO: current LH = -7284.915401068076	
INFO: current LH = -7284.913608583267	
INFO: current LH = -7284.913701184784	
INFO: current LH = -7284.913564553314	
INFO: current LH = -7284.913844649777	
INFO: current LH = -7284.913725882546	
INFO: Wall time: 5.6285s User: 0s System: 0s

INFO: current LH = -7284.913551510163	
INFO: current LH = -7284.915377018832	
INFO: current LH = -7284.915296819152	
INFO: current LH = -7284.911258921438	
INFO: current LH = -7284.910588110933	
INFO: current LH = -7284.473532330165	
INFO: current LH = -7284.464242787716	
INFO: current LH = -7284.913731688986	
INFO: current LH = -7284.913589838749	
INFO: current LH = -7284.913661957175	
INFO: current LH = -7284.913709948702	
INFO: current LH = -7284.913548102488	
INFO: current LH = -7284.913777723581	
INFO: current LH = -7284.91364551813	
INFO: current LH = -7284.913707262534	
INFO: current LH = -7284.913533460085	
INFO: current LH = -7284.913840913841	
INFO: current LH = -7284.913721804655	
INFO: current LH = -7284.913596317624	
INFO: current LH = -7284.913609283186	
INFO: Wall time: 11.331s User: 0s System: 0.01s

INFO: current LH = -7284.913714250656	
INFO: current LH = -7284.913645962411	
INFO: current LH = -7284.913669183814	
INFO: current LH = -7284.91365516977	
INFO: current LH = -7284.913659797263	
INFO: current LH = -7284.915314977272	
INFO: current LH = -7284.915334980297	
INFO: current LH = -7284.915390775733	
INFO: current LH = -7284.915394455074	
INFO: Client timing information: 
INFO: Client id 1 channel id 0  response time +0 s
INFO: Client id 0 channel id 0  response time +0.007483 s
INFO: current LH = -7284.915394920887	
INFO: current LH = -7284.915395656765	
INFO: current LH = -7284.915287612252	
INFO: current LH = -7284.915346830977	
INFO: current LH = -7284.915385699593	
INFO: current LH = -7284.915380233308	
INFO: current LH = -7284.915392022273	
INFO: current LH = -7284.915401468448	
INFO: current LH = -7284.915380056435	
INFO: current LH = -7284.915393053268	
INFO: current LH = -7284.915391969733	
INFO: Wall time: 6.54539s User: 0.01s System: 0s

INFO: current LH = -7284.915389680025	
INFO: current LH = -7284.91533500036	
INFO: current LH = -7284.915305320607	
INFO: current LH = -7284.91538418341	
INFO: current LH = -7284.915384529043	
INFO: current LH = -7284.915386255365	
INFO: current LH = -7284.915396184669	
INFO: current LH = -7284.915391098251	
INFO: current LH = -7284.915384537395	
INFO: current LH = -7284.914666732199	
INFO: current LH = -7284.914375877125	
INFO: current LH = -7284.915381481175	
INFO: current LH = -7284.915319955177	
INFO: current LH = -7284.915381474885	
INFO: current LH = -7284.915377155932	
INFO: current LH = -7284.915325015608	
INFO: current LH = -7284.91530924377	
INFO: current LH = -7284.915385903684	
INFO: current LH = -7284.915388577483	
INFO: current LH = -7284.915393269387	
INFO: Wall time: 12.3515s User: 0s System: 0.01s

INFO: current LH = -7284.915395312803	
INFO: current LH = -7284.915397730191	
INFO: current LH = -7284.915386175627	
INFO: current LH = -7284.915324403286	
INFO: current LH = -7284.915328531698	
INFO: current LH = -7284.915378183577	
INFO: current LH = -7284.915383836172	
INFO: current LH = -7284.91539588746	
INFO: current LH = -7284.915391461114	
INFO: current LH = -7284.915305929268	
INFO: current LH = -7284.91534126287	
INFO: current LH = -7284.91538289146	
INFO: current LH = -7284.915392432853	
INFO: current LH = -7284.91538399766	
INFO: current LH = -7284.915390731535	
INFO: current LH = -7284.915316362654	
INFO: current LH = -7284.915326929603	
INFO: current LH = -7284.915387592154	
INFO: current LH = -7284.915394636419	
INFO: current LH = -7284.915396498924	
INFO: Wall time: 12.3933s User: 0s System: 0s

INFO: current LH = -7284.915394822077	
INFO: current LH = -7284.915301165392	
INFO: current LH = -7284.915346288459	
INFO: current LH = -7284.915377454644	
INFO: current LH = -7284.915387039294	
INFO: current LH = -7284.915377478518	
INFO: current LH = -7284.915396071298	
INFO: current LH = -7284.915342814491	
INFO: current LH = -7284.915320262618	
INFO: current LH = -7284.91540258501	
INFO: current LH = -7284.915397444039	
INFO: current LH = -7284.915403204587	
INFO: current LH = -7284.91540217639	
INFO: current LH = -7284.915322565669	
INFO: current LH = -7284.91534375563	
INFO: current LH = -7284.915328963254	
INFO: current LH = -7284.91533369319	
INFO: current LH = -7284.915330644183	
INFO: current LH = -7284.915332005186	
INFO: current LH = -7284.915398140498	
INFO: Wall time: 5.89412s User: 0s System: 0.01s

INFO: current LH = -7284.915398416198	
INFO: current LH = -7284.908542093252	
INFO: current LH = -7284.911881777167	
INFO: current LH = -7284.471256319847	
INFO: current LH = -7284.913535403944	
INFO: current LH = -7284.910163914356	
INFO: current LH = -7284.910285717338	
INFO: current LH = -7284.912554650941	
INFO: current LH = -7284.9113340074	
INFO: current LH = -7284.911625141593	
INFO: current LH = -7284.91088793902	
INFO: current LH = -7284.91166129203	
INFO: current LH = -7284.911553657305	
INFO: current LH = -7284.912083108104	
INFO: current LH = -7284.456390527871	
INFO: current LH = -7284.91281454317	
INFO: current LH = -7284.910866235005	
INFO: current LH = -7284.910558157892	
INFO: current LH = -7284.913358998924	
INFO: current LH = -7284.911739824204	
INFO: Wall time: 10.1767s User: 0.01s System: 0s

INFO: current LH = -7284.911486483556	
INFO: current LH = -7284.911294970989	
INFO: current LH = -7284.911808720187	
INFO: current LH = -7284.91142434466	
INFO: current LH = -7284.484556703336	
INFO: current LH = -7284.91064401513	
INFO: current LH = -7284.913584381018	
INFO: current LH = -7284.914067092995	
INFO: current LH = -7284.91167804134	
INFO: current LH = -7284.913107534546	
INFO: current LH = -7284.91184190783	
INFO: current LH = -7284.910567861752	
INFO: current LH = -7284.91130202456	
INFO: current LH = -7284.912019095439	
INFO: current LH = -7284.456552551475	
INFO: current LH = -7284.488024814695	
INFO: current LH = -7284.47471458876	
INFO: current LH = -7284.516711984671	
INFO: current LH = -7284.487189064091	
INFO: current LH = -7284.463865367763	
INFO: Wall time: 9.64851s User: 0s System: 0.01s

INFO: current LH = -7284.480364167714	
INFO: current LH = -7284.482222380559	
INFO: current LH = -7284.465515071064	
INFO: current LH = -7284.914972044781	
INFO: current LH = -7284.91454305606	
INFO: current LH = -7284.91321000783	
INFO: current LH = -7284.914213727478	
INFO: current LH = -7284.912275008329	
INFO: current LH = -7284.91371801079	
INFO: current LH = -7284.911147736868	
INFO: current LH = -7284.91221329937	
INFO: current LH = -7284.909007245504	
INFO: current LH = -7284.910816350068	
INFO: current LH = -7284.909529782534	
INFO: current LH = -7284.912334156802	
INFO: current LH = -7284.911338552037	
INFO: current LH = -7284.911879679734	
INFO: current LH = -7284.912052444852	
INFO: current LH = -7284.911718830771	
INFO: current LH = -7284.909187792969	
INFO: Wall time: 8.32277s User: 0s System: 0.01s

INFO: current LH = -7284.91206647216	
INFO: current LH = -7284.911727820391	
INFO: current LH = -7284.912162376458	
INFO: current LH = -7284.911787723888	
INFO: current LH = -7284.910478111027	
INFO: current LH = -7284.912156365467	
INFO: current LH = -7284.911240294439	
INFO: current LH = -7284.911226989099	
INFO: current LH = -7284.912066950017	
INFO: current LH = -7284.912165863483	
INFO: current LH = -7284.911543000853	
INFO: current LH = -7284.912114017466	
INFO: current LH = -7284.911798081223	
INFO: current LH = -7284.911059344352	
INFO: current LH = -7284.912412122443	
INFO: current LH = -7284.909787557905	
INFO: current LH = -7284.91302969881	
INFO: current LH = -7284.911378490115	
INFO: current LH = -7284.912366934271	
INFO: current LH = -7284.656423179386	
INFO: Wall time: 5.34579s User: 0.01s System: 0s

INFO: current LH = -7284.899193510872	
INFO: current LH = -7284.912924141564	
INFO: current LH = -7284.915119921833	
INFO: current LH = -7284.915465390077	
INFO: current LH = -7284.915490992951	
INFO: current LH = -7284.915475133666	
INFO: current LH = -7284.915475503336	
INFO: current LH = -7284.915487134933	
INFO: current LH = -7284.915486418941	
INFO: current LH = -7284.915479875317	
INFO: current LH = -7284.915473713036	
INFO: current LH = -7284.914012225718	
INFO: current LH = -7284.913480568074	
INFO: current LH = -7284.915474319793	
INFO: current LH = -7284.915466885201	
INFO: current LH = -7284.915212130319	
INFO: current LH = -7284.915236233581	
INFO: current LH = -7284.915168401783	
INFO: current LH = -7284.915249721438	
INFO: current LH = -7284.915200168325	
INFO: Wall time: 11.3848s User: 0s System: 0.01s

INFO: current LH = -7284.915229962076	
INFO: current LH = -7284.915169372443	
INFO: current LH = -7284.9152709126	
INFO: current LH = -7284.915483816058	
INFO: current LH = -7284.915471499468	
INFO: current LH = -7284.913651215638	
INFO: current LH = -7284.91384629389	
INFO: current LH = -7284.913696588116	
INFO: current LH = -7284.913805143752	
INFO: current LH = -7284.915192122634	
INFO: current LH = -7284.915225456079	
INFO: current LH = -7284.915487794415	
INFO: current LH = -7284.915475133666	
INFO: current LH = -7284.915475503336	
INFO: current LH = -7284.914372534609	
INFO: current LH = -7284.914376544652	
INFO: current LH = -7284.804119732332	
INFO: current LH = -7284.804472997831	
INFO: current LH = -7284.915487134933	
INFO: current LH = -7284.915486418941	
INFO: Wall time: 5.10171s User: 0s System: 0.01s

INFO: current LH = -7284.915442009482	
INFO: current LH = -7284.915454074411	
INFO: current LH = -7284.911076166554	
INFO: current LH = -7284.911199831417	
INFO: current LH = -7284.479202520005	
INFO: current LH = -7284.483153623784	
INFO: current LH = -7284.915479875317	
INFO: current LH = -7284.915473713036	
INFO: current LH = -7284.91442835014	
INFO: Client timing information: 
INFO: Client id 1 channel id 0  response time +0 s
INFO: Client id 0 channel id 0  response time +0.124249 s
INFO: current LH = -7284.9142976348	
INFO: current LH = -7284.803655201845	
INFO: current LH = -7284.801720635554	
INFO: current LH = -7284.914012225718	
INFO: current LH = -7284.913480568074	
INFO: current LH = -7284.915474319793	
INFO: current LH = -7284.915466885201	
INFO: current LH = -7284.914408670917	
INFO: current LH = -7284.914334119417	
INFO: current LH = -7284.804640159569	
INFO: current LH = -7284.804272518091	
INFO: Wall time: 12.6413s User: 0s System: 0.01s

INFO: current LH = -7284.915212130319	
INFO: current LH = -7284.915236233581	
INFO: current LH = -7284.915168401783	
INFO: current LH = -7284.915249721438	
INFO: current LH = -7284.915200168325	
INFO: current LH = -7284.915229962076	
INFO: current LH = -7284.915169372443	
INFO: current LH = -7284.9152709126	
INFO: current LH = -7284.915483816058	
INFO: current LH = -7284.915471499468	
INFO: current LH = -7284.914417818319	
INFO: current LH = -7284.914326580428	
INFO: current LH = -7284.804471098245	
INFO: current LH = -7284.803499692642	
INFO: current LH = -7284.913651215638	
INFO: current LH = -7284.91384629389	
INFO: current LH = -7284.913696588116	
INFO: current LH = -7284.913805143752	
INFO: current LH = -7284.915192122634	
INFO: current LH = -7284.915225456079	
INFO: Wall time: 6.67121s User: 0.01s System: 0s

INFO: current LH = -7284.914615492785	
INFO: current LH = -7284.914619702528	
INFO: current LH = -7284.915451371102	
INFO: current LH = -7284.91545202574	
INFO: current LH = -7284.915484982604	
INFO: current LH = -7284.915485113247	
INFO: current LH = -7284.914595126817	
INFO: current LH = -7284.914651570557	
INFO: current LH = -7284.915445942383	
INFO: current LH = -7284.91545426901	
INFO: current LH = -7284.915484696664	
INFO: current LH = -7284.915486647016	
INFO: current LH = -7284.915491486629	
INFO: current LH = -7284.915492727654	
INFO: current LH = -7284.914661392577	
INFO: current LH = -7284.914570415227	
INFO: current LH = -7284.915454905101	
INFO: current LH = -7284.915437569172	
INFO: current LH = -7284.915466539012	
INFO: current LH = -7284.915368955603	
INFO: Wall time: 9.19687s User: 0s System: 0.01s

INFO: current LH = -7284.915503179388	
INFO: current LH = -7284.915474651249	
INFO: current LH = -7284.915486484941	
INFO: current LH = -7284.915492652043	
INFO: current LH = -7284.914644729831	
INFO: current LH = -7284.914588918244	
INFO: current LH = -7284.915472470245	
INFO: current LH = -7284.915445399859	
INFO: current LH = -7284.915486728715	
INFO: current LH = -7284.915480118475	
INFO: current LH = -7284.915481967407	
INFO: current LH = -7284.915490339975	
INFO: current LH = -7284.915470521667	
INFO: current LH = -7284.915475075594	
INFO: current LH = -7284.915472283004	
INFO: current LH = -7284.915483925794	
INFO: current LH = -7284.915486280885	
INFO: current LH = -7284.915488272078	
INFO: current LH = -7284.915483324407	
INFO: current LH = -7284.915490649962	
INFO: Wall time: 12.3939s User: 0.01s System: 0s

INFO: current LH = -7284.915470689003	
INFO: current LH = -7284.915483911674	
INFO: current LH = -7284.915481534138	
INFO: current LH = -7284.915484627083	
INFO: current LH = -7284.915490841836	
INFO: current LH = -7284.915488101549	
INFO: current LH = -7284.915474207601	
INFO: current LH = -7284.915480039963	
INFO: current LH = -7284.915468242613	
INFO: current LH = -7284.915490866045	
INFO: current LH = -7284.915490126627	
INFO: current LH = -7284.915480807021	
INFO: current LH = -7284.915479693605	
INFO: current LH = -7284.915486805638	
INFO: current LH = -7284.915486443634	
INFO: current LH = -7284.91547329094	
INFO: current LH = -7284.915484553151	
INFO: current LH = -7284.915496945485	
INFO: current LH = -7284.914662185641	
INFO: current LH = -7284.914578475621	
INFO: Wall time: 11.9763s User: 0s System: 0.01s

INFO: current LH = -7284.915398064519	
INFO: current LH = -7284.915437276252	
INFO: current LH = -7284.915407419187	
INFO: current LH = -7284.915429215232	
INFO: current LH = -7284.915473286885	
INFO: current LH = -7284.915479981446	
INFO: current LH = -7283.948596857984	
INFO: current LH = -7284.688403290089	
INFO: current LH = -7284.802588386014	
INFO: current LH = -7284.79505381993	
INFO: current LH = -7284.798395420417	
INFO: current LH = -7284.799071262694	
INFO: current LH = -7284.80607195261	
INFO: current LH = -7284.802481121918	
INFO: current LH = -7284.672919443917	
INFO: current LH = -7284.794837193048	
INFO: current LH = -7284.800804599334	
INFO: current LH = -7284.802836701777	
INFO: current LH = -7284.393071914257	
INFO: current LH = -7284.46235151323	
INFO: Wall time: 7.75732s User: 0s System: 0s

INFO: current LH = -7284.488406631206	
INFO: current LH = -7284.472733410695	
INFO: current LH = -7284.471393542417	
INFO: current LH = -7284.488851049344	
INFO: current LH = -7284.479022055463	
INFO: current LH = -7284.315715574605	
INFO: current LH = -7284.469755022327	
INFO: current LH = -7284.477594669235	
INFO: current LH = -7284.476427268623	
INFO: current LH = -7284.808406930876	
INFO: current LH = -7284.60148373403	
INFO: current LH = -7284.808719666633	
INFO: current LH = -7284.810353160447	
INFO: current LH = -7284.802404409555	
INFO: current LH = -7284.807333166562	
INFO: current LH = -7284.679334135515	
INFO: current LH = -7284.790891367971	
INFO: current LH = -7284.796530142979	
INFO: current LH = -7284.803492540528	
INFO: current LH = -7284.795405296747	
INFO: Wall time: 9.39872s User: 0.01s System: 0.01s

INFO: current LH = -7284.91414744122	
INFO: current LH = -7284.913763021033	
INFO: current LH = -7284.914846125442	
INFO: current LH = -7284.914075126185	
INFO: current LH = -7284.799051016725	
INFO: current LH = -7284.9127201984	
INFO: current LH = -7284.912876140002	
INFO: current LH = -7284.913567796442	
INFO: current LH = -7284.813852495005	
INFO: current LH = -7284.812876858201	
INFO: current LH = -7284.808297699677	
INFO: current LH = -7284.811868882402	
INFO: current LH = -7284.70785878176	
INFO: current LH = -7284.816991837924	
INFO: current LH = -7284.796174819072	
INFO: current LH = -7284.805046185849	
INFO: current LH = -7284.914439317782	
INFO: current LH = -7284.914754833534	
INFO: current LH = -7284.914530329145	
INFO: current LH = -7284.805302660811	
INFO: Wall time: 9.26926s User: 0s System: 0.01s

INFO: current LH = -7284.913155778512	
INFO: current LH = -7284.913402295919	
INFO: current LH = -7284.914930299138	
INFO: current LH = -7284.914864941892	
INFO: current LH = -7284.914435408523	
INFO: current LH = -7284.804776392455	
INFO: current LH = -7284.91331970548	
INFO: current LH = -7284.913523909186	
INFO: current LH = -7284.914869389365	
INFO: current LH = -7284.914662288822	
INFO: current LH = -7284.804788342311	
INFO: current LH = -7284.913116293581	
INFO: current LH = -7284.913141949068	
INFO: current LH = -7284.914929205351	
INFO: current LH = -7284.805150323455	
INFO: current LH = -7284.913252317708	
INFO: current LH = -7284.913511308642	
INFO: current LH = -7284.914876395104	
INFO: current LH = -7284.795664726227	
INFO: current LH = -7284.806235171075	
INFO: Wall time: 5.78224s User: 0s System: 0.01s

  no                                   Name                    Value  type                 Error +-            Low          High
   0  J0P-1C0Lama0Lamb0_D0TopipiS_KshortMag       0.3147278944242545  free                      0.5
   1  J0P-1C0Lama0Lamb0_D0TopipiS_KshortPhi                        0 fixed
   2             L0S0_pipiSTopion+_pion-Mag                        1 fixed
   3             L0S0_pipiSTopion+_pion-Phi                        0 fixed
   4                      pipiSD0b_pole1Mag                        1 fixed
   5                      pipiSD0b_pole2Mag        9.154572140858948  free                        1
   6                      pipiSD0b_pole3Mag        3.580191609096898  free                        1
   7                      pipiSD0b_pole4Mag       -3.839455277033942  free                        1
   8                      pipiSD0b_pole5Mag                        0 fixed
   9                      pipiSD0b_pole1Phi                        0 fixed
  10                      pipiSD0b_pole2Phi        2.107578083740347  free                      0.2
  11                      pipiSD0b_pole3Phi        -1.07789826377626  free                      0.2
  12                      pipiSD0b_pole4Phi         5.77791853603444  free                      0.2
  13                      pipiSD0b_pole5Phi                        0 fixed
  14                    pipiSD0fprod_4PiMag                        1 fixed
  15                 pipiSD0fprod_EtaEtaMag                        1 fixed
  16                pipiSD0fprod_EtaEtapMag                        1 fixed
  17                     pipiSD0fprod_KKMag                        1 fixed
  18                   pipiSD0fprod_PiPiMag        3.073299790323073  free                        1
  19                    pipiSD0fprod_4PiPhi                        0 fixed
  20                 pipiSD0fprod_EtaEtaPhi                        0 fixed
  21                pipiSD0fprod_EtaEtapPhi                        0 fixed
  22                     pipiSD0fprod_KKPhi                        0 fixed
  23                   pipiSD0fprod_PiPiPhi      -0.5033831953382065  free                      0.2
  24                              pipiSD0S0                       -3 fixed
  25     J0P-1C0Lama0Lamb0_D0ToK*-_pion+Mag        1.776850038259999  free                      0.5
  26     J0P-1C0Lama0Lamb0_D0ToK*-_pion+Phi     -0.07677183765149959  free                      0.2
  27              L1S0_K*-ToKshort_pion-Mag                        1 fixed
  28              L1S0_K*-ToKshort_pion-Phi                        0 fixed
  29                                K*-Mass       0.8912216674680569  free                     0.03           0.75           0.95
  30                               K*-Width      0.05646167890283497  free                 0.010162
  31    channelType3Kshortpion+pion-Scaling                        1 fixed
INFO: current LH = -7284.797125321673	
INFO: current LH = -7284.913034622387	
INFO: current LH = -7284.91316307665	
INFO: current LH = -7284.913587192482	
INFO: current LH = -7284.801329787341	
INFO: current LH = -7284.903431560717	
INFO: current LH = -7284.913193830041	
INFO: current LH = -7284.914952050554	
INFO: current LH = -7284.915333128271	
INFO: current LH = -7284.915438671133	
INFO: current LH = -7284.915476193527	
INFO: current LH = -7284.915483380153	
INFO: current LH = -7284.915479637972	
INFO: current LH = -7284.915484410529	
INFO: current LH = -7284.915479425496	
WARN: /MinuitMinimizer.cc:72: FM is invalid, try with strategy = 2.
INFO: current LH = -7284.915490992951	
INFO: current LH = -7284.701604188793	
INFO: current LH = -7284.702496639557	
INFO: current LH = -7284.9133491086	
INFO: current LH = -7284.913355067367	
INFO: Wall time: 8.78505s User: 0s System: 0.01s

INFO: current LH = -7284.745957731341	
INFO: current LH = -7284.747404121289	
INFO: current LH = -7284.913704221111	
INFO: current LH = -7284.913785686839	
INFO: current LH = -7284.89394340569	
INFO: current LH = -7284.893324681082	
INFO: current LH = -7284.913828719319	
INFO: current LH = -7284.913673363447	
INFO: current LH = -7284.907591752301	
INFO: Client timing information: 
INFO: Client id 0 channel id 0  response time +0 s
INFO: Client id 1 channel id 0  response time +0.039135 s
INFO: current LH = -7284.90642888873	
INFO: current LH = -7284.914002522789	
INFO: current LH = -7284.913492130889	
INFO: current LH = -7284.86769181651	
INFO: current LH = -7284.867353405167	
INFO: current LH = -7284.913790674526	
INFO: current LH = -7284.913719421525	
INFO: current LH = -7284.876600963929	
INFO: current LH = -7284.877442387135	
INFO: current LH = -7284.913728164488	
INFO: current LH = -7284.913762875291	
INFO: Wall time: 12.4505s User: 0.01s System: 0s

INFO: current LH = -7284.899886421777	
INFO: current LH = -7284.90053407414	
INFO: current LH = -7284.913643368594	
INFO: current LH = -7284.913865398074	
INFO: current LH = -7284.903443590952	
INFO: current LH = -7284.903647306358	
INFO: current LH = -7284.913714067431	
INFO: current LH = -7284.913788563304	
INFO: current LH = -7284.90370580297	
INFO: current LH = -7284.904328169669	
INFO: current LH = -7284.913629068868	
INFO: current LH = -7284.91387003366	
INFO: current LH = -7284.912380243601	
INFO: current LH = -7284.912222595926	
INFO: current LH = -7284.913808359196	
INFO: current LH = -7284.913694480477	
INFO: current LH = -7284.898874817563	
INFO: current LH = -7284.899446388409	
INFO: current LH = -7284.913653148539	
INFO: current LH = -7284.91384812237	
INFO: Wall time: 8.30151s User: 0s System: 0s

INFO: current LH = -7284.912201281268	
INFO: current LH = -7284.912348413112	
INFO: current LH = -7284.913698290579	
INFO: current LH = -7284.913806794285	
INFO: current LH = -7284.912591717889	
INFO: current LH = -7284.912693894744	
INFO: current LH = -7284.913712149662	
INFO: current LH = -7284.913793383671	
INFO: current LH = -7284.915487794415	
INFO: current LH = -7284.9133491086	
INFO: current LH = -7284.913355067367	
INFO: current LH = -7284.913704221111	
INFO: current LH = -7284.913785686839	
INFO: current LH = -7284.913828719319	
INFO: current LH = -7284.913673363447	
INFO: current LH = -7284.914002522789	
INFO: current LH = -7284.913492130889	
INFO: current LH = -7284.913790674526	
INFO: current LH = -7284.913719421525	
INFO: current LH = -7284.913728164488	
INFO: Wall time: 6.81558s User: 0.01s System: 0.01s

INFO: current LH = -7284.913762875291	
INFO: current LH = -7284.913643368594	
INFO: current LH = -7284.913865398074	
INFO: current LH = -7284.913714067431	
INFO: current LH = -7284.913788563304	
INFO: current LH = -7284.913629068868	
INFO: current LH = -7284.91387003366	
INFO: current LH = -7284.913811559004	
INFO: current LH = -7284.913694480477	
INFO: current LH = -7284.913653148539	
INFO: current LH = -7284.91384812237	
INFO: current LH = -7284.913698290579	
INFO: current LH = -7284.913806794285	
INFO: current LH = -7284.913712149662	
INFO: current LH = -7284.913793383671	
INFO: current LH = -7284.915399821888	
INFO: current LH = -7284.915401578653	
INFO: current LH = -7284.91548292014	
INFO: current LH = -7284.915483124855	
INFO: current LH = -7284.915486280427	
INFO: Wall time: 6.07621s User: 0s System: 0.01s

INFO: current LH = -7284.91548632134	
INFO: current LH = -7284.915410680711	
INFO: current LH = -7284.915433928912	
INFO: current LH = -7284.915476117249	
INFO: current LH = -7284.91549091639	
INFO: current LH = -7284.915479895613	
INFO: current LH = -7284.915488101968	
INFO: current LH = -7284.915485764654	
INFO: current LH = -7284.915494700707	
INFO: current LH = -7284.915424929307	
INFO: current LH = -7284.915396269542	
INFO: current LH = -7284.915498599034	
INFO: current LH = -7284.915486776691	
INFO: current LH = -7284.915488747263	
INFO: current LH = -7284.915483713538	
INFO: current LH = -7284.915472090813	
INFO: current LH = -7284.915365832759	
INFO: current LH = -7284.915415681638	
INFO: current LH = -7284.915407428346	
INFO: current LH = -7284.915473975141	
INFO: Wall time: 11.926s User: 0s System: 0s

INFO: current LH = -7284.915482264598	
INFO: current LH = -7284.915483077507	
INFO: current LH = -7284.915480590014	
INFO: current LH = -7284.915414054988	
INFO: current LH = -7284.915415615218	
INFO: current LH = -7284.915479452341	
INFO: current LH = -7284.915479084105	
INFO: current LH = -7284.915484775375	
INFO: current LH = -7284.915482328104	
INFO: current LH = -7284.915475988802	
INFO: current LH = -7284.915483539637	
INFO: current LH = -7284.915388691285	
INFO: current LH = -7284.915436326975	
INFO: current LH = -7284.915476784937	
INFO: current LH = -7284.915487556443	
INFO: current LH = -7284.915479491016	
INFO: current LH = -7284.915481463451	
INFO: current LH = -7284.91547576987	
INFO: current LH = -7284.915493532849	
INFO: current LH = -7284.915402360302	
INFO: Wall time: 12.6897s User: 0s System: 0.01s

INFO: current LH = -7284.915415061881	
INFO: current LH = -7284.915477228389	
INFO: current LH = -7284.915484559643	
INFO: current LH = -7284.915483212258	
INFO: current LH = -7284.915485779104	
INFO: current LH = -7284.915480854489	
INFO: current LH = -7284.915476255626	
INFO: current LH = -7284.915394722651	
INFO: current LH = -7284.915452082045	
INFO: current LH = -7284.915481983954	
INFO: current LH = -7284.915491266147	
INFO: current LH = -7284.915496003422	
INFO: current LH = -7284.915491178567	
INFO: current LH = -7284.915432352591	
INFO: current LH = -7284.915406400264	
INFO: current LH = -7284.915486706523	
INFO: current LH = -7284.915482156024	
INFO: current LH = -7284.915487552485	
INFO: current LH = -7284.915486642436	
INFO: current LH = -7284.91539815038	
INFO: Wall time: 9.27614s User: 0s System: 0s

INFO: current LH = -7284.915437340856	
INFO: current LH = -7284.915407491446	
INFO: current LH = -7284.91542927704	
INFO: current LH = -7284.915410053653	
INFO: current LH = -7284.915426732884	
INFO: current LH = -7284.907938933935	
INFO: current LH = -7284.911635593727	
INFO: current LH = -7284.911858202668	
INFO: current LH = -7284.913415848515	
INFO: current LH = -7284.909677704986	
INFO: current LH = -7284.909868696399	
INFO: current LH = -7284.912352691033	
INFO: current LH = -7284.911030924017	
INFO: current LH = -7284.911331691133	
INFO: current LH = -7284.910499721087	
INFO: current LH = -7284.911359814653	
INFO: current LH = -7284.91124457093	
INFO: current LH = -7284.91225115444	
INFO: current LH = -7284.911267944171	
INFO: current LH = -7284.912941687926	
INFO: Wall time: 8.01639s User: 0.01s System: 0.01s

INFO: current LH = -7284.910959330209	
INFO: current LH = -7284.910691634615	
INFO: current LH = -7284.913528741949	
INFO: current LH = -7284.911877798837	
INFO: current LH = -7284.911619386614	
INFO: current LH = -7284.911391093514	
INFO: current LH = -7284.911918752472	
INFO: current LH = -7284.911535042046	
INFO: current LH = -7284.913130025471	
INFO: current LH = -7284.910729230701	
INFO: current LH = -7284.913669575979	
INFO: current LH = -7284.914177031324	
INFO: current LH = -7284.911747348319	
INFO: current LH = -7284.913225381899	
INFO: current LH = -7284.9119426221	
INFO: current LH = -7284.910640285407	
INFO: current LH = -7284.911376384804	
INFO: current LH = -7284.91209132754	
INFO: current LH = -7284.911345558871	
INFO: current LH = -7284.913287136706	
INFO: Wall time: 9.35546s User: 0s System: 0s

INFO: current LH = -7284.912379763647	
INFO: current LH = -7284.915080658933	
INFO: current LH = -7284.913135071296	
INFO: current LH = -7284.911831072	
INFO: current LH = -7284.912696788941	
INFO: current LH = -7284.912852370712	
INFO: current LH = -7284.911837165461	
INFO: current LH = -7284.915048225191	
INFO: current LH = -7284.914615471728	
INFO: current LH = -7284.913262021163	
INFO: current LH = -7284.914310994326	
INFO: current LH = -7284.9123313112	
INFO: current LH = -7284.913728486682	
INFO: current LH = -7284.911169353366	
INFO: current LH = -7284.912237647052	
INFO: current LH = -7284.909046005131	
INFO: current LH = -7284.910836959654	
INFO: current LH = -7284.909537553744	
INFO: current LH = -7284.912400146154	
INFO: current LH = -7284.911348538633	
INFO: Wall time: 8.86794s User: 0s System: 0.01s

INFO: current LH = -7284.911903717955	
INFO: current LH = -7284.912083525422	
INFO: current LH = -7284.911788018545	
INFO: current LH = -7284.909240136722	
INFO: current LH = -7284.912159459316	
INFO: current LH = -7284.911776649234	
INFO: current LH = -7284.912219597684	
INFO: current LH = -7284.911849872181	
INFO: current LH = -7284.910538143287	
INFO: Client timing information: 
INFO: Client id 1 channel id 0  response time +0 s
INFO: Client id 0 channel id 0  response time +0.004144 s
INFO: current LH = -7284.912223191593	
INFO: current LH = -7284.911267319312	
INFO: current LH = -7284.911262814451	
INFO: current LH = -7284.912110906402	
INFO: current LH = -7284.912263623631	
INFO: current LH = -7284.911574882893	
INFO: current LH = -7284.912158143988	
INFO: current LH = -7284.911844738021	
INFO: current LH = -7284.911113531777	
INFO: current LH = -7284.912461716482	
INFO: current LH = -7284.909852823002	
INFO: Wall time: 5.89462s User: 0.01s System: 0.01s

INFO: current LH = -7284.913037056568	
INFO: current LH = -7284.911396821299	
INFO: current LH = -7284.91238735243	
INFO: current LH = -7284.902743818203	
INFO: current LH = -7284.914835568003	
INFO: current LH = -7284.915407265193	
INFO: current LH = -7284.915472237486	
INFO: current LH = -7284.915490641006	
INFO: current LH = -7284.915487567053	
INFO: current LH = -7284.915487983223	
INFO: current LH = -7284.915485590474	
INFO: current LH = -7284.915470808754	
INFO: current LH = -7284.915487578255	
INFO: current LH = -7284.91548913307	
INFO: current LH = -7284.915490992951	
INFO: current LH = -7284.915486280427	
INFO: current LH = -7284.91548632134	
INFO: current LH = -7284.915472572735	
INFO: current LH = -7284.91547298256	
INFO: current LH = -7284.914118191431	
INFO: Wall time: 8.87645s User: 0s System: 0.01s

INFO: current LH = -7284.914122716164	
INFO: current LH = -7284.778651795334	
INFO: current LH = -7284.779123469593	
INFO: current LH = -7284.915479895613	
INFO: current LH = -7284.915488101968	
INFO: current LH = -7284.915466348614	
INFO: current LH = -7284.91547863515	
INFO: current LH = -7284.91434485928	
INFO: current LH = -7284.914400902962	
INFO: current LH = -7284.803823614691	
INFO: current LH = -7284.804814932921	
INFO: current LH = -7284.915498599034	
INFO: current LH = -7284.915486776691	
INFO: current LH = -7284.915244661982	
INFO: current LH = -7284.915173991177	
INFO: current LH = -7284.888048680617	
INFO: current LH = -7284.887336458649	
INFO: current LH = -7284.915472090813	
INFO: current LH = -7284.915365832759	
INFO: current LH = -7284.909065538898	
INFO: Wall time: 10.8888s User: 0s System: 0.01s

INFO: current LH = -7284.908012480259	
INFO: current LH = -7284.228652258997	
INFO: current LH = -7284.213227095187	
INFO: current LH = -7284.915473975141	
INFO: current LH = -7284.915482264598	
INFO: current LH = -7284.91522599446	
INFO: current LH = -7284.915188687077	
INFO: current LH = -7284.887846549896	
INFO: current LH = -7284.88755995315	
INFO: current LH = -7283.128783170175	
INFO: current LH = -7283.144464961891	
INFO: current LH = -7284.915484775375	
INFO: current LH = -7284.915482328104	
INFO: current LH = -7284.915483154956	
INFO: current LH = -7284.915478208367	
INFO: current LH = -7284.914349178018	
INFO: current LH = -7284.914402630147	
INFO: current LH = -7284.802648228824	
INFO: current LH = -7284.806070805325	
INFO: current LH = -7284.915479491016	
INFO: Wall time: 12.742s User: 0s System: 0s

INFO: current LH = -7284.915481463451	
INFO: current LH = -7284.915463343828	
INFO: current LH = -7284.915485984735	
INFO: current LH = -7284.91429221446	
INFO: current LH = -7284.914461838462	
INFO: current LH = -7284.803612735624	
INFO: current LH = -7284.805133904848	
INFO: current LH = -7284.915483212258	
INFO: current LH = -7284.915485779104	
INFO: current LH = -7284.915474403673	
INFO: current LH = -7284.915481478432	
INFO: current LH = -7284.914343445038	
INFO: current LH = -7284.914401139197	
INFO: current LH = -7284.803727760485	
INFO: current LH = -7284.804990782991	
INFO: current LH = -7284.915481983954	
INFO: current LH = -7284.915491266147	
INFO: current LH = -7284.915159161202	
INFO: current LH = -7284.915256773697	
INFO: current LH = -7284.887227378676	
INFO: Wall time: 12.482s User: 0s System: 0.01s

INFO: current LH = -7284.888173162648	
INFO: current LH = -7284.915490751097	
INFO: current LH = -7284.915486642436	
INFO: current LH = -7284.915480650061	
INFO: current LH = -7284.915471548926	
INFO: current LH = -7284.914421838636	
INFO: current LH = -7284.914330769028	
INFO: current LH = -7284.804880546219	
INFO: current LH = -7284.803911149193	
INFO: current LH = -7284.91539815038	
INFO: current LH = -7284.915437340856	
INFO: current LH = -7284.908348996461	
INFO: current LH = -7284.908732828201	
INFO: current LH = -7284.222921957796	
INFO: current LH = -7284.218686337884	
INFO: current LH = -7284.915407491446	
INFO: current LH = -7284.91542927704	
INFO: current LH = -7284.908439622905	
INFO: current LH = -7284.908653979638	
INFO: current LH = -7284.2222501474	
INFO: Wall time: 2.78186s User: 0.01s System: 0s

INFO: current LH = -7284.220910390009	
INFO: current LH = -7284.915410053653	
INFO: current LH = -7284.915426732884	
INFO: current LH = -7284.908473206617	
INFO: current LH = -7284.908622160772	
INFO: current LH = -7284.229652257927	
INFO: current LH = -7284.213308273808	
INFO: current LH = -7284.914615511715	
INFO: current LH = -7284.914619721409	
INFO: current LH = -7284.915451371837	
INFO: current LH = -7284.915452026494	
INFO: current LH = -7284.915484982651	
INFO: current LH = -7284.915485113249	
INFO: current LH = -7284.914591524503	
INFO: current LH = -7284.914655023246	
INFO: current LH = -7284.915444822137	
INFO: current LH = -7284.915454065705	
INFO: current LH = -7284.915483958333	
INFO: current LH = -7284.915487621792	
INFO: current LH = -7284.914678332962	
INFO: Wall time: 5.239s User: 0s System: 0.01s

INFO: current LH = -7284.914563723771	
INFO: current LH = -7284.915458666563	
INFO: current LH = -7284.915435157924	
INFO: current LH = -7284.914800846029	
INFO: current LH = -7284.914433207507	
INFO: current LH = -7284.915488117794	
INFO: current LH = -7284.91541400464	
INFO: current LH = -7284.914645196085	
INFO: current LH = -7284.914594745795	
INFO: current LH = -7284.915473229365	
INFO: current LH = -7284.915443046205	
INFO: current LH = -7284.915486466095	
INFO: current LH = -7284.915480124443	
INFO: current LH = -7284.914594061939	
INFO: current LH = -7284.914632334688	
INFO: current LH = -7284.915449962992	
INFO: current LH = -7284.91545426499	
INFO: current LH = -7284.915486261497	
INFO: current LH = -7284.915481876517	
INFO: current LH = -7284.914534911703	
INFO: Wall time: 12.0014s User: 0.01s System: 0s

INFO: current LH = -7284.914696665428	
INFO: current LH = -7284.915441151173	
INFO: current LH = -7284.91545574319	
INFO: current LH = -7284.915481656521	
INFO: current LH = -7284.915488527246	
INFO: current LH = -7284.915483310919	
INFO: current LH = -7284.915488520692	
INFO: current LH = -7284.914584575268	
INFO: current LH = -7284.91464774435	
INFO: current LH = -7284.915447579766	
INFO: current LH = -7284.915454191793	
INFO: current LH = -7284.915476768409	
INFO: current LH = -7284.915482996039	
INFO: current LH = -7284.915487437043	
INFO: current LH = -7284.915479969884	
INFO: current LH = -7284.914533788079	
INFO: current LH = -7284.914701680797	
INFO: current LH = -7284.914662210022	
INFO: current LH = -7284.914578501191	
INFO: current LH = -7284.914549672407	
INFO: Wall time: 11.2026s User: 0s System: 0.01s

INFO: current LH = -7284.914687910446	
INFO: current LH = -7284.915438613429	
INFO: current LH = -7284.915466330299	
INFO: current LH = -7284.91458060279	
INFO: current LH = -7284.914657531228	
INFO: current LH = -7284.915445337431	
INFO: current LH = -7284.915460753171	
INFO: current LH = -7284.914590170103	
INFO: current LH = -7284.91464843931	
INFO: current LH = -7284.915447151297	
INFO: current LH = -7284.915458958285	
INFO: current LH = -7284.432875219552	
INFO: current LH = -7284.749277330609	
INFO: current LH = -7284.084850006808	
INFO: current LH = -7283.439199368577	
INFO: current LH = -7284.542504845019	
INFO: current LH = -7284.561155317538	
INFO: current LH = -7284.716219159221	
INFO: current LH = -7284.735472991793	
INFO: current LH = -7284.645681310958	
INFO: Wall time: 6.76521s User: 0.01s System: 0s

INFO: current LH = -7283.920408566107	
INFO: current LH = -7284.052017765061	
INFO: current LH = -7284.038987216189	
INFO: current LH = -7284.782825883147	
INFO: current LH = -7283.96176321139	
INFO: current LH = -7283.255346668739	
INFO: current LH = -7284.627680491139	
INFO: current LH = -7284.616019342064	
INFO: current LH = -7284.793600367994	
INFO: Client timing information: 
INFO: Client id 1 channel id 0  response time +0 s
INFO: Client id 0 channel id 0  response time +0.144583 s
INFO: current LH = -7284.776344385665	
INFO: current LH = -7284.666970304988	
INFO: current LH = -7284.034701636612	
INFO: current LH = -7284.112541157312	
INFO: current LH = -7284.05637689061	
INFO: current LH = -7284.263688788639	
INFO: current LH = -7282.916191123355	
INFO: current LH = -7284.822938182222	
INFO: current LH = -7284.846299060026	
INFO: current LH = -7284.766497571039	
INFO: current LH = -7284.87996554878	
INFO: Wall time: 9.32151s User: 0s System: 0.01s

INFO: current LH = -7284.770845179896	
INFO: current LH = -7284.087345281375	
INFO: current LH = -7284.14214972161	
INFO: current LH = -7284.205638133662	
INFO: current LH = -7281.847357303472	
INFO: current LH = -7284.277122027173	
INFO: current LH = -7284.156449863642	
INFO: current LH = -7284.569304167801	
INFO: current LH = -7284.277708450121	
INFO: current LH = -7284.038229123097	
INFO: current LH = -7283.752650489918	
INFO: current LH = -7283.792588095563	
INFO: current LH = -7283.381287250734	
INFO: current LH = -7283.795487642682	
INFO: current LH = -7283.704277799413	
INFO: current LH = -7283.336383249868	
INFO: current LH = -7283.407016593248	
INFO: current LH = -7283.073521514521	
INFO: current LH = -7283.569851684176	
INFO: current LH = -7281.898026345838	
INFO: Wall time: 8.39464s User: 0s System: 0.01s

INFO: current LH = -7282.577678499548	
INFO: current LH = -7284.508144122517	
INFO: current LH = -7284.619048193497	
INFO: current LH = -7284.699856123339	
INFO: current LH = -7284.71464004241	
INFO: current LH = -7284.026235852136	
INFO: current LH = -7284.106566177282	
INFO: current LH = -7284.140237325839	
INFO: current LH = -7284.68769750408	
INFO: current LH = -7284.694167767631	
INFO: current LH = -7284.70538668026	
INFO: current LH = -7284.106550867212	
INFO: current LH = -7284.170316388189	
INFO: current LH = -7284.116359017762	
INFO: current LH = -7284.732580720251	
INFO: current LH = -7284.705148500155	
INFO: current LH = -7284.012425779292	
INFO: current LH = -7284.00410340402	
INFO: current LH = -7284.144879078362	
INFO: current LH = -7284.786670052178	
INFO: Wall time: 7.66083s User: 0.01s System: 0.01s

INFO: current LH = -7284.177789736777	
INFO: current LH = -7284.220404783569	
INFO: current LH = -7284.20207572819	
INFO: current LH = -7283.970513862619	
INFO: current LH = -7284.181575613645	
INFO: current LH = -7283.764664355552	
INFO: current LH = -7283.993269679153	
INFO: current LH = -7283.333430438248	
INFO: current LH = -7283.731460547981	
INFO: 

********************** Final fit parameters *************************

  no                                   Name                    Value  type                 Error +-            Low          High
   0  J0P-1C0Lama0Lamb0_D0TopipiS_KshortMag       0.3147278944242545  free      0.01077749796264369
   1  J0P-1C0Lama0Lamb0_D0TopipiS_KshortPhi                        0 fixed
   2             L0S0_pipiSTopion+_pion-Mag                        1 fixed
   3             L0S0_pipiSTopion+_pion-Phi                        0 fixed
   4                      pipiSD0b_pole1Mag                        1 fixed
   5                      pipiSD0b_pole2Mag        9.154572140858948  free       0.3202017990733383
   6                      pipiSD0b_pole3Mag        3.580191609096898  free        1.975466453307339
   7                      pipiSD0b_pole4Mag       -3.839455277033942  free       0.5234374915249299
   8                      pipiSD0b_pole5Mag                        0 fixed
   9                      pipiSD0b_pole1Phi                        0 fixed
  10                      pipiSD0b_pole2Phi        2.107578083740347  free      0.07957486221317724
  11                      pipiSD0b_pole3Phi        -1.07789826377626  free        0.531973537616288
  12                      pipiSD0b_pole4Phi         5.77791853603444  free       0.1086553829801308
  13                      pipiSD0b_pole5Phi                        0 fixed
  14                    pipiSD0fprod_4PiMag                        1 fixed
  15                 pipiSD0fprod_EtaEtaMag                        1 fixed
  16                pipiSD0fprod_EtaEtapMag                        1 fixed
  17                     pipiSD0fprod_KKMag                        1 fixed
  18                   pipiSD0fprod_PiPiMag        3.073299790323073  free       0.1804301970690503
  19                    pipiSD0fprod_4PiPhi                        0 fixed
  20                 pipiSD0fprod_EtaEtaPhi                        0 fixed
  21                pipiSD0fprod_EtaEtapPhi                        0 fixed
  22                     pipiSD0fprod_KKPhi                        0 fixed
  23                   pipiSD0fprod_PiPiPhi      -0.5033831953382065  free       0.0419435388957504
  24                              pipiSD0S0                       -3 fixed
  25     J0P-1C0Lama0Lamb0_D0ToK*-_pion+Mag         1.76837053639473  free      0.02441053371988579
  26     J0P-1C0Lama0Lamb0_D0ToK*-_pion+Phi     -0.07677183765149959  free      0.08759034425054307
  27              L1S0_K*-ToKshort_pion-Mag                        1 fixed
  28              L1S0_K*-ToKshort_pion-Phi                        0 fixed
  29                                K*-Mass        0.891182840230791  free     0.000849766198299684           0.75           0.95
  30                               K*-Width      0.05646167890283497  free     0.001612900369419179
  31    channelType3Kshortpion+pion-Scaling                        1 fixed
INFO: 

**************** Minuit FunctionMinimum information ******************
INFO: 
 Function minimum is valid.

INFO: 
 Covariance matrix is valid.
INFO: 
 Final LH: -7284.915491

INFO:  # of function calls: 474
INFO:  minimum edm: 7.563194255e-05
INFO:  hasAccurateCovar() returned FALSE
INFO:  hasPosDefCovar() returned FALSE
INFO:  hasMadePosDefCovar() returned TRUE
INFO: noOfFreeFitParams:	13
INFO: evtWeightSumData:	15000
INFO: BIC:	-14444.8
INFO: AIC:	-14543.8
INFO: AICc:	-14543.8
INFO: Diagonal sqrt(cov) element (0, 0) / param error: 0.0107775 / 0.0107775
INFO: Diagonal sqrt(cov) element (5, 5) / param error: 0.320202 / 0.320202
INFO: Diagonal sqrt(cov) element (6, 6) / param error: 1.97547 / 1.97547
INFO: Diagonal sqrt(cov) element (7, 7) / param error: 0.523437 / 0.523437
INFO: Diagonal sqrt(cov) element (10, 10) / param error: 0.0795749 / 0.0795749
INFO: Diagonal sqrt(cov) element (11, 11) / param error: 0.531974 / 0.531974
INFO: Diagonal sqrt(cov) element (12, 12) / param error: 0.108655 / 0.108655
INFO: Diagonal sqrt(cov) element (18, 18) / param error: 0.18043 / 0.18043
INFO: Diagonal sqrt(cov) element (23, 23) / param error: 0.0419435 / 0.0419435
INFO: Diagonal sqrt(cov) element (25, 25) / param error: 0.0244105 / 0.0244105
INFO: Diagonal sqrt(cov) element (26, 26) / param error: 0.0875903 / 0.0875903
INFO: Diagonal sqrt(cov) element (29, 29) / param error: 0.000849779 / 0.000849766
INFO: Diagonal sqrt(cov) element (30, 30) / param error: 0.0016129 / 0.0016129
INFO: Closing server.
